version 1
nodes
0 "Cylinder01" -1
end
skeleton
time 0
0 249.433472 103.879486 137.048920 0.000000 -0.000000 0.000000
end
triangles
c_wall04.jpg
0 210.237503 -79.386902 65.787804 0.000000 0.334684 0.942330 0.971600 0.296400
0 289.602600 -79.386902 65.787804 0.000000 0.334688 0.942329 0.971600 0.953100
0 288.795929 -77.556793 65.137802 0.000000 0.334688 0.942329 0.960516 0.946425
c_wall04.jpg
0 288.795929 -77.556793 65.137802 0.000000 0.334688 0.942329 0.960516 0.946425
0 211.044159 -77.556793 65.137802 0.000000 0.334684 0.942330 0.960516 0.303075
0 210.237503 -79.386902 65.787804 0.000000 0.334684 0.942330 0.971600 0.296400
c_wall04.jpg
0 289.602600 -79.386902 65.787804 -0.627429 0.000000 0.778674 0.971600 0.953100
0 289.602600 100.674202 65.787804 -0.627444 0.000000 0.778661 -0.118900 0.953100
0 288.795929 98.844093 65.137802 -0.627444 0.000000 0.778661 -0.107816 0.946425
c_wall04.jpg
0 288.795929 98.844093 65.137802 -0.627444 0.000000 0.778661 -0.107816 0.946425
0 288.795929 -77.556793 65.137802 -0.627429 0.000000 0.778674 0.960516 0.946425
0 289.602600 -79.386902 65.787804 -0.627429 0.000000 0.778674 0.971600 0.953100
c_wall04.jpg
0 289.602600 100.674202 65.787804 0.000000 -0.334687 0.942329 -0.118900 0.953100
0 210.237503 100.674202 65.787804 0.000000 -0.334690 0.942328 -0.118900 0.296400
0 211.044159 98.844093 65.137802 0.000000 -0.334690 0.942328 -0.107816 0.303075
c_wall04.jpg
0 211.044159 98.844093 65.137802 0.000000 -0.334690 0.942328 -0.107816 0.303075
0 288.795929 98.844093 65.137802 0.000000 -0.334687 0.942329 -0.107816 0.946425
0 289.602600 100.674202 65.787804 0.000000 -0.334687 0.942329 -0.118900 0.953100
c_wall04.jpg
0 210.237503 100.674202 65.787804 0.627440 0.000000 0.778665 -0.118900 0.296400
0 210.237503 -79.386902 65.787804 0.627448 0.000000 0.778658 0.971600 0.296400
0 211.044159 -77.556793 65.137802 0.627448 0.000000 0.778658 0.960516 0.303075
c_wall04.jpg
0 211.044159 -77.556793 65.137802 0.627448 0.000000 0.778658 0.960516 0.303075
0 211.044159 98.844093 65.137802 0.627440 0.000000 0.778665 -0.107816 0.303075
0 210.237503 100.674202 65.787804 0.627440 0.000000 0.778665 -0.118900 0.296400
c_wall04.jpg
0 211.044159 -77.556793 65.137802 0.000000 0.000000 1.000000 0.960516 0.303075
0 288.795929 -77.556793 65.137802 0.000000 0.000000 1.000000 0.960516 0.946425
0 288.795929 98.844093 65.137802 0.000000 0.000000 1.000000 -0.107816 0.946425
c_wall04.jpg
0 288.795929 98.844093 65.137802 0.000000 0.000000 1.000000 -0.107816 0.946425
0 211.044159 98.844093 65.137802 0.000000 0.000000 1.000000 -0.107816 0.303075
0 211.044159 -77.556793 65.137802 0.000000 0.000000 1.000000 0.960516 0.303075
c_wall04.jpg
0 199.919998 -100.021790 0.000000 0.000000 -0.722050 0.691841 0.000500 0.000500
0 299.920013 -100.021790 0.000000 0.000000 -0.722059 0.691832 0.999500 0.000500
0 298.017639 -99.009033 1.056992 0.000000 -0.722059 0.691832 0.980495 0.012270
c_wall04.jpg
0 298.017639 -99.009033 1.056992 0.000000 -0.722059 0.691832 0.980495 0.012270
0 201.822388 -99.009033 1.056992 0.000000 -0.722049 0.691841 0.019505 0.012270
0 199.919998 -100.021790 0.000000 0.000000 -0.722050 0.691841 0.000500 0.000500
c_wall04.jpg
0 299.920013 -100.021790 0.000000 -0.355517 -0.906306 0.228512 0.999500 0.000500
0 289.602600 -79.386902 65.787804 -0.355532 -0.906297 0.228523 0.896400 0.619200
0 288.092773 -79.159241 64.341736 -0.355532 -0.906297 0.228523 0.881318 0.607430
c_wall04.jpg
0 288.092773 -79.159241 64.341736 -0.355532 -0.906297 0.228523 0.881318 0.607430
0 298.017639 -99.009033 1.056992 -0.355517 -0.906306 0.228511 0.980495 0.012270
0 299.920013 -100.021790 0.000000 -0.355517 -0.906306 0.228512 0.999500 0.000500
c_wall04.jpg
0 289.602600 -79.386902 65.787804 0.000000 -0.987835 -0.155509 0.896400 0.619200
0 210.237503 -79.386902 65.787804 0.000000 -0.987832 -0.155525 0.103600 0.619200
0 211.747330 -79.159241 64.341736 0.000000 -0.987832 -0.155525 0.118682 0.607430
c_wall04.jpg
0 211.747330 -79.159241 64.341736 0.000000 -0.987832 -0.155525 0.118682 0.607430
0 288.092773 -79.159241 64.341736 0.000000 -0.987835 -0.155508 0.881318 0.607430
0 289.602600 -79.386902 65.787804 0.000000 -0.987835 -0.155509 0.896400 0.619200
c_wall04.jpg
0 210.237503 -79.386902 65.787804 0.355515 -0.906306 0.228512 0.103600 0.619200
0 199.919998 -100.021790 0.000000 0.355522 -0.906302 0.228518 0.000500 0.000500
0 201.822388 -99.009033 1.056992 0.355522 -0.906302 0.228517 0.019505 0.012270
c_wall04.jpg
0 201.822388 -99.009033 1.056992 0.355522 -0.906302 0.228517 0.019505 0.012270
0 211.747330 -79.159241 64.341736 0.355515 -0.906307 0.228512 0.118682 0.607430
0 210.237503 -79.386902 65.787804 0.355515 -0.906306 0.228512 0.103600 0.619200
c_wall04.jpg
0 201.822388 -99.009033 1.056992 0.000000 -0.954165 0.299282 0.019505 0.012270
0 298.017639 -99.009033 1.056992 0.000000 -0.954165 0.299282 0.980495 0.012270
0 288.092773 -79.159241 64.341736 0.000000 -0.954165 0.299282 0.881318 0.607430
c_wall04.jpg
0 288.092773 -79.159241 64.341736 0.000000 -0.954165 0.299282 0.881318 0.607430
0 211.747330 -79.159241 64.341736 0.000000 -0.954165 0.299282 0.118682 0.607430
0 201.822388 -99.009033 1.056992 0.000000 -0.954165 0.299282 0.019505 0.012270
c_wall04.jpg
0 299.920013 -100.021790 0.000000 0.987925 0.000000 0.154935 -0.151400 0.008500
0 299.920013 99.978203 0.000000 0.987925 0.000000 0.154935 1.112500 0.008500
0 289.602600 100.674202 65.787804 0.987925 0.000000 0.154935 1.116900 0.596500
c_wall04.jpg
0 289.602600 100.674202 65.787804 0.987925 0.000000 0.154935 1.116900 0.596500
0 289.602600 -79.386902 65.787804 0.987925 0.000000 0.154935 -0.021000 0.596500
0 299.920013 -100.021790 0.000000 0.987925 0.000000 0.154935 -0.151400 0.008500
c_wall04.jpg
0 299.920013 99.978203 0.000000 0.000000 0.895861 0.444335 0.999500 0.000500
0 199.919998 99.978203 0.000000 0.000000 0.895858 0.444341 0.000500 0.000500
0 201.860062 99.341743 1.283203 0.000000 0.895858 0.444341 0.019881 0.012503
c_wall04.jpg
0 201.860062 99.341743 1.283203 0.000000 0.895858 0.444341 0.019881 0.012503
0 297.979950 99.341743 1.283203 0.000000 0.895861 0.444335 0.980119 0.012503
0 299.920013 99.978203 0.000000 0.000000 0.895861 0.444335 0.999500 0.000500
c_wall04.jpg
0 199.919998 99.978203 0.000000 0.349432 0.934726 -0.064691 0.000500 0.000500
0 210.237503 100.674202 65.787804 0.349437 0.934724 -0.064691 0.103600 0.619200
0 211.777237 100.010735 64.518349 0.349437 0.934724 -0.064691 0.118981 0.607197
c_wall04.jpg
0 211.777237 100.010735 64.518349 0.349437 0.934724 -0.064691 0.118981 0.607197
0 201.860062 99.341743 1.283203 0.349432 0.934726 -0.064691 0.019881 0.012503
0 199.919998 99.978203 0.000000 0.349432 0.934726 -0.064691 0.000500 0.000500
c_wall04.jpg
0 210.237503 100.674202 65.787804 0.000000 0.886258 -0.463192 0.103600 0.619200
0 289.602600 100.674202 65.787804 0.000000 0.886259 -0.463191 0.896400 0.619200
0 288.062866 100.010735 64.518349 0.000000 0.886259 -0.463191 0.881019 0.607197
c_wall04.jpg
0 288.062866 100.010735 64.518349 0.000000 0.886259 -0.463191 0.881019 0.607197
0 211.777237 100.010735 64.518349 0.000000 0.886258 -0.463192 0.118981 0.607197
0 210.237503 100.674202 65.787804 0.000000 0.886258 -0.463192 0.103600 0.619200
c_wall04.jpg
0 289.602600 100.674202 65.787804 -0.349440 0.934723 -0.064691 0.896400 0.619200
0 299.920013 99.978203 0.000000 -0.349448 0.934720 -0.064694 0.999500 0.000500
0 297.979950 99.341743 1.283203 -0.349448 0.934720 -0.064694 0.980119 0.012503
c_wall04.jpg
0 297.979950 99.341743 1.283203 -0.349448 0.934720 -0.064694 0.980119 0.012503
0 288.062866 100.010735 64.518349 -0.349440 0.934723 -0.064691 0.881019 0.607197
0 289.602600 100.674202 65.787804 -0.349440 0.934723 -0.064691 0.896400 0.619200
c_wall04.jpg
0 297.979950 99.341743 1.283203 0.000000 0.999944 -0.010579 0.980119 0.012503
0 201.860062 99.341743 1.283203 0.000000 0.999944 -0.010579 0.019881 0.012503
0 211.777237 100.010735 64.518349 0.000000 0.999944 -0.010579 0.118981 0.607197
c_wall04.jpg
0 211.777237 100.010735 64.518349 0.000000 0.999944 -0.010579 0.118981 0.607197
0 288.062866 100.010735 64.518349 0.000000 0.999944 -0.010579 0.881019 0.607197
0 297.979950 99.341743 1.283203 0.000000 0.999944 -0.010579 0.980119 0.012503
c_wall04.jpg
0 199.919998 99.978203 0.000000 -0.987925 0.000000 0.154936 1.112500 0.008500
0 199.919998 -100.021790 0.000000 -0.987925 0.000000 0.154936 -0.151400 0.008500
0 210.237503 -79.386902 65.787804 -0.987925 0.000000 0.154936 -0.021000 0.596500
c_wall04.jpg
0 210.237503 -79.386902 65.787804 -0.987925 0.000000 0.154936 -0.021000 0.596500
0 210.237503 100.674202 65.787804 -0.987925 0.000000 0.154936 1.116900 0.596500
0 199.919998 99.978203 0.000000 -0.987925 0.000000 0.154936 1.112500 0.008500
c_wall04.jpg
0 217.835800 -73.494003 166.895599 0.000000 0.322180 0.946678 1.164800 0.351000
0 278.035706 -73.494003 166.895599 0.000000 0.322180 0.946678 1.164800 0.858800
0 278.035706 92.907799 110.264503 0.000000 0.322181 0.946678 -0.165200 0.858800
c_wall04.jpg
0 278.035706 92.907799 110.264503 0.000000 0.322181 0.946678 -0.165200 0.858800
0 217.835800 92.907799 110.264503 0.000000 0.322181 0.946678 -0.165200 0.351000
0 217.835800 -73.494003 166.895599 0.000000 0.322180 0.946678 1.164800 0.351000
c_wall04.jpg
0 285.634308 -84.045807 100.549202 0.976569 0.030205 0.213073 -0.254200 0.169800
0 285.634308 98.749496 87.010902 0.948528 0.023391 0.315828 1.254200 0.000500
0 278.035706 92.907799 110.264503 0.976556 0.030208 0.213133 1.206000 0.291300
c_wall04.jpg
0 278.035706 92.907799 110.264503 0.976556 0.030208 0.213133 1.206000 0.291300
0 278.035706 -73.494003 166.895599 0.993478 0.036735 0.107940 -0.167200 0.999500
0 285.634308 -84.045807 100.549202 0.976569 0.030205 0.213073 -0.254200 0.169800
c_wall04.jpg
0 285.634308 98.749496 87.010902 0.000000 0.969864 0.243646 0.160200 -0.002200
0 214.205795 98.749496 87.010902 0.000000 0.969864 0.243647 0.839800 -0.002200
0 217.835800 92.907799 110.264503 0.000000 0.969864 0.243647 0.805300 0.278600
c_wall04.jpg
0 217.835800 92.907799 110.264503 0.000000 0.969864 0.243647 0.805300 0.278600
0 278.035706 92.907799 110.264503 0.000000 0.969864 0.243646 0.232500 0.278600
0 285.634308 98.749496 87.010902 0.000000 0.969864 0.243646 0.160200 -0.002200
c_wall04.jpg
0 214.205795 98.749496 87.010902 -0.993327 0.030598 0.111200 1.254200 0.000500
0 214.205704 -84.045807 100.549202 -0.998533 0.004000 0.053998 -0.254200 0.169800
0 217.835800 -73.494003 166.895599 -0.993329 0.030592 0.111181 -0.167200 0.999500
c_wall04.jpg
0 217.835800 -73.494003 166.895599 -0.993329 0.030592 0.111181 -0.167200 0.999500
0 217.835800 92.907799 110.264503 -0.984129 0.057172 0.167990 1.206000 0.291300
0 214.205795 98.749496 87.010902 -0.993327 0.030598 0.111200 1.254200 0.000500
c_wall04.jpg
0 232.811996 -27.665298 279.748688 0.000000 -0.004578 0.999990 0.856400 0.614000
0 266.823792 -27.665298 279.748688 0.000000 -0.004578 0.999990 0.856400 0.866100
0 266.823792 45.404301 280.083191 0.000000 -0.004578 0.999990 0.301100 0.866100
c_wall04.jpg
0 266.823792 45.404301 280.083191 0.000000 -0.004578 0.999990 0.301100 0.866100
0 232.811996 45.404301 280.083191 0.000000 -0.004578 0.999990 0.301100 0.614000
0 232.811996 -27.665298 279.748688 0.000000 -0.004578 0.999990 0.856400 0.614000
c_wall04.jpg
0 226.602707 -59.671600 65.677902 0.000000 -0.893271 0.449518 0.264400 0.001200
0 273.253387 -59.671600 65.677902 0.000000 -0.893274 0.449513 0.735800 0.001200
0 272.826508 -58.736572 67.535980 0.000000 -0.893274 0.449513 0.731486 0.018743
c_wall04.jpg
0 272.826508 -58.736572 67.535980 0.000000 -0.893274 0.449513 0.731486 0.018743
0 227.027557 -58.736572 67.535980 0.000000 -0.893271 0.449518 0.268693 0.018743
0 226.602707 -59.671600 65.677902 0.000000 -0.893271 0.449518 0.264400 0.001200
c_wall04.jpg
0 273.253387 -59.671600 65.677902 -0.869824 -0.491089 0.047302 0.735800 0.001200
0 266.823792 -27.665298 279.748688 -0.869832 -0.491076 0.047300 0.670800 1.922900
0 266.514313 -27.314621 277.698395 -0.869832 -0.491076 0.047300 0.667673 1.905357
c_wall04.jpg
0 266.514313 -27.314621 277.698395 -0.869832 -0.491076 0.047300 0.667673 1.905357
0 272.826508 -58.736572 67.535980 -0.869824 -0.491089 0.047302 0.731486 0.018743
0 273.253387 -59.671600 65.677902 -0.869824 -0.491089 0.047302 0.735800 0.001200
c_wall04.jpg
0 266.823792 -27.665298 279.748688 0.000000 -0.985686 -0.168591 0.670800 1.922900
0 232.811996 -27.665298 279.748688 0.000000 -0.985686 -0.168591 0.327100 1.922900
0 233.123489 -27.314621 277.698395 0.000000 -0.985686 -0.168591 0.330248 1.905357
c_wall04.jpg
0 233.123489 -27.314621 277.698395 0.000000 -0.985686 -0.168591 0.330248 1.905357
0 266.514313 -27.314621 277.698395 0.000000 -0.985686 -0.168591 0.667673 1.905357
0 266.823792 -27.665298 279.748688 0.000000 -0.985686 -0.168591 0.670800 1.922900
c_wall04.jpg
0 232.811996 -27.665298 279.748688 0.869826 -0.491000 0.048175 0.327100 1.922900
0 226.602707 -59.671600 65.677902 0.869842 -0.490973 0.048175 0.264400 0.001200
0 227.027557 -58.736572 67.535980 0.869842 -0.490973 0.048175 0.268693 0.018743
c_wall04.jpg
0 227.027557 -58.736572 67.535980 0.869842 -0.490973 0.048175 0.268693 0.018743
0 233.123489 -27.314621 277.698395 0.869826 -0.491001 0.048175 0.330248 1.905357
0 232.811996 -27.665298 279.748688 0.869826 -0.491000 0.048175 0.327100 1.922900
c_wall04.jpg
0 227.027557 -58.736572 67.535980 0.000000 -0.989007 0.147869 0.268693 0.018743
0 272.826508 -58.736572 67.535980 0.000000 -0.989007 0.147869 0.731486 0.018743
0 266.514313 -27.314621 277.698395 0.000000 -0.989007 0.147869 0.667673 1.905357
c_wall04.jpg
0 266.514313 -27.314621 277.698395 0.000000 -0.989007 0.147869 0.667673 1.905357
0 233.123489 -27.314621 277.698395 0.000000 -0.989007 0.147869 0.330248 1.905357
0 227.027557 -58.736572 67.535980 0.000000 -0.989007 0.147869 0.268693 0.018743
c_wall04.jpg
0 273.253387 -59.671600 65.677902 0.999550 -0.000030 0.029989 0.069000 -0.002900
0 273.253387 83.039299 65.677902 0.999551 0.000000 0.029975 0.970900 -0.002900
0 266.823792 45.404301 280.083191 0.999549 -0.000088 0.030018 0.733100 1.913400
c_wall04.jpg
0 266.823792 45.404301 280.083191 0.999549 -0.000088 0.030018 0.733100 1.913400
0 266.823792 -27.665298 279.748688 0.999549 -0.000137 0.030042 0.271300 1.910400
0 273.253387 -59.671600 65.677902 0.999550 -0.000030 0.029989 0.069000 -0.002900
c_wall04.jpg
0 273.253387 83.039299 65.677902 0.000000 0.881610 0.471978 0.735800 0.001200
0 226.602707 83.039299 65.677902 0.000000 0.881609 0.471980 0.264400 0.001200
0 227.025208 82.057426 67.511940 0.000000 0.881609 0.471980 0.268669 0.018673
c_wall04.jpg
0 227.025208 82.057426 67.511940 0.000000 0.881609 0.471980 0.268669 0.018673
0 272.828888 82.057426 67.511940 0.000000 0.881610 0.471978 0.731510 0.018673
0 273.253387 83.039299 65.677902 0.000000 0.881610 0.471978 0.735800 0.001200
c_wall04.jpg
0 226.602707 83.039299 65.677902 0.870997 0.487568 0.060351 0.264400 0.001200
0 232.811996 45.404301 280.083191 0.871042 0.487487 0.060352 0.327100 1.925900
0 233.121750 45.105747 278.024384 0.871042 0.487487 0.060352 0.330231 1.908427
c_wall04.jpg
0 233.121750 45.105747 278.024384 0.871042 0.487487 0.060352 0.330231 1.908427
0 227.025208 82.057426 67.511940 0.870997 0.487568 0.060351 0.268669 0.018673
0 226.602707 83.039299 65.677902 0.870997 0.487568 0.060351 0.264400 0.001200
c_wall04.jpg
0 232.811996 45.404301 280.083191 0.000000 0.989648 -0.143513 0.327100 1.925900
0 266.823792 45.404301 280.083191 0.000000 0.989649 -0.143510 0.670800 1.925900
0 266.516022 45.105747 278.024384 0.000000 0.989649 -0.143510 0.667690 1.908427
c_wall04.jpg
0 266.516022 45.105747 278.024384 0.000000 0.989649 -0.143510 0.667690 1.908427
0 233.121750 45.105747 278.024384 0.000000 0.989648 -0.143513 0.330231 1.908427
0 232.811996 45.404301 280.083191 0.000000 0.989648 -0.143513 0.327100 1.925900
c_wall04.jpg
0 266.823792 45.404301 280.083191 -0.870979 0.487707 0.059483 0.670800 1.925900
0 273.253387 83.039299 65.677902 -0.871041 0.487595 0.059485 0.735800 0.001200
0 272.828888 82.057426 67.511940 -0.871041 0.487595 0.059485 0.731510 0.018673
c_wall04.jpg
0 272.828888 82.057426 67.511940 -0.871041 0.487595 0.059485 0.731510 0.018673
0 266.516022 45.105747 278.024384 -0.870978 0.487708 0.059483 0.667690 1.908427
0 266.823792 45.404301 280.083191 -0.870979 0.487707 0.059483 0.670800 1.925900
c_wall04.jpg
0 272.828888 82.057426 67.511940 0.000000 0.984941 0.172889 0.731510 0.018673
0 227.025208 82.057426 67.511940 0.000000 0.984941 0.172889 0.268669 0.018673
0 233.121750 45.105747 278.024384 0.000000 0.984941 0.172889 0.330231 1.908427
c_wall04.jpg
0 233.121750 45.105747 278.024384 0.000000 0.984941 0.172889 0.330231 1.908427
0 266.516022 45.105747 278.024384 0.000000 0.984941 0.172889 0.667690 1.908427
0 272.828888 82.057426 67.511940 0.000000 0.984941 0.172889 0.731510 0.018673
c_wall04.jpg
0 226.602707 83.039299 65.677902 -0.999580 -0.000029 0.028979 0.970900 -0.002900
0 226.602707 -59.671600 65.677902 -0.999580 0.000000 0.028994 0.069000 -0.002900
0 232.811996 -27.665298 279.748688 -0.999581 -0.000084 0.028950 0.271300 1.910400
c_wall04.jpg
0 232.811996 -27.665298 279.748688 -0.999581 -0.000084 0.028950 0.271300 1.910400
0 232.811996 45.404301 280.083191 -0.999582 -0.000132 0.028925 0.733100 1.913400
0 226.602707 83.039299 65.677902 -0.999580 -0.000029 0.028979 0.970900 -0.002900
c_wall04.jpg
0 -289.746338 -79.386902 65.787804 0.000000 0.334686 0.942330 0.971600 0.296400
0 -210.381195 -79.386902 65.787804 0.000000 0.334688 0.942329 0.971600 0.953100
0 -211.187866 -77.556793 65.137802 0.000000 0.334688 0.942329 0.960516 0.946425
c_wall04.jpg
0 -211.187866 -77.556793 65.137802 0.000000 0.334688 0.942329 0.960516 0.946425
0 -288.939697 -77.556793 65.137802 0.000000 0.334686 0.942330 0.960516 0.303075
0 -289.746338 -79.386902 65.787804 0.000000 0.334686 0.942330 0.971600 0.296400
c_wall04.jpg
0 -210.381195 -79.386902 65.787804 -0.627436 0.000000 0.778668 0.971600 0.953100
0 -210.381195 100.674202 65.787804 -0.627451 0.000000 0.778656 -0.118900 0.953100
0 -211.187866 98.844093 65.137802 -0.627451 0.000000 0.778656 -0.107816 0.946425
c_wall04.jpg
0 -211.187866 98.844093 65.137802 -0.627451 0.000000 0.778656 -0.107816 0.946425
0 -211.187866 -77.556793 65.137802 -0.627436 0.000000 0.778668 0.960516 0.946425
0 -210.381195 -79.386902 65.787804 -0.627436 0.000000 0.778668 0.971600 0.953100
c_wall04.jpg
0 -210.381195 100.674202 65.787804 0.000000 -0.334687 0.942329 -0.118900 0.953100
0 -289.746338 100.674202 65.787804 0.000000 -0.334688 0.942329 -0.118900 0.296400
0 -288.939697 98.844093 65.137802 0.000000 -0.334688 0.942329 -0.107816 0.303075
c_wall04.jpg
0 -288.939697 98.844093 65.137802 0.000000 -0.334688 0.942329 -0.107816 0.303075
0 -211.187866 98.844093 65.137802 0.000000 -0.334687 0.942329 -0.107816 0.946425
0 -210.381195 100.674202 65.787804 0.000000 -0.334687 0.942329 -0.118900 0.953100
c_wall04.jpg
0 -289.746338 100.674202 65.787804 0.627447 0.000000 0.778659 -0.118900 0.296400
0 -289.746338 -79.386902 65.787804 0.627455 0.000000 0.778653 0.971600 0.296400
0 -288.939697 -77.556793 65.137802 0.627455 0.000000 0.778653 0.960516 0.303075
c_wall04.jpg
0 -288.939697 -77.556793 65.137802 0.627455 0.000000 0.778653 0.960516 0.303075
0 -288.939697 98.844093 65.137802 0.627447 0.000000 0.778659 -0.107816 0.303075
0 -289.746338 100.674202 65.787804 0.627447 0.000000 0.778659 -0.118900 0.296400
c_wall04.jpg
0 -288.939697 -77.556793 65.137802 0.000000 0.000000 1.000000 0.960516 0.303075
0 -211.187866 -77.556793 65.137802 0.000000 0.000000 1.000000 0.960516 0.946425
0 -211.187866 98.844093 65.137802 0.000000 0.000000 1.000000 -0.107816 0.946425
c_wall04.jpg
0 -211.187866 98.844093 65.137802 0.000000 0.000000 1.000000 -0.107816 0.946425
0 -288.939697 98.844093 65.137802 0.000000 0.000000 1.000000 -0.107816 0.303075
0 -288.939697 -77.556793 65.137802 0.000000 0.000000 1.000000 0.960516 0.303075
c_wall04.jpg
0 -300.063721 -100.021790 0.000000 0.000000 -0.722053 0.691838 0.000500 0.000500
0 -200.063721 -100.021790 0.000000 0.000000 -0.722059 0.691832 0.999500 0.000500
0 -201.966095 -99.009033 1.056992 0.000000 -0.722059 0.691832 0.980495 0.012270
c_wall04.jpg
0 -201.966095 -99.009033 1.056992 0.000000 -0.722059 0.691832 0.980495 0.012270
0 -298.161377 -99.009033 1.056992 0.000000 -0.722053 0.691838 0.019505 0.012270
0 -300.063721 -100.021790 0.000000 0.000000 -0.722053 0.691838 0.000500 0.000500
c_wall04.jpg
0 -200.063721 -100.021790 0.000000 -0.355522 -0.906303 0.228515 0.999500 0.000500
0 -210.381195 -79.386902 65.787804 -0.355519 -0.906304 0.228515 0.896400 0.619200
0 -211.891022 -79.159241 64.341736 -0.355519 -0.906304 0.228515 0.881318 0.607430
c_wall04.jpg
0 -211.891022 -79.159241 64.341736 -0.355519 -0.906304 0.228515 0.881318 0.607430
0 -201.966095 -99.009033 1.056992 -0.355522 -0.906303 0.228515 0.980495 0.012270
0 -200.063721 -100.021790 0.000000 -0.355522 -0.906303 0.228515 0.999500 0.000500
c_wall04.jpg
0 -210.381195 -79.386902 65.787804 0.000000 -0.987835 -0.155508 0.896400 0.619200
0 -289.746338 -79.386902 65.787804 0.000000 -0.987833 -0.155517 0.103600 0.619200
0 -288.236511 -79.159241 64.341736 0.000000 -0.987833 -0.155517 0.118682 0.607430
c_wall04.jpg
0 -288.236511 -79.159241 64.341736 0.000000 -0.987833 -0.155517 0.118682 0.607430
0 -211.891022 -79.159241 64.341736 0.000000 -0.987835 -0.155508 0.881318 0.607430
0 -210.381195 -79.386902 65.787804 0.000000 -0.987835 -0.155508 0.896400 0.619200
c_wall04.jpg
0 -289.746338 -79.386902 65.787804 0.355509 -0.906310 0.228508 0.103600 0.619200
0 -300.063721 -100.021790 0.000000 0.355522 -0.906303 0.228516 0.000500 0.000500
0 -298.161377 -99.009033 1.056992 0.355522 -0.906303 0.228516 0.019505 0.012270
c_wall04.jpg
0 -298.161377 -99.009033 1.056992 0.355522 -0.906303 0.228516 0.019505 0.012270
0 -288.236511 -79.159241 64.341736 0.355509 -0.906310 0.228507 0.118682 0.607430
0 -289.746338 -79.386902 65.787804 0.355509 -0.906310 0.228508 0.103600 0.619200
c_wall04.jpg
0 -298.161377 -99.009033 1.056992 0.000000 -0.954165 0.299282 0.019505 0.012270
0 -201.966095 -99.009033 1.056992 0.000000 -0.954165 0.299282 0.980495 0.012270
0 -211.891022 -79.159241 64.341736 0.000000 -0.954165 0.299282 0.881318 0.607430
c_wall04.jpg
0 -211.891022 -79.159241 64.341736 0.000000 -0.954165 0.299282 0.881318 0.607430
0 -288.236511 -79.159241 64.341736 0.000000 -0.954165 0.299282 0.118682 0.607430
0 -298.161377 -99.009033 1.056992 0.000000 -0.954165 0.299282 0.019505 0.012270
c_wall04.jpg
0 -200.063721 -100.021790 0.000000 0.987925 0.000000 0.154936 -0.151400 0.008500
0 -200.063721 99.978203 0.000000 0.987925 0.000000 0.154936 1.112500 0.008500
0 -210.381195 100.674202 65.787804 0.987925 0.000000 0.154936 1.116900 0.596500
c_wall04.jpg
0 -210.381195 100.674202 65.787804 0.987925 0.000000 0.154936 1.116900 0.596500
0 -210.381195 -79.386902 65.787804 0.987925 0.000000 0.154936 -0.021000 0.596500
0 -200.063721 -100.021790 0.000000 0.987925 0.000000 0.154936 -0.151400 0.008500
c_wall04.jpg
0 -200.063721 99.978203 0.000000 0.000000 0.895858 0.444340 0.999500 0.000500
0 -300.063721 99.978203 0.000000 0.000000 0.895858 0.444340 0.000500 0.000500
0 -298.123657 99.341743 1.283203 0.000000 0.895858 0.444340 0.019881 0.012503
c_wall04.jpg
0 -298.123657 99.341743 1.283203 0.000000 0.895858 0.444340 0.019881 0.012503
0 -202.003784 99.341743 1.283203 0.000000 0.895858 0.444340 0.980119 0.012503
0 -200.063721 99.978203 0.000000 0.000000 0.895858 0.444340 0.999500 0.000500
c_wall04.jpg
0 -300.063721 99.978203 0.000000 0.349429 0.934727 -0.064690 0.000500 0.000500
0 -289.746338 100.674202 65.787804 0.349426 0.934728 -0.064689 0.103600 0.619200
0 -288.206543 100.010735 64.518349 0.349426 0.934728 -0.064689 0.118981 0.607197
c_wall04.jpg
0 -288.206543 100.010735 64.518349 0.349426 0.934728 -0.064689 0.118981 0.607197
0 -298.123657 99.341743 1.283203 0.349429 0.934727 -0.064690 0.019881 0.012503
0 -300.063721 99.978203 0.000000 0.349429 0.934727 -0.064690 0.000500 0.000500
c_wall04.jpg
0 -289.746338 100.674202 65.787804 0.000000 0.886259 -0.463191 0.103600 0.619200
0 -210.381195 100.674202 65.787804 0.000000 0.886256 -0.463196 0.896400 0.619200
0 -211.920959 100.010735 64.518349 0.000000 0.886256 -0.463196 0.881019 0.607197
c_wall04.jpg
0 -211.920959 100.010735 64.518349 0.000000 0.886256 -0.463196 0.881019 0.607197
0 -288.206543 100.010735 64.518349 0.000000 0.886259 -0.463191 0.118981 0.607197
0 -289.746338 100.674202 65.787804 0.000000 0.886259 -0.463191 0.103600 0.619200
c_wall04.jpg
0 -210.381195 100.674202 65.787804 -0.349440 0.934723 -0.064691 0.896400 0.619200
0 -200.063721 99.978203 0.000000 -0.349425 0.934729 -0.064690 0.999500 0.000500
0 -202.003784 99.341743 1.283203 -0.349425 0.934728 -0.064690 0.980119 0.012503
c_wall04.jpg
0 -202.003784 99.341743 1.283203 -0.349425 0.934728 -0.064690 0.980119 0.012503
0 -211.920959 100.010735 64.518349 -0.349440 0.934723 -0.064691 0.881019 0.607197
0 -210.381195 100.674202 65.787804 -0.349440 0.934723 -0.064691 0.896400 0.619200
c_wall04.jpg
0 -202.003784 99.341743 1.283203 0.000000 0.999944 -0.010579 0.980119 0.012503
0 -298.123657 99.341743 1.283203 0.000000 0.999944 -0.010579 0.019881 0.012503
0 -288.206543 100.010735 64.518349 0.000000 0.999944 -0.010579 0.118981 0.607197
c_wall04.jpg
0 -288.206543 100.010735 64.518349 0.000000 0.999944 -0.010579 0.118981 0.607197
0 -211.920959 100.010735 64.518349 0.000000 0.999944 -0.010579 0.881019 0.607197
0 -202.003784 99.341743 1.283203 0.000000 0.999944 -0.010579 0.980119 0.012503
c_wall04.jpg
0 -300.063721 99.978203 0.000000 -0.987925 0.000000 0.154934 1.112500 0.008500
0 -300.063721 -100.021790 0.000000 -0.987925 0.000000 0.154934 -0.151400 0.008500
0 -289.746338 -79.386902 65.787804 -0.987925 0.000000 0.154934 -0.021000 0.596500
c_wall04.jpg
0 -289.746338 -79.386902 65.787804 -0.987925 0.000000 0.154934 -0.021000 0.596500
0 -289.746338 100.674202 65.787804 -0.987925 0.000000 0.154934 1.116900 0.596500
0 -300.063721 99.978203 0.000000 -0.987925 0.000000 0.154934 1.112500 0.008500
c_wall04.jpg
0 -282.147888 -73.494003 166.895599 0.000000 0.322181 0.946678 1.164800 0.351000
0 -221.948120 -73.494003 166.895599 0.000000 0.322181 0.946678 1.164800 0.858800
0 -221.948120 92.907799 110.264503 0.000000 0.322181 0.946678 -0.165200 0.858800
c_wall04.jpg
0 -221.948120 92.907799 110.264503 0.000000 0.322181 0.946678 -0.165200 0.858800
0 -282.147888 92.907799 110.264503 0.000000 0.322180 0.946678 -0.165200 0.351000
0 -282.147888 -73.494003 166.895599 0.000000 0.322181 0.946678 1.164800 0.351000
c_wall04.jpg
0 -214.349396 -84.045807 100.549202 0.961169 -0.166900 0.219769 -0.254200 0.169800
0 -214.349396 98.749496 87.010902 0.948527 0.023391 0.315832 1.254200 0.000500
0 -221.948120 92.907799 110.264503 0.976565 0.030211 0.213092 1.206000 0.291300
c_wall04.jpg
0 -221.948120 92.907799 110.264503 0.976565 0.030211 0.213092 1.206000 0.291300
0 -221.948120 -73.494003 166.895599 0.970669 -0.194008 0.141997 -0.167200 0.999500
0 -214.349396 -84.045807 100.549202 0.961169 -0.166900 0.219769 -0.254200 0.169800
c_wall04.jpg
0 -214.349396 98.749496 87.010902 0.000000 0.969864 0.243646 0.160200 -0.002200
0 -285.778015 98.749496 87.010902 0.000000 0.969864 0.243646 0.839800 -0.002200
0 -282.147888 92.907799 110.264503 0.000000 0.969864 0.243646 0.805300 0.278600
c_wall04.jpg
0 -282.147888 92.907799 110.264503 0.000000 0.969864 0.243646 0.805300 0.278600
0 -221.948120 92.907799 110.264503 0.000000 0.969864 0.243646 0.232500 0.278600
0 -214.349396 98.749496 87.010902 0.000000 0.969864 0.243646 0.160200 -0.002200
c_wall04.jpg
0 -285.778015 98.749496 87.010902 -0.993326 0.030600 0.111204 1.254200 0.000500
0 -285.778015 -84.045807 100.549202 -0.980401 -0.179092 0.082099 -0.254200 0.169800
0 -282.147888 -73.494003 166.895599 -0.969813 -0.186496 0.157103 -0.167200 0.999500
c_wall04.jpg
0 -282.147888 -73.494003 166.895599 -0.969813 -0.186496 0.157103 -0.167200 0.999500
0 -282.147888 92.907799 110.264503 -0.984128 0.057174 0.167996 1.206000 0.291300
0 -285.778015 98.749496 87.010902 -0.993326 0.030600 0.111204 1.254200 0.000500
c_wall04.jpg
0 -267.171814 -27.665298 279.748688 0.000000 -0.004578 0.999990 0.856400 0.614000
0 -233.159912 -27.665298 279.748688 0.000000 -0.004578 0.999990 0.856400 0.866100
0 -233.159912 45.404301 280.083191 0.000000 -0.004578 0.999990 0.301100 0.866100
c_wall04.jpg
0 -233.159912 45.404301 280.083191 0.000000 -0.004578 0.999990 0.301100 0.866100
0 -267.171814 45.404301 280.083191 0.000000 -0.004578 0.999990 0.301100 0.614000
0 -267.171814 -27.665298 279.748688 0.000000 -0.004578 0.999990 0.856400 0.614000
c_wall04.jpg
0 -273.381104 -59.671600 65.677902 0.000000 -0.893273 0.449515 0.264400 0.001200
0 -226.730408 -59.671600 65.677902 0.000000 -0.893272 0.449516 0.735800 0.001200
0 -227.157288 -58.736572 67.535980 0.000000 -0.893272 0.449516 0.731486 0.018743
c_wall04.jpg
0 -227.157288 -58.736572 67.535980 0.000000 -0.893272 0.449516 0.731486 0.018743
0 -272.956238 -58.736572 67.535980 0.000000 -0.893273 0.449515 0.268693 0.018743
0 -273.381104 -59.671600 65.677902 0.000000 -0.893273 0.449515 0.264400 0.001200
c_wall04.jpg
0 -226.730408 -59.671600 65.677902 -0.869839 -0.491063 0.047301 0.735800 0.001200
0 -233.159912 -27.665298 279.748688 -0.869812 -0.491111 0.047299 0.670800 1.922900
0 -233.469391 -27.314621 277.698395 -0.869812 -0.491110 0.047299 0.667673 1.905357
c_wall04.jpg
0 -233.469391 -27.314621 277.698395 -0.869812 -0.491110 0.047299 0.667673 1.905357
0 -227.157288 -58.736572 67.535980 -0.869839 -0.491063 0.047301 0.731486 0.018743
0 -226.730408 -59.671600 65.677902 -0.869839 -0.491063 0.047301 0.735800 0.001200
c_wall04.jpg
0 -233.159912 -27.665298 279.748688 0.000000 -0.985686 -0.168592 0.670800 1.922900
0 -267.171814 -27.665298 279.748688 0.000000 -0.985686 -0.168589 0.327100 1.922900
0 -266.860352 -27.314621 277.698395 0.000000 -0.985686 -0.168589 0.330248 1.905357
c_wall04.jpg
0 -266.860352 -27.314621 277.698395 0.000000 -0.985686 -0.168589 0.330248 1.905357
0 -233.469391 -27.314621 277.698395 0.000000 -0.985686 -0.168592 0.667673 1.905357
0 -233.159912 -27.665298 279.748688 0.000000 -0.985686 -0.168592 0.670800 1.922900
c_wall04.jpg
0 -267.171814 -27.665298 279.748688 0.869826 -0.491000 0.048176 0.327100 1.922900
0 -273.381104 -59.671600 65.677902 0.869847 -0.490963 0.048178 0.264400 0.001200
0 -272.956238 -58.736572 67.535980 0.869847 -0.490963 0.048178 0.268693 0.018743
c_wall04.jpg
0 -272.956238 -58.736572 67.535980 0.869847 -0.490963 0.048178 0.268693 0.018743
0 -266.860352 -27.314621 277.698395 0.869826 -0.491001 0.048176 0.330248 1.905357
0 -267.171814 -27.665298 279.748688 0.869826 -0.491000 0.048176 0.327100 1.922900
c_wall04.jpg
0 -272.956238 -58.736572 67.535980 0.000000 -0.989007 0.147869 0.268693 0.018743
0 -227.157288 -58.736572 67.535980 0.000000 -0.989007 0.147869 0.731486 0.018743
0 -233.469391 -27.314621 277.698395 0.000000 -0.989007 0.147869 0.667673 1.905357
c_wall04.jpg
0 -233.469391 -27.314621 277.698395 0.000000 -0.989007 0.147869 0.667673 1.905357
0 -266.860352 -27.314621 277.698395 0.000000 -0.989007 0.147869 0.330248 1.905357
0 -272.956238 -58.736572 67.535980 0.000000 -0.989007 0.147869 0.268693 0.018743
c_wall04.jpg
0 -226.730408 -59.671600 65.677902 0.999550 -0.000030 0.029989 0.069000 -0.002900
0 -226.730286 83.039299 65.677902 0.999551 -0.000001 0.029975 0.970900 -0.002900
0 -233.159912 45.404301 280.083191 0.999549 -0.000088 0.030017 0.733100 1.913400
c_wall04.jpg
0 -233.159912 45.404301 280.083191 0.999549 -0.000088 0.030017 0.733100 1.913400
0 -233.159912 -27.665298 279.748688 0.999549 -0.000137 0.030041 0.271300 1.910400
0 -226.730408 -59.671600 65.677902 0.999550 -0.000030 0.029989 0.069000 -0.002900
c_wall04.jpg
0 -226.730286 83.039299 65.677902 0.000000 0.881609 0.471981 0.735800 0.001200
0 -273.381104 83.039299 65.677902 0.000000 0.881609 0.471980 0.264400 0.001200
0 -272.958618 82.057426 67.511940 0.000000 0.881609 0.471980 0.268669 0.018673
c_wall04.jpg
0 -272.958618 82.057426 67.511940 0.000000 0.881609 0.471980 0.268669 0.018673
0 -227.154785 82.057426 67.511940 0.000000 0.881609 0.471981 0.731510 0.018673
0 -226.730286 83.039299 65.677902 0.000000 0.881609 0.471981 0.735800 0.001200
c_wall04.jpg
0 -273.381104 83.039299 65.677902 0.871043 0.487485 0.060351 0.264400 0.001200
0 -267.171814 45.404301 280.083191 0.871018 0.487531 0.060350 0.327100 1.925900
0 -266.862061 45.105747 278.024384 0.871018 0.487531 0.060350 0.330231 1.908427
c_wall04.jpg
0 -266.862061 45.105747 278.024384 0.871018 0.487531 0.060350 0.330231 1.908427
0 -272.958618 82.057426 67.511940 0.871043 0.487485 0.060351 0.268669 0.018673
0 -273.381104 83.039299 65.677902 0.871043 0.487485 0.060351 0.264400 0.001200
c_wall04.jpg
0 -267.171814 45.404301 280.083191 0.000000 0.989649 -0.143512 0.327100 1.925900
0 -233.159912 45.404301 280.083191 0.000000 0.989649 -0.143512 0.670800 1.925900
0 -233.467651 45.105747 278.024384 0.000000 0.989649 -0.143512 0.667690 1.908427
c_wall04.jpg
0 -233.467651 45.105747 278.024384 0.000000 0.989649 -0.143512 0.667690 1.908427
0 -266.862061 45.105747 278.024384 0.000000 0.989649 -0.143512 0.330231 1.908427
0 -267.171814 45.404301 280.083191 0.000000 0.989649 -0.143512 0.327100 1.925900
c_wall04.jpg
0 -233.159912 45.404301 280.083191 -0.871004 0.487661 0.059481 0.670800 1.925900
0 -226.730286 83.039299 65.677902 -0.870997 0.487675 0.059482 0.735800 0.001200
0 -227.154785 82.057426 67.511940 -0.870997 0.487674 0.059482 0.731510 0.018673
c_wall04.jpg
0 -227.154785 82.057426 67.511940 -0.870997 0.487674 0.059482 0.731510 0.018673
0 -233.467651 45.105747 278.024384 -0.871004 0.487661 0.059481 0.667690 1.908427
0 -233.159912 45.404301 280.083191 -0.871004 0.487661 0.059481 0.670800 1.925900
c_wall04.jpg
0 -227.154785 82.057426 67.511940 0.000000 0.984941 0.172889 0.731510 0.018673
0 -272.958618 82.057426 67.511940 0.000000 0.984941 0.172889 0.268669 0.018673
0 -266.862061 45.105747 278.024384 0.000000 0.984941 0.172889 0.330231 1.908427
c_wall04.jpg
0 -266.862061 45.105747 278.024384 0.000000 0.984941 0.172889 0.330231 1.908427
0 -233.467651 45.105747 278.024384 0.000000 0.984941 0.172889 0.667690 1.908427
0 -227.154785 82.057426 67.511940 0.000000 0.984941 0.172889 0.731510 0.018673
c_wall04.jpg
0 -273.381104 83.039299 65.677902 -0.999580 -0.000029 0.028979 0.970900 -0.002900
0 -273.381104 -59.671600 65.677902 -0.999580 0.000000 0.028994 0.069000 -0.002900
0 -267.171814 -27.665298 279.748688 -0.999581 -0.000084 0.028950 0.271300 1.910400
c_wall04.jpg
0 -267.171814 -27.665298 279.748688 -0.999581 -0.000084 0.028950 0.271300 1.910400
0 -267.171814 45.404301 280.083191 -0.999582 -0.000132 0.028925 0.733100 1.913400
0 -273.381104 83.039299 65.677902 -0.999580 -0.000029 0.028979 0.970900 -0.002900
c_wall05.jpg
0 237.466797 -134.959106 132.843704 0.000000 -0.877364 0.479826 0.443100 0.346300
0 259.718689 -134.959106 132.843704 0.000000 -0.877364 0.479826 0.558200 0.346300
0 257.351501 -123.481796 153.830002 0.000000 -0.877364 0.479826 0.545900 0.649000
c_wall05.jpg
0 257.351501 -123.481796 153.830002 0.000000 -0.877364 0.479826 0.545900 0.649000
0 238.597702 -123.481796 153.830002 0.000000 -0.877363 0.479827 0.448900 0.649000
0 237.466797 -134.959106 132.843704 0.000000 -0.877364 0.479826 0.443100 0.346300
c_wall05.jpg
0 278.035706 -73.494003 166.895599 0.000000 -0.252880 0.967498 0.653000 0.975000
0 217.835800 -73.494003 166.895599 0.000000 -0.252880 0.967498 0.341500 0.975000
0 238.597702 -123.481796 153.830002 0.000000 -0.252880 0.967498 0.448900 0.649000
c_wall05.jpg
0 238.597702 -123.481796 153.830002 0.000000 -0.252880 0.967498 0.448900 0.649000
0 257.351501 -123.481796 153.830002 0.000000 -0.252880 0.967498 0.545900 0.649000
0 278.035706 -73.494003 166.895599 0.000000 -0.252880 0.967498 0.653000 0.975000
c_wall05.jpg
0 285.634308 -84.045807 100.549202 0.908325 -0.357027 0.217893 0.982300 0.055600
0 278.035706 -73.494003 166.895599 0.894520 -0.414132 0.168313 1.079200 0.620000
0 257.351501 -123.481796 153.830002 0.908326 -0.357025 0.217890 0.620200 0.508900
c_wall05.jpg
0 257.351501 -123.481796 153.830002 0.908332 -0.356999 0.217911 0.620200 0.508900
0 259.718689 -134.959106 132.843704 0.916760 -0.297761 0.266251 0.514800 0.330400
0 285.634308 -84.045807 100.549202 0.908329 -0.357003 0.217916 0.982300 0.055600
c_wall05.jpg
0 217.835800 -73.494003 166.895599 -0.897754 -0.394845 0.195282 1.079200 0.620000
0 214.205704 -84.045807 100.549202 -0.928297 -0.355988 0.107408 0.982300 0.055600
0 237.466797 -134.959106 132.843704 -0.897754 -0.394846 0.195281 0.514800 0.330400
c_wall05.jpg
0 237.466797 -134.959106 132.843704 -0.897664 -0.394944 0.195495 0.514800 0.330400
0 238.597702 -123.481796 153.830002 -0.857943 -0.429870 0.281327 0.620200 0.508900
0 217.835800 -73.494003 166.895599 -0.897667 -0.394935 0.195501 1.079200 0.620000
c_wall05.jpg
0 -262.516998 -134.959106 132.843704 0.000000 -0.877364 0.479826 0.443100 0.346300
0 -240.265106 -134.959106 132.843704 0.000000 -0.877364 0.479826 0.558200 0.346300
0 -242.632294 -123.481796 153.830002 0.000000 -0.877364 0.479826 0.545900 0.649000
c_wall05.jpg
0 -242.632294 -123.481796 153.830002 0.000000 -0.877364 0.479826 0.545900 0.649000
0 -261.386108 -123.481796 153.830002 0.000000 -0.877363 0.479827 0.448900 0.649000
0 -262.516998 -134.959106 132.843704 0.000000 -0.877364 0.479826 0.443100 0.346300
c_wall05.jpg
0 -221.948120 -73.494003 166.895599 0.000000 -0.252881 0.967497 0.653000 0.975000
0 -282.147888 -73.494003 166.895599 0.000000 -0.252881 0.967497 0.341500 0.975000
0 -261.386108 -123.481796 153.830002 0.000000 -0.252880 0.967498 0.448900 0.649000
c_wall05.jpg
0 -261.386108 -123.481796 153.830002 0.000000 -0.252880 0.967498 0.448900 0.649000
0 -242.632294 -123.481796 153.830002 0.000000 -0.252880 0.967498 0.545900 0.649000
0 -221.948120 -73.494003 166.895599 0.000000 -0.252881 0.967497 0.653000 0.975000
c_wall05.jpg
0 -214.349396 -84.045807 100.549202 0.961169 -0.166900 0.219769 0.982300 0.055600
0 -221.948120 -73.494003 166.895599 0.970669 -0.194008 0.141997 1.079200 0.620000
0 -242.632294 -123.481796 153.830002 0.908331 -0.356995 0.217920 0.620200 0.508900
c_wall05.jpg
0 -242.632294 -123.481796 153.830002 0.908331 -0.356995 0.217920 0.620200 0.508900
0 -240.265106 -134.959106 132.843704 0.916760 -0.297761 0.266252 0.514800 0.330400
0 -214.349396 -84.045807 100.549202 0.961169 -0.166900 0.219769 0.982300 0.055600
c_wall05.jpg
0 -282.147888 -73.494003 166.895599 -0.969813 -0.186496 0.157103 1.079200 0.620000
0 -285.778015 -84.045807 100.549202 -0.980401 -0.179092 0.082099 0.982300 0.055600
0 -262.516998 -134.959106 132.843704 -0.897755 -0.394844 0.195281 0.514800 0.330400
c_wall05.jpg
0 -262.516998 -134.959106 132.843704 -0.897665 -0.394943 0.195494 0.514800 0.330400
0 -261.386108 -123.481796 153.830002 -0.857944 -0.429870 0.281325 0.620200 0.508900
0 -282.147888 -73.494003 166.895599 -0.969783 -0.186614 0.157148 1.079200 0.620000
c_wall05.jpg
0 234.161804 38.176102 405.802094 0.000000 0.934223 0.356690 0.627200 0.415400
0 257.230591 23.602303 431.044586 -0.000001 0.654557 0.756012 0.427600 0.596000
0 257.230499 38.176102 405.802094 -0.000002 0.979730 0.200323 0.627200 0.596000
c_wall05.jpg
0 234.161804 38.176102 405.802094 0.000000 0.934223 0.356690 0.627200 0.415400
0 234.161804 23.602303 431.044586 0.000000 0.327445 0.944870 0.427600 0.415400
0 257.230591 23.602303 431.044586 -0.000001 0.654557 0.756012 0.427600 0.596000
c_wall05.jpg
0 234.161804 -5.545303 431.044586 0.000000 -0.654558 0.756012 0.427600 0.415400
0 257.230591 -20.119102 405.802094 0.000000 -0.934223 0.356690 0.627200 0.596000
0 257.230591 -5.545303 431.044586 0.000000 -0.327445 0.944870 0.427600 0.596000
c_wall05.jpg
0 234.161804 -5.545303 431.044586 0.000000 -0.654558 0.756012 0.427600 0.415400
0 234.161804 -20.119102 405.802094 0.000002 -0.979730 0.200322 0.627200 0.415400
0 257.230591 -20.119102 405.802094 0.000000 -0.934223 0.356690 0.627200 0.596000
c_wall05.jpg
0 234.161804 -20.119102 405.802094 0.000002 -0.979730 0.200322 0.627200 0.415400
0 257.230591 -25.511398 279.862488 0.000000 -0.999085 0.042777 0.993700 0.596000
0 257.230591 -20.119102 405.802094 0.000000 -0.934223 0.356690 0.627200 0.596000
c_wall05.jpg
0 234.161804 -20.119102 405.802094 -0.000010 -0.979755 0.200200 0.627200 0.415400
0 234.161804 -25.511398 279.862488 0.000000 -0.999085 0.042777 0.993700 0.415400
0 257.230591 -25.511398 279.862488 0.000000 -0.999085 0.042777 0.993700 0.596000
c_wall05.jpg
0 234.161804 43.568401 279.862488 0.000000 0.999085 0.042777 0.993700 0.415400
0 257.230499 38.176102 405.802094 0.000010 0.979755 0.200200 0.627200 0.596000
0 257.230499 43.568401 279.862488 0.000000 0.999085 0.042777 0.993700 0.596000
c_wall05.jpg
0 234.161804 43.568401 279.862488 0.000000 0.999085 0.042777 0.993700 0.415400
0 234.161804 38.176102 405.802094 0.000000 0.934223 0.356690 0.627200 0.415400
0 257.230499 38.176102 405.802094 -0.000002 0.979730 0.200323 0.627200 0.596000
c_wall05.jpg
0 -236.602997 38.176102 405.802094 0.000000 0.934223 0.356690 0.627200 0.415400
0 -259.671814 38.176102 405.802094 -0.000031 0.979729 0.200328 0.627200 0.596000
0 -259.671814 23.602303 431.044586 0.000000 0.654558 0.756012 0.427600 0.596000
c_wall05.jpg
0 -236.602997 38.176102 405.802094 0.000000 0.934223 0.356690 0.627200 0.415400
0 -259.671814 23.602303 431.044586 0.000000 0.654558 0.756012 0.427600 0.596000
0 -236.602997 23.602303 431.044586 0.000000 0.327445 0.944870 0.427600 0.415400
c_wall05.jpg
0 -236.602997 -5.545303 431.044586 0.000000 -0.654558 0.756012 0.427600 0.415400
0 -259.671814 -5.545303 431.044586 0.000000 -0.327445 0.944870 0.427600 0.596000
0 -259.671814 -20.119102 405.802094 -0.000039 -0.934223 0.356690 0.627200 0.596000
c_wall05.jpg
0 -236.602997 -5.545303 431.044586 0.000000 -0.654558 0.756012 0.427600 0.415400
0 -259.671814 -20.119102 405.802094 -0.000039 -0.934223 0.356690 0.627200 0.596000
0 -236.602997 -20.119102 405.802094 0.000031 -0.979729 0.200328 0.627200 0.415400
c_wall05.jpg
0 -236.602997 -20.119102 405.802094 0.000031 -0.979729 0.200328 0.627200 0.415400
0 -259.671814 -20.119102 405.802094 -0.000039 -0.934223 0.356690 0.627200 0.596000
0 -259.671814 -25.511398 279.862488 0.000000 -0.999085 0.042777 0.993700 0.596000
c_wall05.jpg
0 -236.602997 -20.119102 405.802094 0.000031 -0.979729 0.200328 0.627200 0.415400
0 -259.671814 -25.511398 279.862488 0.000000 -0.999085 0.042777 0.993700 0.596000
0 -236.602997 -25.511398 279.862488 0.000000 -0.999085 0.042777 0.993700 0.415400
c_wall05.jpg
0 -236.602997 43.568401 279.862488 0.000000 0.999085 0.042777 0.993700 0.415400
0 -259.671814 43.568401 279.862488 0.000000 0.999085 0.042777 0.993700 0.596000
0 -259.671814 38.176102 405.802094 -0.000031 0.979729 0.200328 0.627200 0.596000
c_wall05.jpg
0 -236.602997 43.568401 279.862488 0.000000 0.999085 0.042777 0.993700 0.415400
0 -259.671814 38.176102 405.802094 -0.000031 0.979729 0.200328 0.627200 0.596000
0 -236.602997 38.176102 405.802094 0.000000 0.934223 0.356690 0.627200 0.415400
c_wall06.jpg
0 234.161804 23.602303 431.044586 -1.000000 0.000000 0.000000 0.663500 0.734000
0 234.161804 -20.119102 405.802094 -1.000000 0.000000 0.000000 0.202000 0.612200
0 234.161804 -5.545303 431.044586 -1.000000 0.000000 0.000000 0.355800 0.734000
c_wall06.jpg
0 234.161804 23.602303 431.044586 -1.000000 0.000000 0.000000 0.663500 0.734000
0 234.161804 -25.511398 279.862488 -1.000000 0.000000 0.000000 0.145000 0.004800
0 234.161804 -20.119102 405.802094 -1.000000 0.000000 0.000000 0.202000 0.612200
c_wall06.jpg
0 234.161804 23.602303 431.044586 -1.000000 0.000000 0.000000 0.663500 0.734000
0 234.161804 43.568401 279.862488 -1.000000 0.000000 0.000000 0.874200 0.004800
0 234.161804 -25.511398 279.862488 -1.000000 0.000000 0.000000 0.145000 0.004800
c_wall06.jpg
0 234.161804 23.602303 431.044586 -1.000000 0.000000 0.000000 0.663500 0.734000
0 234.161804 38.176102 405.802094 -1.000000 0.000000 0.000000 0.817300 0.612200
0 234.161804 43.568401 279.862488 -1.000000 0.000000 0.000000 0.874200 0.004800
c_wall06.jpg
0 234.161804 23.602303 431.044586 0.000000 0.327445 0.944870 0.363200 0.363200
0 257.230591 -5.545303 431.044586 0.000000 -0.327445 0.944870 0.636800 0.636800
0 257.230591 23.602303 431.044586 -0.000001 0.654557 0.756012 0.363200 0.636800
c_wall06.jpg
0 234.161804 23.602303 431.044586 0.000000 0.327445 0.944870 0.363200 0.363200
0 234.161804 -5.545303 431.044586 0.000000 -0.654558 0.756012 0.636800 0.363200
0 257.230591 -5.545303 431.044586 0.000000 -0.327445 0.944870 0.636800 0.636800
c_wall06.jpg
0 257.230591 23.602303 431.044586 1.000000 0.000000 0.000000 0.663500 0.734000
0 257.230591 -5.545303 431.044586 1.000000 0.000000 0.000000 0.355800 0.734000
0 257.230591 -20.119102 405.802094 1.000000 0.000000 0.000000 0.202000 0.612200
c_wall06.jpg
0 257.230591 23.602303 431.044586 1.000000 0.000000 0.000000 0.663500 0.734000
0 257.230591 -20.119102 405.802094 1.000000 0.000000 0.000000 0.202000 0.612200
0 257.230591 -25.511398 279.862488 1.000000 0.000001 0.000000 0.145000 0.004800
c_wall06.jpg
0 257.230591 23.602303 431.044586 1.000000 0.000000 0.000000 0.663500 0.734000
0 257.230591 -25.511398 279.862488 1.000000 0.000001 0.000000 0.145000 0.004800
0 257.230499 43.568401 279.862488 1.000000 0.000001 0.000000 0.874200 0.004800
c_wall06.jpg
0 257.230591 23.602303 431.044586 1.000000 0.000005 0.000000 0.663500 0.734000
0 257.230499 43.568401 279.862488 1.000000 0.000005 0.000000 0.874200 0.004800
0 257.230499 38.176102 405.802094 1.000000 0.000005 0.000000 0.817300 0.612200
c_wall06.jpg
0 -236.602997 23.602303 431.044586 1.000000 0.000000 0.000000 0.663500 0.734000
0 -236.602997 -5.545303 431.044586 1.000000 0.000000 0.000000 0.355800 0.734000
0 -236.602997 -20.119102 405.802094 1.000000 0.000000 0.000000 0.202000 0.612200
c_wall06.jpg
0 -236.602997 23.602303 431.044586 1.000000 0.000000 0.000000 0.663500 0.734000
0 -236.602997 -20.119102 405.802094 1.000000 0.000000 0.000000 0.202000 0.612200
0 -236.602997 -25.511398 279.862488 1.000000 0.000000 0.000000 0.145000 0.004800
c_wall06.jpg
0 -236.602997 23.602303 431.044586 1.000000 0.000000 0.000000 0.663500 0.734000
0 -236.602997 -25.511398 279.862488 1.000000 0.000000 0.000000 0.145000 0.004800
0 -236.602997 43.568401 279.862488 1.000000 0.000000 0.000000 0.874200 0.004800
c_wall06.jpg
0 -236.602997 23.602303 431.044586 1.000000 0.000000 0.000000 0.663500 0.734000
0 -236.602997 43.568401 279.862488 1.000000 0.000000 0.000000 0.874200 0.004800
0 -236.602997 38.176102 405.802094 1.000000 0.000000 0.000000 0.817300 0.612200
c_wall06.jpg
0 -236.602997 23.602303 431.044586 0.000000 0.327445 0.944870 0.363200 0.363200
0 -259.671814 23.602303 431.044586 0.000000 0.654558 0.756012 0.363200 0.636800
0 -259.671814 -5.545303 431.044586 0.000000 -0.327445 0.944870 0.636800 0.636800
c_wall06.jpg
0 -236.602997 23.602303 431.044586 0.000000 0.327445 0.944870 0.363200 0.363200
0 -259.671814 -5.545303 431.044586 0.000000 -0.327445 0.944870 0.636800 0.636800
0 -236.602997 -5.545303 431.044586 0.000000 -0.654558 0.756012 0.636800 0.363200
c_wall06.jpg
0 -259.671814 23.602303 431.044586 -1.000000 0.000000 0.000000 0.663500 0.734000
0 -259.671814 -20.119102 405.802094 -1.000000 0.000000 0.000000 0.202000 0.612200
0 -259.671814 -5.545303 431.044586 -1.000000 0.000000 0.000000 0.355800 0.734000
c_wall06.jpg
0 -259.671814 23.602303 431.044586 -1.000000 0.000000 0.000000 0.663500 0.734000
0 -259.671814 -25.511398 279.862488 -1.000000 0.000000 0.000000 0.145000 0.004800
0 -259.671814 -20.119102 405.802094 -1.000000 0.000000 0.000000 0.202000 0.612200
c_wall06.jpg
0 -259.671814 23.602303 431.044586 -1.000000 0.000000 0.000000 0.663500 0.734000
0 -259.671814 43.568401 279.862488 -1.000000 0.000000 0.000000 0.874200 0.004800
0 -259.671814 -25.511398 279.862488 -1.000000 0.000000 0.000000 0.145000 0.004800
c_wall06.jpg
0 -259.671814 23.602303 431.044586 -1.000000 0.000000 0.000000 0.663500 0.734000
0 -259.671814 38.176102 405.802094 -1.000000 0.000000 0.000000 0.817300 0.612200
0 -259.671814 43.568401 279.862488 -1.000000 0.000000 0.000000 0.874200 0.004800
tile_02.jpg
0 240.497299 17.534103 285.621796 0.000000 1.000000 0.000000 3.678800 -0.005500
0 -242.159119 17.534103 333.733887 0.000000 1.000000 0.000000 -2.678800 0.718500
0 240.497299 17.534103 333.733887 0.000000 1.000000 0.000000 3.678800 0.718500
tile_02.jpg
0 -242.159119 17.534103 333.733887 0.000000 1.000000 0.000000 -2.678800 0.718500
0 240.497299 17.534103 285.621796 0.000000 1.000000 0.000000 3.678800 -0.005500
0 -242.159119 17.534103 285.621796 0.000000 1.000000 0.000000 -2.678800 -0.005500
tile_02.jpg
0 240.497299 -13.100098 285.621796 0.000000 -1.000000 0.000002 3.678800 -0.005500
0 -242.159119 -13.100098 333.733887 0.000000 -1.000000 0.000000 -2.678800 0.718500
0 -242.159119 -13.100098 285.621796 0.000000 -1.000000 0.000000 -2.678800 -0.005500
tile_02.jpg
0 -242.159119 -13.100098 333.733887 0.000000 -1.000000 0.000000 -2.678800 0.718500
0 240.497299 -13.100098 285.621796 0.000000 -1.000000 0.000002 3.678800 -0.005500
0 240.497299 -13.099998 333.733887 0.000000 -1.000000 0.000002 3.678800 0.718500
tile_02.jpg
0 -242.159119 17.534103 333.733887 0.000000 0.000000 1.000000 -5.773600 1.003700
0 240.497299 -13.099998 333.733887 0.000000 0.000000 1.000000 6.773600 0.711600
0 240.497299 17.534103 333.733887 0.000000 0.000000 1.000000 6.773600 1.003700
tile_02.jpg
0 240.497299 -13.099998 333.733887 0.000000 0.000000 1.000000 6.773600 0.711600
0 -242.159119 17.534103 333.733887 0.000000 0.000000 1.000000 -5.773600 1.003700
0 -242.159119 -13.100098 333.733887 0.000000 0.000000 1.000000 -5.773600 0.711600
tile_02.jpg
0 -155.918396 -8.554802 623.574219 0.000000 0.000000 1.000000 0.322700 0.125400
0 -135.681580 -8.554802 623.574219 0.000000 0.000000 1.000000 0.641800 0.125400
0 -135.681580 11.681999 623.574219 0.000000 0.000000 1.000000 0.641800 0.444600
tile_02.jpg
0 -135.681580 11.681999 623.574219 0.000000 0.000000 1.000000 0.641800 0.444600
0 -155.918396 11.681999 623.574219 0.000000 0.000000 1.000000 0.322700 0.444600
0 -155.918396 -8.554802 623.574219 0.000000 0.000000 1.000000 0.322700 0.125400
tile_02.jpg
0 -155.918396 -8.554802 253.979507 0.000000 -1.000000 0.000000 2.185400 0.017600
0 -135.681580 -8.554802 253.979507 0.000000 -1.000000 0.000000 2.186100 0.739100
0 -135.681580 -8.554802 623.574219 0.000000 -1.000000 0.000000 -1.240300 0.739100
tile_02.jpg
0 -135.681580 -8.554802 623.574219 0.000000 -1.000000 0.000000 -1.240300 0.739100
0 -155.918396 -8.554802 623.574219 0.000000 -1.000000 0.000000 -1.241400 0.017700
0 -155.918396 -8.554802 253.979507 0.000000 -1.000000 0.000000 2.185400 0.017600
tile_02.jpg
0 -135.681580 -8.554802 253.979507 1.000000 0.000000 0.000000 2.186100 0.739100
0 -135.681580 11.681999 253.979507 1.000000 0.000000 0.000000 2.185500 0.024400
0 -135.681580 11.681999 623.574219 1.000000 0.000000 0.000000 -1.241300 0.024500
tile_02.jpg
0 -135.681580 11.681999 623.574219 1.000000 0.000000 0.000000 -1.241300 0.024500
0 -135.681580 -8.554802 623.574219 1.000000 0.000000 0.000000 -1.240300 0.739100
0 -135.681580 -8.554802 253.979507 1.000000 0.000000 0.000000 2.186100 0.739100
tile_02.jpg
0 -135.681580 11.681999 253.979507 0.000000 1.000000 0.000000 2.185500 0.024400
0 -155.918396 11.681999 253.979507 0.000000 1.000000 0.000000 2.184700 0.739900
0 -155.918396 11.681999 623.574219 0.000000 1.000000 0.000000 -1.242400 0.739900
tile_02.jpg
0 -155.918396 11.681999 623.574219 0.000000 1.000000 0.000000 -1.242400 0.739900
0 -135.681580 11.681999 623.574219 0.000000 1.000000 0.000000 -1.241300 0.024500
0 -135.681580 11.681999 253.979507 0.000000 1.000000 0.000000 2.185500 0.024400
tile_02.jpg
0 -155.918396 11.681999 253.979507 -1.000000 0.000000 0.000000 2.184700 0.739900
0 -155.918396 -8.554802 253.979507 -1.000000 0.000000 0.000000 2.185400 0.017600
0 -155.918396 -8.554802 623.574219 -1.000000 0.000000 0.000000 -1.241400 0.017700
tile_02.jpg
0 -155.918396 -8.554802 623.574219 -1.000000 0.000000 0.000000 -1.241400 0.017700
0 -155.918396 11.681999 623.574219 -1.000000 0.000000 0.000000 -1.242400 0.739900
0 -155.918396 11.681999 253.979507 -1.000000 0.000000 0.000000 2.184700 0.739900
tile_02.jpg
0 -155.918396 -8.554802 253.979507 -0.683118 -0.683118 -0.258263 0.353400 0.175400
0 -155.918396 11.681999 253.979507 -0.683118 0.683118 -0.258263 0.353400 0.467800
0 -145.799988 1.563599 200.452301 0.000000 0.000000 -1.000000 0.525500 0.332000
tile_02.jpg
0 -155.918396 11.681999 253.979507 -0.683118 0.683118 -0.258263 0.353400 0.467800
0 -135.681580 11.681999 253.979507 0.683118 0.683118 -0.258263 0.679500 0.467800
0 -145.799988 1.563599 200.452301 0.000000 0.000000 -1.000000 0.525500 0.332000
tile_02.jpg
0 -135.681580 11.681999 253.979507 0.683118 0.683118 -0.258263 0.679500 0.467800
0 -135.681580 -8.554802 253.979507 0.683118 -0.683118 -0.258263 0.679500 0.175400
0 -145.799988 1.563599 200.452301 0.000000 0.000000 -1.000000 0.525500 0.332000
tile_02.jpg
0 -135.681580 -8.554802 253.979507 0.683118 -0.683118 -0.258263 0.679500 0.175400
0 -155.918396 -8.554802 253.979507 -0.683118 -0.683118 -0.258263 0.353400 0.175400
0 -145.799988 1.563599 200.452301 0.000000 0.000000 -1.000000 0.525500 0.332000
tile_02.jpg
0 -85.417908 -8.554802 623.574219 0.000000 0.000000 1.000000 0.322700 0.125400
0 -65.181000 -8.554802 623.574219 0.000000 0.000000 1.000000 0.641800 0.125400
0 -65.181000 11.681999 623.574219 0.000000 0.000000 1.000000 0.641800 0.444600
tile_02.jpg
0 -65.181000 11.681999 623.574219 0.000000 0.000000 1.000000 0.641800 0.444600
0 -85.417786 11.681999 623.574219 0.000000 0.000000 1.000000 0.322700 0.444600
0 -85.417908 -8.554802 623.574219 0.000000 0.000000 1.000000 0.322700 0.125400
tile_02.jpg
0 -85.417908 -8.554802 253.979507 0.000000 -1.000000 0.000000 2.185400 0.017600
0 -65.181000 -8.554802 253.979507 0.000000 -1.000000 0.000000 2.186100 0.739100
0 -65.181000 -8.554802 623.574219 0.000000 -1.000000 0.000000 -1.240300 0.739100
tile_02.jpg
0 -65.181000 -8.554802 623.574219 0.000000 -1.000000 0.000000 -1.240300 0.739100
0 -85.417908 -8.554802 623.574219 0.000000 -1.000000 0.000000 -1.241400 0.017700
0 -85.417908 -8.554802 253.979507 0.000000 -1.000000 0.000000 2.185400 0.017600
tile_02.jpg
0 -65.181000 -8.554802 253.979507 1.000000 0.000000 0.000000 2.186100 0.739100
0 -65.181000 11.681999 253.979507 1.000000 0.000000 0.000000 2.185500 0.024400
0 -65.181000 11.681999 623.574219 1.000000 0.000000 0.000000 -1.241300 0.024500
tile_02.jpg
0 -65.181000 11.681999 623.574219 1.000000 0.000000 0.000000 -1.241300 0.024500
0 -65.181000 -8.554802 623.574219 1.000000 0.000000 0.000000 -1.240300 0.739100
0 -65.181000 -8.554802 253.979507 1.000000 0.000000 0.000000 2.186100 0.739100
tile_02.jpg
0 -65.181000 11.681999 253.979507 0.000000 1.000000 0.000000 2.185500 0.024400
0 -85.417908 11.681999 253.979507 0.000000 1.000000 0.000000 2.184700 0.739900
0 -85.417786 11.681999 623.574219 0.000000 1.000000 0.000000 -1.242400 0.739900
tile_02.jpg
0 -85.417786 11.681999 623.574219 0.000000 1.000000 0.000000 -1.242400 0.739900
0 -65.181000 11.681999 623.574219 0.000000 1.000000 0.000000 -1.241300 0.024500
0 -65.181000 11.681999 253.979507 0.000000 1.000000 0.000000 2.185500 0.024400
tile_02.jpg
0 -85.417908 11.681999 253.979507 -1.000000 0.000000 0.000000 2.184700 0.739900
0 -85.417908 -8.554802 253.979507 -1.000000 0.000000 0.000000 2.185400 0.017600
0 -85.417908 -8.554802 623.574219 -1.000000 0.000006 0.000000 -1.241400 0.017700
tile_02.jpg
0 -85.417908 -8.554802 623.574219 -1.000000 0.000006 0.000000 -1.241400 0.017700
0 -85.417786 11.681999 623.574219 -1.000000 0.000006 0.000000 -1.242400 0.739900
0 -85.417908 11.681999 253.979507 -1.000000 0.000000 0.000000 2.184700 0.739900
tile_02.jpg
0 -85.417908 -8.554802 253.979507 -0.683118 -0.683117 -0.258265 0.353400 0.175400
0 -85.417908 11.681999 253.979507 -0.683118 0.683117 -0.258265 0.353400 0.467800
0 -75.299408 1.563599 200.452301 0.000001 0.000000 -1.000000 0.525500 0.332000
tile_02.jpg
0 -85.417908 11.681999 253.979507 -0.683118 0.683117 -0.258265 0.353400 0.467800
0 -65.181000 11.681999 253.979507 0.683118 0.683118 -0.258263 0.679500 0.467800
0 -75.299408 1.563599 200.452301 0.000001 0.000000 -1.000000 0.525500 0.332000
tile_02.jpg
0 -65.181000 11.681999 253.979507 0.683118 0.683118 -0.258263 0.679500 0.467800
0 -65.181000 -8.554802 253.979507 0.683118 -0.683118 -0.258263 0.679500 0.175400
0 -75.299408 1.563599 200.452301 0.000001 0.000000 -1.000000 0.525500 0.332000
tile_02.jpg
0 -65.181000 -8.554802 253.979507 0.683118 -0.683118 -0.258263 0.679500 0.175400
0 -85.417908 -8.554802 253.979507 -0.683118 -0.683117 -0.258265 0.353400 0.175400
0 -75.299408 1.563599 200.452301 0.000001 0.000000 -1.000000 0.525500 0.332000
tile_02.jpg
0 -11.481110 -8.554802 623.574219 0.000000 0.000000 1.000000 0.322700 0.125400
0 8.755707 -8.554802 623.574219 0.000000 0.000000 1.000000 0.641800 0.125400
0 8.755707 11.681999 623.574219 0.000000 0.000000 1.000000 0.641800 0.444600
tile_02.jpg
0 8.755707 11.681999 623.574219 0.000000 0.000000 1.000000 0.641800 0.444600
0 -11.481110 11.681999 623.574219 0.000000 0.000000 1.000000 0.322700 0.444600
0 -11.481110 -8.554802 623.574219 0.000000 0.000000 1.000000 0.322700 0.125400
tile_02.jpg
0 -11.481110 -8.554802 253.979507 0.000000 -1.000000 0.000000 2.185400 0.017600
0 8.755707 -8.554802 253.979507 0.000000 -1.000000 0.000000 2.186100 0.739100
0 8.755707 -8.554802 623.574219 0.000000 -1.000000 0.000000 -1.240300 0.739100
tile_02.jpg
0 8.755707 -8.554802 623.574219 0.000000 -1.000000 0.000000 -1.240300 0.739100
0 -11.481110 -8.554802 623.574219 0.000000 -1.000000 0.000000 -1.241400 0.017700
0 -11.481110 -8.554802 253.979507 0.000000 -1.000000 0.000000 2.185400 0.017600
tile_02.jpg
0 8.755707 -8.554802 253.979507 1.000000 0.000000 0.000000 2.186100 0.739100
0 8.755707 11.681999 253.979507 1.000000 0.000000 0.000000 2.185500 0.024400
0 8.755707 11.681999 623.574219 1.000000 0.000000 0.000000 -1.241300 0.024500
tile_02.jpg
0 8.755707 11.681999 623.574219 1.000000 0.000000 0.000000 -1.241300 0.024500
0 8.755707 -8.554802 623.574219 1.000000 0.000000 0.000000 -1.240300 0.739100
0 8.755707 -8.554802 253.979507 1.000000 0.000000 0.000000 2.186100 0.739100
tile_02.jpg
0 8.755707 11.681999 253.979507 0.000000 1.000000 0.000000 2.185500 0.024400
0 -11.481110 11.681999 253.979507 0.000000 1.000000 0.000000 2.184700 0.739900
0 -11.481110 11.681999 623.574219 0.000000 1.000000 0.000000 -1.242400 0.739900
tile_02.jpg
0 -11.481110 11.681999 623.574219 0.000000 1.000000 0.000000 -1.242400 0.739900
0 8.755707 11.681999 623.574219 0.000000 1.000000 0.000000 -1.241300 0.024500
0 8.755707 11.681999 253.979507 0.000000 1.000000 0.000000 2.185500 0.024400
tile_02.jpg
0 -11.481110 11.681999 253.979507 -1.000000 0.000000 0.000000 2.184700 0.739900
0 -11.481110 -8.554802 253.979507 -1.000000 0.000000 0.000000 2.185400 0.017600
0 -11.481110 -8.554802 623.574219 -1.000000 0.000000 0.000000 -1.241400 0.017700
tile_02.jpg
0 -11.481110 -8.554802 623.574219 -1.000000 0.000000 0.000000 -1.241400 0.017700
0 -11.481110 11.681999 623.574219 -1.000000 0.000000 0.000000 -1.242400 0.739900
0 -11.481110 11.681999 253.979507 -1.000000 0.000000 0.000000 2.184700 0.739900
tile_02.jpg
0 -11.481110 -8.554802 253.979507 -0.683118 -0.683118 -0.258263 0.353400 0.175400
0 -11.481110 11.681999 253.979507 -0.683118 0.683118 -0.258263 0.353400 0.467800
0 -1.362701 1.563599 200.452301 0.000000 0.000000 -1.000000 0.525500 0.332000
tile_02.jpg
0 -11.481110 11.681999 253.979507 -0.683118 0.683118 -0.258263 0.353400 0.467800
0 8.755707 11.681999 253.979507 0.683118 0.683118 -0.258263 0.679500 0.467800
0 -1.362701 1.563599 200.452301 0.000000 0.000000 -1.000000 0.525500 0.332000
tile_02.jpg
0 8.755707 11.681999 253.979507 0.683118 0.683118 -0.258263 0.679500 0.467800
0 8.755707 -8.554802 253.979507 0.683118 -0.683118 -0.258263 0.679500 0.175400
0 -1.362701 1.563599 200.452301 0.000000 0.000000 -1.000000 0.525500 0.332000
tile_02.jpg
0 8.755707 -8.554802 253.979507 0.683118 -0.683118 -0.258263 0.679500 0.175400
0 -11.481110 -8.554802 253.979507 -0.683118 -0.683118 -0.258263 0.353400 0.175400
0 -1.362701 1.563599 200.452301 0.000000 0.000000 -1.000000 0.525500 0.332000
tile_02.jpg
0 61.130600 -8.554802 623.574219 0.000000 0.000000 1.000000 0.322700 0.125400
0 81.367401 -8.554802 623.574219 0.000000 0.000000 1.000000 0.641800 0.125400
0 81.367401 11.681999 623.574219 0.000000 0.000000 1.000000 0.641800 0.444600
tile_02.jpg
0 81.367401 11.681999 623.574219 0.000000 0.000000 1.000000 0.641800 0.444600
0 61.130493 11.681999 623.574219 0.000000 0.000000 1.000000 0.322700 0.444600
0 61.130600 -8.554802 623.574219 0.000000 0.000000 1.000000 0.322700 0.125400
tile_02.jpg
0 61.130493 -8.554802 253.979507 0.000000 -1.000000 0.000000 2.185400 0.017600
0 81.367401 -8.554802 253.979507 0.000000 -1.000000 0.000000 2.186100 0.739100
0 81.367401 -8.554802 623.574219 0.000000 -1.000000 0.000000 -1.240300 0.739100
tile_02.jpg
0 81.367401 -8.554802 623.574219 0.000000 -1.000000 0.000000 -1.240300 0.739100
0 61.130600 -8.554802 623.574219 0.000000 -1.000000 0.000000 -1.241400 0.017700
0 61.130493 -8.554802 253.979507 0.000000 -1.000000 0.000000 2.185400 0.017600
tile_02.jpg
0 81.367401 -8.554802 253.979507 1.000000 0.000000 0.000000 2.186100 0.739100
0 81.367401 11.681999 253.979507 1.000000 0.000000 0.000000 2.185500 0.024400
0 81.367401 11.681999 623.574219 1.000000 0.000000 0.000000 -1.241300 0.024500
tile_02.jpg
0 81.367401 11.681999 623.574219 1.000000 0.000000 0.000000 -1.241300 0.024500
0 81.367401 -8.554802 623.574219 1.000000 0.000000 0.000000 -1.240300 0.739100
0 81.367401 -8.554802 253.979507 1.000000 0.000000 0.000000 2.186100 0.739100
tile_02.jpg
0 81.367401 11.681999 253.979507 0.000000 1.000000 0.000000 2.185500 0.024400
0 61.130493 11.681999 253.979507 0.000000 1.000000 0.000000 2.184700 0.739900
0 61.130493 11.681999 623.574219 0.000000 1.000000 0.000000 -1.242400 0.739900
tile_02.jpg
0 61.130493 11.681999 623.574219 0.000000 1.000000 0.000000 -1.242400 0.739900
0 81.367401 11.681999 623.574219 0.000000 1.000000 0.000000 -1.241300 0.024500
0 81.367401 11.681999 253.979507 0.000000 1.000000 0.000000 2.185500 0.024400
tile_02.jpg
0 61.130493 11.681999 253.979507 -1.000000 0.000000 0.000000 2.184700 0.739900
0 61.130493 -8.554802 253.979507 -1.000000 0.000000 0.000000 2.185400 0.017600
0 61.130600 -8.554802 623.574219 -1.000000 -0.000005 0.000000 -1.241400 0.017700
tile_02.jpg
0 61.130600 -8.554802 623.574219 -1.000000 -0.000005 0.000000 -1.241400 0.017700
0 61.130493 11.681999 623.574219 -1.000000 -0.000005 0.000000 -1.242400 0.739900
0 61.130493 11.681999 253.979507 -1.000000 0.000000 0.000000 2.184700 0.739900
tile_02.jpg
0 61.130493 -8.554802 253.979507 -0.683118 -0.683118 -0.258263 0.353400 0.175400
0 61.130493 11.681999 253.979507 -0.683118 0.683118 -0.258263 0.353400 0.467800
0 71.248901 1.563599 200.452301 -0.000001 0.000000 -1.000000 0.525500 0.332000
tile_02.jpg
0 61.130493 11.681999 253.979507 -0.683118 0.683118 -0.258263 0.353400 0.467800
0 81.367401 11.681999 253.979507 0.683118 0.683117 -0.258265 0.679500 0.467800
0 71.248901 1.563599 200.452301 -0.000001 0.000000 -1.000000 0.525500 0.332000
tile_02.jpg
0 81.367401 11.681999 253.979507 0.683118 0.683117 -0.258265 0.679500 0.467800
0 81.367401 -8.554802 253.979507 0.683118 -0.683117 -0.258265 0.679500 0.175400
0 71.248901 1.563599 200.452301 -0.000001 0.000000 -1.000000 0.525500 0.332000
tile_02.jpg
0 81.367401 -8.554802 253.979507 0.683118 -0.683117 -0.258265 0.679500 0.175400
0 61.130493 -8.554802 253.979507 -0.683118 -0.683118 -0.258263 0.353400 0.175400
0 71.248901 1.563599 200.452301 -0.000001 0.000000 -1.000000 0.525500 0.332000
tile_02.jpg
0 134.148605 -8.554802 623.574219 0.000000 0.000000 1.000000 0.322700 0.125400
0 154.385406 -8.554802 623.574219 0.000000 0.000000 1.000000 0.641800 0.125400
0 154.385406 11.681999 623.574219 0.000000 0.000000 1.000000 0.641800 0.444600
tile_02.jpg
0 154.385406 11.681999 623.574219 0.000000 0.000000 1.000000 0.641800 0.444600
0 134.148605 11.681999 623.574219 0.000000 0.000000 1.000000 0.322700 0.444600
0 134.148605 -8.554802 623.574219 0.000000 0.000000 1.000000 0.322700 0.125400
tile_02.jpg
0 134.148605 -8.554802 253.979507 0.000000 -1.000000 0.000000 2.185400 0.017600
0 154.385406 -8.554802 253.979507 0.000000 -1.000000 0.000000 2.186100 0.739100
0 154.385406 -8.554802 623.574219 0.000000 -1.000000 0.000000 -1.240300 0.739100
tile_02.jpg
0 154.385406 -8.554802 623.574219 0.000000 -1.000000 0.000000 -1.240300 0.739100
0 134.148605 -8.554802 623.574219 0.000000 -1.000000 0.000000 -1.241400 0.017700
0 134.148605 -8.554802 253.979507 0.000000 -1.000000 0.000000 2.185400 0.017600
tile_02.jpg
0 154.385406 -8.554802 253.979507 1.000000 0.000000 0.000000 2.186100 0.739100
0 154.385406 11.681999 253.979507 1.000000 0.000000 0.000000 2.185500 0.024400
0 154.385406 11.681999 623.574219 1.000000 0.000000 0.000000 -1.241300 0.024500
tile_02.jpg
0 154.385406 11.681999 623.574219 1.000000 0.000000 0.000000 -1.241300 0.024500
0 154.385406 -8.554802 623.574219 1.000000 0.000000 0.000000 -1.240300 0.739100
0 154.385406 -8.554802 253.979507 1.000000 0.000000 0.000000 2.186100 0.739100
tile_02.jpg
0 154.385406 11.681999 253.979507 0.000000 1.000000 0.000000 2.185500 0.024400
0 134.148605 11.681999 253.979507 0.000000 1.000000 0.000000 2.184700 0.739900
0 134.148605 11.681999 623.574219 0.000000 1.000000 0.000000 -1.242400 0.739900
tile_02.jpg
0 134.148605 11.681999 623.574219 0.000000 1.000000 0.000000 -1.242400 0.739900
0 154.385406 11.681999 623.574219 0.000000 1.000000 0.000000 -1.241300 0.024500
0 154.385406 11.681999 253.979507 0.000000 1.000000 0.000000 2.185500 0.024400
tile_02.jpg
0 134.148605 11.681999 253.979507 -1.000000 0.000000 0.000000 2.184700 0.739900
0 134.148605 -8.554802 253.979507 -1.000000 0.000000 0.000000 2.185400 0.017600
0 134.148605 -8.554802 623.574219 -1.000000 0.000000 0.000000 -1.241400 0.017700
tile_02.jpg
0 134.148605 -8.554802 623.574219 -1.000000 0.000000 0.000000 -1.241400 0.017700
0 134.148605 11.681999 623.574219 -1.000000 0.000000 0.000000 -1.242400 0.739900
0 134.148605 11.681999 253.979507 -1.000000 0.000000 0.000000 2.184700 0.739900
tile_02.jpg
0 134.148605 -8.554802 253.979507 -0.683118 -0.683118 -0.258263 0.353400 0.175400
0 134.148605 11.681999 253.979507 -0.683118 0.683118 -0.258263 0.353400 0.467800
0 144.266998 1.563599 200.452301 -0.000001 0.000000 -1.000000 0.525500 0.332000
tile_02.jpg
0 134.148605 11.681999 253.979507 -0.683118 0.683118 -0.258263 0.353400 0.467800
0 154.385406 11.681999 253.979507 0.683118 0.683118 -0.258263 0.679500 0.467800
0 144.266998 1.563599 200.452301 -0.000001 0.000000 -1.000000 0.525500 0.332000
tile_02.jpg
0 154.385406 11.681999 253.979507 0.683118 0.683118 -0.258263 0.679500 0.467800
0 154.385406 -8.554802 253.979507 0.683118 -0.683118 -0.258263 0.679500 0.175400
0 144.266998 1.563599 200.452301 -0.000001 0.000000 -1.000000 0.525500 0.332000
tile_02.jpg
0 154.385406 -8.554802 253.979507 0.683118 -0.683118 -0.258263 0.679500 0.175400
0 134.148605 -8.554802 253.979507 -0.683118 -0.683118 -0.258263 0.353400 0.175400
0 144.266998 1.563599 200.452301 -0.000001 0.000000 -1.000000 0.525500 0.332000
tile_02.jpg
0 253.064697 -12.096298 393.473907 0.000000 -1.000000 0.000000 4.687000 0.017600
0 253.064697 -12.096298 413.710785 0.000000 -1.000000 0.000000 4.688700 0.739100
0 -252.044617 -12.096199 413.710785 0.000000 -1.000000 0.000000 -3.740200 0.739100
tile_02.jpg
0 -252.044617 -12.096199 413.710785 0.000000 -1.000000 0.000000 -3.740200 0.739100
0 -252.044617 -12.096199 393.473999 0.000000 -1.000000 0.000000 -3.743000 0.017700
0 253.064697 -12.096298 393.473907 0.000000 -1.000000 0.000000 4.687000 0.017600
tile_02.jpg
0 253.064697 -12.096298 413.710785 0.000000 0.000000 1.000000 4.688700 0.739100
0 253.064697 15.223503 413.710785 0.000000 0.000000 1.000000 4.687000 0.024400
0 -252.044617 15.223503 413.710785 0.000000 0.000000 1.000000 -3.742900 0.024500
tile_02.jpg
0 -252.044617 15.223503 413.710785 0.000000 0.000000 1.000000 -3.742900 0.024500
0 -252.044617 -12.096199 413.710785 0.000000 0.000000 1.000000 -3.740200 0.739100
0 253.064697 -12.096298 413.710785 0.000000 0.000000 1.000000 4.688700 0.739100
tile_02.jpg
0 253.064697 15.223503 413.710785 0.000000 1.000000 0.000000 4.687000 0.024400
0 253.064697 15.223503 393.473999 0.000000 1.000000 0.000000 4.685300 0.739900
0 -252.044617 15.223503 393.473999 0.000000 1.000000 0.000000 -3.745600 0.739900
tile_02.jpg
0 -252.044617 15.223503 393.473999 0.000000 1.000000 0.000000 -3.745600 0.739900
0 -252.044617 15.223503 413.710785 0.000000 1.000000 0.000000 -3.742900 0.024500
0 253.064697 15.223503 413.710785 0.000000 1.000000 0.000000 4.687000 0.024400
bridge_01.jpg
0 -149.353088 -43.989700 283.195587 0.000000 -0.952607 -0.304205 0.131700 0.017500
0 -143.171906 -44.049500 284.748505 0.651165 -0.733430 -0.195102 0.155500 0.026500
0 -142.578979 -44.915192 289.980896 0.694335 -0.718978 0.031126 0.157800 0.056900
bridge_01.jpg
0 -142.578979 -44.915192 289.980896 0.694335 -0.718978 0.031126 0.157800 0.056900
0 -149.353088 -47.005798 289.320496 -0.000051 -0.592691 0.805430 0.131700 0.053100
0 -149.353088 -43.989700 283.195587 0.000000 -0.952607 -0.304205 0.131700 0.017500
bridge_01.jpg
0 -149.353088 -47.423309 296.817413 0.000000 -0.973536 0.228534 0.131700 0.096600
0 -142.578979 -46.117493 296.764008 0.694520 -0.696124 0.181806 0.157800 0.096300
0 -143.171906 -45.076797 303.014587 0.635378 -0.654171 0.410311 0.155500 0.132500
bridge_01.jpg
0 -143.171906 -45.076797 303.014587 0.635378 -0.654171 0.410311 0.155500 0.132500
0 -149.353088 -45.076797 305.047302 -0.000012 -0.605012 0.796217 0.131700 0.144300
0 -149.353088 -47.423309 296.817413 0.000000 -0.973536 0.228534 0.131700 0.096600
bridge_01.jpg
0 -130.107788 -13.288498 293.170990 0.701194 -0.626297 -0.340705 0.205800 0.075400
0 -117.091095 -13.288498 293.210693 0.344489 -0.924655 -0.162295 0.256000 0.075600
0 -132.256714 -20.439896 301.896210 0.764201 -0.642611 0.055203 0.197500 0.126000
bridge_01.jpg
0 -132.256714 -20.439896 301.896210 0.764201 -0.642611 0.055203 0.197500 0.126000
0 -131.383484 -25.183807 293.182404 0.859101 -0.511796 -0.003169 0.200900 0.075500
0 -130.107788 -13.288498 293.170990 0.701194 -0.626297 -0.340705 0.205800 0.075400
bridge_01.jpg
0 -117.091095 -13.288498 293.210693 0.344489 -0.924655 -0.162295 0.256000 0.075600
0 -122.890594 -13.288498 321.308014 0.317990 -0.866947 0.383777 0.233600 0.238700
0 -134.926880 -20.439896 315.424194 0.432514 -0.736915 0.519507 0.187200 0.204600
bridge_01.jpg
0 -134.926880 -20.439896 315.424194 0.432514 -0.736915 0.519507 0.187200 0.204600
0 -132.256714 -20.439896 301.896210 0.764201 -0.642611 0.055203 0.197500 0.126000
0 -117.091095 -13.288498 293.210693 0.344489 -0.924655 -0.162295 0.256000 0.075600
bridge_01.jpg
0 -131.383484 -25.183807 293.182404 0.859101 -0.511796 -0.003169 0.200900 0.075500
0 -132.256714 -20.439896 301.896210 0.764201 -0.642611 0.055203 0.197500 0.126000
0 -137.821503 -31.754501 293.426697 0.765160 -0.580804 0.277843 0.176100 0.076900
bridge_01.jpg
0 -137.821503 -31.754501 293.426697 0.765160 -0.580804 0.277843 0.176100 0.076900
0 -139.119019 -25.051498 285.296600 0.833833 -0.387068 -0.393573 0.171100 0.029700
0 -131.383484 -25.183807 293.182404 0.859101 -0.511796 -0.003169 0.200900 0.075500
bridge_01.jpg
0 -132.256714 -20.439896 301.896210 0.764201 -0.642611 0.055203 0.197500 0.126000
0 -134.926880 -20.439896 315.424194 0.432514 -0.736915 0.519507 0.187200 0.204600
0 -139.119080 -30.722504 314.157013 0.547416 -0.610385 0.572508 0.171100 0.197200
bridge_01.jpg
0 -139.119080 -30.722504 314.157013 0.547416 -0.610385 0.572508 0.171100 0.197200
0 -137.821503 -31.754501 293.426697 0.765160 -0.580804 0.277843 0.176100 0.076900
0 -132.256714 -20.439896 301.896210 0.764201 -0.642611 0.055203 0.197500 0.126000
bridge_01.jpg
0 -122.890594 -13.288498 321.308014 0.317990 -0.866947 0.383777 0.233600 0.238700
0 -149.353088 -13.288498 333.738403 0.000000 -0.863102 0.505030 0.131700 0.310800
0 -149.353088 -20.439896 321.516602 0.000000 -0.802377 0.596817 0.131700 0.239900
bridge_01.jpg
0 -149.353088 -20.439896 321.516602 0.000000 -0.802377 0.596817 0.131700 0.239900
0 -134.926880 -20.439896 315.424194 0.432514 -0.736915 0.519507 0.187200 0.204600
0 -122.890594 -13.288498 321.308014 0.317990 -0.866947 0.383777 0.233600 0.238700
bridge_01.jpg
0 -134.926880 -20.439896 315.424194 0.432514 -0.736915 0.519507 0.187200 0.204600
0 -149.353088 -20.439896 321.516602 0.000000 -0.802377 0.596817 0.131700 0.239900
0 -149.353088 -30.722504 311.828888 0.000001 -0.425684 0.904872 0.131700 0.183700
bridge_01.jpg
0 -149.353088 -30.722504 311.828888 0.000001 -0.425684 0.904872 0.131700 0.183700
0 -139.119080 -30.722504 314.157013 0.547416 -0.610385 0.572508 0.171100 0.197200
0 -134.926880 -20.439896 315.424194 0.432514 -0.736915 0.519507 0.187200 0.204600
bridge_01.jpg
0 -137.821503 -31.754501 293.426697 0.765160 -0.580804 0.277843 0.176100 0.076900
0 -139.119080 -30.722504 314.157013 0.547416 -0.610385 0.572508 0.171100 0.197200
0 -142.045502 -36.472900 305.543915 0.706080 -0.481145 0.519568 0.159800 0.147200
bridge_01.jpg
0 -142.045502 -36.472900 305.543915 0.706080 -0.481145 0.519568 0.159800 0.147200
0 -141.339996 -40.003296 296.751801 0.960772 -0.228001 0.157901 0.162500 0.096200
0 -137.821503 -31.754501 293.426697 0.765160 -0.580804 0.277843 0.176100 0.076900
bridge_01.jpg
0 -139.119080 -30.722504 314.157013 0.547416 -0.610385 0.572508 0.171100 0.197200
0 -149.353088 -30.722504 311.828888 0.000001 -0.425684 0.904872 0.131700 0.183700
0 -149.353088 -38.056900 307.506012 -0.000003 -0.600090 0.799932 0.131700 0.158600
bridge_01.jpg
0 -149.353088 -38.056900 307.506012 -0.000003 -0.600090 0.799932 0.131700 0.158600
0 -142.045502 -36.472900 305.543915 0.706080 -0.481145 0.519568 0.159800 0.147200
0 -139.119080 -30.722504 314.157013 0.547416 -0.610385 0.572508 0.171100 0.197200
bridge_01.jpg
0 -141.339996 -40.003296 296.751801 0.960772 -0.228001 0.157901 0.162500 0.096200
0 -142.045502 -36.472900 305.543915 0.706080 -0.481145 0.519568 0.159800 0.147200
0 -143.171906 -45.076797 303.014587 0.635378 -0.654171 0.410311 0.155500 0.132500
bridge_01.jpg
0 -143.171906 -45.076797 303.014587 0.635378 -0.654171 0.410311 0.155500 0.132500
0 -142.578979 -46.117493 296.764008 0.694520 -0.696124 0.181806 0.157800 0.096300
0 -141.339996 -40.003296 296.751801 0.960772 -0.228001 0.157901 0.162500 0.096200
bridge_01.jpg
0 -142.045502 -36.472900 305.543915 0.706080 -0.481145 0.519568 0.159800 0.147200
0 -149.353088 -38.056900 307.506012 -0.000003 -0.600090 0.799932 0.131700 0.158600
0 -149.353088 -45.076797 305.047302 -0.000012 -0.605012 0.796217 0.131700 0.144300
bridge_01.jpg
0 -149.353088 -45.076797 305.047302 -0.000012 -0.605012 0.796217 0.131700 0.144300
0 -143.171906 -45.076797 303.014587 0.635378 -0.654171 0.410311 0.155500 0.132500
0 -142.045502 -36.472900 305.543915 0.706080 -0.481145 0.519568 0.159800 0.147200
bridge_01.jpg
0 -139.119019 -25.051498 285.296600 0.833833 -0.387068 -0.393573 0.171100 0.029700
0 -137.821503 -31.754501 293.426697 0.765160 -0.580804 0.277843 0.176100 0.076900
0 -141.339996 -38.760193 291.035004 0.714049 -0.350404 0.606095 0.162500 0.063000
bridge_01.jpg
0 -141.339996 -38.760193 291.035004 0.714049 -0.350404 0.606095 0.162500 0.063000
0 -142.045502 -37.801300 285.809906 0.970575 -0.182916 -0.156605 0.159800 0.032700
0 -139.119019 -25.051498 285.296600 0.833833 -0.387068 -0.393573 0.171100 0.029700
bridge_01.jpg
0 -137.821503 -31.754501 293.426697 0.765160 -0.580804 0.277843 0.176100 0.076900
0 -149.353088 -31.754501 293.224396 -0.000006 -0.373824 0.927500 0.131700 0.075700
0 -149.353088 -38.760193 290.400787 0.000001 -0.265707 0.964054 0.131700 0.059300
bridge_01.jpg
0 -149.353088 -38.760193 290.400787 0.000001 -0.265707 0.964054 0.131700 0.059300
0 -141.339996 -38.760193 291.035004 0.714049 -0.350404 0.606095 0.162500 0.063000
0 -137.821503 -31.754501 293.426697 0.765160 -0.580804 0.277843 0.176100 0.076900
bridge_01.jpg
0 -142.045502 -37.801300 285.809906 0.970575 -0.182916 -0.156605 0.159800 0.032700
0 -141.339996 -38.760193 291.035004 0.714049 -0.350404 0.606095 0.162500 0.063000
0 -142.578979 -44.915192 289.980896 0.694335 -0.718978 0.031126 0.157800 0.056900
bridge_01.jpg
0 -142.578979 -44.915192 289.980896 0.694335 -0.718978 0.031126 0.157800 0.056900
0 -143.171906 -44.049500 284.748505 0.651165 -0.733430 -0.195102 0.155500 0.026500
0 -142.045502 -37.801300 285.809906 0.970575 -0.182916 -0.156605 0.159800 0.032700
bridge_01.jpg
0 -141.339996 -38.760193 291.035004 0.714049 -0.350404 0.606095 0.162500 0.063000
0 -149.353088 -38.760193 290.400787 0.000001 -0.265707 0.964054 0.131700 0.059300
0 -149.353088 -47.005798 289.320496 -0.000051 -0.592691 0.805430 0.131700 0.053100
bridge_01.jpg
0 -149.353088 -47.005798 289.320496 -0.000051 -0.592691 0.805430 0.131700 0.053100
0 -142.578979 -44.915192 289.980896 0.694335 -0.718978 0.031126 0.157800 0.056900
0 -141.339996 -38.760193 291.035004 0.714049 -0.350404 0.606095 0.162500 0.063000
bridge_01.jpg
0 -149.353088 -43.989700 283.195587 0.000000 -0.952607 -0.304205 0.131700 0.017500
0 -156.127106 -44.915192 289.980896 -0.694356 -0.718958 0.031128 0.105600 0.056900
0 -155.534180 -44.049500 284.748505 -0.651164 -0.733432 -0.195099 0.107900 0.026500
bridge_01.jpg
0 -156.127106 -44.915192 289.980896 -0.694356 -0.718958 0.031128 0.105600 0.056900
0 -149.353088 -43.989700 283.195587 0.000000 -0.952607 -0.304205 0.131700 0.017500
0 -149.353088 -47.005798 289.320496 -0.000051 -0.592691 0.805430 0.131700 0.053100
bridge_01.jpg
0 -149.353088 -47.423309 296.817413 0.000000 -0.973536 0.228534 0.131700 0.096600
0 -155.534180 -45.076797 303.014587 -0.635375 -0.654174 0.410311 0.107900 0.132500
0 -156.127106 -46.117493 296.764008 -0.694521 -0.696123 0.181806 0.105600 0.096300
bridge_01.jpg
0 -155.534180 -45.076797 303.014587 -0.635375 -0.654174 0.410311 0.107900 0.132500
0 -149.353088 -47.423309 296.817413 0.000000 -0.973536 0.228534 0.131700 0.096600
0 -149.353088 -45.076797 305.047302 -0.000012 -0.605012 0.796217 0.131700 0.144300
bridge_01.jpg
0 -168.598297 -13.288498 293.170990 -0.701186 -0.626327 -0.340665 0.057500 0.075400
0 -166.449493 -20.439896 301.896210 -0.764201 -0.642611 0.055203 0.065800 0.126000
0 -181.614990 -13.288498 293.210693 -0.344483 -0.924658 -0.162292 0.007400 0.075600
bridge_01.jpg
0 -166.449493 -20.439896 301.896210 -0.764201 -0.642611 0.055203 0.065800 0.126000
0 -168.598297 -13.288498 293.170990 -0.701186 -0.626327 -0.340665 0.057500 0.075400
0 -167.322693 -25.183807 293.182404 -0.859095 -0.511807 -0.003176 0.062500 0.075500
bridge_01.jpg
0 -181.614990 -13.288498 293.210693 -0.344483 -0.924658 -0.162292 0.007400 0.075600
0 -163.779297 -20.439896 315.424103 -0.432516 -0.736916 0.519505 0.076100 0.204600
0 -175.815491 -13.288498 321.308014 -0.317999 -0.866942 0.383782 0.029700 0.238700
bridge_01.jpg
0 -163.779297 -20.439896 315.424103 -0.432516 -0.736916 0.519505 0.076100 0.204600
0 -181.614990 -13.288498 293.210693 -0.344483 -0.924658 -0.162292 0.007400 0.075600
0 -166.449493 -20.439896 301.896210 -0.764201 -0.642611 0.055203 0.065800 0.126000
bridge_01.jpg
0 -167.322693 -25.183807 293.182404 -0.859095 -0.511807 -0.003176 0.062500 0.075500
0 -160.884583 -31.754501 293.426605 -0.765167 -0.580793 0.277846 0.087300 0.076900
0 -166.449493 -20.439896 301.896210 -0.764201 -0.642611 0.055203 0.065800 0.126000
bridge_01.jpg
0 -160.884583 -31.754501 293.426605 -0.765167 -0.580793 0.277846 0.087300 0.076900
0 -167.322693 -25.183807 293.182404 -0.859095 -0.511807 -0.003176 0.062500 0.075500
0 -159.587097 -25.051498 285.296600 -0.833831 -0.387078 -0.393569 0.092300 0.029700
bridge_01.jpg
0 -166.449493 -20.439896 301.896210 -0.764201 -0.642611 0.055203 0.065800 0.126000
0 -159.587097 -30.722504 314.157013 -0.547395 -0.610405 0.572507 0.092300 0.197200
0 -163.779297 -20.439896 315.424103 -0.432516 -0.736916 0.519505 0.076100 0.204600
bridge_01.jpg
0 -159.587097 -30.722504 314.157013 -0.547395 -0.610405 0.572507 0.092300 0.197200
0 -166.449493 -20.439896 301.896210 -0.764201 -0.642611 0.055203 0.065800 0.126000
0 -160.884583 -31.754501 293.426605 -0.765167 -0.580793 0.277846 0.087300 0.076900
bridge_01.jpg
0 -175.815491 -13.288498 321.308014 -0.317999 -0.866942 0.383782 0.029700 0.238700
0 -149.353088 -20.439896 321.516602 0.000000 -0.802377 0.596817 0.131700 0.239900
0 -149.353088 -13.288498 333.738403 0.000000 -0.863102 0.505030 0.131700 0.310800
bridge_01.jpg
0 -149.353088 -20.439896 321.516602 0.000000 -0.802377 0.596817 0.131700 0.239900
0 -175.815491 -13.288498 321.308014 -0.317999 -0.866942 0.383782 0.029700 0.238700
0 -163.779297 -20.439896 315.424103 -0.432516 -0.736916 0.519505 0.076100 0.204600
bridge_01.jpg
0 -163.779297 -20.439896 315.424103 -0.432516 -0.736916 0.519505 0.076100 0.204600
0 -149.353088 -30.722504 311.828888 0.000001 -0.425684 0.904872 0.131700 0.183700
0 -149.353088 -20.439896 321.516602 0.000000 -0.802377 0.596817 0.131700 0.239900
bridge_01.jpg
0 -149.353088 -30.722504 311.828888 0.000001 -0.425684 0.904872 0.131700 0.183700
0 -163.779297 -20.439896 315.424103 -0.432516 -0.736916 0.519505 0.076100 0.204600
0 -159.587097 -30.722504 314.157013 -0.547395 -0.610405 0.572507 0.092300 0.197200
bridge_01.jpg
0 -160.884583 -31.754501 293.426605 -0.765167 -0.580793 0.277846 0.087300 0.076900
0 -156.660583 -36.472809 305.543915 -0.706070 -0.481161 0.519566 0.103500 0.147200
0 -159.587097 -30.722504 314.157013 -0.547395 -0.610405 0.572507 0.092300 0.197200
bridge_01.jpg
0 -156.660583 -36.472809 305.543915 -0.706070 -0.481161 0.519566 0.103500 0.147200
0 -160.884583 -31.754501 293.426605 -0.765167 -0.580793 0.277846 0.087300 0.076900
0 -157.366089 -40.003296 296.751801 -0.960772 -0.228000 0.157900 0.100800 0.096200
bridge_01.jpg
0 -159.587097 -30.722504 314.157013 -0.547395 -0.610405 0.572507 0.092300 0.197200
0 -149.353088 -38.056900 307.506012 -0.000003 -0.600090 0.799932 0.131700 0.158600
0 -149.353088 -30.722504 311.828888 0.000001 -0.425684 0.904872 0.131700 0.183700
bridge_01.jpg
0 -149.353088 -38.056900 307.506012 -0.000003 -0.600090 0.799932 0.131700 0.158600
0 -159.587097 -30.722504 314.157013 -0.547395 -0.610405 0.572507 0.092300 0.197200
0 -156.660583 -36.472809 305.543915 -0.706070 -0.481161 0.519566 0.103500 0.147200
bridge_01.jpg
0 -157.366089 -40.003296 296.751801 -0.960772 -0.228000 0.157900 0.100800 0.096200
0 -155.534180 -45.076797 303.014587 -0.635375 -0.654174 0.410311 0.107900 0.132500
0 -156.660583 -36.472809 305.543915 -0.706070 -0.481161 0.519566 0.103500 0.147200
bridge_01.jpg
0 -155.534180 -45.076797 303.014587 -0.635375 -0.654174 0.410311 0.107900 0.132500
0 -157.366089 -40.003296 296.751801 -0.960772 -0.228000 0.157900 0.100800 0.096200
0 -156.127106 -46.117493 296.764008 -0.694521 -0.696123 0.181806 0.105600 0.096300
bridge_01.jpg
0 -156.660583 -36.472809 305.543915 -0.706070 -0.481161 0.519566 0.103500 0.147200
0 -149.353088 -45.076797 305.047302 -0.000012 -0.605012 0.796217 0.131700 0.144300
0 -149.353088 -38.056900 307.506012 -0.000003 -0.600090 0.799932 0.131700 0.158600
bridge_01.jpg
0 -149.353088 -45.076797 305.047302 -0.000012 -0.605012 0.796217 0.131700 0.144300
0 -156.660583 -36.472809 305.543915 -0.706070 -0.481161 0.519566 0.103500 0.147200
0 -155.534180 -45.076797 303.014587 -0.635375 -0.654174 0.410311 0.107900 0.132500
bridge_01.jpg
0 -159.587097 -25.051498 285.296600 -0.833831 -0.387078 -0.393569 0.092300 0.029700
0 -157.366211 -38.760193 291.035004 -0.714051 -0.350404 0.606093 0.100800 0.063000
0 -160.884583 -31.754501 293.426605 -0.765167 -0.580793 0.277846 0.087300 0.076900
bridge_01.jpg
0 -157.366211 -38.760193 291.035004 -0.714051 -0.350404 0.606093 0.100800 0.063000
0 -159.587097 -25.051498 285.296600 -0.833831 -0.387078 -0.393569 0.092300 0.029700
0 -156.660583 -37.801300 285.809906 -0.970583 -0.182884 -0.156593 0.103500 0.032700
bridge_01.jpg
0 -160.884583 -31.754501 293.426605 -0.765167 -0.580793 0.277846 0.087300 0.076900
0 -149.353088 -38.760193 290.400787 0.000001 -0.265707 0.964054 0.131700 0.059300
0 -149.353088 -31.754501 293.224396 -0.000006 -0.373824 0.927500 0.131700 0.075700
bridge_01.jpg
0 -149.353088 -38.760193 290.400787 0.000001 -0.265707 0.964054 0.131700 0.059300
0 -160.884583 -31.754501 293.426605 -0.765167 -0.580793 0.277846 0.087300 0.076900
0 -157.366211 -38.760193 291.035004 -0.714051 -0.350404 0.606093 0.100800 0.063000
bridge_01.jpg
0 -156.660583 -37.801300 285.809906 -0.970583 -0.182884 -0.156593 0.103500 0.032700
0 -156.127106 -44.915192 289.980896 -0.694356 -0.718958 0.031128 0.105600 0.056900
0 -157.366211 -38.760193 291.035004 -0.714051 -0.350404 0.606093 0.100800 0.063000
bridge_01.jpg
0 -156.127106 -44.915192 289.980896 -0.694356 -0.718958 0.031128 0.105600 0.056900
0 -156.660583 -37.801300 285.809906 -0.970583 -0.182884 -0.156593 0.103500 0.032700
0 -155.534180 -44.049500 284.748505 -0.651164 -0.733432 -0.195099 0.107900 0.026500
bridge_01.jpg
0 -157.366211 -38.760193 291.035004 -0.714051 -0.350404 0.606093 0.100800 0.063000
0 -149.353088 -47.005798 289.320496 -0.000051 -0.592691 0.805430 0.131700 0.053100
0 -149.353088 -38.760193 290.400787 0.000001 -0.265707 0.964054 0.131700 0.059300
bridge_01.jpg
0 -149.353088 -47.005798 289.320496 -0.000051 -0.592691 0.805430 0.131700 0.053100
0 -157.366211 -38.760193 291.035004 -0.714051 -0.350404 0.606093 0.100800 0.063000
0 -156.127106 -44.915192 289.980896 -0.694356 -0.718958 0.031128 0.105600 0.056900
bridge_01.jpg
0 122.272797 -43.989700 283.195587 0.000001 -0.952609 -0.304197 0.131700 0.017500
0 128.453903 -44.049500 284.748505 0.651205 -0.733396 -0.195096 0.155500 0.026500
0 129.046799 -44.915192 289.980896 0.694328 -0.718985 0.031131 0.157800 0.056900
bridge_01.jpg
0 129.046799 -44.915192 289.980896 0.694328 -0.718985 0.031131 0.157800 0.056900
0 122.272797 -47.005707 289.320496 -0.000050 -0.592686 0.805434 0.131700 0.053100
0 122.272797 -43.989700 283.195587 0.000001 -0.952609 -0.304197 0.131700 0.017500
bridge_01.jpg
0 122.272797 -47.423309 296.817413 -0.000001 -0.973573 0.228378 0.131700 0.096600
0 129.046799 -46.117493 296.764099 0.694515 -0.696128 0.181808 0.157800 0.096300
0 128.453903 -45.076797 303.014709 0.635372 -0.654171 0.410319 0.155500 0.132500
bridge_01.jpg
0 128.453903 -45.076797 303.014709 0.635372 -0.654171 0.410319 0.155500 0.132500
0 122.272797 -45.076797 305.047302 -0.000009 -0.605011 0.796217 0.131700 0.144300
0 122.272797 -47.423309 296.817413 -0.000001 -0.973573 0.228378 0.131700 0.096600
bridge_01.jpg
0 141.518005 -13.288498 293.170990 0.701195 -0.626294 -0.340708 0.205800 0.075400
0 154.534698 -13.288498 293.210693 0.344490 -0.924655 -0.162296 0.256000 0.075600
0 139.369202 -20.439896 301.896210 0.764202 -0.642610 0.055202 0.197500 0.126000
bridge_01.jpg
0 139.369202 -20.439896 301.896210 0.764202 -0.642610 0.055202 0.197500 0.126000
0 140.242401 -25.183807 293.182495 0.859102 -0.511794 -0.003170 0.200900 0.075500
0 141.518005 -13.288498 293.170990 0.701195 -0.626294 -0.340708 0.205800 0.075400
bridge_01.jpg
0 154.534698 -13.288498 293.210693 0.344490 -0.924655 -0.162296 0.256000 0.075600
0 148.735199 -13.288498 321.308014 0.317992 -0.866946 0.383779 0.233600 0.238700
0 136.699005 -20.439896 315.424194 0.432515 -0.736914 0.519508 0.187200 0.204600
bridge_01.jpg
0 136.699005 -20.439896 315.424194 0.432515 -0.736914 0.519508 0.187200 0.204600
0 139.369202 -20.439896 301.896210 0.764202 -0.642610 0.055202 0.197500 0.126000
0 154.534698 -13.288498 293.210693 0.344490 -0.924655 -0.162296 0.256000 0.075600
bridge_01.jpg
0 140.242401 -25.183807 293.182495 0.859102 -0.511794 -0.003170 0.200900 0.075500
0 139.369202 -20.439896 301.896210 0.764202 -0.642610 0.055202 0.197500 0.126000
0 133.804398 -31.754501 293.426697 0.765161 -0.580805 0.277840 0.176100 0.076900
bridge_01.jpg
0 133.804398 -31.754501 293.426697 0.765161 -0.580805 0.277840 0.176100 0.076900
0 132.506805 -25.051498 285.296600 0.833834 -0.387063 -0.393578 0.171100 0.029700
0 140.242401 -25.183807 293.182495 0.859102 -0.511794 -0.003170 0.200900 0.075500
bridge_01.jpg
0 139.369202 -20.439896 301.896210 0.764202 -0.642610 0.055202 0.197500 0.126000
0 136.699005 -20.439896 315.424194 0.432515 -0.736914 0.519508 0.187200 0.204600
0 132.506805 -30.722504 314.157013 0.547415 -0.610387 0.572508 0.171100 0.197200
bridge_01.jpg
0 132.506805 -30.722504 314.157013 0.547415 -0.610387 0.572508 0.171100 0.197200
0 133.804398 -31.754501 293.426697 0.765161 -0.580805 0.277840 0.176100 0.076900
0 139.369202 -20.439896 301.896210 0.764202 -0.642610 0.055202 0.197500 0.126000
bridge_01.jpg
0 148.735199 -13.288498 321.308014 0.317992 -0.866946 0.383779 0.233600 0.238700
0 122.272797 -13.288498 333.738403 0.000000 -0.863102 0.505030 0.131700 0.310800
0 122.272797 -20.439896 321.516602 0.000000 -0.802377 0.596818 0.131700 0.239900
bridge_01.jpg
0 122.272797 -20.439896 321.516602 0.000000 -0.802377 0.596818 0.131700 0.239900
0 136.699005 -20.439896 315.424194 0.432515 -0.736914 0.519508 0.187200 0.204600
0 148.735199 -13.288498 321.308014 0.317992 -0.866946 0.383779 0.233600 0.238700
bridge_01.jpg
0 136.699005 -20.439896 315.424194 0.432515 -0.736914 0.519508 0.187200 0.204600
0 122.272797 -20.439896 321.516602 0.000000 -0.802377 0.596818 0.131700 0.239900
0 122.272797 -30.722504 311.828888 0.000001 -0.425684 0.904872 0.131700 0.183700
bridge_01.jpg
0 122.272797 -30.722504 311.828888 0.000001 -0.425684 0.904872 0.131700 0.183700
0 132.506805 -30.722504 314.157013 0.547415 -0.610387 0.572508 0.171100 0.197200
0 136.699005 -20.439896 315.424194 0.432515 -0.736914 0.519508 0.187200 0.204600
bridge_01.jpg
0 133.804398 -31.754501 293.426697 0.765161 -0.580805 0.277840 0.176100 0.076900
0 132.506805 -30.722504 314.157013 0.547415 -0.610387 0.572508 0.171100 0.197200
0 129.580399 -36.472809 305.543915 0.706063 -0.481164 0.519574 0.159800 0.147200
bridge_01.jpg
0 129.580399 -36.472809 305.543915 0.706063 -0.481164 0.519574 0.159800 0.147200
0 130.285904 -40.003296 296.751801 0.960770 -0.228006 0.157904 0.162500 0.096200
0 133.804398 -31.754501 293.426697 0.765161 -0.580805 0.277840 0.176100 0.076900
bridge_01.jpg
0 132.506805 -30.722504 314.157013 0.547415 -0.610387 0.572508 0.171100 0.197200
0 122.272797 -30.722504 311.828888 0.000001 -0.425684 0.904872 0.131700 0.183700
0 122.272797 -38.056900 307.506012 0.000002 -0.600090 0.799932 0.131700 0.158600
bridge_01.jpg
0 122.272797 -38.056900 307.506012 0.000002 -0.600090 0.799932 0.131700 0.158600
0 129.580399 -36.472809 305.543915 0.706063 -0.481164 0.519574 0.159800 0.147200
0 132.506805 -30.722504 314.157013 0.547415 -0.610387 0.572508 0.171100 0.197200
bridge_01.jpg
0 130.285904 -40.003296 296.751801 0.960770 -0.228006 0.157904 0.162500 0.096200
0 129.580399 -36.472809 305.543915 0.706063 -0.481164 0.519574 0.159800 0.147200
0 128.453903 -45.076797 303.014709 0.635372 -0.654171 0.410319 0.155500 0.132500
bridge_01.jpg
0 128.453903 -45.076797 303.014709 0.635372 -0.654171 0.410319 0.155500 0.132500
0 129.046799 -46.117493 296.764099 0.694515 -0.696128 0.181808 0.157800 0.096300
0 130.285904 -40.003296 296.751801 0.960770 -0.228006 0.157904 0.162500 0.096200
bridge_01.jpg
0 129.580399 -36.472809 305.543915 0.706063 -0.481164 0.519574 0.159800 0.147200
0 122.272797 -38.056900 307.506012 0.000002 -0.600090 0.799932 0.131700 0.158600
0 122.272797 -45.076797 305.047302 -0.000009 -0.605011 0.796217 0.131700 0.144300
bridge_01.jpg
0 122.272797 -45.076797 305.047302 -0.000009 -0.605011 0.796217 0.131700 0.144300
0 128.453903 -45.076797 303.014709 0.635372 -0.654171 0.410319 0.155500 0.132500
0 129.580399 -36.472809 305.543915 0.706063 -0.481164 0.519574 0.159800 0.147200
bridge_01.jpg
0 132.506805 -25.051498 285.296600 0.833834 -0.387063 -0.393578 0.171100 0.029700
0 133.804398 -31.754501 293.426697 0.765161 -0.580805 0.277840 0.176100 0.076900
0 130.285904 -38.760193 291.035004 0.714090 -0.350374 0.606064 0.162500 0.063000
bridge_01.jpg
0 130.285904 -38.760193 291.035004 0.714090 -0.350374 0.606064 0.162500 0.063000
0 129.580399 -37.801300 285.809998 0.970574 -0.182921 -0.156607 0.159800 0.032700
0 132.506805 -25.051498 285.296600 0.833834 -0.387063 -0.393578 0.171100 0.029700
bridge_01.jpg
0 133.804398 -31.754501 293.426697 0.765161 -0.580805 0.277840 0.176100 0.076900
0 122.272797 -31.754501 293.224396 0.000000 -0.373824 0.927500 0.131700 0.075700
0 122.272797 -38.760193 290.400787 0.000002 -0.265709 0.964053 0.131700 0.059300
bridge_01.jpg
0 122.272797 -38.760193 290.400787 0.000002 -0.265709 0.964053 0.131700 0.059300
0 130.285904 -38.760193 291.035004 0.714090 -0.350374 0.606064 0.162500 0.063000
0 133.804398 -31.754501 293.426697 0.765161 -0.580805 0.277840 0.176100 0.076900
bridge_01.jpg
0 129.580399 -37.801300 285.809998 0.970574 -0.182921 -0.156607 0.159800 0.032700
0 130.285904 -38.760193 291.035004 0.714090 -0.350374 0.606064 0.162500 0.063000
0 129.046799 -44.915192 289.980896 0.694328 -0.718985 0.031131 0.157800 0.056900
bridge_01.jpg
0 129.046799 -44.915192 289.980896 0.694328 -0.718985 0.031131 0.157800 0.056900
0 128.453903 -44.049500 284.748505 0.651205 -0.733396 -0.195096 0.155500 0.026500
0 129.580399 -37.801300 285.809998 0.970574 -0.182921 -0.156607 0.159800 0.032700
bridge_01.jpg
0 130.285904 -38.760193 291.035004 0.714090 -0.350374 0.606064 0.162500 0.063000
0 122.272797 -38.760193 290.400787 0.000002 -0.265709 0.964053 0.131700 0.059300
0 122.272797 -47.005707 289.320496 -0.000050 -0.592686 0.805434 0.131700 0.053100
bridge_01.jpg
0 122.272797 -47.005707 289.320496 -0.000050 -0.592686 0.805434 0.131700 0.053100
0 129.046799 -44.915192 289.980896 0.694328 -0.718985 0.031131 0.157800 0.056900
0 130.285904 -38.760193 291.035004 0.714090 -0.350374 0.606064 0.162500 0.063000
bridge_01.jpg
0 122.272797 -43.989700 283.195587 0.000001 -0.952609 -0.304197 0.131700 0.017500
0 115.498703 -44.915192 289.980896 -0.694356 -0.718958 0.031131 0.105600 0.056900
0 116.091599 -44.049500 284.748505 -0.651164 -0.733431 -0.195102 0.107900 0.026500
bridge_01.jpg
0 115.498703 -44.915192 289.980896 -0.694356 -0.718958 0.031131 0.105600 0.056900
0 122.272797 -43.989700 283.195587 0.000001 -0.952609 -0.304197 0.131700 0.017500
0 122.272797 -47.005707 289.320496 -0.000050 -0.592686 0.805434 0.131700 0.053100
bridge_01.jpg
0 122.272797 -47.423309 296.817413 -0.000001 -0.973573 0.228378 0.131700 0.096600
0 116.091599 -45.076797 303.014709 -0.635373 -0.654173 0.410317 0.107900 0.132500
0 115.498703 -46.117401 296.764008 -0.694526 -0.696118 0.181805 0.105600 0.096300
bridge_01.jpg
0 116.091599 -45.076797 303.014709 -0.635373 -0.654173 0.410317 0.107900 0.132500
0 122.272797 -47.423309 296.817413 -0.000001 -0.973573 0.228378 0.131700 0.096600
0 122.272797 -45.076797 305.047302 -0.000009 -0.605011 0.796217 0.131700 0.144300
bridge_01.jpg
0 103.027603 -13.288498 293.170990 -0.701187 -0.626326 -0.340665 0.057500 0.075400
0 105.176392 -20.439896 301.896210 -0.764201 -0.642611 0.055203 0.065800 0.126000
0 90.010803 -13.288498 293.210693 -0.344482 -0.924659 -0.162292 0.007400 0.075600
bridge_01.jpg
0 105.176392 -20.439896 301.896210 -0.764201 -0.642611 0.055203 0.065800 0.126000
0 103.027603 -13.288498 293.170990 -0.701187 -0.626326 -0.340665 0.057500 0.075400
0 104.303192 -25.183807 293.182404 -0.859094 -0.511807 -0.003185 0.062500 0.075500
bridge_01.jpg
0 90.010803 -13.288498 293.210693 -0.344482 -0.924659 -0.162292 0.007400 0.075600
0 107.846603 -20.439896 315.424194 -0.432513 -0.736916 0.519507 0.076100 0.204600
0 95.810303 -13.288498 321.308014 -0.317998 -0.866943 0.383781 0.029700 0.238700
bridge_01.jpg
0 107.846603 -20.439896 315.424194 -0.432513 -0.736916 0.519507 0.076100 0.204600
0 90.010803 -13.288498 293.210693 -0.344482 -0.924659 -0.162292 0.007400 0.075600
0 105.176392 -20.439896 301.896210 -0.764201 -0.642611 0.055203 0.065800 0.126000
bridge_01.jpg
0 104.303192 -25.183807 293.182404 -0.859094 -0.511807 -0.003185 0.062500 0.075500
0 110.741211 -31.754501 293.426697 -0.765166 -0.580796 0.277842 0.087300 0.076900
0 105.176392 -20.439896 301.896210 -0.764201 -0.642611 0.055203 0.065800 0.126000
bridge_01.jpg
0 110.741211 -31.754501 293.426697 -0.765166 -0.580796 0.277842 0.087300 0.076900
0 104.303192 -25.183807 293.182404 -0.859094 -0.511807 -0.003185 0.062500 0.075500
0 112.038803 -25.051392 285.296600 -0.833831 -0.387075 -0.393572 0.092300 0.029700
bridge_01.jpg
0 105.176392 -20.439896 301.896210 -0.764201 -0.642611 0.055203 0.065800 0.126000
0 112.038803 -30.722504 314.157013 -0.547395 -0.610406 0.572507 0.092300 0.197200
0 107.846603 -20.439896 315.424194 -0.432513 -0.736916 0.519507 0.076100 0.204600
bridge_01.jpg
0 112.038803 -30.722504 314.157013 -0.547395 -0.610406 0.572507 0.092300 0.197200
0 105.176392 -20.439896 301.896210 -0.764201 -0.642611 0.055203 0.065800 0.126000
0 110.741211 -31.754501 293.426697 -0.765166 -0.580796 0.277842 0.087300 0.076900
bridge_01.jpg
0 95.810303 -13.288498 321.308014 -0.317998 -0.866943 0.383781 0.029700 0.238700
0 122.272797 -20.439896 321.516602 0.000000 -0.802377 0.596818 0.131700 0.239900
0 122.272797 -13.288498 333.738403 0.000000 -0.863102 0.505030 0.131700 0.310800
bridge_01.jpg
0 122.272797 -20.439896 321.516602 0.000000 -0.802377 0.596818 0.131700 0.239900
0 95.810303 -13.288498 321.308014 -0.317998 -0.866943 0.383781 0.029700 0.238700
0 107.846603 -20.439896 315.424194 -0.432513 -0.736916 0.519507 0.076100 0.204600
bridge_01.jpg
0 107.846603 -20.439896 315.424194 -0.432513 -0.736916 0.519507 0.076100 0.204600
0 122.272797 -30.722504 311.828888 0.000001 -0.425684 0.904872 0.131700 0.183700
0 122.272797 -20.439896 321.516602 0.000000 -0.802377 0.596818 0.131700 0.239900
bridge_01.jpg
0 122.272797 -30.722504 311.828888 0.000001 -0.425684 0.904872 0.131700 0.183700
0 107.846603 -20.439896 315.424194 -0.432513 -0.736916 0.519507 0.076100 0.204600
0 112.038803 -30.722504 314.157013 -0.547395 -0.610406 0.572507 0.092300 0.197200
bridge_01.jpg
0 110.741211 -31.754501 293.426697 -0.765166 -0.580796 0.277842 0.087300 0.076900
0 114.965210 -36.472809 305.543915 -0.706070 -0.481156 0.519571 0.103500 0.147200
0 112.038803 -30.722504 314.157013 -0.547395 -0.610406 0.572507 0.092300 0.197200
bridge_01.jpg
0 114.965210 -36.472809 305.543915 -0.706070 -0.481156 0.519571 0.103500 0.147200
0 110.741211 -31.754501 293.426697 -0.765166 -0.580796 0.277842 0.087300 0.076900
0 114.259705 -40.003296 296.751801 -0.960772 -0.228000 0.157900 0.100800 0.096200
bridge_01.jpg
0 112.038803 -30.722504 314.157013 -0.547395 -0.610406 0.572507 0.092300 0.197200
0 122.272797 -38.056900 307.506012 0.000002 -0.600090 0.799932 0.131700 0.158600
0 122.272797 -30.722504 311.828888 0.000001 -0.425684 0.904872 0.131700 0.183700
bridge_01.jpg
0 122.272797 -38.056900 307.506012 0.000002 -0.600090 0.799932 0.131700 0.158600
0 112.038803 -30.722504 314.157013 -0.547395 -0.610406 0.572507 0.092300 0.197200
0 114.965210 -36.472809 305.543915 -0.706070 -0.481156 0.519571 0.103500 0.147200
bridge_01.jpg
0 114.259705 -40.003296 296.751801 -0.960772 -0.228000 0.157900 0.100800 0.096200
0 116.091599 -45.076797 303.014709 -0.635373 -0.654173 0.410317 0.107900 0.132500
0 114.965210 -36.472809 305.543915 -0.706070 -0.481156 0.519571 0.103500 0.147200
bridge_01.jpg
0 116.091599 -45.076797 303.014709 -0.635373 -0.654173 0.410317 0.107900 0.132500
0 114.259705 -40.003296 296.751801 -0.960772 -0.228000 0.157900 0.100800 0.096200
0 115.498703 -46.117401 296.764008 -0.694526 -0.696118 0.181805 0.105600 0.096300
bridge_01.jpg
0 114.965210 -36.472809 305.543915 -0.706070 -0.481156 0.519571 0.103500 0.147200
0 122.272797 -45.076797 305.047302 -0.000009 -0.605011 0.796217 0.131700 0.144300
0 122.272797 -38.056900 307.506012 0.000002 -0.600090 0.799932 0.131700 0.158600
bridge_01.jpg
0 122.272797 -45.076797 305.047302 -0.000009 -0.605011 0.796217 0.131700 0.144300
0 114.965210 -36.472809 305.543915 -0.706070 -0.481156 0.519571 0.103500 0.147200
0 116.091599 -45.076797 303.014709 -0.635373 -0.654173 0.410317 0.107900 0.132500
bridge_01.jpg
0 112.038803 -25.051392 285.296600 -0.833831 -0.387075 -0.393572 0.092300 0.029700
0 114.259705 -38.760193 291.035004 -0.714050 -0.350403 0.606095 0.100800 0.063000
0 110.741211 -31.754501 293.426697 -0.765166 -0.580796 0.277842 0.087300 0.076900
bridge_01.jpg
0 114.259705 -38.760193 291.035004 -0.714050 -0.350403 0.606095 0.100800 0.063000
0 112.038803 -25.051392 285.296600 -0.833831 -0.387075 -0.393572 0.092300 0.029700
0 114.965210 -37.801300 285.809998 -0.970576 -0.182913 -0.156603 0.103500 0.032700
bridge_01.jpg
0 110.741211 -31.754501 293.426697 -0.765166 -0.580796 0.277842 0.087300 0.076900
0 122.272797 -38.760193 290.400787 0.000002 -0.265709 0.964053 0.131700 0.059300
0 122.272797 -31.754501 293.224396 0.000000 -0.373824 0.927500 0.131700 0.075700
bridge_01.jpg
0 122.272797 -38.760193 290.400787 0.000002 -0.265709 0.964053 0.131700 0.059300
0 110.741211 -31.754501 293.426697 -0.765166 -0.580796 0.277842 0.087300 0.076900
0 114.259705 -38.760193 291.035004 -0.714050 -0.350403 0.606095 0.100800 0.063000
bridge_01.jpg
0 114.965210 -37.801300 285.809998 -0.970576 -0.182913 -0.156603 0.103500 0.032700
0 115.498703 -44.915192 289.980896 -0.694356 -0.718958 0.031131 0.105600 0.056900
0 114.259705 -38.760193 291.035004 -0.714050 -0.350403 0.606095 0.100800 0.063000
bridge_01.jpg
0 115.498703 -44.915192 289.980896 -0.694356 -0.718958 0.031131 0.105600 0.056900
0 114.965210 -37.801300 285.809998 -0.970576 -0.182913 -0.156603 0.103500 0.032700
0 116.091599 -44.049500 284.748505 -0.651164 -0.733431 -0.195102 0.107900 0.026500
bridge_01.jpg
0 114.259705 -38.760193 291.035004 -0.714050 -0.350403 0.606095 0.100800 0.063000
0 122.272797 -47.005707 289.320496 -0.000050 -0.592686 0.805434 0.131700 0.053100
0 122.272797 -38.760193 290.400787 0.000002 -0.265709 0.964053 0.131700 0.059300
bridge_01.jpg
0 122.272797 -47.005707 289.320496 -0.000050 -0.592686 0.805434 0.131700 0.053100
0 114.259705 -38.760193 291.035004 -0.714050 -0.350403 0.606095 0.100800 0.063000
0 115.498703 -44.915192 289.980896 -0.694356 -0.718958 0.031131 0.105600 0.056900
end
