version 1
nodes
0 "Cylinder03" -1
end
skeleton
time 0
0 0.066921 0.418383 0.001928 0.000000 -0.000000 0.000000
end
triangles
drum.jpg
0 32.446804 -5.955068 0.001923 0.985395 -0.096058 -0.140602 0.020000 0.085000
0 34.066898 0.418400 7.001923 0.985395 -0.096058 -0.140602 0.050000 0.116949
0 33.426800 -6.147964 7.001923 0.985395 -0.096058 -0.140602 0.020000 0.116949
drum.jpg
0 33.068100 0.418400 0.001923 0.985396 0.096056 -0.140602 0.050000 0.085000
0 33.426800 6.984764 7.001923 0.985396 0.096056 -0.140602 0.080000 0.116949
0 34.066898 0.418400 7.001923 0.985396 0.096056 -0.140602 0.050000 0.116949
drum.jpg
0 33.426800 -6.147964 7.001923 0.967439 -0.094308 -0.234877 0.020000 0.116949
0 40.701099 0.418400 34.327702 0.967439 -0.094308 -0.234877 0.050000 0.241667
0 39.936100 -7.429216 34.327702 0.967439 -0.094308 -0.234877 0.020000 0.241667
drum.jpg
0 34.066898 0.418400 7.001923 0.967439 0.094308 -0.234877 0.050000 0.116949
0 39.936100 8.266017 34.327702 0.967439 0.094308 -0.234877 0.080000 0.241667
0 40.701099 0.418400 34.327702 0.967439 0.094308 -0.234877 0.050000 0.241667
drum.jpg
0 39.936100 -7.429216 34.327702 0.995282 -0.097022 0.000000 0.020000 0.241667
0 40.701099 0.418400 68.653397 0.995282 -0.097022 0.000000 0.050000 0.398333
0 39.936100 -7.429216 68.653397 0.995282 -0.097022 0.000000 0.020000 0.398333
drum.jpg
0 40.701099 0.418400 34.327702 0.995282 0.097021 0.000000 0.050000 0.241667
0 39.936100 8.266017 68.653397 0.995282 0.097021 0.000000 0.080000 0.398333
0 40.701099 0.418400 68.653397 0.995282 0.097021 0.000000 0.050000 0.398333
drum.jpg
0 39.936100 -7.429216 68.653397 0.967440 -0.094307 0.234876 0.020000 0.398333
0 34.066898 0.418400 95.979202 0.967440 -0.094307 0.234876 0.050000 0.523051
0 33.426800 -6.147964 95.979202 0.967440 -0.094307 0.234876 0.020000 0.523051
drum.jpg
0 40.701099 0.418400 68.653397 0.967440 0.094307 0.234876 0.050000 0.398333
0 33.426800 6.984764 95.979202 0.967440 0.094307 0.234876 0.080000 0.523051
0 34.066898 0.418400 95.979202 0.967440 0.094307 0.234876 0.050000 0.523051
drum.jpg
0 33.426800 -6.147964 95.979202 0.985395 -0.096058 0.140602 0.020000 0.523051
0 33.068100 0.418400 102.979202 0.985395 -0.096058 0.140602 0.050000 0.555000
0 32.446804 -5.955068 102.979202 0.985395 -0.096058 0.140602 0.020000 0.555000
drum.jpg
0 34.066898 0.418400 95.979202 0.985395 0.096057 0.140602 0.050000 0.523051
0 32.446804 6.791868 102.979202 0.985395 0.096057 0.140602 0.080000 0.555000
0 33.068100 0.418400 102.979202 0.985395 0.096057 0.140602 0.050000 0.555000
drum.jpg
0 31.757027 -5.887827 0.100344 -0.985330 0.096565 0.140710 0.020000 0.085000
0 33.379562 0.418400 7.134479 -0.985330 0.096565 0.140710 0.050000 0.116949
0 32.375118 0.418400 0.100801 -0.985330 0.096565 0.140710 0.050000 0.085000
drum.jpg
0 32.375118 0.418400 0.100801 -0.985328 -0.096564 0.140724 0.050000 0.085000
0 32.742592 6.918067 7.133875 -0.985328 -0.096564 0.140724 0.080000 0.116949
0 31.757027 6.724627 0.100344 -0.985328 -0.096564 0.140724 0.080000 0.085000
drum.jpg
0 32.742592 -6.081267 7.133875 -0.967361 0.094778 0.235012 0.020000 0.116949
0 40.005985 0.418400 34.410267 -0.967361 0.094778 0.235012 0.050000 0.241667
0 33.379562 0.418400 7.134479 -0.967361 0.094778 0.235012 0.050000 0.116949
drum.jpg
0 33.379562 0.418400 7.134479 -0.967356 -0.094778 0.235033 0.050000 0.116949
0 39.244221 8.198571 34.409882 -0.967356 -0.094778 0.235033 0.080000 0.241667
0 32.742592 6.918067 7.133875 -0.967356 -0.094778 0.235033 0.080000 0.116949
drum.jpg
0 39.244221 -7.361771 34.409882 -0.995241 0.097446 0.000000 0.020000 0.241667
0 40.005985 0.418400 68.570831 -0.995241 0.097446 0.000000 0.050000 0.398333
0 40.005985 0.418400 34.410267 -0.995241 0.097446 0.000000 0.050000 0.241667
drum.jpg
0 40.005985 0.418400 34.410267 -0.995241 -0.097445 0.000000 0.050000 0.241667
0 39.244221 8.198571 68.571213 -0.995241 -0.097445 0.000000 0.080000 0.398333
0 39.244221 8.198571 34.409882 -0.995241 -0.097445 0.000000 0.080000 0.241667
drum.jpg
0 39.244221 -7.361771 68.571213 -0.967367 0.094705 -0.235014 0.020000 0.398333
0 33.379562 0.418400 95.846649 -0.967367 0.094705 -0.235014 0.050000 0.523051
0 40.005985 0.418400 68.570831 -0.967367 0.094705 -0.235014 0.050000 0.398333
drum.jpg
0 40.005985 0.418400 68.570831 -0.967363 -0.094704 -0.235031 0.050000 0.398333
0 32.742592 6.918067 95.847252 -0.967363 -0.094704 -0.235031 0.080000 0.523051
0 39.244221 8.198571 68.571213 -0.967363 -0.094704 -0.235031 0.080000 0.398333
drum.jpg
0 32.742592 -6.081267 95.847252 -0.985332 0.096552 -0.140711 0.020000 0.523051
0 32.375118 0.418400 102.880325 -0.985332 0.096552 -0.140711 0.050000 0.555000
0 33.379562 0.418400 95.846649 -0.985332 0.096552 -0.140711 0.050000 0.523051
drum.jpg
0 33.379562 0.418400 95.846649 -0.985330 -0.096550 -0.140724 0.050000 0.523051
0 31.757027 6.724627 102.880783 -0.985330 -0.096550 -0.140724 0.080000 0.555000
0 32.742592 6.918067 95.847252 -0.985330 -0.096550 -0.140724 0.080000 0.523051
drum.jpg
0 32.446804 -5.955068 0.001923 -0.098921 -0.995004 -0.013504 0.020000 0.085000
0 32.742592 -6.081267 7.133875 -0.098921 -0.995004 -0.013504 0.020000 0.116949
0 31.757027 -5.887827 0.100344 -0.098921 -0.995004 -0.013504 0.020000 0.085000
drum.jpg
0 33.068100 0.418400 0.001923 -0.141241 0.013915 -0.989877 0.050000 0.085000
0 31.757027 -5.887827 0.100344 -0.141241 0.013915 -0.989877 0.020000 0.085000
0 32.375118 0.418400 0.100801 -0.141241 0.013915 -0.989877 0.050000 0.085000
drum.jpg
0 32.446804 6.791868 0.001923 -0.139924 -0.013786 -0.990066 0.080000 0.085000
0 32.375118 0.418400 0.100801 -0.139924 -0.013786 -0.990066 0.050000 0.085000
0 31.757027 6.724627 0.100344 -0.139924 -0.013786 -0.990066 0.080000 0.085000
drum.jpg
0 33.426800 6.984764 7.001923 -0.099574 0.994940 -0.013411 0.080000 0.116949
0 31.757027 6.724627 0.100344 -0.099574 0.994940 -0.013411 0.080000 0.085000
0 32.742592 6.918067 7.133875 -0.099574 0.994940 -0.013411 0.080000 0.116949
drum.jpg
0 33.426800 -6.147964 7.001923 -0.101304 -0.994600 -0.022545 0.020000 0.116949
0 39.244221 -7.361771 34.409882 -0.101304 -0.994600 -0.022545 0.020000 0.241667
0 32.742592 -6.081267 7.133875 -0.101304 -0.994600 -0.022545 0.020000 0.116949
drum.jpg
0 39.936100 8.266017 34.327702 -0.099695 0.994754 -0.022936 0.080000 0.241667
0 32.742592 6.918067 7.133875 -0.099695 0.994754 -0.022936 0.080000 0.116949
0 39.244221 8.198571 34.409882 -0.099695 0.994754 -0.022936 0.080000 0.241667
drum.jpg
0 39.936100 -7.429216 34.327702 -0.097022 -0.995282 0.000000 0.020000 0.241667
0 39.244221 -7.361771 68.571213 -0.097022 -0.995282 0.000000 0.020000 0.398333
0 39.244221 -7.361771 34.409882 -0.097022 -0.995282 0.000000 0.020000 0.241667
drum.jpg
0 39.936100 8.266017 68.653397 -0.097021 0.995282 0.000000 0.080000 0.398333
0 39.244221 8.198571 34.409882 -0.097021 0.995282 0.000000 0.080000 0.241667
0 39.244221 8.198571 68.571213 -0.097021 0.995282 0.000000 0.080000 0.398333
drum.jpg
0 39.936100 -7.429216 68.653397 -0.099695 -0.994754 0.022936 0.020000 0.398333
0 32.742592 -6.081267 95.847252 -0.099695 -0.994754 0.022936 0.020000 0.523051
0 39.244221 -7.361771 68.571213 -0.099695 -0.994754 0.022936 0.020000 0.398333
drum.jpg
0 33.426800 6.984764 95.979202 -0.101304 0.994600 0.022546 0.080000 0.523051
0 39.244221 8.198571 68.571213 -0.101304 0.994600 0.022546 0.080000 0.398333
0 32.742592 6.918067 95.847252 -0.101304 0.994600 0.022546 0.080000 0.523051
drum.jpg
0 33.426800 -6.147964 95.979202 -0.099574 -0.994940 0.013411 0.020000 0.523051
0 31.757027 -5.887827 102.880783 -0.099574 -0.994940 0.013411 0.020000 0.555000
0 32.742592 -6.081267 95.847252 -0.099574 -0.994940 0.013411 0.020000 0.523051
drum.jpg
0 32.446804 -5.955068 102.979202 -0.139917 0.013786 0.990067 0.020000 0.555000
0 32.375118 0.418400 102.880325 -0.139917 0.013786 0.990067 0.050000 0.555000
0 31.757027 -5.887827 102.880783 -0.139917 0.013786 0.990067 0.020000 0.555000
drum.jpg
0 32.446804 6.791868 102.979202 -0.098921 0.995004 0.013504 0.080000 0.555000
0 32.742592 6.918067 95.847252 -0.098921 0.995004 0.013504 0.080000 0.523051
0 31.757027 6.724627 102.880783 -0.098921 0.995004 0.013504 0.080000 0.555000
drum.jpg
0 33.068100 0.418400 102.979202 -0.141238 -0.013915 0.989878 0.050000 0.555000
0 31.757027 6.724627 102.880783 -0.141238 -0.013915 0.989878 0.080000 0.555000
0 32.375118 0.418400 102.880325 -0.141238 -0.013915 0.989878 0.050000 0.555000
drum.jpg
0 32.446804 -5.955068 0.001923 0.985395 -0.096057 -0.140602 0.020000 0.085000
0 33.068100 0.418400 0.001923 0.985395 -0.096057 -0.140602 0.050000 0.085000
0 34.066898 0.418400 7.001923 0.985395 -0.096057 -0.140602 0.050000 0.116949
drum.jpg
0 33.068100 0.418400 0.001923 0.985395 0.096058 -0.140602 0.050000 0.085000
0 32.446804 6.791868 0.001923 0.985395 0.096058 -0.140602 0.080000 0.085000
0 33.426800 6.984764 7.001923 0.985395 0.096058 -0.140602 0.080000 0.116949
drum.jpg
0 33.426800 -6.147964 7.001923 0.967439 -0.094307 -0.234877 0.020000 0.116949
0 34.066898 0.418400 7.001923 0.967439 -0.094307 -0.234877 0.050000 0.116949
0 40.701099 0.418400 34.327702 0.967439 -0.094307 -0.234877 0.050000 0.241667
drum.jpg
0 34.066898 0.418400 7.001923 0.967439 0.094307 -0.234877 0.050000 0.116949
0 33.426800 6.984764 7.001923 0.967439 0.094307 -0.234877 0.080000 0.116949
0 39.936100 8.266017 34.327702 0.967439 0.094307 -0.234877 0.080000 0.241667
drum.jpg
0 39.936100 -7.429216 34.327702 0.995282 -0.097021 0.000000 0.020000 0.241667
0 40.701099 0.418400 34.327702 0.995282 -0.097021 0.000000 0.050000 0.241667
0 40.701099 0.418400 68.653397 0.995282 -0.097021 0.000000 0.050000 0.398333
drum.jpg
0 40.701099 0.418400 34.327702 0.995282 0.097022 0.000000 0.050000 0.241667
0 39.936100 8.266017 34.327702 0.995282 0.097022 0.000000 0.080000 0.241667
0 39.936100 8.266017 68.653397 0.995282 0.097022 0.000000 0.080000 0.398333
drum.jpg
0 39.936100 -7.429216 68.653397 0.967440 -0.094308 0.234876 0.020000 0.398333
0 40.701099 0.418400 68.653397 0.967440 -0.094308 0.234876 0.050000 0.398333
0 34.066898 0.418400 95.979202 0.967440 -0.094308 0.234876 0.050000 0.523051
drum.jpg
0 40.701099 0.418400 68.653397 0.967440 0.094308 0.234876 0.050000 0.398333
0 39.936100 8.266017 68.653397 0.967440 0.094308 0.234876 0.080000 0.398333
0 33.426800 6.984764 95.979202 0.967440 0.094308 0.234876 0.080000 0.523051
drum.jpg
0 33.426800 -6.147964 95.979202 0.985396 -0.096056 0.140602 0.020000 0.523051
0 34.066898 0.418400 95.979202 0.985396 -0.096056 0.140602 0.050000 0.523051
0 33.068100 0.418400 102.979202 0.985396 -0.096056 0.140602 0.050000 0.555000
drum.jpg
0 34.066898 0.418400 95.979202 0.985395 0.096058 0.140602 0.050000 0.523051
0 33.426800 6.984764 95.979202 0.985395 0.096058 0.140602 0.080000 0.523051
0 32.446804 6.791868 102.979202 0.985395 0.096058 0.140602 0.080000 0.555000
drum.jpg
0 31.757027 -5.887827 0.100344 -0.985330 0.096550 0.140724 0.020000 0.085000
0 32.742592 -6.081267 7.133875 -0.985330 0.096550 0.140724 0.020000 0.116949
0 33.379562 0.418400 7.134479 -0.985330 0.096550 0.140724 0.050000 0.116949
drum.jpg
0 32.375118 0.418400 0.100801 -0.985332 -0.096551 0.140710 0.050000 0.085000
0 33.379562 0.418400 7.134479 -0.985332 -0.096551 0.140710 0.050000 0.116949
0 32.742592 6.918067 7.133875 -0.985332 -0.096551 0.140710 0.080000 0.116949
drum.jpg
0 32.742592 -6.081267 7.133875 -0.967363 0.094704 0.235031 0.020000 0.116949
0 39.244221 -7.361771 34.409882 -0.967363 0.094704 0.235031 0.020000 0.241667
0 40.005985 0.418400 34.410267 -0.967363 0.094704 0.235031 0.050000 0.241667
drum.jpg
0 33.379562 0.418400 7.134479 -0.967367 -0.094704 0.235014 0.050000 0.116949
0 40.005985 0.418400 34.410267 -0.967367 -0.094704 0.235014 0.050000 0.241667
0 39.244221 8.198571 34.409882 -0.967367 -0.094704 0.235014 0.080000 0.241667
drum.jpg
0 39.244221 -7.361771 34.409882 -0.995241 0.097445 0.000000 0.020000 0.241667
0 39.244221 -7.361771 68.571213 -0.995241 0.097445 0.000000 0.020000 0.398333
0 40.005985 0.418400 68.570831 -0.995241 0.097445 0.000000 0.050000 0.398333
drum.jpg
0 40.005985 0.418400 34.410267 -0.995241 -0.097445 0.000000 0.050000 0.241667
0 40.005985 0.418400 68.570831 -0.995241 -0.097445 0.000000 0.050000 0.398333
0 39.244221 8.198571 68.571213 -0.995241 -0.097445 0.000000 0.080000 0.398333
drum.jpg
0 39.244221 -7.361771 68.571213 -0.967356 0.094778 -0.235032 0.020000 0.398333
0 32.742592 -6.081267 95.847252 -0.967356 0.094778 -0.235032 0.020000 0.523051
0 33.379562 0.418400 95.846649 -0.967356 0.094778 -0.235032 0.050000 0.523051
drum.jpg
0 40.005985 0.418400 68.570831 -0.967360 -0.094779 -0.235012 0.050000 0.398333
0 33.379562 0.418400 95.846649 -0.967360 -0.094779 -0.235012 0.050000 0.523051
0 32.742592 6.918067 95.847252 -0.967360 -0.094779 -0.235012 0.080000 0.523051
drum.jpg
0 32.742592 -6.081267 95.847252 -0.985329 0.096564 -0.140723 0.020000 0.523051
0 31.757027 -5.887827 102.880783 -0.985329 0.096564 -0.140723 0.020000 0.555000
0 32.375118 0.418400 102.880325 -0.985329 0.096564 -0.140723 0.050000 0.555000
drum.jpg
0 33.379562 0.418400 95.846649 -0.985330 -0.096565 -0.140710 0.050000 0.523051
0 32.375118 0.418400 102.880325 -0.985330 -0.096565 -0.140710 0.050000 0.555000
0 31.757027 6.724627 102.880783 -0.985330 -0.096565 -0.140710 0.080000 0.555000
drum.jpg
0 32.446804 -5.955068 0.001923 -0.099586 -0.994938 -0.013475 0.020000 0.085000
0 33.426800 -6.147964 7.001923 -0.099586 -0.994938 -0.013475 0.020000 0.116949
0 32.742592 -6.081267 7.133875 -0.099586 -0.994938 -0.013475 0.020000 0.116949
drum.jpg
0 33.068100 0.418400 0.001923 -0.139938 0.013642 -0.990066 0.050000 0.085000
0 32.446804 -5.955068 0.001923 -0.139938 0.013642 -0.990066 0.020000 0.085000
0 31.757027 -5.887827 0.100344 -0.139938 0.013642 -0.990066 0.020000 0.085000
drum.jpg
0 32.446804 6.791868 0.001923 -0.141241 -0.013769 -0.989879 0.080000 0.085000
0 33.068100 0.418400 0.001923 -0.141241 -0.013769 -0.989879 0.050000 0.085000
0 32.375118 0.418400 0.100801 -0.141241 -0.013769 -0.989879 0.050000 0.085000
drum.jpg
0 33.426800 6.984764 7.001923 -0.098930 0.995002 -0.013569 0.080000 0.116949
0 32.446804 6.791868 0.001923 -0.098930 0.995002 -0.013569 0.080000 0.085000
0 31.757027 6.724627 0.100344 -0.098930 0.995002 -0.013569 0.080000 0.085000
drum.jpg
0 33.426800 -6.147964 7.001923 -0.099691 -0.994755 -0.022895 0.020000 0.116949
0 39.936100 -7.429216 34.327702 -0.099691 -0.994755 -0.022895 0.020000 0.241667
0 39.244221 -7.361771 34.409882 -0.099691 -0.994755 -0.022895 0.020000 0.241667
drum.jpg
0 39.936100 8.266017 34.327702 -0.101296 0.994602 -0.022506 0.080000 0.241667
0 33.426800 6.984764 7.001923 -0.101296 0.994602 -0.022506 0.080000 0.116949
0 32.742592 6.918067 7.133875 -0.101296 0.994602 -0.022506 0.080000 0.116949
drum.jpg
0 39.936100 -7.429216 34.327702 -0.097022 -0.995282 0.000000 0.020000 0.241667
0 39.936100 -7.429216 68.653397 -0.097022 -0.995282 0.000000 0.020000 0.398333
0 39.244221 -7.361771 68.571213 -0.097022 -0.995282 0.000000 0.020000 0.398333
drum.jpg
0 39.936100 8.266017 68.653397 -0.097023 0.995282 0.000000 0.080000 0.398333
0 39.936100 8.266017 34.327702 -0.097023 0.995282 0.000000 0.080000 0.241667
0 39.244221 8.198571 34.409882 -0.097023 0.995282 0.000000 0.080000 0.241667
drum.jpg
0 39.936100 -7.429216 68.653397 -0.101297 -0.994602 0.022505 0.020000 0.398333
0 33.426800 -6.147964 95.979202 -0.101297 -0.994602 0.022505 0.020000 0.523051
0 32.742592 -6.081267 95.847252 -0.101297 -0.994602 0.022505 0.020000 0.523051
drum.jpg
0 33.426800 6.984764 95.979202 -0.099690 0.994755 0.022895 0.080000 0.523051
0 39.936100 8.266017 68.653397 -0.099690 0.994755 0.022895 0.080000 0.398333
0 39.244221 8.198571 68.571213 -0.099690 0.994755 0.022895 0.080000 0.398333
drum.jpg
0 33.426800 -6.147964 95.979202 -0.098929 -0.995002 0.013568 0.020000 0.523051
0 32.446804 -5.955068 102.979202 -0.098929 -0.995002 0.013568 0.020000 0.555000
0 31.757027 -5.887827 102.880783 -0.098929 -0.995002 0.013568 0.020000 0.555000
drum.jpg
0 32.446804 -5.955068 102.979202 -0.141253 0.013768 0.989878 0.020000 0.555000
0 33.068100 0.418400 102.979202 -0.141253 0.013768 0.989878 0.050000 0.555000
0 32.375118 0.418400 102.880325 -0.141253 0.013768 0.989878 0.050000 0.555000
drum.jpg
0 32.446804 6.791868 102.979202 -0.099587 0.994938 0.013475 0.080000 0.555000
0 33.426800 6.984764 95.979202 -0.099587 0.994938 0.013475 0.080000 0.523051
0 32.742592 6.918067 95.847252 -0.099587 0.994938 0.013475 0.080000 0.523051
drum.jpg
0 33.068100 0.418400 102.979202 -0.139939 -0.013641 0.990066 0.050000 0.555000
0 32.446804 6.791868 102.979202 -0.139939 -0.013641 0.990066 0.080000 0.555000
0 31.757027 6.724627 102.880783 -0.139939 -0.013641 0.990066 0.080000 0.555000
drum.jpg
0 32.421051 6.921336 0.001923 0.947147 0.288348 -0.140602 0.080000 0.085000
0 31.478804 13.429637 7.001923 0.947147 0.288348 -0.140602 0.110000 0.116949
0 33.400269 7.118151 7.001923 0.947147 0.288348 -0.140602 0.080000 0.116949
drum.jpg
0 30.556034 13.047413 0.001923 0.873627 0.465840 -0.140602 0.110000 0.085000
0 28.374590 19.251211 7.001923 0.873627 0.465840 -0.140602 0.140000 0.116949
0 31.478804 13.429637 7.001923 0.873627 0.465840 -0.140602 0.110000 0.116949
drum.jpg
0 33.400269 7.118151 7.001923 0.929887 0.283094 -0.234877 0.080000 0.116949
0 37.608006 15.968435 34.327702 0.929887 0.283094 -0.234877 0.110000 0.241667
0 39.904392 8.425430 34.327702 0.929887 0.283094 -0.234877 0.080000 0.241667
drum.jpg
0 31.478804 13.429637 7.001923 0.857708 0.457352 -0.234877 0.110000 0.116949
0 33.898087 22.925934 34.327702 0.857708 0.457352 -0.234877 0.140000 0.241667
0 37.608006 15.968435 34.327702 0.857708 0.457352 -0.234877 0.110000 0.241667
drum.jpg
0 39.904392 8.425430 34.327702 0.956650 0.291241 0.000000 0.080000 0.241667
0 37.608006 15.968435 68.653397 0.956650 0.291241 0.000000 0.110000 0.398333
0 39.904392 8.425430 68.653397 0.956650 0.291241 0.000000 0.080000 0.398333
drum.jpg
0 37.608006 15.968435 34.327702 0.882392 0.470515 0.000000 0.110000 0.241667
0 33.898087 22.925934 68.653397 0.882392 0.470515 0.000000 0.140000 0.398333
0 37.608006 15.968435 68.653397 0.882392 0.470515 0.000000 0.110000 0.398333
drum.jpg
0 39.904392 8.425430 68.653397 0.929888 0.283094 0.234876 0.080000 0.398333
0 31.478804 13.429637 95.979202 0.929888 0.283094 0.234876 0.110000 0.523051
0 33.400269 7.118151 95.979202 0.929888 0.283094 0.234876 0.080000 0.523051
drum.jpg
0 37.608006 15.968435 68.653397 0.857708 0.457352 0.234877 0.110000 0.398333
0 28.374590 19.251211 95.979202 0.857708 0.457352 0.234877 0.140000 0.523051
0 31.478804 13.429637 95.979202 0.857708 0.457352 0.234877 0.110000 0.523051
drum.jpg
0 33.400269 7.118151 95.979202 0.947147 0.288347 0.140601 0.080000 0.523051
0 30.556034 13.047413 102.979202 0.947147 0.288347 0.140601 0.110000 0.555000
0 32.421051 6.921336 102.979202 0.947147 0.288347 0.140601 0.080000 0.555000
drum.jpg
0 31.478804 13.429637 95.979202 0.873627 0.465841 0.140602 0.110000 0.523051
0 27.543009 18.697969 102.979202 0.873627 0.465841 0.140602 0.140000 0.555000
0 30.556034 13.047413 102.979202 0.873627 0.465841 0.140602 0.110000 0.555000
drum.jpg
0 31.758049 6.719492 0.100344 -0.947280 -0.287855 0.140710 0.080000 0.085000
0 30.843788 13.166605 7.134479 -0.947280 -0.287855 0.140710 0.110000 0.116949
0 29.915802 12.782221 0.100801 -0.947280 -0.287855 0.140710 0.110000 0.085000
drum.jpg
0 29.915802 12.782221 0.100801 -0.873371 -0.466283 0.140724 0.110000 0.085000
0 27.767988 18.927755 7.133875 -0.873371 -0.466283 0.140724 0.140000 0.116949
0 26.931471 18.371881 0.100344 -0.873371 -0.466283 0.140724 0.140000 0.085000
drum.jpg
0 32.742619 6.917937 7.133875 -0.929995 -0.282627 0.235012 0.080000 0.116949
0 36.965805 15.702427 34.410267 -0.929995 -0.282627 0.235012 0.110000 0.241667
0 30.843788 13.166605 7.134479 -0.929995 -0.282627 0.235012 0.110000 0.116949
drum.jpg
0 30.843788 13.166605 7.134479 -0.857449 -0.457756 0.235033 0.110000 0.116949
0 33.284683 22.598852 34.409882 -0.857449 -0.457756 0.235033 0.140000 0.241667
0 27.767988 18.927755 7.133875 -0.857449 -0.457756 0.235033 0.140000 0.116949
drum.jpg
0 39.239368 8.222971 34.409882 -0.956773 -0.290835 0.000000 0.080000 0.241667
0 36.965805 15.702427 68.570831 -0.956773 -0.290835 0.000000 0.110000 0.398333
0 36.965805 15.702427 34.410267 -0.956773 -0.290835 0.000000 0.110000 0.241667
drum.jpg
0 36.965805 15.702427 34.410267 -0.882192 -0.470890 0.000000 0.110000 0.241667
0 33.284683 22.598852 68.571213 -0.882192 -0.470890 0.000000 0.140000 0.398333
0 33.284683 22.598852 34.409882 -0.882192 -0.470890 0.000000 0.140000 0.241667
drum.jpg
0 39.239368 8.222971 68.571213 -0.929972 -0.282701 -0.235014 0.080000 0.398333
0 30.843788 13.166605 95.846649 -0.929972 -0.282701 -0.235014 0.110000 0.523051
0 36.965805 15.702427 68.570831 -0.929972 -0.282701 -0.235014 0.110000 0.398333
drum.jpg
0 36.965805 15.702427 68.570831 -0.857486 -0.457689 -0.235031 0.110000 0.398333
0 27.767988 18.927755 95.847252 -0.857486 -0.457689 -0.235031 0.140000 0.523051
0 33.284683 22.598852 68.571213 -0.857486 -0.457689 -0.235031 0.140000 0.398333
drum.jpg
0 32.742619 6.917937 95.847252 -0.947276 -0.287870 -0.140711 0.080000 0.523051
0 29.915802 12.782221 102.880325 -0.947276 -0.287870 -0.140711 0.110000 0.555000
0 30.843788 13.166605 95.846649 -0.947276 -0.287870 -0.140711 0.110000 0.523051
drum.jpg
0 30.843788 13.166605 95.846649 -0.873378 -0.466270 -0.140723 0.110000 0.523051
0 26.931471 18.371881 102.880783 -0.873378 -0.466270 -0.140723 0.140000 0.555000
0 27.767988 18.927755 95.847252 -0.873378 -0.466270 -0.140723 0.140000 0.523051
drum.jpg
0 32.421051 6.921336 0.001923 0.289385 -0.957118 -0.013504 0.080000 0.085000
0 32.742619 6.917937 7.133875 0.289385 -0.957118 -0.013504 0.080000 0.116949
0 31.758049 6.719492 0.100344 0.289385 -0.957118 -0.013504 0.080000 0.085000
drum.jpg
0 30.556034 13.047413 0.001923 -0.135815 -0.041195 -0.989877 0.110000 0.085000
0 31.758049 6.719492 0.100344 -0.135815 -0.041195 -0.989877 0.080000 0.085000
0 29.915802 12.782221 0.100801 -0.135815 -0.041195 -0.989877 0.110000 0.085000
drum.jpg
0 27.543009 18.697969 0.001923 -0.123998 -0.066284 -0.990066 0.140000 0.085000
0 29.915802 12.782221 0.100801 -0.123998 -0.066284 -0.990066 0.110000 0.085000
0 26.931471 18.371881 0.100344 -0.123998 -0.066284 -0.990066 0.140000 0.085000
drum.jpg
0 28.374590 19.251211 7.001923 -0.472743 0.881098 -0.013411 0.140000 0.116949
0 26.931471 18.371881 0.100344 -0.472743 0.881098 -0.013411 0.140000 0.085000
0 27.767988 18.927755 7.133875 -0.472743 0.881098 -0.013411 0.140000 0.116949
drum.jpg
0 33.400269 7.118151 7.001923 0.287026 -0.957658 -0.022546 0.080000 0.116949
0 39.239368 8.222971 34.409882 0.287026 -0.957658 -0.022546 0.080000 0.241667
0 32.742619 6.917937 7.133875 0.287026 -0.957658 -0.022546 0.080000 0.116949
drum.jpg
0 33.898087 22.925934 34.327702 -0.472777 0.880883 -0.022936 0.140000 0.241667
0 27.767988 18.927755 7.133875 -0.472777 0.880883 -0.022936 0.140000 0.116949
0 33.284683 22.598852 34.409882 -0.472777 0.880883 -0.022936 0.140000 0.241667
drum.jpg
0 39.904392 8.425430 34.327702 0.291245 -0.956648 0.000000 0.080000 0.241667
0 39.239368 8.222971 68.571213 0.291245 -0.956648 0.000000 0.080000 0.398333
0 39.239368 8.222971 34.409882 0.291245 -0.956648 0.000000 0.080000 0.241667
drum.jpg
0 33.898087 22.925934 68.653397 -0.470511 0.882394 0.000000 0.140000 0.398333
0 33.284683 22.598852 34.409882 -0.470511 0.882394 0.000000 0.140000 0.241667
0 33.284683 22.598852 68.571213 -0.470511 0.882394 0.000000 0.140000 0.398333
drum.jpg
0 39.904392 8.425430 68.653397 0.288570 -0.957184 0.022936 0.080000 0.398333
0 32.742619 6.917937 95.847252 0.288570 -0.957184 0.022936 0.080000 0.523051
0 39.239368 8.222971 68.571213 0.288570 -0.957184 0.022936 0.080000 0.398333
drum.jpg
0 28.374590 19.251211 95.979202 -0.474213 0.880121 0.022546 0.140000 0.523051
0 33.284683 22.598852 68.571213 -0.474213 0.880121 0.022546 0.140000 0.398333
0 27.767988 18.927755 95.847252 -0.474213 0.880121 0.022546 0.140000 0.523051
drum.jpg
0 33.400269 7.118151 95.979202 0.288753 -0.957310 0.013411 0.080000 0.523051
0 31.758049 6.719492 102.880783 0.288753 -0.957310 0.013411 0.080000 0.555000
0 32.742619 6.917937 95.847252 0.288753 -0.957310 0.013411 0.080000 0.523051
drum.jpg
0 32.421051 6.921336 102.979202 -0.134551 -0.040809 0.990066 0.080000 0.555000
0 29.915802 12.782221 102.880325 -0.134551 -0.040809 0.990066 0.110000 0.555000
0 31.758049 6.719492 102.880783 -0.134551 -0.040809 0.990066 0.080000 0.555000
drum.jpg
0 27.543009 18.697969 102.979202 -0.472163 0.881408 0.013504 0.140000 0.555000
0 27.767988 18.927755 95.847252 -0.472163 0.881408 0.013504 0.140000 0.523051
0 26.931471 18.371881 102.880783 -0.472163 0.881408 0.013504 0.140000 0.555000
drum.jpg
0 30.556034 13.047413 102.979202 -0.125146 -0.066906 0.989880 0.110000 0.555000
0 26.931471 18.371881 102.880783 -0.125146 -0.066906 0.989880 0.140000 0.555000
0 29.915802 12.782221 102.880325 -0.125146 -0.066906 0.989880 0.110000 0.555000
drum.jpg
0 32.421051 6.921336 0.001923 0.947146 0.288350 -0.140602 0.080000 0.085000
0 30.556034 13.047413 0.001923 0.947146 0.288350 -0.140602 0.110000 0.085000
0 31.478804 13.429637 7.001923 0.947146 0.288350 -0.140602 0.110000 0.116949
drum.jpg
0 30.556034 13.047413 0.001923 0.873627 0.465841 -0.140602 0.110000 0.085000
0 27.543009 18.697969 0.001923 0.873627 0.465841 -0.140602 0.140000 0.085000
0 28.374590 19.251211 7.001923 0.873627 0.465841 -0.140602 0.140000 0.116949
drum.jpg
0 33.400269 7.118151 7.001923 0.929887 0.283094 -0.234877 0.080000 0.116949
0 31.478804 13.429637 7.001923 0.929887 0.283094 -0.234877 0.110000 0.116949
0 37.608006 15.968435 34.327702 0.929887 0.283094 -0.234877 0.110000 0.241667
drum.jpg
0 31.478804 13.429637 7.001923 0.857707 0.457352 -0.234877 0.110000 0.116949
0 28.374590 19.251211 7.001923 0.857707 0.457352 -0.234877 0.140000 0.116949
0 33.898087 22.925934 34.327702 0.857707 0.457352 -0.234877 0.140000 0.241667
drum.jpg
0 39.904392 8.425430 34.327702 0.956649 0.291242 0.000000 0.080000 0.241667
0 37.608006 15.968435 34.327702 0.956649 0.291242 0.000000 0.110000 0.241667
0 37.608006 15.968435 68.653397 0.956649 0.291242 0.000000 0.110000 0.398333
drum.jpg
0 37.608006 15.968435 34.327702 0.882393 0.470514 0.000000 0.110000 0.241667
0 33.898087 22.925934 34.327702 0.882393 0.470514 0.000000 0.140000 0.241667
0 33.898087 22.925934 68.653397 0.882393 0.470514 0.000000 0.140000 0.398333
drum.jpg
0 39.904392 8.425430 68.653397 0.929888 0.283094 0.234876 0.080000 0.398333
0 37.608006 15.968435 68.653397 0.929888 0.283094 0.234876 0.110000 0.398333
0 31.478804 13.429637 95.979202 0.929888 0.283094 0.234876 0.110000 0.523051
drum.jpg
0 37.608006 15.968435 68.653397 0.857708 0.457352 0.234876 0.110000 0.398333
0 33.898087 22.925934 68.653397 0.857708 0.457352 0.234876 0.140000 0.398333
0 28.374590 19.251211 95.979202 0.857708 0.457352 0.234876 0.140000 0.523051
drum.jpg
0 33.400269 7.118151 95.979202 0.947146 0.288350 0.140602 0.080000 0.523051
0 31.478804 13.429637 95.979202 0.947146 0.288350 0.140602 0.110000 0.523051
0 30.556034 13.047413 102.979202 0.947146 0.288350 0.140602 0.110000 0.555000
drum.jpg
0 31.478804 13.429637 95.979202 0.873627 0.465840 0.140602 0.110000 0.523051
0 28.374590 19.251211 95.979202 0.873627 0.465840 0.140602 0.140000 0.523051
0 27.543009 18.697969 102.979202 0.873627 0.465840 0.140602 0.140000 0.555000
drum.jpg
0 31.758049 6.719492 0.100344 -0.947274 -0.287870 0.140724 0.080000 0.085000
0 32.742619 6.917937 7.133875 -0.947274 -0.287870 0.140724 0.080000 0.116949
0 30.843788 13.166605 7.134479 -0.947274 -0.287870 0.140724 0.110000 0.116949
drum.jpg
0 29.915802 12.782221 0.100801 -0.873380 -0.466271 0.140710 0.110000 0.085000
0 30.843788 13.166605 7.134479 -0.873380 -0.466271 0.140710 0.110000 0.116949
0 27.767988 18.927755 7.133875 -0.873380 -0.466271 0.140710 0.140000 0.116949
drum.jpg
0 32.742619 6.917937 7.133875 -0.929969 -0.282699 0.235031 0.080000 0.116949
0 39.239368 8.222971 34.409882 -0.929969 -0.282699 0.235031 0.080000 0.241667
0 36.965805 15.702427 34.410267 -0.929969 -0.282699 0.235031 0.110000 0.241667
drum.jpg
0 30.843788 13.166605 7.134479 -0.857489 -0.457691 0.235014 0.110000 0.116949
0 36.965805 15.702427 34.410267 -0.857489 -0.457691 0.235014 0.110000 0.241667
0 33.284683 22.598852 34.409882 -0.857489 -0.457691 0.235014 0.140000 0.241667
drum.jpg
0 39.239368 8.222971 34.409882 -0.956773 -0.290835 0.000000 0.080000 0.241667
0 39.239368 8.222971 68.571213 -0.956773 -0.290835 0.000000 0.080000 0.398333
0 36.965805 15.702427 68.570831 -0.956773 -0.290835 0.000000 0.110000 0.398333
drum.jpg
0 36.965805 15.702427 34.410267 -0.882192 -0.470889 0.000000 0.110000 0.241667
0 36.965805 15.702427 68.570831 -0.882192 -0.470889 0.000000 0.110000 0.398333
0 33.284683 22.598852 68.571213 -0.882192 -0.470889 0.000000 0.140000 0.398333
drum.jpg
0 39.239368 8.222971 68.571213 -0.929991 -0.282625 -0.235032 0.080000 0.398333
0 32.742619 6.917937 95.847252 -0.929991 -0.282625 -0.235032 0.080000 0.523051
0 30.843788 13.166605 95.846649 -0.929991 -0.282625 -0.235032 0.110000 0.523051
drum.jpg
0 36.965805 15.702427 68.570831 -0.857454 -0.457758 -0.235012 0.110000 0.398333
0 30.843788 13.166605 95.846649 -0.857454 -0.457758 -0.235012 0.110000 0.523051
0 27.767988 18.927755 95.847252 -0.857454 -0.457758 -0.235012 0.140000 0.523051
drum.jpg
0 32.742619 6.917937 95.847252 -0.947278 -0.287855 -0.140724 0.080000 0.523051
0 31.758049 6.719492 102.880783 -0.947278 -0.287855 -0.140724 0.080000 0.555000
0 29.915802 12.782221 102.880325 -0.947278 -0.287855 -0.140724 0.110000 0.555000
drum.jpg
0 30.843788 13.166605 95.846649 -0.873373 -0.466284 -0.140710 0.110000 0.523051
0 29.915802 12.782221 102.880325 -0.873373 -0.466284 -0.140710 0.110000 0.555000
0 26.931471 18.371881 102.880783 -0.873373 -0.466284 -0.140710 0.140000 0.555000
drum.jpg
0 32.421051 6.921336 0.001923 0.288737 -0.957314 -0.013475 0.080000 0.085000
0 33.400269 7.118151 7.001923 0.288737 -0.957314 -0.013475 0.080000 0.116949
0 32.742619 6.917937 7.133875 0.288737 -0.957314 -0.013475 0.080000 0.116949
drum.jpg
0 30.556034 13.047413 0.001923 -0.134507 -0.040949 -0.990066 0.110000 0.085000
0 32.421051 6.921336 0.001923 -0.134507 -0.040949 -0.990066 0.080000 0.085000
0 31.758049 6.719492 0.100344 -0.134507 -0.040949 -0.990066 0.080000 0.085000
drum.jpg
0 27.543009 18.697969 0.001923 -0.125221 -0.066771 -0.989879 0.140000 0.085000
0 30.556034 13.047413 0.001923 -0.125221 -0.066771 -0.989879 0.110000 0.085000
0 29.915802 12.782221 0.100801 -0.125221 -0.066771 -0.989879 0.110000 0.085000
drum.jpg
0 28.374590 19.251211 7.001923 -0.472170 0.881403 -0.013569 0.140000 0.116949
0 27.543009 18.697969 0.001923 -0.472170 0.881403 -0.013569 0.140000 0.085000
0 26.931471 18.371881 0.100344 -0.472170 0.881403 -0.013569 0.140000 0.085000
drum.jpg
0 33.400269 7.118151 7.001923 0.288575 -0.957184 -0.022895 0.080000 0.116949
0 39.904392 8.425430 34.327702 0.288575 -0.957184 -0.022895 0.080000 0.241667
0 39.239368 8.222971 34.409882 0.288575 -0.957184 -0.022895 0.080000 0.241667
drum.jpg
0 33.898087 22.925934 34.327702 -0.474207 0.880126 -0.022505 0.140000 0.241667
0 28.374590 19.251211 7.001923 -0.474207 0.880126 -0.022505 0.140000 0.116949
0 27.767988 18.927755 7.133875 -0.474207 0.880126 -0.022505 0.140000 0.116949
drum.jpg
0 39.904392 8.425430 34.327702 0.291241 -0.956650 0.000000 0.080000 0.241667
0 39.904392 8.425430 68.653397 0.291241 -0.956650 0.000000 0.080000 0.398333
0 39.239368 8.222971 68.571213 0.291241 -0.956650 0.000000 0.080000 0.398333
drum.jpg
0 33.898087 22.925934 68.653397 -0.470512 0.882394 0.000000 0.140000 0.398333
0 33.898087 22.925934 34.327702 -0.470512 0.882394 0.000000 0.140000 0.241667
0 33.284683 22.598852 34.409882 -0.470512 0.882394 0.000000 0.140000 0.241667
drum.jpg
0 39.904392 8.425430 68.653397 0.287035 -0.957656 0.022505 0.080000 0.398333
0 33.400269 7.118151 95.979202 0.287035 -0.957656 0.022505 0.080000 0.523051
0 32.742619 6.917937 95.847252 0.287035 -0.957656 0.022505 0.080000 0.523051
drum.jpg
0 28.374590 19.251211 95.979202 -0.472776 0.880885 0.022894 0.140000 0.523051
0 33.898087 22.925934 68.653397 -0.472776 0.880885 0.022894 0.140000 0.398333
0 33.284683 22.598852 68.571213 -0.472776 0.880885 0.022894 0.140000 0.398333
drum.jpg
0 33.400269 7.118151 95.979202 0.289372 -0.957121 0.013569 0.080000 0.523051
0 32.421051 6.921336 102.979202 0.289372 -0.957121 0.013569 0.080000 0.555000
0 31.758049 6.719492 102.880783 0.289372 -0.957121 0.013569 0.080000 0.555000
drum.jpg
0 32.421051 6.921336 102.979202 -0.135775 -0.041330 0.989877 0.080000 0.555000
0 30.556034 13.047413 102.979202 -0.135775 -0.041330 0.989877 0.110000 0.555000
0 29.915802 12.782221 102.880325 -0.135775 -0.041330 0.989877 0.110000 0.555000
drum.jpg
0 27.543009 18.697969 102.979202 -0.472752 0.881092 0.013475 0.140000 0.555000
0 28.374590 19.251211 95.979202 -0.472752 0.881092 0.013475 0.140000 0.523051
0 27.767988 18.927755 95.847252 -0.472752 0.881092 0.013475 0.140000 0.523051
drum.jpg
0 30.556034 13.047413 102.979202 -0.124087 -0.066154 0.990064 0.110000 0.555000
0 27.543009 18.697969 102.979202 -0.124087 -0.066154 0.990064 0.140000 0.555000
0 26.931471 18.371881 102.880783 -0.124087 -0.066154 0.990064 0.140000 0.555000
drum.jpg
0 27.469671 18.807726 0.001923 0.764703 0.628856 -0.140602 0.140000 0.085000
0 24.108530 24.460032 7.001923 0.764703 0.628856 -0.140602 0.170000 0.116949
0 28.299032 19.364290 7.001923 0.764703 0.628856 -0.140602 0.140000 0.116949
drum.jpg
0 23.402273 23.753773 0.001923 0.628856 0.764703 -0.140602 0.170000 0.085000
0 19.012791 28.650532 7.001923 0.628856 0.764703 -0.140602 0.200000 0.116949
0 24.108530 24.460032 7.001923 0.628856 0.764703 -0.140602 0.170000 0.116949
drum.jpg
0 28.299032 19.364290 7.001923 0.750768 0.617398 -0.234877 0.140000 0.116949
0 28.799618 29.151119 34.327702 0.750768 0.617398 -0.234877 0.170000 0.241667
0 33.807785 23.061079 34.327702 0.750768 0.617398 -0.234877 0.140000 0.241667
drum.jpg
0 24.108530 24.460032 7.001923 0.617397 0.750768 -0.234877 0.170000 0.116949
0 22.709579 34.159286 34.327702 0.617397 0.750768 -0.234877 0.200000 0.241667
0 28.799618 29.151119 34.327702 0.617397 0.750768 -0.234877 0.170000 0.241667
drum.jpg
0 33.807785 23.061079 34.327702 0.772376 0.635166 0.000000 0.140000 0.241667
0 28.799618 29.151119 68.653397 0.772376 0.635166 0.000000 0.170000 0.398333
0 33.807785 23.061079 68.653397 0.772376 0.635166 0.000000 0.140000 0.398333
drum.jpg
0 28.799618 29.151119 34.327702 0.635166 0.772375 0.000000 0.170000 0.241667
0 22.709579 34.159286 68.653397 0.635166 0.772375 0.000000 0.200000 0.398333
0 28.799618 29.151119 68.653397 0.635166 0.772375 0.000000 0.170000 0.398333
drum.jpg
0 33.807785 23.061079 68.653397 0.750768 0.617398 0.234876 0.140000 0.398333
0 24.108530 24.460032 95.979202 0.750768 0.617398 0.234876 0.170000 0.523051
0 28.299032 19.364290 95.979202 0.750768 0.617398 0.234876 0.140000 0.523051
drum.jpg
0 28.799618 29.151119 68.653397 0.617397 0.750769 0.234876 0.170000 0.398333
0 19.012791 28.650532 95.979202 0.617397 0.750769 0.234876 0.200000 0.523051
0 24.108530 24.460032 95.979202 0.617397 0.750769 0.234876 0.170000 0.523051
drum.jpg
0 28.299032 19.364290 95.979202 0.764703 0.628856 0.140602 0.140000 0.523051
0 23.402273 23.753773 102.979202 0.764703 0.628856 0.140602 0.170000 0.555000
0 27.469671 18.807726 102.979202 0.764703 0.628856 0.140602 0.140000 0.555000
drum.jpg
0 24.108530 24.460032 95.979202 0.628857 0.764703 0.140602 0.170000 0.523051
0 18.456226 27.821171 102.979202 0.628857 0.764703 0.140602 0.200000 0.555000
0 23.402273 23.753773 102.979202 0.628857 0.764703 0.140602 0.170000 0.555000
drum.jpg
0 26.934380 18.367527 0.100344 -0.765016 -0.628452 0.140710 0.140000 0.085000
0 23.622511 23.974012 7.134479 -0.765016 -0.628452 0.140710 0.170000 0.116949
0 22.912262 23.263762 0.100802 -0.765016 -0.628452 0.140710 0.170000 0.085000
drum.jpg
0 22.912262 23.263762 0.100802 -0.628450 -0.765014 0.140724 0.170000 0.085000
0 18.576145 28.119562 7.133875 -0.628450 -0.765014 0.140724 0.200000 0.116949
0 18.016027 27.285879 0.100344 -0.628450 -0.765014 0.140724 0.200000 0.085000
drum.jpg
0 27.768063 18.927645 7.133875 -0.751047 -0.617007 0.235012 0.140000 0.116949
0 28.308098 28.659599 34.410267 -0.751047 -0.617007 0.235012 0.170000 0.241667
0 23.622511 23.974012 7.134479 -0.751047 -0.617007 0.235012 0.170000 0.116949
drum.jpg
0 23.622511 23.974012 7.134479 -0.617004 -0.751043 0.235033 0.170000 0.116949
0 22.268038 33.622364 34.409882 -0.617004 -0.751043 0.235033 0.200000 0.241667
0 18.576145 28.119562 7.133875 -0.617004 -0.751043 0.235033 0.200000 0.116949
drum.jpg
0 33.270863 22.619537 34.409882 -0.772646 -0.634837 0.000000 0.140000 0.241667
0 28.308098 28.659599 68.570831 -0.772646 -0.634837 0.000000 0.170000 0.398333
0 28.308098 28.659599 34.410267 -0.772646 -0.634837 0.000000 0.170000 0.241667
drum.jpg
0 28.308098 28.659599 34.410267 -0.634838 -0.772645 0.000000 0.170000 0.241667
0 22.268038 33.622364 68.571213 -0.634838 -0.772645 0.000000 0.200000 0.398333
0 22.268038 33.622364 34.409882 -0.634838 -0.772645 0.000000 0.200000 0.241667
drum.jpg
0 33.270863 22.619537 68.571213 -0.750998 -0.617066 -0.235014 0.140000 0.398333
0 23.622511 23.974012 95.846649 -0.750998 -0.617066 -0.235014 0.170000 0.523051
0 28.308098 28.659599 68.570831 -0.750998 -0.617066 -0.235014 0.170000 0.398333
drum.jpg
0 28.308098 28.659599 68.570831 -0.617064 -0.750995 -0.235031 0.170000 0.398333
0 18.576145 28.119562 95.847252 -0.617064 -0.750995 -0.235031 0.200000 0.523051
0 22.268038 33.622364 68.571213 -0.617064 -0.750995 -0.235031 0.200000 0.398333
drum.jpg
0 27.768063 18.927645 95.847252 -0.765006 -0.628464 -0.140711 0.140000 0.523051
0 22.912262 23.263762 102.880325 -0.765006 -0.628464 -0.140711 0.170000 0.555000
0 23.622511 23.974012 95.846649 -0.765006 -0.628464 -0.140711 0.170000 0.523051
drum.jpg
0 23.622511 23.974012 95.846649 -0.628461 -0.765006 -0.140724 0.170000 0.523051
0 18.016027 27.285879 102.880783 -0.628461 -0.765006 -0.140724 0.200000 0.555000
0 18.576145 28.119562 95.847252 -0.628461 -0.765006 -0.140724 0.200000 0.523051
drum.jpg
0 27.469671 18.807726 0.001923 0.633628 -0.773520 -0.013504 0.140000 0.085000
0 27.768063 18.927645 7.133875 0.633628 -0.773520 -0.013504 0.140000 0.116949
0 26.934380 18.367527 0.100344 0.633628 -0.773520 -0.013504 0.140000 0.085000
drum.jpg
0 23.402273 23.753773 0.001923 -0.109712 -0.090033 -0.989877 0.170000 0.085000
0 26.934380 18.367527 0.100344 -0.109712 -0.090033 -0.989877 0.140000 0.085000
0 22.912262 23.263762 0.100802 -0.109712 -0.090033 -0.989877 0.170000 0.085000
drum.jpg
0 18.456226 27.821171 0.001923 -0.089194 -0.108690 -0.990066 0.200000 0.085000
0 22.912262 23.263762 0.100802 -0.089194 -0.108690 -0.990066 0.170000 0.085000
0 18.016027 27.285879 0.100344 -0.089194 -0.108690 -0.990066 0.200000 0.085000
drum.jpg
0 19.012791 28.650532 7.001923 -0.773937 0.633121 -0.013411 0.200000 0.116949
0 18.016027 27.285879 0.100344 -0.773937 0.633121 -0.013411 0.200000 0.085000
0 18.576145 28.119562 7.133875 -0.773937 0.633121 -0.013411 0.200000 0.116949
drum.jpg
0 28.299032 19.364290 7.001923 0.631656 -0.774921 -0.022546 0.140000 0.116949
0 33.270863 22.619537 34.409882 0.631656 -0.774921 -0.022546 0.140000 0.241667
0 27.768063 18.927645 7.133875 0.631656 -0.774921 -0.022546 0.140000 0.116949
drum.jpg
0 22.709579 34.159286 34.327702 -0.773893 0.632901 -0.022938 0.200000 0.241667
0 18.576145 28.119562 7.133875 -0.773893 0.632901 -0.022938 0.200000 0.116949
0 22.268038 33.622364 34.409882 -0.773893 0.632901 -0.022938 0.200000 0.241667
drum.jpg
0 33.807785 23.061079 34.327702 0.635166 -0.772376 0.000000 0.140000 0.241667
0 33.270863 22.619537 68.571213 0.635166 -0.772376 0.000000 0.140000 0.398333
0 33.270863 22.619537 34.409882 0.635166 -0.772376 0.000000 0.140000 0.241667
drum.jpg
0 22.709579 34.159286 68.653397 -0.772375 0.635166 0.000000 0.200000 0.398333
0 22.268038 33.622364 34.409882 -0.772375 0.635166 0.000000 0.200000 0.241667
0 22.268038 33.622364 68.571213 -0.772375 0.635166 0.000000 0.200000 0.398333
drum.jpg
0 33.807785 23.061079 68.653397 0.632902 -0.773892 0.022937 0.140000 0.398333
0 27.768063 18.927645 95.847252 0.632902 -0.773892 0.022937 0.140000 0.523051
0 33.270863 22.619537 68.571213 0.632902 -0.773892 0.022937 0.140000 0.398333
drum.jpg
0 19.012791 28.650532 95.979202 -0.774921 0.631656 0.022546 0.200000 0.523051
0 22.268038 33.622364 68.571213 -0.774921 0.631656 0.022546 0.200000 0.398333
0 18.576145 28.119562 95.847252 -0.774921 0.631656 0.022546 0.200000 0.523051
drum.jpg
0 28.299032 19.364290 95.979202 0.633120 -0.773937 0.013411 0.140000 0.523051
0 26.934380 18.367527 102.880783 0.633120 -0.773937 0.013411 0.140000 0.555000
0 27.768063 18.927645 95.847252 0.633120 -0.773937 0.013411 0.140000 0.523051
drum.jpg
0 27.469671 18.807726 102.979202 -0.108681 -0.089192 0.990067 0.140000 0.555000
0 22.912262 23.263762 102.880325 -0.108681 -0.089192 0.990067 0.170000 0.555000
0 26.934380 18.367527 102.880783 -0.108681 -0.089192 0.990067 0.140000 0.555000
drum.jpg
0 18.456226 27.821171 102.979202 -0.773520 0.633628 0.013504 0.200000 0.555000
0 18.576145 28.119562 95.847252 -0.773520 0.633628 0.013504 0.200000 0.523051
0 18.016027 27.285879 102.880783 -0.773520 0.633628 0.013504 0.200000 0.555000
drum.jpg
0 23.402273 23.753773 102.979202 -0.090030 -0.109711 0.989878 0.170000 0.555000
0 18.016027 27.285879 102.880783 -0.090030 -0.109711 0.989878 0.200000 0.555000
0 22.912262 23.263762 102.880325 -0.090030 -0.109711 0.989878 0.170000 0.555000
drum.jpg
0 27.469671 18.807726 0.001923 0.764703 0.628856 -0.140602 0.140000 0.085000
0 23.402273 23.753773 0.001923 0.764703 0.628856 -0.140602 0.170000 0.085000
0 24.108530 24.460032 7.001923 0.764703 0.628856 -0.140602 0.170000 0.116949
drum.jpg
0 23.402273 23.753773 0.001923 0.628856 0.764703 -0.140602 0.170000 0.085000
0 18.456226 27.821171 0.001923 0.628856 0.764703 -0.140602 0.200000 0.085000
0 19.012791 28.650532 7.001923 0.628856 0.764703 -0.140602 0.200000 0.116949
drum.jpg
0 28.299032 19.364290 7.001923 0.750769 0.617397 -0.234877 0.140000 0.116949
0 24.108530 24.460032 7.001923 0.750769 0.617397 -0.234877 0.170000 0.116949
0 28.799618 29.151119 34.327702 0.750769 0.617397 -0.234877 0.170000 0.241667
drum.jpg
0 24.108530 24.460032 7.001923 0.617398 0.750768 -0.234877 0.170000 0.116949
0 19.012791 28.650532 7.001923 0.617398 0.750768 -0.234877 0.200000 0.116949
0 22.709579 34.159286 34.327702 0.617398 0.750768 -0.234877 0.200000 0.241667
drum.jpg
0 33.807785 23.061079 34.327702 0.772375 0.635166 0.000000 0.140000 0.241667
0 28.799618 29.151119 34.327702 0.772375 0.635166 0.000000 0.170000 0.241667
0 28.799618 29.151119 68.653397 0.772375 0.635166 0.000000 0.170000 0.398333
drum.jpg
0 28.799618 29.151119 34.327702 0.635166 0.772376 0.000000 0.170000 0.241667
0 22.709579 34.159286 34.327702 0.635166 0.772376 0.000000 0.200000 0.241667
0 22.709579 34.159286 68.653397 0.635166 0.772376 0.000000 0.200000 0.398333
drum.jpg
0 33.807785 23.061079 68.653397 0.750769 0.617397 0.234877 0.140000 0.398333
0 28.799618 29.151119 68.653397 0.750769 0.617397 0.234877 0.170000 0.398333
0 24.108530 24.460032 95.979202 0.750769 0.617397 0.234877 0.170000 0.523051
drum.jpg
0 28.799618 29.151119 68.653397 0.617398 0.750769 0.234876 0.170000 0.398333
0 22.709579 34.159286 68.653397 0.617398 0.750769 0.234876 0.200000 0.398333
0 19.012791 28.650532 95.979202 0.617398 0.750769 0.234876 0.200000 0.523051
drum.jpg
0 28.299032 19.364290 95.979202 0.764703 0.628856 0.140601 0.140000 0.523051
0 24.108530 24.460032 95.979202 0.764703 0.628856 0.140601 0.170000 0.523051
0 23.402273 23.753773 102.979202 0.764703 0.628856 0.140601 0.170000 0.555000
drum.jpg
0 24.108530 24.460032 95.979202 0.628856 0.764703 0.140602 0.170000 0.523051
0 19.012791 28.650532 95.979202 0.628856 0.764703 0.140602 0.200000 0.523051
0 18.456226 27.821171 102.979202 0.628856 0.764703 0.140602 0.200000 0.555000
drum.jpg
0 26.934380 18.367527 0.100344 -0.765005 -0.628462 0.140724 0.140000 0.085000
0 27.768063 18.927645 7.133875 -0.765005 -0.628462 0.140724 0.140000 0.116949
0 23.622511 23.974012 7.134479 -0.765005 -0.628462 0.140724 0.170000 0.116949
drum.jpg
0 22.912262 23.263762 0.100802 -0.628463 -0.765006 0.140711 0.170000 0.085000
0 23.622511 23.974012 7.134479 -0.628463 -0.765006 0.140711 0.170000 0.116949
0 18.576145 28.119562 7.133875 -0.628463 -0.765006 0.140711 0.200000 0.116949
drum.jpg
0 27.768063 18.927645 7.133875 -0.750995 -0.617063 0.235031 0.140000 0.116949
0 33.270863 22.619537 34.409882 -0.750995 -0.617063 0.235031 0.140000 0.241667
0 28.308098 28.659599 34.410267 -0.750995 -0.617063 0.235031 0.170000 0.241667
drum.jpg
0 23.622511 23.974012 7.134479 -0.617066 -0.750998 0.235014 0.170000 0.116949
0 28.308098 28.659599 34.410267 -0.617066 -0.750998 0.235014 0.170000 0.241667
0 22.268038 33.622364 34.409882 -0.617066 -0.750998 0.235014 0.200000 0.241667
drum.jpg
0 33.270863 22.619537 34.409882 -0.772646 -0.634838 0.000000 0.140000 0.241667
0 33.270863 22.619537 68.571213 -0.772646 -0.634838 0.000000 0.140000 0.398333
0 28.308098 28.659599 68.570831 -0.772646 -0.634838 0.000000 0.170000 0.398333
drum.jpg
0 28.308098 28.659599 34.410267 -0.634837 -0.772646 0.000000 0.170000 0.241667
0 28.308098 28.659599 68.570831 -0.634837 -0.772646 0.000000 0.170000 0.398333
0 22.268038 33.622364 68.571213 -0.634837 -0.772646 0.000000 0.200000 0.398333
drum.jpg
0 33.270863 22.619537 68.571213 -0.751043 -0.617004 -0.235032 0.140000 0.398333
0 27.768063 18.927645 95.847252 -0.751043 -0.617004 -0.235032 0.140000 0.523051
0 23.622511 23.974012 95.846649 -0.751043 -0.617004 -0.235032 0.170000 0.523051
drum.jpg
0 28.308098 28.659599 68.570831 -0.617007 -0.751047 -0.235011 0.170000 0.398333
0 23.622511 23.974012 95.846649 -0.617007 -0.751047 -0.235011 0.170000 0.523051
0 18.576145 28.119562 95.847252 -0.617007 -0.751047 -0.235011 0.200000 0.523051
drum.jpg
0 27.768063 18.927645 95.847252 -0.765015 -0.628450 -0.140724 0.140000 0.523051
0 26.934380 18.367527 102.880783 -0.765015 -0.628450 -0.140724 0.140000 0.555000
0 22.912262 23.263762 102.880325 -0.765015 -0.628450 -0.140724 0.170000 0.555000
drum.jpg
0 23.622511 23.974012 95.846649 -0.628452 -0.765015 -0.140710 0.170000 0.523051
0 22.912262 23.263762 102.880325 -0.628452 -0.765015 -0.140710 0.170000 0.555000
0 18.016027 27.285879 102.880783 -0.628452 -0.765015 -0.140710 0.200000 0.555000
drum.jpg
0 27.469671 18.807726 0.001923 0.633109 -0.773945 -0.013475 0.140000 0.085000
0 28.299032 19.364290 7.001923 0.633109 -0.773945 -0.013475 0.140000 0.116949
0 27.768063 18.927645 7.133875 0.633109 -0.773945 -0.013475 0.140000 0.116949
drum.jpg
0 23.402273 23.753773 0.001923 -0.108598 -0.089305 -0.990066 0.170000 0.085000
0 27.469671 18.807726 0.001923 -0.108598 -0.089305 -0.990066 0.140000 0.085000
0 26.934380 18.367527 0.100344 -0.108598 -0.089305 -0.990066 0.140000 0.085000
drum.jpg
0 18.456226 27.821171 0.001923 -0.090137 -0.109609 -0.989879 0.200000 0.085000
0 23.402273 23.753773 0.001923 -0.090137 -0.109609 -0.989879 0.170000 0.085000
0 22.912262 23.263762 0.100802 -0.090137 -0.109609 -0.989879 0.170000 0.085000
drum.jpg
0 19.012791 28.650532 7.001923 -0.773528 0.633617 -0.013568 0.200000 0.116949
0 18.456226 27.821171 0.001923 -0.773528 0.633617 -0.013568 0.200000 0.085000
0 18.016027 27.285879 0.100344 -0.773528 0.633617 -0.013568 0.200000 0.085000
drum.jpg
0 28.299032 19.364290 7.001923 0.632906 -0.773890 -0.022896 0.140000 0.116949
0 33.807785 23.061079 34.327702 0.632906 -0.773890 -0.022896 0.140000 0.241667
0 33.270863 22.619537 34.409882 0.632906 -0.773890 -0.022896 0.140000 0.241667
drum.jpg
0 22.709579 34.159286 34.327702 -0.774914 0.631666 -0.022504 0.200000 0.241667
0 19.012791 28.650532 7.001923 -0.774914 0.631666 -0.022504 0.200000 0.116949
0 18.576145 28.119562 7.133875 -0.774914 0.631666 -0.022504 0.200000 0.116949
drum.jpg
0 33.807785 23.061079 34.327702 0.635165 -0.772376 0.000000 0.140000 0.241667
0 33.807785 23.061079 68.653397 0.635165 -0.772376 0.000000 0.140000 0.398333
0 33.270863 22.619537 68.571213 0.635165 -0.772376 0.000000 0.140000 0.398333
drum.jpg
0 22.709579 34.159286 68.653397 -0.772373 0.635169 0.000000 0.200000 0.398333
0 22.709579 34.159286 34.327702 -0.772373 0.635169 0.000000 0.200000 0.241667
0 22.268038 33.622364 34.409882 -0.772373 0.635169 0.000000 0.200000 0.241667
drum.jpg
0 33.807785 23.061079 68.653397 0.631664 -0.774916 0.022506 0.140000 0.398333
0 28.299032 19.364290 95.979202 0.631664 -0.774916 0.022506 0.140000 0.523051
0 27.768063 18.927645 95.847252 0.631664 -0.774916 0.022506 0.140000 0.523051
drum.jpg
0 19.012791 28.650532 95.979202 -0.773889 0.632908 0.022896 0.200000 0.523051
0 22.709579 34.159286 68.653397 -0.773889 0.632908 0.022896 0.200000 0.398333
0 22.268038 33.622364 68.571213 -0.773889 0.632908 0.022896 0.200000 0.398333
drum.jpg
0 28.299032 19.364290 95.979202 0.633620 -0.773525 0.013569 0.140000 0.523051
0 27.469671 18.807726 102.979202 0.633620 -0.773525 0.013569 0.140000 0.555000
0 26.934380 18.367527 102.880783 0.633620 -0.773525 0.013569 0.140000 0.555000
drum.jpg
0 27.469671 18.807726 102.979202 -0.109612 -0.090136 0.989879 0.140000 0.555000
0 23.402273 23.753773 102.979202 -0.109612 -0.090136 0.989879 0.170000 0.555000
0 22.912262 23.263762 102.880325 -0.109612 -0.090136 0.989879 0.170000 0.555000
drum.jpg
0 18.456226 27.821171 102.979202 -0.773946 0.633108 0.013475 0.200000 0.555000
0 19.012791 28.650532 95.979202 -0.773946 0.633108 0.013475 0.200000 0.523051
0 18.576145 28.119562 95.847252 -0.773946 0.633108 0.013475 0.200000 0.523051
drum.jpg
0 23.402273 23.753773 102.979202 -0.089306 -0.108595 0.990066 0.170000 0.555000
0 18.456226 27.821171 102.979202 -0.089306 -0.108595 0.990066 0.200000 0.555000
0 18.016027 27.285879 102.880783 -0.089306 -0.108595 0.990066 0.200000 0.555000
drum.jpg
0 18.346468 27.894508 0.001923 0.465841 0.873627 -0.140602 0.200000 0.085000
0 13.078136 31.830303 7.001923 0.465841 0.873627 -0.140602 0.230000 0.116949
0 18.899710 28.726089 7.001923 0.465841 0.873627 -0.140602 0.200000 0.116949
drum.jpg
0 12.695912 30.907534 0.001923 0.288349 0.947146 -0.140601 0.230000 0.085000
0 6.766651 33.751766 7.001923 0.288349 0.947146 -0.140601 0.260000 0.116949
0 13.078136 31.830303 7.001923 0.288349 0.947146 -0.140601 0.230000 0.116949
drum.jpg
0 18.899710 28.726089 7.001923 0.457352 0.857707 -0.234877 0.200000 0.116949
0 15.616935 37.959507 34.327702 0.457352 0.857707 -0.234877 0.230000 0.241667
0 22.574434 34.249584 34.327702 0.457352 0.857707 -0.234877 0.200000 0.241667
drum.jpg
0 13.078136 31.830303 7.001923 0.283094 0.929888 -0.234876 0.230000 0.116949
0 8.073930 40.255890 34.327702 0.283094 0.929888 -0.234876 0.260000 0.241667
0 15.616935 37.959507 34.327702 0.283094 0.929888 -0.234876 0.230000 0.241667
drum.jpg
0 22.574434 34.249584 34.327702 0.470515 0.882392 0.000000 0.200000 0.241667
0 15.616935 37.959507 68.653397 0.470515 0.882392 0.000000 0.230000 0.398333
0 22.574434 34.249584 68.653397 0.470515 0.882392 0.000000 0.200000 0.398333
drum.jpg
0 15.616935 37.959507 34.327702 0.291241 0.956650 0.000000 0.230000 0.241667
0 8.073930 40.255890 68.653397 0.291241 0.956650 0.000000 0.260000 0.398333
0 15.616935 37.959507 68.653397 0.291241 0.956650 0.000000 0.230000 0.398333
drum.jpg
0 22.574434 34.249584 68.653397 0.457352 0.857708 0.234876 0.200000 0.398333
0 13.078136 31.830303 95.979202 0.457352 0.857708 0.234876 0.230000 0.523051
0 18.899710 28.726089 95.979202 0.457352 0.857708 0.234876 0.200000 0.523051
drum.jpg
0 15.616935 37.959507 68.653397 0.283094 0.929888 0.234876 0.230000 0.398333
0 6.766651 33.751766 95.979202 0.283094 0.929888 0.234876 0.260000 0.523051
0 13.078136 31.830303 95.979202 0.283094 0.929888 0.234876 0.230000 0.523051
drum.jpg
0 18.899710 28.726089 95.979202 0.465840 0.873627 0.140602 0.200000 0.523051
0 12.695912 30.907534 102.979202 0.465840 0.873627 0.140602 0.230000 0.555000
0 18.346468 27.894508 102.979202 0.465840 0.873627 0.140602 0.200000 0.555000
drum.jpg
0 13.078136 31.830303 95.979202 0.288348 0.947147 0.140602 0.230000 0.523051
0 6.569836 32.772549 102.979202 0.288348 0.947147 0.140602 0.260000 0.555000
0 12.695912 30.907534 102.979202 0.288348 0.947147 0.140602 0.230000 0.555000
drum.jpg
0 18.020380 27.282970 0.100344 -0.466284 -0.873373 0.140710 0.200000 0.085000
0 12.815104 31.195290 7.134479 -0.466284 -0.873373 0.140710 0.230000 0.116949
0 12.430720 30.267302 0.100802 -0.466284 -0.873373 0.140710 0.230000 0.085000
drum.jpg
0 12.430720 30.267302 0.100802 -0.287854 -0.947279 0.140724 0.230000 0.085000
0 6.566437 33.094116 7.133875 -0.287854 -0.947279 0.140724 0.260000 0.116949
0 6.367992 32.109547 0.100344 -0.287854 -0.947279 0.140724 0.260000 0.085000
drum.jpg
0 18.576254 28.119488 7.133875 -0.457758 -0.857454 0.235012 0.200000 0.116949
0 15.350926 37.317307 34.410267 -0.457758 -0.857454 0.235012 0.230000 0.241667
0 12.815104 31.195290 7.134479 -0.457758 -0.857454 0.235012 0.230000 0.116949
drum.jpg
0 12.815104 31.195290 7.134479 -0.282625 -0.929991 0.235033 0.230000 0.116949
0 7.871471 39.590866 34.409882 -0.282625 -0.929991 0.235033 0.260000 0.241667
0 6.566437 33.094116 7.133875 -0.282625 -0.929991 0.235033 0.260000 0.116949
drum.jpg
0 22.247351 33.636181 34.409882 -0.470890 -0.882192 0.000000 0.200000 0.241667
0 15.350926 37.317307 68.570831 -0.470890 -0.882192 0.000000 0.230000 0.398333
0 15.350926 37.317307 34.410267 -0.470890 -0.882192 0.000000 0.230000 0.241667
drum.jpg
0 15.350926 37.317307 34.410267 -0.290834 -0.956774 0.000000 0.230000 0.241667
0 7.871471 39.590866 68.571213 -0.290834 -0.956774 0.000000 0.260000 0.398333
0 7.871471 39.590866 34.409882 -0.290834 -0.956774 0.000000 0.260000 0.241667
drum.jpg
0 22.247351 33.636181 68.571213 -0.457691 -0.857489 -0.235014 0.200000 0.398333
0 12.815104 31.195290 95.846649 -0.457691 -0.857489 -0.235014 0.230000 0.523051
0 15.350926 37.317307 68.570831 -0.457691 -0.857489 -0.235014 0.230000 0.398333
drum.jpg
0 15.350926 37.317307 68.570831 -0.282698 -0.929969 -0.235031 0.230000 0.398333
0 6.566437 33.094116 95.847252 -0.282698 -0.929969 -0.235031 0.260000 0.523051
0 7.871471 39.590866 68.571213 -0.282698 -0.929969 -0.235031 0.260000 0.398333
drum.jpg
0 18.576254 28.119488 95.847252 -0.466270 -0.873380 -0.140711 0.200000 0.523051
0 12.430720 30.267302 102.880325 -0.466270 -0.873380 -0.140711 0.230000 0.555000
0 12.815104 31.195290 95.846649 -0.466270 -0.873380 -0.140711 0.230000 0.523051
drum.jpg
0 12.815104 31.195290 95.846649 -0.287868 -0.947274 -0.140724 0.230000 0.523051
0 6.367992 32.109547 102.880783 -0.287868 -0.947274 -0.140724 0.260000 0.555000
0 6.566437 33.094116 95.847252 -0.287868 -0.947274 -0.140724 0.260000 0.523051
drum.jpg
0 18.346468 27.894508 0.001923 0.881410 -0.472159 -0.013503 0.200000 0.085000
0 18.576254 28.119488 7.133875 0.881410 -0.472159 -0.013503 0.200000 0.116949
0 18.020380 27.282970 0.100344 0.881410 -0.472159 -0.013503 0.200000 0.085000
drum.jpg
0 12.695912 30.907534 0.001923 -0.066906 -0.125164 -0.989878 0.230000 0.085000
0 18.020380 27.282970 0.100344 -0.066906 -0.125164 -0.989878 0.200000 0.085000
0 12.430720 30.267302 0.100802 -0.066906 -0.125164 -0.989878 0.230000 0.085000
drum.jpg
0 6.569836 32.772549 0.001923 -0.040810 -0.134550 -0.990066 0.260000 0.085000
0 12.430720 30.267302 0.100802 -0.040810 -0.134550 -0.990066 0.230000 0.085000
0 6.367992 32.109547 0.100344 -0.040810 -0.134550 -0.990066 0.260000 0.085000
drum.jpg
0 6.766651 33.751766 7.001923 -0.957310 0.288752 -0.013410 0.260000 0.116949
0 6.367992 32.109547 0.100344 -0.957310 0.288752 -0.013410 0.260000 0.085000
0 6.566437 33.094116 7.133875 -0.957310 0.288752 -0.013410 0.260000 0.116949
drum.jpg
0 18.899710 28.726089 7.001923 0.880123 -0.474209 -0.022546 0.200000 0.116949
0 22.247351 33.636181 34.409882 0.880123 -0.474209 -0.022546 0.200000 0.241667
0 18.576254 28.119488 7.133875 0.880123 -0.474209 -0.022546 0.200000 0.116949
drum.jpg
0 8.073930 40.255890 34.327702 -0.957184 0.288571 -0.022936 0.260000 0.241667
0 6.566437 33.094116 7.133875 -0.957184 0.288571 -0.022936 0.260000 0.116949
0 7.871471 39.590866 34.409882 -0.957184 0.288571 -0.022936 0.260000 0.241667
drum.jpg
0 22.574434 34.249584 34.327702 0.882390 -0.470519 0.000000 0.200000 0.241667
0 22.247351 33.636181 68.571213 0.882390 -0.470519 0.000000 0.200000 0.398333
0 22.247351 33.636181 34.409882 0.882390 -0.470519 0.000000 0.200000 0.241667
drum.jpg
0 8.073930 40.255890 68.653397 -0.956650 0.291241 0.000000 0.260000 0.398333
0 7.871471 39.590866 34.409882 -0.956650 0.291241 0.000000 0.260000 0.241667
0 7.871471 39.590866 68.571213 -0.956650 0.291241 0.000000 0.260000 0.398333
drum.jpg
0 22.574434 34.249584 68.653397 0.880880 -0.472783 0.022935 0.200000 0.398333
0 18.576254 28.119488 95.847252 0.880880 -0.472783 0.022935 0.200000 0.523051
0 22.247351 33.636181 68.571213 0.880880 -0.472783 0.022935 0.200000 0.398333
drum.jpg
0 6.766651 33.751766 95.979202 -0.957658 0.287023 0.022545 0.260000 0.523051
0 7.871471 39.590866 68.571213 -0.957658 0.287023 0.022545 0.260000 0.398333
0 6.566437 33.094116 95.847252 -0.957658 0.287023 0.022545 0.260000 0.523051
drum.jpg
0 18.899710 28.726089 95.979202 0.881099 -0.472741 0.013410 0.200000 0.523051
0 18.020380 27.282970 102.880783 0.881099 -0.472741 0.013410 0.200000 0.555000
0 18.576254 28.119488 95.847252 0.881099 -0.472741 0.013410 0.200000 0.523051
drum.jpg
0 18.346468 27.894508 102.979202 -0.066285 -0.123995 0.990066 0.200000 0.555000
0 12.430720 30.267302 102.880325 -0.066285 -0.123995 0.990066 0.230000 0.555000
0 18.020380 27.282970 102.880783 -0.066285 -0.123995 0.990066 0.200000 0.555000
drum.jpg
0 6.569836 32.772549 102.979202 -0.957119 0.289381 0.013504 0.260000 0.555000
0 6.566437 33.094116 95.847252 -0.957119 0.289381 0.013504 0.260000 0.523051
0 6.367992 32.109547 102.880783 -0.957119 0.289381 0.013504 0.260000 0.555000
drum.jpg
0 12.695912 30.907534 102.979202 -0.041192 -0.135812 0.989878 0.230000 0.555000
0 6.367992 32.109547 102.880783 -0.041192 -0.135812 0.989878 0.260000 0.555000
0 12.430720 30.267302 102.880325 -0.041192 -0.135812 0.989878 0.230000 0.555000
drum.jpg
0 18.346468 27.894508 0.001923 0.465841 0.873627 -0.140602 0.200000 0.085000
0 12.695912 30.907534 0.001923 0.465841 0.873627 -0.140602 0.230000 0.085000
0 13.078136 31.830303 7.001923 0.465841 0.873627 -0.140602 0.230000 0.116949
drum.jpg
0 12.695912 30.907534 0.001923 0.288348 0.947147 -0.140602 0.230000 0.085000
0 6.569836 32.772549 0.001923 0.288348 0.947147 -0.140602 0.260000 0.085000
0 6.766651 33.751766 7.001923 0.288348 0.947147 -0.140602 0.260000 0.116949
drum.jpg
0 18.899710 28.726089 7.001923 0.457352 0.857708 -0.234877 0.200000 0.116949
0 13.078136 31.830303 7.001923 0.457352 0.857708 -0.234877 0.230000 0.116949
0 15.616935 37.959507 34.327702 0.457352 0.857708 -0.234877 0.230000 0.241667
drum.jpg
0 13.078136 31.830303 7.001923 0.283094 0.929887 -0.234877 0.230000 0.116949
0 6.766651 33.751766 7.001923 0.283094 0.929887 -0.234877 0.260000 0.116949
0 8.073930 40.255890 34.327702 0.283094 0.929887 -0.234877 0.260000 0.241667
drum.jpg
0 22.574434 34.249584 34.327702 0.470515 0.882392 0.000000 0.200000 0.241667
0 15.616935 37.959507 34.327702 0.470515 0.882392 0.000000 0.230000 0.241667
0 15.616935 37.959507 68.653397 0.470515 0.882392 0.000000 0.230000 0.398333
drum.jpg
0 15.616935 37.959507 34.327702 0.291241 0.956650 0.000000 0.230000 0.241667
0 8.073930 40.255890 34.327702 0.291241 0.956650 0.000000 0.260000 0.241667
0 8.073930 40.255890 68.653397 0.291241 0.956650 0.000000 0.260000 0.398333
drum.jpg
0 22.574434 34.249584 68.653397 0.457352 0.857708 0.234876 0.200000 0.398333
0 15.616935 37.959507 68.653397 0.457352 0.857708 0.234876 0.230000 0.398333
0 13.078136 31.830303 95.979202 0.457352 0.857708 0.234876 0.230000 0.523051
drum.jpg
0 15.616935 37.959507 68.653397 0.283094 0.929888 0.234876 0.230000 0.398333
0 8.073930 40.255890 68.653397 0.283094 0.929888 0.234876 0.260000 0.398333
0 6.766651 33.751766 95.979202 0.283094 0.929888 0.234876 0.260000 0.523051
drum.jpg
0 18.899710 28.726089 95.979202 0.465841 0.873626 0.140602 0.200000 0.523051
0 13.078136 31.830303 95.979202 0.465841 0.873626 0.140602 0.230000 0.523051
0 12.695912 30.907534 102.979202 0.465841 0.873626 0.140602 0.230000 0.555000
drum.jpg
0 13.078136 31.830303 95.979202 0.288348 0.947147 0.140602 0.230000 0.523051
0 6.766651 33.751766 95.979202 0.288348 0.947147 0.140602 0.260000 0.523051
0 6.569836 32.772549 102.979202 0.288348 0.947147 0.140602 0.260000 0.555000
drum.jpg
0 18.020380 27.282970 0.100344 -0.466270 -0.873378 0.140723 0.200000 0.085000
0 18.576254 28.119488 7.133875 -0.466270 -0.873378 0.140723 0.200000 0.116949
0 12.815104 31.195290 7.134479 -0.466270 -0.873378 0.140723 0.230000 0.116949
drum.jpg
0 12.430720 30.267302 0.100802 -0.287869 -0.947276 0.140711 0.230000 0.085000
0 12.815104 31.195290 7.134479 -0.287869 -0.947276 0.140711 0.230000 0.116949
0 6.566437 33.094116 7.133875 -0.287869 -0.947276 0.140711 0.260000 0.116949
drum.jpg
0 18.576254 28.119488 7.133875 -0.457689 -0.857485 0.235031 0.200000 0.116949
0 22.247351 33.636181 34.409882 -0.457689 -0.857485 0.235031 0.200000 0.241667
0 15.350926 37.317307 34.410267 -0.457689 -0.857485 0.235031 0.230000 0.241667
drum.jpg
0 12.815104 31.195290 7.134479 -0.282700 -0.929973 0.235014 0.230000 0.116949
0 15.350926 37.317307 34.410267 -0.282700 -0.929973 0.235014 0.230000 0.241667
0 7.871471 39.590866 34.409882 -0.282700 -0.929973 0.235014 0.260000 0.241667
drum.jpg
0 22.247351 33.636181 34.409882 -0.470890 -0.882192 0.000000 0.200000 0.241667
0 22.247351 33.636181 68.571213 -0.470890 -0.882192 0.000000 0.200000 0.398333
0 15.350926 37.317307 68.570831 -0.470890 -0.882192 0.000000 0.230000 0.398333
drum.jpg
0 15.350926 37.317307 34.410267 -0.290834 -0.956774 0.000000 0.230000 0.241667
0 15.350926 37.317307 68.570831 -0.290834 -0.956774 0.000000 0.230000 0.398333
0 7.871471 39.590866 68.571213 -0.290834 -0.956774 0.000000 0.260000 0.398333
drum.jpg
0 22.247351 33.636181 68.571213 -0.457757 -0.857449 -0.235032 0.200000 0.398333
0 18.576254 28.119488 95.847252 -0.457757 -0.857449 -0.235032 0.200000 0.523051
0 12.815104 31.195290 95.846649 -0.457757 -0.857449 -0.235032 0.230000 0.523051
drum.jpg
0 15.350926 37.317307 68.570831 -0.282627 -0.929996 -0.235011 0.230000 0.398333
0 12.815104 31.195290 95.846649 -0.282627 -0.929996 -0.235011 0.230000 0.523051
0 6.566437 33.094116 95.847252 -0.282627 -0.929996 -0.235011 0.260000 0.523051
drum.jpg
0 18.576254 28.119488 95.847252 -0.466284 -0.873371 -0.140723 0.200000 0.523051
0 18.020380 27.282970 102.880783 -0.466284 -0.873371 -0.140723 0.200000 0.555000
0 12.430720 30.267302 102.880325 -0.466284 -0.873371 -0.140723 0.230000 0.555000
drum.jpg
0 12.815104 31.195290 95.846649 -0.287855 -0.947280 -0.140710 0.230000 0.523051
0 12.430720 30.267302 102.880325 -0.287855 -0.947280 -0.140710 0.230000 0.555000
0 6.367992 32.109547 102.880783 -0.287855 -0.947280 -0.140710 0.260000 0.555000
drum.jpg
0 18.346468 27.894508 0.001923 0.881092 -0.472752 -0.013475 0.200000 0.085000
0 18.899710 28.726089 7.001923 0.881092 -0.472752 -0.013475 0.200000 0.116949
0 18.576254 28.119488 7.133875 0.881092 -0.472752 -0.013475 0.200000 0.116949
drum.jpg
0 12.695912 30.907534 0.001923 -0.066156 -0.124067 -0.990066 0.230000 0.085000
0 18.346468 27.894508 0.001923 -0.066156 -0.124067 -0.990066 0.200000 0.085000
0 18.020380 27.282970 0.100344 -0.066156 -0.124067 -0.990066 0.200000 0.085000
drum.jpg
0 6.569836 32.772549 0.001923 -0.041330 -0.135758 -0.989880 0.260000 0.085000
0 12.695912 30.907534 0.001923 -0.041330 -0.135758 -0.989880 0.230000 0.085000
0 12.430720 30.267302 0.100802 -0.041330 -0.135758 -0.989880 0.230000 0.085000
drum.jpg
0 6.766651 33.751766 7.001923 -0.957121 0.289370 -0.013569 0.260000 0.116949
0 6.569836 32.772549 0.001923 -0.957121 0.289370 -0.013569 0.260000 0.085000
0 6.367992 32.109547 0.100344 -0.957121 0.289370 -0.013569 0.260000 0.085000
drum.jpg
0 18.899710 28.726089 7.001923 0.880885 -0.472776 -0.022895 0.200000 0.116949
0 22.574434 34.249584 34.327702 0.880885 -0.472776 -0.022895 0.200000 0.241667
0 22.247351 33.636181 34.409882 0.880885 -0.472776 -0.022895 0.200000 0.241667
drum.jpg
0 8.073930 40.255890 34.327702 -0.957657 0.287030 -0.022505 0.260000 0.241667
0 6.766651 33.751766 7.001923 -0.957657 0.287030 -0.022505 0.260000 0.116949
0 6.566437 33.094116 7.133875 -0.957657 0.287030 -0.022505 0.260000 0.116949
drum.jpg
0 22.574434 34.249584 34.327702 0.882394 -0.470512 0.000000 0.200000 0.241667
0 22.574434 34.249584 68.653397 0.882394 -0.470512 0.000000 0.200000 0.398333
0 22.247351 33.636181 68.571213 0.882394 -0.470512 0.000000 0.200000 0.398333
drum.jpg
0 8.073930 40.255890 68.653397 -0.956649 0.291242 0.000000 0.260000 0.398333
0 8.073930 40.255890 34.327702 -0.956649 0.291242 0.000000 0.260000 0.241667
0 7.871471 39.590866 34.409882 -0.956649 0.291242 0.000000 0.260000 0.241667
drum.jpg
0 22.574434 34.249584 68.653397 0.880128 -0.474202 0.022506 0.200000 0.398333
0 18.899710 28.726089 95.979202 0.880128 -0.474202 0.022506 0.200000 0.523051
0 18.576254 28.119488 95.847252 0.880128 -0.474202 0.022506 0.200000 0.523051
drum.jpg
0 6.766651 33.751766 95.979202 -0.957184 0.288573 0.022895 0.260000 0.523051
0 8.073930 40.255890 68.653397 -0.957184 0.288573 0.022895 0.260000 0.398333
0 7.871471 39.590866 68.571213 -0.957184 0.288573 0.022895 0.260000 0.398333
drum.jpg
0 18.899710 28.726089 95.979202 0.881403 -0.472170 0.013569 0.200000 0.523051
0 18.346468 27.894508 102.979202 0.881403 -0.472170 0.013569 0.200000 0.555000
0 18.020380 27.282970 102.880783 0.881403 -0.472170 0.013569 0.200000 0.555000
drum.jpg
0 18.346468 27.894508 102.979202 -0.066762 -0.125220 0.989880 0.200000 0.555000
0 12.695912 30.907534 102.979202 -0.066762 -0.125220 0.989880 0.230000 0.555000
0 12.430720 30.267302 102.880325 -0.066762 -0.125220 0.989880 0.230000 0.555000
drum.jpg
0 6.569836 32.772549 102.979202 -0.957313 0.288738 0.013475 0.260000 0.555000
0 6.766651 33.751766 95.979202 -0.957313 0.288738 0.013475 0.260000 0.523051
0 6.566437 33.094116 95.847252 -0.957313 0.288738 0.013475 0.260000 0.523051
drum.jpg
0 12.695912 30.907534 102.979202 -0.040947 -0.134505 0.990067 0.230000 0.555000
0 6.569836 32.772549 102.979202 -0.040947 -0.134505 0.990067 0.260000 0.555000
0 6.367992 32.109547 102.880783 -0.040947 -0.134505 0.990067 0.260000 0.555000
drum.jpg
0 6.440368 32.798302 0.001923 0.096058 0.985395 -0.140602 0.260000 0.085000
0 0.066900 34.418400 7.001923 0.096058 0.985395 -0.140602 0.290000 0.116949
0 6.633265 33.778297 7.001923 0.096058 0.985395 -0.140602 0.260000 0.116949
drum.jpg
0 0.066900 33.419601 0.001923 -0.096058 0.985395 -0.140602 0.290000 0.085000
0 -6.499465 33.778297 7.001923 -0.096058 0.985395 -0.140602 0.320000 0.116949
0 0.066900 34.418400 7.001923 -0.096058 0.985395 -0.140602 0.290000 0.116949
drum.jpg
0 6.633265 33.778297 7.001923 0.094308 0.967440 -0.234876 0.260000 0.116949
0 0.066900 41.052601 34.327702 0.094308 0.967440 -0.234876 0.290000 0.241667
0 7.914516 40.287601 34.327702 0.094308 0.967440 -0.234876 0.260000 0.241667
drum.jpg
0 0.066900 34.418400 7.001923 -0.094308 0.967440 -0.234876 0.290000 0.116949
0 -7.780716 40.287601 34.327702 -0.094308 0.967440 -0.234876 0.320000 0.241667
0 0.066900 41.052601 34.327702 -0.094308 0.967440 -0.234876 0.290000 0.241667
drum.jpg
0 7.914516 40.287601 34.327702 0.097022 0.995282 0.000000 0.260000 0.241667
0 0.066900 41.052601 68.653397 0.097022 0.995282 0.000000 0.290000 0.398333
0 7.914516 40.287601 68.653397 0.097022 0.995282 0.000000 0.260000 0.398333
drum.jpg
0 0.066900 41.052601 34.327702 -0.097022 0.995282 0.000000 0.290000 0.241667
0 -7.780716 40.287601 68.653397 -0.097022 0.995282 0.000000 0.320000 0.398333
0 0.066900 41.052601 68.653397 -0.097022 0.995282 0.000000 0.290000 0.398333
drum.jpg
0 7.914516 40.287601 68.653397 0.094308 0.967440 0.234876 0.260000 0.398333
0 0.066900 34.418400 95.979202 0.094308 0.967440 0.234876 0.290000 0.523051
0 6.633265 33.778297 95.979202 0.094308 0.967440 0.234876 0.260000 0.523051
drum.jpg
0 0.066900 41.052601 68.653397 -0.094308 0.967440 0.234876 0.290000 0.398333
0 -6.499465 33.778297 95.979202 -0.094308 0.967440 0.234876 0.320000 0.523051
0 0.066900 34.418400 95.979202 -0.094308 0.967440 0.234876 0.290000 0.523051
drum.jpg
0 6.633265 33.778297 95.979202 0.096058 0.985395 0.140602 0.260000 0.523051
0 0.066900 33.419601 102.979202 0.096058 0.985395 0.140602 0.290000 0.555000
0 6.440368 32.798302 102.979202 0.096058 0.985395 0.140602 0.260000 0.555000
drum.jpg
0 0.066900 34.418400 95.979202 -0.096059 0.985395 0.140602 0.290000 0.523051
0 -6.306568 32.798302 102.979202 -0.096059 0.985395 0.140602 0.320000 0.555000
0 0.066900 33.419601 102.979202 -0.096059 0.985395 0.140602 0.290000 0.555000
drum.jpg
0 6.373127 32.108524 0.100344 -0.096565 -0.985330 0.140710 0.260000 0.085000
0 0.066900 33.731064 7.134479 -0.096565 -0.985330 0.140710 0.290000 0.116949
0 0.066900 32.726620 0.100802 -0.096565 -0.985330 0.140710 0.290000 0.085000
drum.jpg
0 0.066900 32.726620 0.100802 0.096565 -0.985328 0.140724 0.290000 0.085000
0 -6.432766 33.094090 7.133875 0.096565 -0.985328 0.140724 0.320000 0.116949
0 -6.239327 32.108524 0.100344 0.096565 -0.985328 0.140724 0.320000 0.085000
drum.jpg
0 6.566566 33.094090 7.133875 -0.094781 -0.967360 0.235012 0.260000 0.116949
0 0.066900 40.357487 34.410267 -0.094781 -0.967360 0.235012 0.290000 0.241667
0 0.066900 33.731064 7.134479 -0.094781 -0.967360 0.235012 0.290000 0.116949
drum.jpg
0 0.066900 33.731064 7.134479 0.094780 -0.967355 0.235033 0.290000 0.116949
0 -7.713271 39.595722 34.409882 0.094780 -0.967355 0.235033 0.320000 0.241667
0 -6.432766 33.094090 7.133875 0.094780 -0.967355 0.235033 0.320000 0.116949
drum.jpg
0 7.847071 39.595722 34.409882 -0.097445 -0.995241 0.000000 0.260000 0.241667
0 0.066900 40.357487 68.570831 -0.097445 -0.995241 0.000000 0.290000 0.398333
0 0.066900 40.357487 34.410267 -0.097445 -0.995241 0.000000 0.290000 0.241667
drum.jpg
0 0.066900 40.357487 34.410267 0.097445 -0.995241 0.000000 0.290000 0.241667
0 -7.713271 39.595722 68.571213 0.097445 -0.995241 0.000000 0.320000 0.398333
0 -7.713271 39.595722 34.409882 0.097445 -0.995241 0.000000 0.320000 0.241667
drum.jpg
0 7.847071 39.595722 68.571213 -0.094705 -0.967367 -0.235014 0.260000 0.398333
0 0.066900 33.731064 95.846649 -0.094705 -0.967367 -0.235014 0.290000 0.523051
0 0.066900 40.357487 68.570831 -0.094705 -0.967367 -0.235014 0.290000 0.398333
drum.jpg
0 0.066900 40.357487 68.570831 0.094704 -0.967363 -0.235031 0.290000 0.398333
0 -6.432766 33.094090 95.847252 0.094704 -0.967363 -0.235031 0.320000 0.523051
0 -7.713271 39.595722 68.571213 0.094704 -0.967363 -0.235031 0.320000 0.398333
drum.jpg
0 6.566567 33.094090 95.847252 -0.096550 -0.985332 -0.140709 0.260000 0.523051
0 0.066900 32.726620 102.880325 -0.096550 -0.985332 -0.140709 0.290000 0.555000
0 0.066900 33.731064 95.846649 -0.096550 -0.985332 -0.140709 0.290000 0.523051
drum.jpg
0 0.066900 33.731064 95.846649 0.096551 -0.985330 -0.140723 0.290000 0.523051
0 -6.239327 32.108524 102.880783 0.096551 -0.985330 -0.140723 0.320000 0.555000
0 -6.432766 33.094090 95.847252 0.096551 -0.985330 -0.140723 0.320000 0.523051
drum.jpg
0 6.440368 32.798302 0.001923 0.995004 -0.098921 -0.013504 0.260000 0.085000
0 6.566566 33.094090 7.133875 0.995004 -0.098921 -0.013504 0.260000 0.116949
0 6.373127 32.108524 0.100344 0.995004 -0.098921 -0.013504 0.260000 0.085000
drum.jpg
0 0.066900 33.419601 0.001923 -0.013915 -0.141242 -0.989877 0.290000 0.085000
0 6.373127 32.108524 0.100344 -0.013915 -0.141242 -0.989877 0.260000 0.085000
0 0.066900 32.726620 0.100802 -0.013915 -0.141242 -0.989877 0.290000 0.085000
drum.jpg
0 -6.306568 32.798302 0.001923 0.013786 -0.139925 -0.990066 0.320000 0.085000
0 0.066900 32.726620 0.100802 0.013786 -0.139925 -0.990066 0.290000 0.085000
0 -6.239327 32.108524 0.100344 0.013786 -0.139925 -0.990066 0.320000 0.085000
drum.jpg
0 -6.499465 33.778297 7.001923 -0.994940 -0.099576 -0.013410 0.320000 0.116949
0 -6.239327 32.108524 0.100344 -0.994940 -0.099576 -0.013410 0.320000 0.085000
0 -6.432766 33.094090 7.133875 -0.994940 -0.099576 -0.013410 0.320000 0.116949
drum.jpg
0 6.633265 33.778297 7.001923 0.994600 -0.101304 -0.022546 0.260000 0.116949
0 7.847071 39.595722 34.409882 0.994600 -0.101304 -0.022546 0.260000 0.241667
0 6.566566 33.094090 7.133875 0.994600 -0.101304 -0.022546 0.260000 0.116949
drum.jpg
0 -7.780716 40.287601 34.327702 -0.994754 -0.099693 -0.022936 0.320000 0.241667
0 -6.432766 33.094090 7.133875 -0.994754 -0.099693 -0.022936 0.320000 0.116949
0 -7.713271 39.595722 34.409882 -0.994754 -0.099693 -0.022936 0.320000 0.241667
drum.jpg
0 7.914516 40.287601 34.327702 0.995282 -0.097021 0.000000 0.260000 0.241667
0 7.847071 39.595722 68.571213 0.995282 -0.097021 0.000000 0.260000 0.398333
0 7.847071 39.595722 34.409882 0.995282 -0.097021 0.000000 0.260000 0.241667
drum.jpg
0 -7.780716 40.287601 68.653397 -0.995282 -0.097021 0.000000 0.320000 0.398333
0 -7.713271 39.595722 34.409882 -0.995282 -0.097021 0.000000 0.320000 0.241667
0 -7.713271 39.595722 68.571213 -0.995282 -0.097021 0.000000 0.320000 0.398333
drum.jpg
0 7.914516 40.287601 68.653397 0.994754 -0.099695 0.022936 0.260000 0.398333
0 6.566567 33.094090 95.847252 0.994754 -0.099695 0.022936 0.260000 0.523051
0 7.847071 39.595722 68.571213 0.994754 -0.099695 0.022936 0.260000 0.398333
drum.jpg
0 -6.499465 33.778297 95.979202 -0.994600 -0.101304 0.022546 0.320000 0.523051
0 -7.713271 39.595722 68.571213 -0.994600 -0.101304 0.022546 0.320000 0.398333
0 -6.432766 33.094090 95.847252 -0.994600 -0.101304 0.022546 0.320000 0.523051
drum.jpg
0 6.633265 33.778297 95.979202 0.994940 -0.099576 0.013411 0.260000 0.523051
0 6.373127 32.108524 102.880783 0.994940 -0.099576 0.013411 0.260000 0.555000
0 6.566567 33.094090 95.847252 0.994940 -0.099576 0.013411 0.260000 0.523051
drum.jpg
0 6.440368 32.798302 102.979202 -0.013786 -0.139921 0.990067 0.260000 0.555000
0 0.066900 32.726620 102.880325 -0.013786 -0.139921 0.990067 0.290000 0.555000
0 6.373127 32.108524 102.880783 -0.013786 -0.139921 0.990067 0.260000 0.555000
drum.jpg
0 -6.306568 32.798302 102.979202 -0.995004 -0.098922 0.013504 0.320000 0.555000
0 -6.432766 33.094090 95.847252 -0.995004 -0.098922 0.013504 0.320000 0.523051
0 -6.239327 32.108524 102.880783 -0.995004 -0.098922 0.013504 0.320000 0.555000
drum.jpg
0 0.066900 33.419601 102.979202 0.013915 -0.141240 0.989878 0.290000 0.555000
0 -6.239327 32.108524 102.880783 0.013915 -0.141240 0.989878 0.320000 0.555000
0 0.066900 32.726620 102.880325 0.013915 -0.141240 0.989878 0.290000 0.555000
drum.jpg
0 6.440368 32.798302 0.001923 0.096059 0.985395 -0.140602 0.260000 0.085000
0 0.066900 33.419601 0.001923 0.096059 0.985395 -0.140602 0.290000 0.085000
0 0.066900 34.418400 7.001923 0.096059 0.985395 -0.140602 0.290000 0.116949
drum.jpg
0 0.066900 33.419601 0.001923 -0.096059 0.985395 -0.140602 0.290000 0.085000
0 -6.306568 32.798302 0.001923 -0.096059 0.985395 -0.140602 0.320000 0.085000
0 -6.499465 33.778297 7.001923 -0.096059 0.985395 -0.140602 0.320000 0.116949
drum.jpg
0 6.633265 33.778297 7.001923 0.094308 0.967439 -0.234877 0.260000 0.116949
0 0.066900 34.418400 7.001923 0.094308 0.967439 -0.234877 0.290000 0.116949
0 0.066900 41.052601 34.327702 0.094308 0.967439 -0.234877 0.290000 0.241667
drum.jpg
0 0.066900 34.418400 7.001923 -0.094308 0.967439 -0.234877 0.290000 0.116949
0 -6.499465 33.778297 7.001923 -0.094308 0.967439 -0.234877 0.320000 0.116949
0 -7.780716 40.287601 34.327702 -0.094308 0.967439 -0.234877 0.320000 0.241667
drum.jpg
0 7.914516 40.287601 34.327702 0.097022 0.995282 0.000000 0.260000 0.241667
0 0.066900 41.052601 34.327702 0.097022 0.995282 0.000000 0.290000 0.241667
0 0.066900 41.052601 68.653397 0.097022 0.995282 0.000000 0.290000 0.398333
drum.jpg
0 0.066900 41.052601 34.327702 -0.097022 0.995282 0.000000 0.290000 0.241667
0 -7.780716 40.287601 34.327702 -0.097022 0.995282 0.000000 0.320000 0.241667
0 -7.780716 40.287601 68.653397 -0.097022 0.995282 0.000000 0.320000 0.398333
drum.jpg
0 7.914516 40.287601 68.653397 0.094308 0.967440 0.234876 0.260000 0.398333
0 0.066900 41.052601 68.653397 0.094308 0.967440 0.234876 0.290000 0.398333
0 0.066900 34.418400 95.979202 0.094308 0.967440 0.234876 0.290000 0.523051
drum.jpg
0 0.066900 41.052601 68.653397 -0.094307 0.967440 0.234876 0.290000 0.398333
0 -7.780716 40.287601 68.653397 -0.094307 0.967440 0.234876 0.320000 0.398333
0 -6.499465 33.778297 95.979202 -0.094307 0.967440 0.234876 0.320000 0.523051
drum.jpg
0 6.633265 33.778297 95.979202 0.096058 0.985395 0.140602 0.260000 0.523051
0 0.066900 34.418400 95.979202 0.096058 0.985395 0.140602 0.290000 0.523051
0 0.066900 33.419601 102.979202 0.096058 0.985395 0.140602 0.290000 0.555000
drum.jpg
0 0.066900 34.418400 95.979202 -0.096058 0.985395 0.140602 0.290000 0.523051
0 -6.499465 33.778297 95.979202 -0.096058 0.985395 0.140602 0.320000 0.523051
0 -6.306568 32.798302 102.979202 -0.096058 0.985395 0.140602 0.320000 0.555000
drum.jpg
0 6.373127 32.108524 0.100344 -0.096550 -0.985330 0.140723 0.260000 0.085000
0 6.566566 33.094090 7.133875 -0.096550 -0.985330 0.140723 0.260000 0.116949
0 0.066900 33.731064 7.134479 -0.096550 -0.985330 0.140723 0.290000 0.116949
drum.jpg
0 0.066900 32.726620 0.100802 0.096551 -0.985332 0.140709 0.290000 0.085000
0 0.066900 33.731064 7.134479 0.096551 -0.985332 0.140709 0.290000 0.116949
0 -6.432766 33.094090 7.133875 0.096551 -0.985332 0.140709 0.320000 0.116949
drum.jpg
0 6.566566 33.094090 7.133875 -0.094704 -0.967363 0.235031 0.260000 0.116949
0 7.847071 39.595722 34.409882 -0.094704 -0.967363 0.235031 0.260000 0.241667
0 0.066900 40.357487 34.410267 -0.094704 -0.967363 0.235031 0.290000 0.241667
drum.jpg
0 0.066900 33.731064 7.134479 0.094704 -0.967367 0.235014 0.290000 0.116949
0 0.066900 40.357487 34.410267 0.094704 -0.967367 0.235014 0.290000 0.241667
0 -7.713271 39.595722 34.409882 0.094704 -0.967367 0.235014 0.320000 0.241667
drum.jpg
0 7.847071 39.595722 34.409882 -0.097445 -0.995241 0.000000 0.260000 0.241667
0 7.847071 39.595722 68.571213 -0.097445 -0.995241 0.000000 0.260000 0.398333
0 0.066900 40.357487 68.570831 -0.097445 -0.995241 0.000000 0.290000 0.398333
drum.jpg
0 0.066900 40.357487 34.410267 0.097445 -0.995241 0.000000 0.290000 0.241667
0 0.066900 40.357487 68.570831 0.097445 -0.995241 0.000000 0.290000 0.398333
0 -7.713271 39.595722 68.571213 0.097445 -0.995241 0.000000 0.320000 0.398333
drum.jpg
0 7.847071 39.595722 68.571213 -0.094780 -0.967355 -0.235033 0.260000 0.398333
0 6.566567 33.094090 95.847252 -0.094780 -0.967355 -0.235033 0.260000 0.523051
0 0.066900 33.731064 95.846649 -0.094780 -0.967355 -0.235033 0.290000 0.523051
drum.jpg
0 0.066900 40.357487 68.570831 0.094780 -0.967360 -0.235012 0.290000 0.398333
0 0.066900 33.731064 95.846649 0.094780 -0.967360 -0.235012 0.290000 0.523051
0 -6.432766 33.094090 95.847252 0.094780 -0.967360 -0.235012 0.320000 0.523051
drum.jpg
0 6.566567 33.094090 95.847252 -0.096565 -0.985328 -0.140724 0.260000 0.523051
0 6.373127 32.108524 102.880783 -0.096565 -0.985328 -0.140724 0.260000 0.555000
0 0.066900 32.726620 102.880325 -0.096565 -0.985328 -0.140724 0.290000 0.555000
drum.jpg
0 0.066900 33.731064 95.846649 0.096565 -0.985330 -0.140710 0.290000 0.523051
0 0.066900 32.726620 102.880325 0.096565 -0.985330 -0.140710 0.290000 0.555000
0 -6.239327 32.108524 102.880783 0.096565 -0.985330 -0.140710 0.320000 0.555000
drum.jpg
0 6.440368 32.798302 0.001923 0.994938 -0.099588 -0.013475 0.260000 0.085000
0 6.633265 33.778297 7.001923 0.994938 -0.099588 -0.013475 0.260000 0.116949
0 6.566566 33.094090 7.133875 0.994938 -0.099588 -0.013475 0.260000 0.116949
drum.jpg
0 0.066900 33.419601 0.001923 -0.013641 -0.139938 -0.990066 0.290000 0.085000
0 6.440368 32.798302 0.001923 -0.013641 -0.139938 -0.990066 0.260000 0.085000
0 6.373127 32.108524 0.100344 -0.013641 -0.139938 -0.990066 0.260000 0.085000
drum.jpg
0 -6.306568 32.798302 0.001923 0.013768 -0.141241 -0.989879 0.320000 0.085000
0 0.066900 33.419601 0.001923 0.013768 -0.141241 -0.989879 0.290000 0.085000
0 0.066900 32.726620 0.100802 0.013768 -0.141241 -0.989879 0.290000 0.085000
drum.jpg
0 -6.499465 33.778297 7.001923 -0.995002 -0.098930 -0.013569 0.320000 0.116949
0 -6.306568 32.798302 0.001923 -0.995002 -0.098930 -0.013569 0.320000 0.085000
0 -6.239327 32.108524 0.100344 -0.995002 -0.098930 -0.013569 0.320000 0.085000
drum.jpg
0 6.633265 33.778297 7.001923 0.994755 -0.099690 -0.022895 0.260000 0.116949
0 7.914516 40.287601 34.327702 0.994755 -0.099690 -0.022895 0.260000 0.241667
0 7.847071 39.595722 34.409882 0.994755 -0.099690 -0.022895 0.260000 0.241667
drum.jpg
0 -7.780716 40.287601 34.327702 -0.994602 -0.101297 -0.022505 0.320000 0.241667
0 -6.499465 33.778297 7.001923 -0.994602 -0.101297 -0.022505 0.320000 0.116949
0 -6.432766 33.094090 7.133875 -0.994602 -0.101297 -0.022505 0.320000 0.116949
drum.jpg
0 7.914516 40.287601 34.327702 0.995282 -0.097022 0.000000 0.260000 0.241667
0 7.914516 40.287601 68.653397 0.995282 -0.097022 0.000000 0.260000 0.398333
0 7.847071 39.595722 68.571213 0.995282 -0.097022 0.000000 0.260000 0.398333
drum.jpg
0 -7.780716 40.287601 68.653397 -0.995282 -0.097020 0.000000 0.320000 0.398333
0 -7.780716 40.287601 34.327702 -0.995282 -0.097020 0.000000 0.320000 0.241667
0 -7.713271 39.595722 34.409882 -0.995282 -0.097020 0.000000 0.320000 0.241667
drum.jpg
0 7.914516 40.287601 68.653397 0.994602 -0.101296 0.022505 0.260000 0.398333
0 6.633265 33.778297 95.979202 0.994602 -0.101296 0.022505 0.260000 0.523051
0 6.566567 33.094090 95.847252 0.994602 -0.101296 0.022505 0.260000 0.523051
drum.jpg
0 -6.499465 33.778297 95.979202 -0.994755 -0.099689 0.022895 0.320000 0.523051
0 -7.780716 40.287601 68.653397 -0.994755 -0.099689 0.022895 0.320000 0.398333
0 -7.713271 39.595722 68.571213 -0.994755 -0.099689 0.022895 0.320000 0.398333
drum.jpg
0 6.633265 33.778297 95.979202 0.995002 -0.098930 0.013569 0.260000 0.523051
0 6.440368 32.798302 102.979202 0.995002 -0.098930 0.013569 0.260000 0.555000
0 6.373127 32.108524 102.880783 0.995002 -0.098930 0.013569 0.260000 0.555000
drum.jpg
0 6.440368 32.798302 102.979202 -0.013768 -0.141238 0.989880 0.260000 0.555000
0 0.066900 33.419601 102.979202 -0.013768 -0.141238 0.989880 0.290000 0.555000
0 0.066900 32.726620 102.880325 -0.013768 -0.141238 0.989880 0.290000 0.555000
drum.jpg
0 -6.306568 32.798302 102.979202 -0.994938 -0.099587 0.013475 0.320000 0.555000
0 -6.499465 33.778297 95.979202 -0.994938 -0.099587 0.013475 0.320000 0.523051
0 -6.432766 33.094090 95.847252 -0.994938 -0.099587 0.013475 0.320000 0.523051
drum.jpg
0 0.066900 33.419601 102.979202 0.013643 -0.139935 0.990067 0.290000 0.555000
0 -6.306568 32.798302 102.979202 0.013643 -0.139935 0.990067 0.320000 0.555000
0 -6.239327 32.108524 102.880783 0.013643 -0.139935 0.990067 0.320000 0.555000
drum.jpg
0 -6.436036 32.772549 0.001923 -0.288348 0.947147 -0.140602 0.320000 0.085000
0 -12.944337 31.830303 7.001923 -0.288348 0.947147 -0.140602 0.350000 0.116949
0 -6.632851 33.751766 7.001923 -0.288348 0.947147 -0.140602 0.320000 0.116949
drum.jpg
0 -12.562113 30.907534 0.001923 -0.465840 0.873627 -0.140602 0.350000 0.085000
0 -18.765911 28.726089 7.001923 -0.465840 0.873627 -0.140602 0.380000 0.116949
0 -12.944337 31.830303 7.001923 -0.465840 0.873627 -0.140602 0.350000 0.116949
drum.jpg
0 -6.632851 33.751766 7.001923 -0.283094 0.929888 -0.234876 0.320000 0.116949
0 -15.483135 37.959507 34.327702 -0.283094 0.929888 -0.234876 0.350000 0.241667
0 -7.940130 40.255890 34.327702 -0.283094 0.929888 -0.234876 0.320000 0.241667
drum.jpg
0 -12.944337 31.830303 7.001923 -0.457352 0.857707 -0.234877 0.350000 0.116949
0 -22.440634 34.249584 34.327702 -0.457352 0.857707 -0.234877 0.380000 0.241667
0 -15.483135 37.959507 34.327702 -0.457352 0.857707 -0.234877 0.350000 0.241667
drum.jpg
0 -7.940130 40.255890 34.327702 -0.291241 0.956650 0.000000 0.320000 0.241667
0 -15.483135 37.959507 68.653397 -0.291241 0.956650 0.000000 0.350000 0.398333
0 -7.940130 40.255890 68.653397 -0.291241 0.956650 0.000000 0.320000 0.398333
drum.jpg
0 -15.483135 37.959507 34.327702 -0.470515 0.882392 0.000000 0.350000 0.241667
0 -22.440634 34.249584 68.653397 -0.470515 0.882392 0.000000 0.380000 0.398333
0 -15.483135 37.959507 68.653397 -0.470515 0.882392 0.000000 0.350000 0.398333
drum.jpg
0 -7.940130 40.255890 68.653397 -0.283094 0.929888 0.234876 0.320000 0.398333
0 -12.944337 31.830303 95.979202 -0.283094 0.929888 0.234876 0.350000 0.523051
0 -6.632851 33.751766 95.979202 -0.283094 0.929888 0.234876 0.320000 0.523051
drum.jpg
0 -15.483135 37.959507 68.653397 -0.457351 0.857708 0.234876 0.350000 0.398333
0 -18.765911 28.726089 95.979202 -0.457351 0.857708 0.234876 0.380000 0.523051
0 -12.944337 31.830303 95.979202 -0.457351 0.857708 0.234876 0.350000 0.523051
drum.jpg
0 -6.632851 33.751766 95.979202 -0.288348 0.947147 0.140602 0.320000 0.523051
0 -12.562113 30.907534 102.979202 -0.288348 0.947147 0.140602 0.350000 0.555000
0 -6.436036 32.772549 102.979202 -0.288348 0.947147 0.140602 0.320000 0.555000
drum.jpg
0 -12.944337 31.830303 95.979202 -0.465841 0.873626 0.140602 0.350000 0.523051
0 -18.212669 27.894508 102.979202 -0.465841 0.873626 0.140602 0.380000 0.555000
0 -12.562113 30.907534 102.979202 -0.465841 0.873626 0.140602 0.350000 0.555000
drum.jpg
0 -6.234192 32.109547 0.100344 0.287855 -0.947280 0.140710 0.320000 0.085000
0 -12.681305 31.195290 7.134479 0.287855 -0.947280 0.140710 0.350000 0.116949
0 -12.296921 30.267302 0.100802 0.287855 -0.947280 0.140710 0.350000 0.085000
drum.jpg
0 -12.296921 30.267302 0.100802 0.466283 -0.873371 0.140724 0.350000 0.085000
0 -18.442455 28.119488 7.133875 0.466283 -0.873371 0.140724 0.380000 0.116949
0 -17.886581 27.282970 0.100344 0.466283 -0.873371 0.140724 0.380000 0.085000
drum.jpg
0 -6.432637 33.094116 7.133875 0.282627 -0.929995 0.235012 0.320000 0.116949
0 -15.217127 37.317307 34.410267 0.282627 -0.929995 0.235012 0.350000 0.241667
0 -12.681305 31.195290 7.134479 0.282627 -0.929995 0.235012 0.350000 0.116949
drum.jpg
0 -12.681305 31.195290 7.134479 0.457756 -0.857449 0.235032 0.350000 0.116949
0 -22.113550 33.636181 34.409882 0.457756 -0.857449 0.235032 0.380000 0.241667
0 -18.442455 28.119488 7.133875 0.457756 -0.857449 0.235032 0.380000 0.116949
drum.jpg
0 -7.737671 39.590866 34.409882 0.290834 -0.956774 0.000000 0.320000 0.241667
0 -15.217127 37.317307 68.570831 0.290834 -0.956774 0.000000 0.350000 0.398333
0 -15.217127 37.317307 34.410267 0.290834 -0.956774 0.000000 0.350000 0.241667
drum.jpg
0 -15.217127 37.317307 34.410267 0.470890 -0.882192 0.000000 0.350000 0.241667
0 -22.113550 33.636181 68.571213 0.470890 -0.882192 0.000000 0.380000 0.398333
0 -22.113550 33.636181 34.409882 0.470890 -0.882192 0.000000 0.380000 0.241667
drum.jpg
0 -7.737671 39.590866 68.571213 0.282700 -0.929973 -0.235013 0.320000 0.398333
0 -12.681305 31.195288 95.846649 0.282700 -0.929973 -0.235013 0.350000 0.523051
0 -15.217127 37.317307 68.570831 0.282700 -0.929973 -0.235013 0.350000 0.398333
drum.jpg
0 -15.217127 37.317307 68.570831 0.457690 -0.857485 -0.235031 0.350000 0.398333
0 -18.442455 28.119488 95.847252 0.457690 -0.857485 -0.235031 0.380000 0.523051
0 -22.113550 33.636181 68.571213 0.457690 -0.857485 -0.235031 0.380000 0.398333
drum.jpg
0 -6.432637 33.094116 95.847252 0.287868 -0.947276 -0.140711 0.320000 0.523051
0 -12.296921 30.267302 102.880325 0.287868 -0.947276 -0.140711 0.350000 0.555000
0 -12.681305 31.195288 95.846649 0.287868 -0.947276 -0.140711 0.350000 0.523051
drum.jpg
0 -12.681305 31.195288 95.846649 0.466269 -0.873379 -0.140724 0.350000 0.523051
0 -17.886581 27.282970 102.880783 0.466269 -0.873379 -0.140724 0.380000 0.555000
0 -18.442455 28.119488 95.847252 0.466269 -0.873379 -0.140724 0.380000 0.523051
drum.jpg
0 -6.436036 32.772549 0.001923 0.957119 0.289379 -0.013504 0.320000 0.085000
0 -6.432637 33.094116 7.133875 0.957119 0.289379 -0.013504 0.320000 0.116949
0 -6.234192 32.109547 0.100344 0.957119 0.289379 -0.013504 0.320000 0.085000
drum.jpg
0 -12.562113 30.907534 0.001923 0.041194 -0.135815 -0.989878 0.350000 0.085000
0 -6.234192 32.109547 0.100344 0.041194 -0.135815 -0.989878 0.320000 0.085000
0 -12.296921 30.267302 0.100802 0.041194 -0.135815 -0.989878 0.350000 0.085000
drum.jpg
0 -18.212669 27.894508 0.001923 0.066284 -0.123998 -0.990066 0.380000 0.085000
0 -12.296921 30.267302 0.100802 0.066284 -0.123998 -0.990066 0.350000 0.085000
0 -17.886581 27.282970 0.100344 0.066284 -0.123998 -0.990066 0.380000 0.085000
drum.jpg
0 -18.765911 28.726089 7.001923 -0.881097 -0.472745 -0.013410 0.380000 0.116949
0 -17.886581 27.282970 0.100344 -0.881097 -0.472745 -0.013410 0.380000 0.085000
0 -18.442455 28.119488 7.133875 -0.881097 -0.472745 -0.013410 0.380000 0.116949
drum.jpg
0 -6.632851 33.751766 7.001923 0.957658 0.287024 -0.022545 0.320000 0.116949
0 -7.737671 39.590866 34.409882 0.957658 0.287024 -0.022545 0.320000 0.241667
0 -6.432637 33.094116 7.133875 0.957658 0.287024 -0.022545 0.320000 0.116949
drum.jpg
0 -22.440634 34.249584 34.327702 -0.880882 -0.472779 -0.022936 0.380000 0.241667
0 -18.442455 28.119488 7.133875 -0.880882 -0.472779 -0.022936 0.380000 0.116949
0 -22.113550 33.636181 34.409882 -0.880882 -0.472779 -0.022936 0.380000 0.241667
drum.jpg
0 -7.940130 40.255890 34.327702 0.956650 0.291241 0.000000 0.320000 0.241667
0 -7.737671 39.590866 68.571213 0.956650 0.291241 0.000000 0.320000 0.398333
0 -7.737671 39.590866 34.409882 0.956650 0.291241 0.000000 0.320000 0.241667
drum.jpg
0 -22.440634 34.249584 68.653397 -0.882390 -0.470519 0.000000 0.380000 0.398333
0 -22.113550 33.636181 34.409882 -0.882390 -0.470519 0.000000 0.380000 0.241667
0 -22.113550 33.636181 68.571213 -0.882390 -0.470519 0.000000 0.380000 0.398333
drum.jpg
0 -7.940130 40.255890 68.653397 0.957185 0.288568 0.022936 0.320000 0.398333
0 -6.432637 33.094116 95.847252 0.957185 0.288568 0.022936 0.320000 0.523051
0 -7.737671 39.590866 68.571213 0.957185 0.288568 0.022936 0.320000 0.398333
drum.jpg
0 -18.765911 28.726089 95.979202 -0.880124 -0.474208 0.022546 0.380000 0.523051
0 -22.113550 33.636181 68.571213 -0.880124 -0.474208 0.022546 0.380000 0.398333
0 -18.442455 28.119488 95.847252 -0.880124 -0.474208 0.022546 0.380000 0.523051
drum.jpg
0 -6.632851 33.751766 95.979202 0.957310 0.288751 0.013410 0.320000 0.523051
0 -6.234192 32.109547 102.880783 0.957310 0.288751 0.013410 0.320000 0.555000
0 -6.432637 33.094116 95.847252 0.957310 0.288751 0.013410 0.320000 0.523051
drum.jpg
0 -6.436036 32.772549 102.979202 0.040807 -0.134547 0.990067 0.320000 0.555000
0 -12.296921 30.267302 102.880325 0.040807 -0.134547 0.990067 0.350000 0.555000
0 -6.234192 32.109547 102.880783 0.040807 -0.134547 0.990067 0.320000 0.555000
drum.jpg
0 -18.212669 27.894508 102.979202 -0.881409 -0.472161 0.013503 0.380000 0.555000
0 -18.442455 28.119488 95.847252 -0.881409 -0.472161 0.013503 0.380000 0.523051
0 -17.886581 27.282970 102.880783 -0.881409 -0.472161 0.013503 0.380000 0.555000
drum.jpg
0 -12.562113 30.907534 102.979202 0.066900 -0.125162 0.989878 0.350000 0.555000
0 -17.886581 27.282970 102.880783 0.066900 -0.125162 0.989878 0.380000 0.555000
0 -12.296921 30.267302 102.880325 0.066900 -0.125162 0.989878 0.350000 0.555000
drum.jpg
0 -6.436036 32.772549 0.001923 -0.288348 0.947147 -0.140602 0.320000 0.085000
0 -12.562113 30.907534 0.001923 -0.288348 0.947147 -0.140602 0.350000 0.085000
0 -12.944337 31.830303 7.001923 -0.288348 0.947147 -0.140602 0.350000 0.116949
drum.jpg
0 -12.562113 30.907534 0.001923 -0.465841 0.873627 -0.140602 0.350000 0.085000
0 -18.212669 27.894508 0.001923 -0.465841 0.873627 -0.140602 0.380000 0.085000
0 -18.765911 28.726089 7.001923 -0.465841 0.873627 -0.140602 0.380000 0.116949
drum.jpg
0 -6.632851 33.751766 7.001923 -0.283094 0.929887 -0.234877 0.320000 0.116949
0 -12.944337 31.830303 7.001923 -0.283094 0.929887 -0.234877 0.350000 0.116949
0 -15.483135 37.959507 34.327702 -0.283094 0.929887 -0.234877 0.350000 0.241667
drum.jpg
0 -12.944337 31.830303 7.001923 -0.457352 0.857707 -0.234877 0.350000 0.116949
0 -18.765911 28.726089 7.001923 -0.457352 0.857707 -0.234877 0.380000 0.116949
0 -22.440634 34.249584 34.327702 -0.457352 0.857707 -0.234877 0.380000 0.241667
drum.jpg
0 -7.940130 40.255890 34.327702 -0.291241 0.956650 0.000000 0.320000 0.241667
0 -15.483135 37.959507 34.327702 -0.291241 0.956650 0.000000 0.350000 0.241667
0 -15.483135 37.959507 68.653397 -0.291241 0.956650 0.000000 0.350000 0.398333
drum.jpg
0 -15.483135 37.959507 34.327702 -0.470515 0.882392 0.000000 0.350000 0.241667
0 -22.440634 34.249584 34.327702 -0.470515 0.882392 0.000000 0.380000 0.241667
0 -22.440634 34.249584 68.653397 -0.470515 0.882392 0.000000 0.380000 0.398333
drum.jpg
0 -7.940130 40.255890 68.653397 -0.283094 0.929888 0.234876 0.320000 0.398333
0 -15.483135 37.959507 68.653397 -0.283094 0.929888 0.234876 0.350000 0.398333
0 -12.944337 31.830303 95.979202 -0.283094 0.929888 0.234876 0.350000 0.523051
drum.jpg
0 -15.483135 37.959507 68.653397 -0.457353 0.857707 0.234876 0.350000 0.398333
0 -22.440634 34.249584 68.653397 -0.457353 0.857707 0.234876 0.380000 0.398333
0 -18.765911 28.726089 95.979202 -0.457353 0.857707 0.234876 0.380000 0.523051
drum.jpg
0 -6.632851 33.751766 95.979202 -0.288348 0.947147 0.140601 0.320000 0.523051
0 -12.944337 31.830303 95.979202 -0.288348 0.947147 0.140601 0.350000 0.523051
0 -12.562113 30.907534 102.979202 -0.288348 0.947147 0.140601 0.350000 0.555000
drum.jpg
0 -12.944337 31.830303 95.979202 -0.465840 0.873627 0.140602 0.350000 0.523051
0 -18.765911 28.726089 95.979202 -0.465840 0.873627 0.140602 0.380000 0.523051
0 -18.212669 27.894508 102.979202 -0.465840 0.873627 0.140602 0.380000 0.555000
drum.jpg
0 -6.234192 32.109547 0.100344 0.287868 -0.947274 0.140724 0.320000 0.085000
0 -6.432637 33.094116 7.133875 0.287868 -0.947274 0.140724 0.320000 0.116949
0 -12.681305 31.195290 7.134479 0.287868 -0.947274 0.140724 0.350000 0.116949
drum.jpg
0 -12.296921 30.267302 0.100802 0.466271 -0.873380 0.140711 0.350000 0.085000
0 -12.681305 31.195290 7.134479 0.466271 -0.873380 0.140711 0.350000 0.116949
0 -18.442455 28.119488 7.133875 0.466271 -0.873380 0.140711 0.380000 0.116949
drum.jpg
0 -6.432637 33.094116 7.133875 0.282698 -0.929969 0.235031 0.320000 0.116949
0 -7.737671 39.590866 34.409882 0.282698 -0.929969 0.235031 0.320000 0.241667
0 -15.217127 37.317307 34.410267 0.282698 -0.929969 0.235031 0.350000 0.241667
drum.jpg
0 -12.681305 31.195290 7.134479 0.457691 -0.857489 0.235014 0.350000 0.116949
0 -15.217127 37.317307 34.410267 0.457691 -0.857489 0.235014 0.350000 0.241667
0 -22.113550 33.636181 34.409882 0.457691 -0.857489 0.235014 0.380000 0.241667
drum.jpg
0 -7.737671 39.590866 34.409882 0.290834 -0.956774 0.000000 0.320000 0.241667
0 -7.737671 39.590866 68.571213 0.290834 -0.956774 0.000000 0.320000 0.398333
0 -15.217127 37.317307 68.570831 0.290834 -0.956774 0.000000 0.350000 0.398333
drum.jpg
0 -15.217127 37.317307 34.410267 0.470890 -0.882192 0.000000 0.350000 0.241667
0 -15.217127 37.317307 68.570831 0.470890 -0.882192 0.000000 0.350000 0.398333
0 -22.113550 33.636181 68.571213 0.470890 -0.882192 0.000000 0.380000 0.398333
drum.jpg
0 -7.737671 39.590866 68.571213 0.282625 -0.929991 -0.235032 0.320000 0.398333
0 -6.432637 33.094116 95.847252 0.282625 -0.929991 -0.235032 0.320000 0.523051
0 -12.681305 31.195288 95.846649 0.282625 -0.929991 -0.235032 0.350000 0.523051
drum.jpg
0 -15.217127 37.317307 68.570831 0.457758 -0.857454 -0.235012 0.350000 0.398333
0 -12.681305 31.195288 95.846649 0.457758 -0.857454 -0.235012 0.350000 0.523051
0 -18.442455 28.119488 95.847252 0.457758 -0.857454 -0.235012 0.380000 0.523051
drum.jpg
0 -6.432637 33.094116 95.847252 0.287855 -0.947278 -0.140724 0.320000 0.523051
0 -6.234192 32.109547 102.880783 0.287855 -0.947278 -0.140724 0.320000 0.555000
0 -12.296921 30.267302 102.880325 0.287855 -0.947278 -0.140724 0.350000 0.555000
drum.jpg
0 -12.681305 31.195288 95.846649 0.466284 -0.873373 -0.140710 0.350000 0.523051
0 -12.296921 30.267302 102.880325 0.466284 -0.873373 -0.140710 0.350000 0.555000
0 -17.886581 27.282970 102.880783 0.466284 -0.873373 -0.140710 0.380000 0.555000
drum.jpg
0 -6.436036 32.772549 0.001923 0.957313 0.288740 -0.013475 0.320000 0.085000
0 -6.632851 33.751766 7.001923 0.957313 0.288740 -0.013475 0.320000 0.116949
0 -6.432637 33.094116 7.133875 0.957313 0.288740 -0.013475 0.320000 0.116949
drum.jpg
0 -12.562113 30.907534 0.001923 0.040949 -0.134507 -0.990066 0.350000 0.085000
0 -6.436036 32.772549 0.001923 0.040949 -0.134507 -0.990066 0.320000 0.085000
0 -6.234192 32.109547 0.100344 0.040949 -0.134507 -0.990066 0.320000 0.085000
drum.jpg
0 -18.212669 27.894508 0.001923 0.066771 -0.125222 -0.989879 0.380000 0.085000
0 -12.562113 30.907534 0.001923 0.066771 -0.125222 -0.989879 0.350000 0.085000
0 -12.296921 30.267302 0.100802 0.066771 -0.125222 -0.989879 0.350000 0.085000
drum.jpg
0 -18.765911 28.726089 7.001923 -0.881403 -0.472170 -0.013569 0.380000 0.116949
0 -18.212669 27.894508 0.001923 -0.881403 -0.472170 -0.013569 0.380000 0.085000
0 -17.886581 27.282970 0.100344 -0.881403 -0.472170 -0.013569 0.380000 0.085000
drum.jpg
0 -6.632851 33.751766 7.001923 0.957184 0.288573 -0.022895 0.320000 0.116949
0 -7.940130 40.255890 34.327702 0.957184 0.288573 -0.022895 0.320000 0.241667
0 -7.737671 39.590866 34.409882 0.957184 0.288573 -0.022895 0.320000 0.241667
drum.jpg
0 -22.440634 34.249584 34.327702 -0.880129 -0.474202 -0.022505 0.380000 0.241667
0 -18.765911 28.726089 7.001923 -0.880129 -0.474202 -0.022505 0.380000 0.116949
0 -18.442455 28.119488 7.133875 -0.880129 -0.474202 -0.022505 0.380000 0.116949
drum.jpg
0 -7.940130 40.255890 34.327702 0.956650 0.291240 0.000000 0.320000 0.241667
0 -7.940130 40.255890 68.653397 0.956650 0.291240 0.000000 0.320000 0.398333
0 -7.737671 39.590866 68.571213 0.956650 0.291240 0.000000 0.320000 0.398333
drum.jpg
0 -22.440634 34.249584 68.653397 -0.882392 -0.470514 0.000000 0.380000 0.398333
0 -22.440634 34.249584 34.327702 -0.882392 -0.470514 0.000000 0.380000 0.241667
0 -22.113550 33.636181 34.409882 -0.882392 -0.470514 0.000000 0.380000 0.241667
drum.jpg
0 -7.940130 40.255890 68.653397 0.957657 0.287031 0.022505 0.320000 0.398333
0 -6.632851 33.751766 95.979202 0.957657 0.287031 0.022505 0.320000 0.523051
0 -6.432637 33.094116 95.847252 0.957657 0.287031 0.022505 0.320000 0.523051
drum.jpg
0 -18.765911 28.726089 95.979202 -0.880888 -0.472771 0.022895 0.380000 0.523051
0 -22.440634 34.249584 68.653397 -0.880888 -0.472771 0.022895 0.380000 0.398333
0 -22.113550 33.636181 68.571213 -0.880888 -0.472771 0.022895 0.380000 0.398333
drum.jpg
0 -6.632851 33.751766 95.979202 0.957121 0.289371 0.013569 0.320000 0.523051
0 -6.436036 32.772549 102.979202 0.957121 0.289371 0.013569 0.320000 0.555000
0 -6.234192 32.109547 102.880783 0.957121 0.289371 0.013569 0.320000 0.555000
drum.jpg
0 -6.436036 32.772549 102.979202 0.041325 -0.135756 0.989880 0.320000 0.555000
0 -12.562113 30.907534 102.979202 0.041325 -0.135756 0.989880 0.350000 0.555000
0 -12.296921 30.267302 102.880325 0.041325 -0.135756 0.989880 0.350000 0.555000
drum.jpg
0 -18.212669 27.894508 102.979202 -0.881091 -0.472754 0.013475 0.380000 0.555000
0 -18.765911 28.726089 95.979202 -0.881091 -0.472754 0.013475 0.380000 0.523051
0 -18.442455 28.119488 95.847252 -0.881091 -0.472754 0.013475 0.380000 0.523051
drum.jpg
0 -12.562113 30.907534 102.979202 0.066151 -0.124064 0.990067 0.350000 0.555000
0 -18.212669 27.894508 102.979202 0.066151 -0.124064 0.990067 0.380000 0.555000
0 -17.886581 27.282970 102.880783 0.066151 -0.124064 0.990067 0.380000 0.555000
drum.jpg
0 -18.322426 27.821171 0.001923 -0.628856 0.764703 -0.140602 0.380000 0.085000
0 -23.974731 24.460032 7.001923 -0.628856 0.764703 -0.140602 0.410000 0.116949
0 -18.878990 28.650532 7.001923 -0.628856 0.764703 -0.140602 0.380000 0.116949
drum.jpg
0 -23.268473 23.753773 0.001923 -0.764703 0.628856 -0.140602 0.410000 0.085000
0 -28.165232 19.364290 7.001923 -0.764703 0.628856 -0.140602 0.440000 0.116949
0 -23.974731 24.460032 7.001923 -0.764703 0.628856 -0.140602 0.410000 0.116949
drum.jpg
0 -18.878990 28.650532 7.001923 -0.617397 0.750768 -0.234877 0.380000 0.116949
0 -28.665819 29.151119 34.327702 -0.617397 0.750768 -0.234877 0.410000 0.241667
0 -22.575779 34.159286 34.327702 -0.617397 0.750768 -0.234877 0.380000 0.241667
drum.jpg
0 -23.974731 24.460032 7.001923 -0.750769 0.617397 -0.234876 0.410000 0.116949
0 -33.673985 23.061079 34.327702 -0.750769 0.617397 -0.234876 0.440000 0.241667
0 -28.665819 29.151119 34.327702 -0.750769 0.617397 -0.234876 0.410000 0.241667
drum.jpg
0 -22.575779 34.159286 34.327702 -0.635166 0.772376 0.000000 0.380000 0.241667
0 -28.665819 29.151119 68.653397 -0.635166 0.772376 0.000000 0.410000 0.398333
0 -22.575779 34.159286 68.653397 -0.635166 0.772376 0.000000 0.380000 0.398333
drum.jpg
0 -28.665819 29.151119 34.327702 -0.772376 0.635166 0.000000 0.410000 0.241667
0 -33.673985 23.061079 68.653397 -0.772376 0.635166 0.000000 0.440000 0.398333
0 -28.665819 29.151119 68.653397 -0.772376 0.635166 0.000000 0.410000 0.398333
drum.jpg
0 -22.575779 34.159286 68.653397 -0.617397 0.750769 0.234876 0.380000 0.398333
0 -23.974731 24.460032 95.979202 -0.617397 0.750769 0.234876 0.410000 0.523051
0 -18.878990 28.650532 95.979202 -0.617397 0.750769 0.234876 0.380000 0.523051
drum.jpg
0 -28.665819 29.151119 68.653397 -0.750769 0.617397 0.234876 0.410000 0.398333
0 -28.165232 19.364290 95.979202 -0.750769 0.617397 0.234876 0.440000 0.523051
0 -23.974731 24.460032 95.979202 -0.750769 0.617397 0.234876 0.410000 0.523051
drum.jpg
0 -18.878990 28.650532 95.979202 -0.628857 0.764703 0.140602 0.380000 0.523051
0 -23.268473 23.753773 102.979202 -0.628857 0.764703 0.140602 0.410000 0.555000
0 -18.322426 27.821171 102.979202 -0.628857 0.764703 0.140602 0.380000 0.555000
drum.jpg
0 -23.974731 24.460032 95.979202 -0.764703 0.628856 0.140602 0.410000 0.523051
0 -27.335871 18.807726 102.979202 -0.764703 0.628856 0.140602 0.440000 0.555000
0 -23.268473 23.753773 102.979202 -0.764703 0.628856 0.140602 0.410000 0.555000
drum.jpg
0 -17.882227 27.285879 0.100344 0.628452 -0.765016 0.140710 0.380000 0.085000
0 -23.488712 23.974012 7.134479 0.628452 -0.765016 0.140710 0.410000 0.116949
0 -22.778461 23.263762 0.100802 0.628452 -0.765016 0.140710 0.410000 0.085000
drum.jpg
0 -22.778461 23.263762 0.100802 0.765014 -0.628451 0.140724 0.410000 0.085000
0 -27.634262 18.927645 7.133875 0.765014 -0.628451 0.140724 0.440000 0.116949
0 -26.800579 18.367527 0.100344 0.765014 -0.628451 0.140724 0.440000 0.085000
drum.jpg
0 -18.442345 28.119562 7.133875 0.617008 -0.751047 0.235012 0.380000 0.116949
0 -28.174299 28.659599 34.410267 0.617008 -0.751047 0.235012 0.410000 0.241667
0 -23.488712 23.974012 7.134479 0.617008 -0.751047 0.235012 0.410000 0.116949
drum.jpg
0 -23.488712 23.974012 7.134479 0.751043 -0.617004 0.235033 0.410000 0.116949
0 -33.137062 22.619537 34.409882 0.751043 -0.617004 0.235033 0.440000 0.241667
0 -27.634262 18.927645 7.133875 0.751043 -0.617004 0.235033 0.440000 0.116949
drum.jpg
0 -22.134237 33.622364 34.409882 0.634838 -0.772646 0.000000 0.380000 0.241667
0 -28.174299 28.659599 68.570831 0.634838 -0.772646 0.000000 0.410000 0.398333
0 -28.174299 28.659599 34.410267 0.634838 -0.772646 0.000000 0.410000 0.241667
drum.jpg
0 -28.174299 28.659599 34.410267 0.772646 -0.634837 0.000000 0.410000 0.241667
0 -33.137062 22.619537 68.571213 0.772646 -0.634837 0.000000 0.440000 0.398333
0 -33.137062 22.619537 34.409882 0.772646 -0.634837 0.000000 0.440000 0.241667
drum.jpg
0 -22.134237 33.622364 68.571213 0.617066 -0.750998 -0.235013 0.380000 0.398333
0 -23.488712 23.974012 95.846649 0.617066 -0.750998 -0.235013 0.410000 0.523051
0 -28.174299 28.659599 68.570831 0.617066 -0.750998 -0.235013 0.410000 0.398333
drum.jpg
0 -28.174299 28.659599 68.570831 0.750995 -0.617063 -0.235031 0.410000 0.398333
0 -27.634262 18.927645 95.847252 0.750995 -0.617063 -0.235031 0.440000 0.523051
0 -33.137062 22.619537 68.571213 0.750995 -0.617063 -0.235031 0.440000 0.398333
drum.jpg
0 -18.442345 28.119562 95.847252 0.628462 -0.765007 -0.140711 0.380000 0.523051
0 -22.778461 23.263762 102.880325 0.628462 -0.765007 -0.140711 0.410000 0.555000
0 -23.488712 23.974012 95.846649 0.628462 -0.765007 -0.140711 0.410000 0.523051
drum.jpg
0 -23.488712 23.974012 95.846649 0.765005 -0.628462 -0.140723 0.410000 0.523051
0 -26.800579 18.367527 102.880783 0.765005 -0.628462 -0.140723 0.440000 0.555000
0 -27.634262 18.927645 95.847252 0.765005 -0.628462 -0.140723 0.440000 0.523051
drum.jpg
0 -18.322426 27.821171 0.001923 0.773522 0.633625 -0.013504 0.380000 0.085000
0 -18.442345 28.119562 7.133875 0.773522 0.633625 -0.013504 0.380000 0.116949
0 -17.882227 27.285879 0.100344 0.773522 0.633625 -0.013504 0.380000 0.085000
drum.jpg
0 -23.268473 23.753773 0.001923 0.090033 -0.109713 -0.989877 0.410000 0.085000
0 -17.882227 27.285879 0.100344 0.090033 -0.109713 -0.989877 0.380000 0.085000
0 -22.778461 23.263762 0.100802 0.090033 -0.109713 -0.989877 0.410000 0.085000
drum.jpg
0 -27.335871 18.807726 0.001923 0.108690 -0.089193 -0.990066 0.440000 0.085000
0 -22.778461 23.263762 0.100802 0.108690 -0.089193 -0.990066 0.410000 0.085000
0 -26.800579 18.367527 0.100344 0.108690 -0.089193 -0.990066 0.440000 0.085000
drum.jpg
0 -28.165232 19.364290 7.001923 -0.633115 -0.773941 -0.013411 0.440000 0.116949
0 -26.800579 18.367527 0.100344 -0.633115 -0.773941 -0.013411 0.440000 0.085000
0 -27.634262 18.927645 7.133875 -0.633115 -0.773941 -0.013411 0.440000 0.116949
drum.jpg
0 -18.878990 28.650532 7.001923 0.774924 0.631653 -0.022546 0.380000 0.116949
0 -22.134237 33.622364 34.409882 0.774924 0.631653 -0.022546 0.380000 0.241667
0 -18.442345 28.119562 7.133875 0.774924 0.631653 -0.022546 0.380000 0.116949
drum.jpg
0 -33.673985 23.061079 34.327702 -0.632904 -0.773890 -0.022937 0.440000 0.241667
0 -27.634262 18.927645 7.133875 -0.632904 -0.773890 -0.022937 0.440000 0.116949
0 -33.137062 22.619537 34.409882 -0.632904 -0.773890 -0.022937 0.440000 0.241667
drum.jpg
0 -22.575779 34.159286 34.327702 0.772378 0.635163 0.000000 0.380000 0.241667
0 -22.134237 33.622364 68.571213 0.772378 0.635163 0.000000 0.380000 0.398333
0 -22.134237 33.622364 34.409882 0.772378 0.635163 0.000000 0.380000 0.241667
drum.jpg
0 -33.673985 23.061079 68.653397 -0.635161 -0.772380 0.000000 0.440000 0.398333
0 -33.137062 22.619537 34.409882 -0.635161 -0.772380 0.000000 0.440000 0.241667
0 -33.137062 22.619537 68.571213 -0.635161 -0.772380 0.000000 0.440000 0.398333
drum.jpg
0 -22.575779 34.159286 68.653397 0.773891 0.632904 0.022938 0.380000 0.398333
0 -18.442345 28.119562 95.847252 0.773891 0.632904 0.022938 0.380000 0.523051
0 -22.134237 33.622364 68.571213 0.773891 0.632904 0.022938 0.380000 0.398333
drum.jpg
0 -28.165232 19.364290 95.979202 -0.631661 -0.774917 0.022546 0.440000 0.523051
0 -33.137062 22.619537 68.571213 -0.631661 -0.774917 0.022546 0.440000 0.398333
0 -27.634262 18.927645 95.847252 -0.631661 -0.774917 0.022546 0.440000 0.523051
drum.jpg
0 -18.878990 28.650532 95.979202 0.773939 0.633118 0.013411 0.380000 0.523051
0 -17.882227 27.285879 102.880783 0.773939 0.633118 0.013411 0.380000 0.555000
0 -18.442345 28.119562 95.847252 0.773939 0.633118 0.013411 0.380000 0.523051
drum.jpg
0 -18.322426 27.821171 102.979202 0.089183 -0.108688 0.990067 0.380000 0.555000
0 -22.778461 23.263762 102.880325 0.089183 -0.108688 0.990067 0.410000 0.555000
0 -17.882227 27.285879 102.880783 0.089183 -0.108688 0.990067 0.380000 0.555000
drum.jpg
0 -27.335871 18.807726 102.979202 -0.633626 -0.773522 0.013504 0.440000 0.555000
0 -27.634262 18.927645 95.847252 -0.633626 -0.773522 0.013504 0.440000 0.523051
0 -26.800579 18.367527 102.880783 -0.633626 -0.773522 0.013504 0.440000 0.555000
drum.jpg
0 -23.268473 23.753773 102.979202 0.109716 -0.090032 0.989877 0.410000 0.555000
0 -26.800579 18.367527 102.880783 0.109716 -0.090032 0.989877 0.440000 0.555000
0 -22.778461 23.263762 102.880325 0.109716 -0.090032 0.989877 0.410000 0.555000
drum.jpg
0 -18.322426 27.821171 0.001923 -0.628856 0.764703 -0.140602 0.380000 0.085000
0 -23.268473 23.753773 0.001923 -0.628856 0.764703 -0.140602 0.410000 0.085000
0 -23.974731 24.460032 7.001923 -0.628856 0.764703 -0.140602 0.410000 0.116949
drum.jpg
0 -23.268473 23.753773 0.001923 -0.764703 0.628856 -0.140602 0.410000 0.085000
0 -27.335871 18.807726 0.001923 -0.764703 0.628856 -0.140602 0.440000 0.085000
0 -28.165232 19.364290 7.001923 -0.764703 0.628856 -0.140602 0.440000 0.116949
drum.jpg
0 -18.878990 28.650532 7.001923 -0.617397 0.750769 -0.234877 0.380000 0.116949
0 -23.974731 24.460032 7.001923 -0.617397 0.750769 -0.234877 0.410000 0.116949
0 -28.665819 29.151119 34.327702 -0.617397 0.750769 -0.234877 0.410000 0.241667
drum.jpg
0 -23.974731 24.460032 7.001923 -0.750768 0.617398 -0.234876 0.410000 0.116949
0 -28.165232 19.364290 7.001923 -0.750768 0.617398 -0.234876 0.440000 0.116949
0 -33.673985 23.061079 34.327702 -0.750768 0.617398 -0.234876 0.440000 0.241667
drum.jpg
0 -22.575779 34.159286 34.327702 -0.635166 0.772376 0.000000 0.380000 0.241667
0 -28.665819 29.151119 34.327702 -0.635166 0.772376 0.000000 0.410000 0.241667
0 -28.665819 29.151119 68.653397 -0.635166 0.772376 0.000000 0.410000 0.398333
drum.jpg
0 -28.665819 29.151119 34.327702 -0.772376 0.635166 0.000000 0.410000 0.241667
0 -33.673985 23.061079 34.327702 -0.772376 0.635166 0.000000 0.440000 0.241667
0 -33.673985 23.061079 68.653397 -0.772376 0.635166 0.000000 0.440000 0.398333
drum.jpg
0 -22.575779 34.159286 68.653397 -0.617397 0.750769 0.234876 0.380000 0.398333
0 -28.665819 29.151119 68.653397 -0.617397 0.750769 0.234876 0.410000 0.398333
0 -23.974731 24.460032 95.979202 -0.617397 0.750769 0.234876 0.410000 0.523051
drum.jpg
0 -28.665819 29.151119 68.653397 -0.750769 0.617397 0.234876 0.410000 0.398333
0 -33.673985 23.061079 68.653397 -0.750769 0.617397 0.234876 0.440000 0.398333
0 -28.165232 19.364290 95.979202 -0.750769 0.617397 0.234876 0.440000 0.523051
drum.jpg
0 -18.878990 28.650532 95.979202 -0.628856 0.764703 0.140602 0.380000 0.523051
0 -23.974731 24.460032 95.979202 -0.628856 0.764703 0.140602 0.410000 0.523051
0 -23.268473 23.753773 102.979202 -0.628856 0.764703 0.140602 0.410000 0.555000
drum.jpg
0 -23.974731 24.460032 95.979202 -0.764703 0.628856 0.140602 0.410000 0.523051
0 -28.165232 19.364290 95.979202 -0.764703 0.628856 0.140602 0.440000 0.523051
0 -27.335871 18.807726 102.979202 -0.764703 0.628856 0.140602 0.440000 0.555000
drum.jpg
0 -17.882227 27.285879 0.100344 0.628462 -0.765005 0.140724 0.380000 0.085000
0 -18.442345 28.119562 7.133875 0.628462 -0.765005 0.140724 0.380000 0.116949
0 -23.488712 23.974012 7.134479 0.628462 -0.765005 0.140724 0.410000 0.116949
drum.jpg
0 -22.778461 23.263762 0.100802 0.765007 -0.628463 0.140711 0.410000 0.085000
0 -23.488712 23.974012 7.134479 0.765007 -0.628463 0.140711 0.410000 0.116949
0 -27.634262 18.927645 7.133875 0.765007 -0.628463 0.140711 0.440000 0.116949
drum.jpg
0 -18.442345 28.119562 7.133875 0.617063 -0.750995 0.235031 0.380000 0.116949
0 -22.134237 33.622364 34.409882 0.617063 -0.750995 0.235031 0.380000 0.241667
0 -28.174299 28.659599 34.410267 0.617063 -0.750995 0.235031 0.410000 0.241667
drum.jpg
0 -23.488712 23.974012 7.134479 0.750998 -0.617066 0.235014 0.410000 0.116949
0 -28.174299 28.659599 34.410267 0.750998 -0.617066 0.235014 0.410000 0.241667
0 -33.137062 22.619537 34.409882 0.750998 -0.617066 0.235014 0.440000 0.241667
drum.jpg
0 -22.134237 33.622364 34.409882 0.634838 -0.772646 0.000000 0.380000 0.241667
0 -22.134237 33.622364 68.571213 0.634838 -0.772646 0.000000 0.380000 0.398333
0 -28.174299 28.659599 68.570831 0.634838 -0.772646 0.000000 0.410000 0.398333
drum.jpg
0 -28.174299 28.659599 34.410267 0.772646 -0.634837 0.000000 0.410000 0.241667
0 -28.174299 28.659599 68.570831 0.772646 -0.634837 0.000000 0.410000 0.398333
0 -33.137062 22.619537 68.571213 0.772646 -0.634837 0.000000 0.440000 0.398333
drum.jpg
0 -22.134237 33.622364 68.571213 0.617004 -0.751043 -0.235032 0.380000 0.398333
0 -18.442345 28.119562 95.847252 0.617004 -0.751043 -0.235032 0.380000 0.523051
0 -23.488712 23.974012 95.846649 0.617004 -0.751043 -0.235032 0.410000 0.523051
drum.jpg
0 -28.174299 28.659599 68.570831 0.751047 -0.617007 -0.235012 0.410000 0.398333
0 -23.488712 23.974012 95.846649 0.751047 -0.617007 -0.235012 0.410000 0.523051
0 -27.634262 18.927645 95.847252 0.751047 -0.617007 -0.235012 0.440000 0.523051
drum.jpg
0 -18.442345 28.119562 95.847252 0.628451 -0.765014 -0.140724 0.380000 0.523051
0 -17.882227 27.285879 102.880783 0.628451 -0.765014 -0.140724 0.380000 0.555000
0 -22.778461 23.263762 102.880325 0.628451 -0.765014 -0.140724 0.410000 0.555000
drum.jpg
0 -23.488712 23.974012 95.846649 0.765015 -0.628452 -0.140711 0.410000 0.523051
0 -22.778461 23.263762 102.880325 0.765015 -0.628452 -0.140711 0.410000 0.555000
0 -26.800579 18.367527 102.880783 0.765015 -0.628452 -0.140711 0.440000 0.555000
drum.jpg
0 -18.322426 27.821171 0.001923 0.773945 0.633109 -0.013475 0.380000 0.085000
0 -18.878990 28.650532 7.001923 0.773945 0.633109 -0.013475 0.380000 0.116949
0 -18.442345 28.119562 7.133875 0.773945 0.633109 -0.013475 0.380000 0.116949
drum.jpg
0 -23.268473 23.753773 0.001923 0.089306 -0.108598 -0.990066 0.410000 0.085000
0 -18.322426 27.821171 0.001923 0.089306 -0.108598 -0.990066 0.380000 0.085000
0 -17.882227 27.285879 0.100344 0.089306 -0.108598 -0.990066 0.380000 0.085000
drum.jpg
0 -27.335871 18.807726 0.001923 0.109609 -0.090137 -0.989879 0.440000 0.085000
0 -23.268473 23.753773 0.001923 0.109609 -0.090137 -0.989879 0.410000 0.085000
0 -22.778461 23.263762 0.100802 0.109609 -0.090137 -0.989879 0.410000 0.085000
drum.jpg
0 -28.165232 19.364290 7.001923 -0.633619 -0.773526 -0.013569 0.440000 0.116949
0 -27.335871 18.807726 0.001923 -0.633619 -0.773526 -0.013569 0.440000 0.085000
0 -26.800579 18.367527 0.100344 -0.633619 -0.773526 -0.013569 0.440000 0.085000
drum.jpg
0 -18.878990 28.650532 7.001923 0.773890 0.632906 -0.022896 0.380000 0.116949
0 -22.575779 34.159286 34.327702 0.773890 0.632906 -0.022896 0.380000 0.241667
0 -22.134237 33.622364 34.409882 0.773890 0.632906 -0.022896 0.380000 0.241667
drum.jpg
0 -33.673985 23.061079 34.327702 -0.631661 -0.774918 -0.022506 0.440000 0.241667
0 -28.165232 19.364290 7.001923 -0.631661 -0.774918 -0.022506 0.440000 0.116949
0 -27.634262 18.927645 7.133875 -0.631661 -0.774918 -0.022506 0.440000 0.116949
drum.jpg
0 -22.575779 34.159286 34.327702 0.772372 0.635171 0.000000 0.380000 0.241667
0 -22.575779 34.159286 68.653397 0.772372 0.635171 0.000000 0.380000 0.398333
0 -22.134237 33.622364 68.571213 0.772372 0.635171 0.000000 0.380000 0.398333
drum.jpg
0 -33.673985 23.061079 68.653397 -0.635170 -0.772373 0.000000 0.440000 0.398333
0 -33.673985 23.061079 34.327702 -0.635170 -0.772373 0.000000 0.440000 0.241667
0 -33.137062 22.619537 34.409882 -0.635170 -0.772373 0.000000 0.440000 0.241667
drum.jpg
0 -22.575779 34.159286 68.653397 0.774918 0.631661 0.022505 0.380000 0.398333
0 -18.878990 28.650532 95.979202 0.774918 0.631661 0.022505 0.380000 0.523051
0 -18.442345 28.119562 95.847252 0.774918 0.631661 0.022505 0.380000 0.523051
drum.jpg
0 -28.165232 19.364290 95.979202 -0.632907 -0.773889 0.022896 0.440000 0.523051
0 -33.673985 23.061079 68.653397 -0.632907 -0.773889 0.022896 0.440000 0.398333
0 -33.137062 22.619537 68.571213 -0.632907 -0.773889 0.022896 0.440000 0.398333
drum.jpg
0 -18.878990 28.650532 95.979202 0.773524 0.633621 0.013568 0.380000 0.523051
0 -18.322426 27.821171 102.979202 0.773524 0.633621 0.013568 0.380000 0.555000
0 -17.882227 27.285879 102.880783 0.773524 0.633621 0.013568 0.380000 0.555000
drum.jpg
0 -18.322426 27.821171 102.979202 0.090147 -0.109607 0.989879 0.380000 0.555000
0 -23.268473 23.753773 102.979202 0.090147 -0.109607 0.989879 0.410000 0.555000
0 -22.778461 23.263762 102.880325 0.090147 -0.109607 0.989879 0.410000 0.555000
drum.jpg
0 -27.335871 18.807726 102.979202 -0.633109 -0.773945 0.013475 0.440000 0.555000
0 -28.165232 19.364290 95.979202 -0.633109 -0.773945 0.013475 0.440000 0.523051
0 -27.634262 18.927645 95.847252 -0.633109 -0.773945 0.013475 0.440000 0.523051
drum.jpg
0 -23.268473 23.753773 102.979202 0.108592 -0.089304 0.990067 0.410000 0.555000
0 -27.335871 18.807726 102.979202 0.108592 -0.089304 0.990067 0.440000 0.555000
0 -26.800579 18.367527 102.880783 0.108592 -0.089304 0.990067 0.440000 0.555000
drum.jpg
0 -27.409208 18.697969 0.001923 -0.873627 0.465840 -0.140602 0.440000 0.085000
0 -31.345005 13.429637 7.001923 -0.873627 0.465840 -0.140602 0.470000 0.116949
0 -28.240789 19.251211 7.001923 -0.873627 0.465840 -0.140602 0.440000 0.116949
drum.jpg
0 -30.422234 13.047413 0.001923 -0.947146 0.288349 -0.140602 0.470000 0.085000
0 -33.266468 7.118151 7.001923 -0.947146 0.288349 -0.140602 0.500000 0.116949
0 -31.345005 13.429637 7.001923 -0.947146 0.288349 -0.140602 0.470000 0.116949
drum.jpg
0 -28.240789 19.251211 7.001923 -0.857707 0.457352 -0.234877 0.440000 0.116949
0 -37.474205 15.968435 34.327702 -0.857707 0.457352 -0.234877 0.470000 0.241667
0 -33.764286 22.925934 34.327702 -0.857707 0.457352 -0.234877 0.440000 0.241667
drum.jpg
0 -31.345005 13.429637 7.001923 -0.929887 0.283094 -0.234877 0.470000 0.116949
0 -39.770592 8.425430 34.327702 -0.929887 0.283094 -0.234877 0.500000 0.241667
0 -37.474205 15.968435 34.327702 -0.929887 0.283094 -0.234877 0.470000 0.241667
drum.jpg
0 -33.764286 22.925934 34.327702 -0.882392 0.470515 0.000000 0.440000 0.241667
0 -37.474205 15.968435 68.653397 -0.882392 0.470515 0.000000 0.470000 0.398333
0 -33.764286 22.925934 68.653397 -0.882392 0.470515 0.000000 0.440000 0.398333
drum.jpg
0 -37.474205 15.968435 34.327702 -0.956649 0.291242 0.000000 0.470000 0.241667
0 -39.770592 8.425430 68.653397 -0.956649 0.291242 0.000000 0.500000 0.398333
0 -37.474205 15.968435 68.653397 -0.956649 0.291242 0.000000 0.470000 0.398333
drum.jpg
0 -33.764286 22.925934 68.653397 -0.857708 0.457352 0.234876 0.440000 0.398333
0 -31.345005 13.429637 95.979202 -0.857708 0.457352 0.234876 0.470000 0.523051
0 -28.240789 19.251211 95.979202 -0.857708 0.457352 0.234876 0.440000 0.523051
drum.jpg
0 -37.474205 15.968435 68.653397 -0.929887 0.283095 0.234876 0.470000 0.398333
0 -33.266468 7.118151 95.979202 -0.929887 0.283095 0.234876 0.500000 0.523051
0 -31.345005 13.429637 95.979202 -0.929887 0.283095 0.234876 0.470000 0.523051
drum.jpg
0 -28.240789 19.251211 95.979202 -0.873627 0.465840 0.140602 0.440000 0.523051
0 -30.422234 13.047413 102.979202 -0.873627 0.465840 0.140602 0.470000 0.555000
0 -27.409208 18.697969 102.979202 -0.873627 0.465840 0.140602 0.440000 0.555000
drum.jpg
0 -31.345005 13.429637 95.979202 -0.947147 0.288348 0.140602 0.470000 0.523051
0 -32.287251 6.921336 102.979202 -0.947147 0.288348 0.140602 0.500000 0.555000
0 -30.422234 13.047413 102.979202 -0.947147 0.288348 0.140602 0.470000 0.555000
drum.jpg
0 -26.797670 18.371881 0.100344 0.873372 -0.466284 0.140711 0.440000 0.085000
0 -30.709991 13.166605 7.134479 0.873372 -0.466284 0.140711 0.470000 0.116949
0 -29.782001 12.782221 0.100802 0.873372 -0.466284 0.140711 0.470000 0.085000
drum.jpg
0 -29.782001 12.782221 0.100802 0.947279 -0.287854 0.140724 0.470000 0.085000
0 -32.608818 6.917937 7.133875 0.947279 -0.287854 0.140724 0.500000 0.116949
0 -31.624249 6.719492 0.100344 0.947279 -0.287854 0.140724 0.500000 0.085000
drum.jpg
0 -27.634188 18.927755 7.133875 0.857454 -0.457757 0.235012 0.440000 0.116949
0 -36.832005 15.702427 34.410267 0.857454 -0.457757 0.235012 0.470000 0.241667
0 -30.709991 13.166605 7.134479 0.857454 -0.457757 0.235012 0.470000 0.116949
drum.jpg
0 -30.709991 13.166605 7.134479 0.929990 -0.282626 0.235033 0.470000 0.116949
0 -39.105568 8.222971 34.409882 0.929990 -0.282626 0.235033 0.500000 0.241667
0 -32.608818 6.917937 7.133875 0.929990 -0.282626 0.235033 0.500000 0.116949
drum.jpg
0 -33.150883 22.598852 34.409882 0.882192 -0.470889 0.000000 0.440000 0.241667
0 -36.832005 15.702427 68.570831 0.882192 -0.470889 0.000000 0.470000 0.398333
0 -36.832005 15.702427 34.410267 0.882192 -0.470889 0.000000 0.470000 0.241667
drum.jpg
0 -36.832005 15.702427 34.410267 0.956773 -0.290835 0.000000 0.470000 0.241667
0 -39.105568 8.222971 68.571213 0.956773 -0.290835 0.000000 0.500000 0.398333
0 -39.105568 8.222971 34.409882 0.956773 -0.290835 0.000000 0.500000 0.241667
drum.jpg
0 -33.150883 22.598852 68.571213 0.857490 -0.457690 -0.235013 0.440000 0.398333
0 -30.709991 13.166605 95.846649 0.857490 -0.457690 -0.235013 0.470000 0.523051
0 -36.832005 15.702427 68.570831 0.857490 -0.457690 -0.235013 0.470000 0.398333
drum.jpg
0 -36.832005 15.702427 68.570831 0.929969 -0.282698 -0.235031 0.470000 0.398333
0 -32.608818 6.917937 95.847252 0.929969 -0.282698 -0.235031 0.500000 0.523051
0 -39.105568 8.222971 68.571213 0.929969 -0.282698 -0.235031 0.500000 0.398333
drum.jpg
0 -27.634188 18.927755 95.847252 0.873379 -0.466272 -0.140711 0.440000 0.523051
0 -29.782001 12.782221 102.880325 0.873379 -0.466272 -0.140711 0.470000 0.555000
0 -30.709991 13.166605 95.846649 0.873379 -0.466272 -0.140711 0.470000 0.523051
drum.jpg
0 -30.709991 13.166605 95.846649 0.947274 -0.287869 -0.140724 0.470000 0.523051
0 -31.624249 6.719492 102.880783 0.947274 -0.287869 -0.140724 0.500000 0.555000
0 -32.608818 6.917937 95.847252 0.947274 -0.287869 -0.140724 0.500000 0.523051
drum.jpg
0 -27.409208 18.697969 0.001923 0.472165 0.881407 -0.013504 0.440000 0.085000
0 -27.634188 18.927755 7.133875 0.472165 0.881407 -0.013504 0.440000 0.116949
0 -26.797670 18.371881 0.100344 0.472165 0.881407 -0.013504 0.440000 0.085000
drum.jpg
0 -30.422234 13.047413 0.001923 0.125165 -0.066907 -0.989877 0.470000 0.085000
0 -26.797670 18.371881 0.100344 0.125165 -0.066907 -0.989877 0.440000 0.085000
0 -29.782001 12.782221 0.100802 0.125165 -0.066907 -0.989877 0.470000 0.085000
drum.jpg
0 -32.287251 6.921336 0.001923 0.134549 -0.040810 -0.990066 0.500000 0.085000
0 -29.782001 12.782221 0.100802 0.134549 -0.040810 -0.990066 0.470000 0.085000
0 -31.624249 6.719492 0.100344 0.134549 -0.040810 -0.990066 0.500000 0.085000
drum.jpg
0 -33.266468 7.118151 7.001923 -0.288752 -0.957310 -0.013411 0.500000 0.116949
0 -31.624249 6.719492 0.100344 -0.288752 -0.957310 -0.013411 0.500000 0.085000
0 -32.608818 6.917937 7.133875 -0.288752 -0.957310 -0.013411 0.500000 0.116949
drum.jpg
0 -28.240789 19.251211 7.001923 0.474210 0.880123 -0.022546 0.440000 0.116949
0 -33.150883 22.598852 34.409882 0.474210 0.880123 -0.022546 0.440000 0.241667
0 -27.634188 18.927755 7.133875 0.474210 0.880123 -0.022546 0.440000 0.116949
drum.jpg
0 -39.770592 8.425430 34.327702 -0.288570 -0.957184 -0.022936 0.500000 0.241667
0 -32.608818 6.917937 7.133875 -0.288570 -0.957184 -0.022936 0.500000 0.116949
0 -39.105568 8.222971 34.409882 -0.288570 -0.957184 -0.022936 0.500000 0.241667
drum.jpg
0 -33.764286 22.925934 34.327702 0.470511 0.882394 0.000000 0.440000 0.241667
0 -33.150883 22.598852 68.571213 0.470511 0.882394 0.000000 0.440000 0.398333
0 -33.150883 22.598852 34.409882 0.470511 0.882394 0.000000 0.440000 0.241667
drum.jpg
0 -39.770592 8.425430 68.653397 -0.291243 -0.956649 0.000000 0.500000 0.398333
0 -39.105568 8.222971 34.409882 -0.291243 -0.956649 0.000000 0.500000 0.241667
0 -39.105568 8.222971 68.571213 -0.291243 -0.956649 0.000000 0.500000 0.398333
drum.jpg
0 -33.764286 22.925934 68.653397 0.472779 0.880883 0.022936 0.440000 0.398333
0 -27.634188 18.927755 95.847252 0.472779 0.880883 0.022936 0.440000 0.523051
0 -33.150883 22.598852 68.571213 0.472779 0.880883 0.022936 0.440000 0.398333
drum.jpg
0 -33.266468 7.118151 95.979202 -0.287023 -0.957658 0.022545 0.500000 0.523051
0 -39.105568 8.222971 68.571213 -0.287023 -0.957658 0.022545 0.500000 0.398333
0 -32.608818 6.917937 95.847252 -0.287023 -0.957658 0.022545 0.500000 0.523051
drum.jpg
0 -28.240789 19.251211 95.979202 0.472745 0.881097 0.013411 0.440000 0.523051
0 -26.797670 18.371881 102.880783 0.472745 0.881097 0.013411 0.440000 0.555000
0 -27.634188 18.927755 95.847252 0.472745 0.881097 0.013411 0.440000 0.523051
drum.jpg
0 -27.409208 18.697969 102.979202 0.124010 -0.066282 0.990065 0.440000 0.555000
0 -29.782001 12.782221 102.880325 0.124010 -0.066282 0.990065 0.470000 0.555000
0 -26.797670 18.371881 102.880783 0.124010 -0.066282 0.990065 0.440000 0.555000
drum.jpg
0 -32.287251 6.921336 102.979202 -0.289377 -0.957120 0.013504 0.500000 0.555000
0 -32.608818 6.917937 95.847252 -0.289377 -0.957120 0.013504 0.500000 0.523051
0 -31.624249 6.719492 102.880783 -0.289377 -0.957120 0.013504 0.500000 0.555000
drum.jpg
0 -30.422234 13.047413 102.979202 0.135818 -0.041194 0.989877 0.470000 0.555000
0 -31.624249 6.719492 102.880783 0.135818 -0.041194 0.989877 0.500000 0.555000
0 -29.782001 12.782221 102.880325 0.135818 -0.041194 0.989877 0.470000 0.555000
drum.jpg
0 -27.409208 18.697969 0.001923 -0.873627 0.465841 -0.140602 0.440000 0.085000
0 -30.422234 13.047413 0.001923 -0.873627 0.465841 -0.140602 0.470000 0.085000
0 -31.345005 13.429637 7.001923 -0.873627 0.465841 -0.140602 0.470000 0.116949
drum.jpg
0 -30.422234 13.047413 0.001923 -0.947147 0.288348 -0.140602 0.470000 0.085000
0 -32.287251 6.921336 0.001923 -0.947147 0.288348 -0.140602 0.500000 0.085000
0 -33.266468 7.118151 7.001923 -0.947147 0.288348 -0.140602 0.500000 0.116949
drum.jpg
0 -28.240789 19.251211 7.001923 -0.857708 0.457352 -0.234877 0.440000 0.116949
0 -31.345005 13.429637 7.001923 -0.857708 0.457352 -0.234877 0.470000 0.116949
0 -37.474205 15.968435 34.327702 -0.857708 0.457352 -0.234877 0.470000 0.241667
drum.jpg
0 -31.345005 13.429637 7.001923 -0.929887 0.283094 -0.234877 0.470000 0.116949
0 -33.266468 7.118151 7.001923 -0.929887 0.283094 -0.234877 0.500000 0.116949
0 -39.770592 8.425430 34.327702 -0.929887 0.283094 -0.234877 0.500000 0.241667
drum.jpg
0 -33.764286 22.925934 34.327702 -0.882392 0.470514 0.000000 0.440000 0.241667
0 -37.474205 15.968435 34.327702 -0.882392 0.470514 0.000000 0.470000 0.241667
0 -37.474205 15.968435 68.653397 -0.882392 0.470514 0.000000 0.470000 0.398333
drum.jpg
0 -37.474205 15.968435 34.327702 -0.956650 0.291241 0.000000 0.470000 0.241667
0 -39.770592 8.425430 34.327702 -0.956650 0.291241 0.000000 0.500000 0.241667
0 -39.770592 8.425430 68.653397 -0.956650 0.291241 0.000000 0.500000 0.398333
drum.jpg
0 -33.764286 22.925934 68.653397 -0.857708 0.457352 0.234876 0.440000 0.398333
0 -37.474205 15.968435 68.653397 -0.857708 0.457352 0.234876 0.470000 0.398333
0 -31.345005 13.429637 95.979202 -0.857708 0.457352 0.234876 0.470000 0.523051
drum.jpg
0 -37.474205 15.968435 68.653397 -0.929888 0.283094 0.234876 0.470000 0.398333
0 -39.770592 8.425430 68.653397 -0.929888 0.283094 0.234876 0.500000 0.398333
0 -33.266468 7.118151 95.979202 -0.929888 0.283094 0.234876 0.500000 0.523051
drum.jpg
0 -28.240789 19.251211 95.979202 -0.873627 0.465840 0.140602 0.440000 0.523051
0 -31.345005 13.429637 95.979202 -0.873627 0.465840 0.140602 0.470000 0.523051
0 -30.422234 13.047413 102.979202 -0.873627 0.465840 0.140602 0.470000 0.555000
drum.jpg
0 -31.345005 13.429637 95.979202 -0.947146 0.288349 0.140602 0.470000 0.523051
0 -33.266468 7.118151 95.979202 -0.947146 0.288349 0.140602 0.500000 0.523051
0 -32.287251 6.921336 102.979202 -0.947146 0.288349 0.140602 0.500000 0.555000
drum.jpg
0 -26.797670 18.371881 0.100344 0.873378 -0.466270 0.140724 0.440000 0.085000
0 -27.634188 18.927755 7.133875 0.873378 -0.466270 0.140724 0.440000 0.116949
0 -30.709991 13.166605 7.134479 0.873378 -0.466270 0.140724 0.470000 0.116949
drum.jpg
0 -29.782001 12.782221 0.100802 0.947276 -0.287869 0.140711 0.470000 0.085000
0 -30.709991 13.166605 7.134479 0.947276 -0.287869 0.140711 0.470000 0.116949
0 -32.608818 6.917937 7.133875 0.947276 -0.287869 0.140711 0.500000 0.116949
drum.jpg
0 -27.634188 18.927755 7.133875 0.857485 -0.457689 0.235031 0.440000 0.116949
0 -33.150883 22.598852 34.409882 0.857485 -0.457689 0.235031 0.440000 0.241667
0 -36.832005 15.702427 34.410267 0.857485 -0.457689 0.235031 0.470000 0.241667
drum.jpg
0 -30.709991 13.166605 7.134479 0.929972 -0.282701 0.235014 0.470000 0.116949
0 -36.832005 15.702427 34.410267 0.929972 -0.282701 0.235014 0.470000 0.241667
0 -39.105568 8.222971 34.409882 0.929972 -0.282701 0.235014 0.500000 0.241667
drum.jpg
0 -33.150883 22.598852 34.409882 0.882192 -0.470890 0.000000 0.440000 0.241667
0 -33.150883 22.598852 68.571213 0.882192 -0.470890 0.000000 0.440000 0.398333
0 -36.832005 15.702427 68.570831 0.882192 -0.470890 0.000000 0.470000 0.398333
drum.jpg
0 -36.832005 15.702427 34.410267 0.956773 -0.290835 0.000000 0.470000 0.241667
0 -36.832005 15.702427 68.570831 0.956773 -0.290835 0.000000 0.470000 0.398333
0 -39.105568 8.222971 68.571213 0.956773 -0.290835 0.000000 0.500000 0.398333
drum.jpg
0 -33.150883 22.598852 68.571213 0.857449 -0.457757 -0.235032 0.440000 0.398333
0 -27.634188 18.927755 95.847252 0.857449 -0.457757 -0.235032 0.440000 0.523051
0 -30.709991 13.166605 95.846649 0.857449 -0.457757 -0.235032 0.470000 0.523051
drum.jpg
0 -36.832005 15.702427 68.570831 0.929995 -0.282628 -0.235012 0.470000 0.398333
0 -30.709991 13.166605 95.846649 0.929995 -0.282628 -0.235012 0.470000 0.523051
0 -32.608818 6.917937 95.847252 0.929995 -0.282628 -0.235012 0.500000 0.523051
drum.jpg
0 -27.634188 18.927755 95.847252 0.873372 -0.466282 -0.140723 0.440000 0.523051
0 -26.797670 18.371881 102.880783 0.873372 -0.466282 -0.140723 0.440000 0.555000
0 -29.782001 12.782221 102.880325 0.873372 -0.466282 -0.140723 0.470000 0.555000
drum.jpg
0 -30.709991 13.166605 95.846649 0.947280 -0.287855 -0.140711 0.470000 0.523051
0 -29.782001 12.782221 102.880325 0.947280 -0.287855 -0.140711 0.470000 0.555000
0 -31.624249 6.719492 102.880783 0.947280 -0.287855 -0.140711 0.500000 0.555000
drum.jpg
0 -27.409208 18.697969 0.001923 0.472751 0.881093 -0.013475 0.440000 0.085000
0 -28.240789 19.251211 7.001923 0.472751 0.881093 -0.013475 0.440000 0.116949
0 -27.634188 18.927755 7.133875 0.472751 0.881093 -0.013475 0.440000 0.116949
drum.jpg
0 -30.422234 13.047413 0.001923 0.124066 -0.066155 -0.990066 0.470000 0.085000
0 -27.409208 18.697969 0.001923 0.124066 -0.066155 -0.990066 0.440000 0.085000
0 -26.797670 18.371881 0.100344 0.124066 -0.066155 -0.990066 0.440000 0.085000
drum.jpg
0 -32.287251 6.921336 0.001923 0.135759 -0.041330 -0.989879 0.500000 0.085000
0 -30.422234 13.047413 0.001923 0.135759 -0.041330 -0.989879 0.470000 0.085000
0 -29.782001 12.782221 0.100802 0.135759 -0.041330 -0.989879 0.470000 0.085000
drum.jpg
0 -33.266468 7.118151 7.001923 -0.289371 -0.957121 -0.013569 0.500000 0.116949
0 -32.287251 6.921336 0.001923 -0.289371 -0.957121 -0.013569 0.500000 0.085000
0 -31.624249 6.719492 0.100344 -0.289371 -0.957121 -0.013569 0.500000 0.085000
drum.jpg
0 -28.240789 19.251211 7.001923 0.472777 0.880885 -0.022895 0.440000 0.116949
0 -33.764286 22.925934 34.327702 0.472777 0.880885 -0.022895 0.440000 0.241667
0 -33.150883 22.598852 34.409882 0.472777 0.880885 -0.022895 0.440000 0.241667
drum.jpg
0 -39.770592 8.425430 34.327702 -0.287030 -0.957657 -0.022505 0.500000 0.241667
0 -33.266468 7.118151 7.001923 -0.287030 -0.957657 -0.022505 0.500000 0.116949
0 -32.608818 6.917937 7.133875 -0.287030 -0.957657 -0.022505 0.500000 0.116949
drum.jpg
0 -33.764286 22.925934 34.327702 0.470516 0.882391 0.000000 0.440000 0.241667
0 -33.764286 22.925934 68.653397 0.470516 0.882391 0.000000 0.440000 0.398333
0 -33.150883 22.598852 68.571213 0.470516 0.882391 0.000000 0.440000 0.398333
drum.jpg
0 -39.770592 8.425430 68.653397 -0.291243 -0.956649 0.000000 0.500000 0.398333
0 -39.770592 8.425430 34.327702 -0.291243 -0.956649 0.000000 0.500000 0.241667
0 -39.105568 8.222971 34.409882 -0.291243 -0.956649 0.000000 0.500000 0.241667
drum.jpg
0 -33.764286 22.925934 68.653397 0.474204 0.880127 0.022504 0.440000 0.398333
0 -28.240789 19.251211 95.979202 0.474204 0.880127 0.022504 0.440000 0.523051
0 -27.634188 18.927755 95.847252 0.474204 0.880127 0.022504 0.440000 0.523051
drum.jpg
0 -33.266468 7.118151 95.979202 -0.288575 -0.957184 0.022895 0.500000 0.523051
0 -39.770592 8.425430 68.653397 -0.288575 -0.957184 0.022895 0.500000 0.398333
0 -39.105568 8.222971 68.571213 -0.288575 -0.957184 0.022895 0.500000 0.398333
drum.jpg
0 -28.240789 19.251211 95.979202 0.472170 0.881403 0.013569 0.440000 0.523051
0 -27.409208 18.697969 102.979202 0.472170 0.881403 0.013569 0.440000 0.555000
0 -26.797670 18.371881 102.880783 0.472170 0.881403 0.013569 0.440000 0.555000
drum.jpg
0 -27.409208 18.697969 102.979202 0.125226 -0.066770 0.989879 0.440000 0.555000
0 -30.422234 13.047413 102.979202 0.125226 -0.066770 0.989879 0.470000 0.555000
0 -29.782001 12.782221 102.880325 0.125226 -0.066770 0.989879 0.470000 0.555000
drum.jpg
0 -32.287251 6.921336 102.979202 -0.288741 -0.957312 0.013475 0.500000 0.555000
0 -33.266468 7.118151 95.979202 -0.288741 -0.957312 0.013475 0.500000 0.523051
0 -32.608818 6.917937 95.847252 -0.288741 -0.957312 0.013475 0.500000 0.523051
drum.jpg
0 -30.422234 13.047413 102.979202 0.134507 -0.040948 0.990066 0.470000 0.555000
0 -32.287251 6.921336 102.979202 0.134507 -0.040948 0.990066 0.500000 0.555000
0 -31.624249 6.719492 102.880783 0.134507 -0.040948 0.990066 0.500000 0.555000
drum.jpg
0 -32.313004 6.791868 0.001923 -0.985395 0.096060 -0.140602 0.500000 0.085000
0 -33.933102 0.418400 7.001923 -0.985395 0.096060 -0.140602 0.530000 0.116949
0 -33.292999 6.984764 7.001923 -0.985395 0.096060 -0.140602 0.500000 0.116949
drum.jpg
0 -32.934299 0.418400 0.001923 -0.985395 -0.096059 -0.140602 0.530000 0.085000
0 -33.292999 -6.147964 7.001923 -0.985395 -0.096059 -0.140602 0.560000 0.116949
0 -33.933102 0.418400 7.001923 -0.985395 -0.096059 -0.140602 0.530000 0.116949
drum.jpg
0 -33.292999 6.984764 7.001923 -0.967439 0.094308 -0.234877 0.500000 0.116949
0 -40.567299 0.418400 34.327702 -0.967439 0.094308 -0.234877 0.530000 0.241667
0 -39.802299 8.266017 34.327702 -0.967439 0.094308 -0.234877 0.500000 0.241667
drum.jpg
0 -33.933102 0.418400 7.001923 -0.967439 -0.094308 -0.234877 0.530000 0.116949
0 -39.802299 -7.429216 34.327702 -0.967439 -0.094308 -0.234877 0.560000 0.241667
0 -40.567299 0.418400 34.327702 -0.967439 -0.094308 -0.234877 0.530000 0.241667
drum.jpg
0 -39.802299 8.266017 34.327702 -0.995282 0.097022 0.000000 0.500000 0.241667
0 -40.567299 0.418400 68.653397 -0.995282 0.097022 0.000000 0.530000 0.398333
0 -39.802299 8.266017 68.653397 -0.995282 0.097022 0.000000 0.500000 0.398333
drum.jpg
0 -40.567299 0.418400 34.327702 -0.995282 -0.097021 0.000000 0.530000 0.241667
0 -39.802299 -7.429216 68.653397 -0.995282 -0.097021 0.000000 0.560000 0.398333
0 -40.567299 0.418400 68.653397 -0.995282 -0.097021 0.000000 0.530000 0.398333
drum.jpg
0 -39.802299 8.266017 68.653397 -0.967440 0.094307 0.234876 0.500000 0.398333
0 -33.933102 0.418400 95.979202 -0.967440 0.094307 0.234876 0.530000 0.523051
0 -33.292999 6.984764 95.979202 -0.967440 0.094307 0.234876 0.500000 0.523051
drum.jpg
0 -40.567299 0.418400 68.653397 -0.967440 -0.094307 0.234876 0.530000 0.398333
0 -33.292999 -6.147964 95.979202 -0.967440 -0.094307 0.234876 0.560000 0.523051
0 -33.933102 0.418400 95.979202 -0.967440 -0.094307 0.234876 0.530000 0.523051
drum.jpg
0 -33.292999 6.984764 95.979202 -0.985395 0.096058 0.140602 0.500000 0.523051
0 -32.934299 0.418400 102.979202 -0.985395 0.096058 0.140602 0.530000 0.555000
0 -32.313004 6.791868 102.979202 -0.985395 0.096058 0.140602 0.500000 0.555000
drum.jpg
0 -33.933102 0.418400 95.979202 -0.985395 -0.096057 0.140602 0.530000 0.523051
0 -32.313004 -5.955068 102.979202 -0.985395 -0.096057 0.140602 0.560000 0.555000
0 -32.934299 0.418400 102.979202 -0.985395 -0.096057 0.140602 0.530000 0.555000
drum.jpg
0 -31.623226 6.724627 0.100344 0.985330 -0.096565 0.140711 0.500000 0.085000
0 -33.245766 0.418400 7.134479 0.985330 -0.096565 0.140711 0.530000 0.116949
0 -32.241318 0.418400 0.100802 0.985330 -0.096565 0.140711 0.530000 0.085000
drum.jpg
0 -32.241318 0.418400 0.100802 0.985328 0.096566 0.140724 0.530000 0.085000
0 -32.608791 -6.081267 7.133875 0.985328 0.096566 0.140724 0.560000 0.116949
0 -31.623226 -5.887827 0.100344 0.985328 0.096566 0.140724 0.560000 0.085000
drum.jpg
0 -32.608791 6.918067 7.133875 0.967360 -0.094780 0.235012 0.500000 0.116949
0 -39.872185 0.418400 34.410267 0.967360 -0.094780 0.235012 0.530000 0.241667
0 -33.245766 0.418400 7.134479 0.967360 -0.094780 0.235012 0.530000 0.116949
drum.jpg
0 -33.245766 0.418400 7.134479 0.967355 0.094780 0.235033 0.530000 0.116949
0 -39.110420 -7.361771 34.409882 0.967355 0.094780 0.235033 0.560000 0.241667
0 -32.608791 -6.081267 7.133875 0.967355 0.094780 0.235033 0.560000 0.116949
drum.jpg
0 -39.110420 8.198571 34.409882 0.995241 -0.097446 0.000000 0.500000 0.241667
0 -39.872185 0.418400 68.570831 0.995241 -0.097446 0.000000 0.530000 0.398333
0 -39.872185 0.418400 34.410267 0.995241 -0.097446 0.000000 0.530000 0.241667
drum.jpg
0 -39.872185 0.418400 34.410267 0.995241 0.097446 0.000000 0.530000 0.241667
0 -39.110420 -7.361771 68.571213 0.995241 0.097446 0.000000 0.560000 0.398333
0 -39.110420 -7.361771 34.409882 0.995241 0.097446 0.000000 0.560000 0.241667
drum.jpg
0 -39.110420 8.198571 68.571213 0.967368 -0.094705 -0.235013 0.500000 0.398333
0 -33.245766 0.418400 95.846649 0.967368 -0.094705 -0.235013 0.530000 0.523051
0 -39.872185 0.418400 68.570831 0.967368 -0.094705 -0.235013 0.530000 0.398333
drum.jpg
0 -39.872185 0.418400 68.570831 0.967363 0.094704 -0.235031 0.530000 0.398333
0 -32.608791 -6.081267 95.847252 0.967363 0.094704 -0.235031 0.560000 0.523051
0 -39.110420 -7.361771 68.571213 0.967363 0.094704 -0.235031 0.560000 0.398333
drum.jpg
0 -32.608791 6.918067 95.847252 0.985332 -0.096550 -0.140711 0.500000 0.523051
0 -32.241318 0.418400 102.880325 0.985332 -0.096550 -0.140711 0.530000 0.555000
0 -33.245766 0.418400 95.846649 0.985332 -0.096550 -0.140711 0.530000 0.523051
drum.jpg
0 -33.245766 0.418400 95.846649 0.985330 0.096550 -0.140724 0.530000 0.523051
0 -31.623226 -5.887827 102.880783 0.985330 0.096550 -0.140724 0.560000 0.555000
0 -32.608791 -6.081267 95.847252 0.985330 0.096550 -0.140724 0.560000 0.523051
drum.jpg
0 -32.313004 6.791868 0.001923 0.098921 0.995004 -0.013504 0.500000 0.085000
0 -32.608791 6.918067 7.133875 0.098921 0.995004 -0.013504 0.500000 0.116949
0 -31.623226 6.724627 0.100344 0.098921 0.995004 -0.013504 0.500000 0.085000
drum.jpg
0 -32.934299 0.418400 0.001923 0.141241 -0.013915 -0.989877 0.530000 0.085000
0 -31.623226 6.724627 0.100344 0.141241 -0.013915 -0.989877 0.500000 0.085000
0 -32.241318 0.418400 0.100802 0.141241 -0.013915 -0.989877 0.530000 0.085000
drum.jpg
0 -32.313004 -5.955068 0.001923 0.139924 0.013786 -0.990066 0.560000 0.085000
0 -32.241318 0.418400 0.100802 0.139924 0.013786 -0.990066 0.530000 0.085000
0 -31.623226 -5.887827 0.100344 0.139924 0.013786 -0.990066 0.560000 0.085000
drum.jpg
0 -33.292999 -6.147964 7.001923 0.099574 -0.994940 -0.013410 0.560000 0.116949
0 -31.623226 -5.887827 0.100344 0.099574 -0.994940 -0.013410 0.560000 0.085000
0 -32.608791 -6.081267 7.133875 0.099574 -0.994940 -0.013410 0.560000 0.116949
drum.jpg
0 -33.292999 6.984764 7.001923 0.101303 0.994600 -0.022546 0.500000 0.116949
0 -39.110420 8.198571 34.409882 0.101303 0.994600 -0.022546 0.500000 0.241667
0 -32.608791 6.918067 7.133875 0.101303 0.994600 -0.022546 0.500000 0.116949
drum.jpg
0 -39.802299 -7.429216 34.327702 0.099695 -0.994754 -0.022936 0.560000 0.241667
0 -32.608791 -6.081267 7.133875 0.099695 -0.994754 -0.022936 0.560000 0.116949
0 -39.110420 -7.361771 34.409882 0.099695 -0.994754 -0.022936 0.560000 0.241667
drum.jpg
0 -39.802299 8.266017 34.327702 0.097022 0.995282 0.000000 0.500000 0.241667
0 -39.110420 8.198571 68.571213 0.097022 0.995282 0.000000 0.500000 0.398333
0 -39.110420 8.198571 34.409882 0.097022 0.995282 0.000000 0.500000 0.241667
drum.jpg
0 -39.802299 -7.429216 68.653397 0.097021 -0.995282 0.000000 0.560000 0.398333
0 -39.110420 -7.361771 34.409882 0.097021 -0.995282 0.000000 0.560000 0.241667
0 -39.110420 -7.361771 68.571213 0.097021 -0.995282 0.000000 0.560000 0.398333
drum.jpg
0 -39.802299 8.266017 68.653397 0.099695 0.994754 0.022936 0.500000 0.398333
0 -32.608791 6.918067 95.847252 0.099695 0.994754 0.022936 0.500000 0.523051
0 -39.110420 8.198571 68.571213 0.099695 0.994754 0.022936 0.500000 0.398333
drum.jpg
0 -33.292999 -6.147964 95.979202 0.101303 -0.994600 0.022545 0.560000 0.523051
0 -39.110420 -7.361771 68.571213 0.101303 -0.994600 0.022545 0.560000 0.398333
0 -32.608791 -6.081267 95.847252 0.101303 -0.994600 0.022545 0.560000 0.523051
drum.jpg
0 -33.292999 6.984764 95.979202 0.099574 0.994940 0.013411 0.500000 0.523051
0 -31.623226 6.724627 102.880783 0.099574 0.994940 0.013411 0.500000 0.555000
0 -32.608791 6.918067 95.847252 0.099574 0.994940 0.013411 0.500000 0.523051
drum.jpg
0 -32.313004 6.791868 102.979202 0.139917 -0.013786 0.990067 0.500000 0.555000
0 -32.241318 0.418400 102.880325 0.139917 -0.013786 0.990067 0.530000 0.555000
0 -31.623226 6.724627 102.880783 0.139917 -0.013786 0.990067 0.500000 0.555000
drum.jpg
0 -32.313004 -5.955068 102.979202 0.098921 -0.995004 0.013504 0.560000 0.555000
0 -32.608791 -6.081267 95.847252 0.098921 -0.995004 0.013504 0.560000 0.523051
0 -31.623226 -5.887827 102.880783 0.098921 -0.995004 0.013504 0.560000 0.555000
drum.jpg
0 -32.934299 0.418400 102.979202 0.141238 0.013915 0.989878 0.530000 0.555000
0 -31.623226 -5.887827 102.880783 0.141238 0.013915 0.989878 0.560000 0.555000
0 -32.241318 0.418400 102.880325 0.141238 0.013915 0.989878 0.530000 0.555000
drum.jpg
0 -32.313004 6.791868 0.001923 -0.985395 0.096057 -0.140602 0.500000 0.085000
0 -32.934299 0.418400 0.001923 -0.985395 0.096057 -0.140602 0.530000 0.085000
0 -33.933102 0.418400 7.001923 -0.985395 0.096057 -0.140602 0.530000 0.116949
drum.jpg
0 -32.934299 0.418400 0.001923 -0.985395 -0.096058 -0.140602 0.530000 0.085000
0 -32.313004 -5.955068 0.001923 -0.985395 -0.096058 -0.140602 0.560000 0.085000
0 -33.292999 -6.147964 7.001923 -0.985395 -0.096058 -0.140602 0.560000 0.116949
drum.jpg
0 -33.292999 6.984764 7.001923 -0.967439 0.094307 -0.234877 0.500000 0.116949
0 -33.933102 0.418400 7.001923 -0.967439 0.094307 -0.234877 0.530000 0.116949
0 -40.567299 0.418400 34.327702 -0.967439 0.094307 -0.234877 0.530000 0.241667
drum.jpg
0 -33.933102 0.418400 7.001923 -0.967439 -0.094307 -0.234877 0.530000 0.116949
0 -33.292999 -6.147964 7.001923 -0.967439 -0.094307 -0.234877 0.560000 0.116949
0 -39.802299 -7.429216 34.327702 -0.967439 -0.094307 -0.234877 0.560000 0.241667
drum.jpg
0 -39.802299 8.266017 34.327702 -0.995282 0.097021 0.000000 0.500000 0.241667
0 -40.567299 0.418400 34.327702 -0.995282 0.097021 0.000000 0.530000 0.241667
0 -40.567299 0.418400 68.653397 -0.995282 0.097021 0.000000 0.530000 0.398333
drum.jpg
0 -40.567299 0.418400 34.327702 -0.995282 -0.097022 0.000000 0.530000 0.241667
0 -39.802299 -7.429216 34.327702 -0.995282 -0.097022 0.000000 0.560000 0.241667
0 -39.802299 -7.429216 68.653397 -0.995282 -0.097022 0.000000 0.560000 0.398333
drum.jpg
0 -39.802299 8.266017 68.653397 -0.967440 0.094307 0.234876 0.500000 0.398333
0 -40.567299 0.418400 68.653397 -0.967440 0.094307 0.234876 0.530000 0.398333
0 -33.933102 0.418400 95.979202 -0.967440 0.094307 0.234876 0.530000 0.523051
drum.jpg
0 -40.567299 0.418400 68.653397 -0.967440 -0.094307 0.234876 0.530000 0.398333
0 -39.802299 -7.429216 68.653397 -0.967440 -0.094307 0.234876 0.560000 0.398333
0 -33.292999 -6.147964 95.979202 -0.967440 -0.094307 0.234876 0.560000 0.523051
drum.jpg
0 -33.292999 6.984764 95.979202 -0.985395 0.096059 0.140602 0.500000 0.523051
0 -33.933102 0.418400 95.979202 -0.985395 0.096059 0.140602 0.530000 0.523051
0 -32.934299 0.418400 102.979202 -0.985395 0.096059 0.140602 0.530000 0.555000
drum.jpg
0 -33.933102 0.418400 95.979202 -0.985395 -0.096060 0.140602 0.530000 0.523051
0 -33.292999 -6.147964 95.979202 -0.985395 -0.096060 0.140602 0.560000 0.523051
0 -32.313004 -5.955068 102.979202 -0.985395 -0.096060 0.140602 0.560000 0.555000
drum.jpg
0 -31.623226 6.724627 0.100344 0.985330 -0.096550 0.140724 0.500000 0.085000
0 -32.608791 6.918067 7.133875 0.985330 -0.096550 0.140724 0.500000 0.116949
0 -33.245766 0.418400 7.134479 0.985330 -0.096550 0.140724 0.530000 0.116949
drum.jpg
0 -32.241318 0.418400 0.100802 0.985332 0.096550 0.140711 0.530000 0.085000
0 -33.245766 0.418400 7.134479 0.985332 0.096550 0.140711 0.530000 0.116949
0 -32.608791 -6.081267 7.133875 0.985332 0.096550 0.140711 0.560000 0.116949
drum.jpg
0 -32.608791 6.918067 7.133875 0.967363 -0.094704 0.235031 0.500000 0.116949
0 -39.110420 8.198571 34.409882 0.967363 -0.094704 0.235031 0.500000 0.241667
0 -39.872185 0.418400 34.410267 0.967363 -0.094704 0.235031 0.530000 0.241667
drum.jpg
0 -33.245766 0.418400 7.134479 0.967367 0.094704 0.235014 0.530000 0.116949
0 -39.872185 0.418400 34.410267 0.967367 0.094704 0.235014 0.530000 0.241667
0 -39.110420 -7.361771 34.409882 0.967367 0.094704 0.235014 0.560000 0.241667
drum.jpg
0 -39.110420 8.198571 34.409882 0.995241 -0.097446 0.000000 0.500000 0.241667
0 -39.110420 8.198571 68.571213 0.995241 -0.097446 0.000000 0.500000 0.398333
0 -39.872185 0.418400 68.570831 0.995241 -0.097446 0.000000 0.530000 0.398333
drum.jpg
0 -39.872185 0.418400 34.410267 0.995241 0.097445 0.000000 0.530000 0.241667
0 -39.872185 0.418400 68.570831 0.995241 0.097445 0.000000 0.530000 0.398333
0 -39.110420 -7.361771 68.571213 0.995241 0.097445 0.000000 0.560000 0.398333
drum.jpg
0 -39.110420 8.198571 68.571213 0.967356 -0.094780 -0.235032 0.500000 0.398333
0 -32.608791 6.918067 95.847252 0.967356 -0.094780 -0.235032 0.500000 0.523051
0 -33.245766 0.418400 95.846649 0.967356 -0.094780 -0.235032 0.530000 0.523051
drum.jpg
0 -39.872185 0.418400 68.570831 0.967360 0.094781 -0.235012 0.530000 0.398333
0 -33.245766 0.418400 95.846649 0.967360 0.094781 -0.235012 0.530000 0.523051
0 -32.608791 -6.081267 95.847252 0.967360 0.094781 -0.235012 0.560000 0.523051
drum.jpg
0 -32.608791 6.918067 95.847252 0.985328 -0.096565 -0.140723 0.500000 0.523051
0 -31.623226 6.724627 102.880783 0.985328 -0.096565 -0.140723 0.500000 0.555000
0 -32.241318 0.418400 102.880325 0.985328 -0.096565 -0.140723 0.530000 0.555000
drum.jpg
0 -33.245766 0.418400 95.846649 0.985330 0.096565 -0.140711 0.530000 0.523051
0 -32.241318 0.418400 102.880325 0.985330 0.096565 -0.140711 0.530000 0.555000
0 -31.623226 -5.887827 102.880783 0.985330 0.096565 -0.140711 0.560000 0.555000
drum.jpg
0 -32.313004 6.791868 0.001923 0.099587 0.994938 -0.013475 0.500000 0.085000
0 -33.292999 6.984764 7.001923 0.099587 0.994938 -0.013475 0.500000 0.116949
0 -32.608791 6.918067 7.133875 0.099587 0.994938 -0.013475 0.500000 0.116949
drum.jpg
0 -32.934299 0.418400 0.001923 0.139939 -0.013641 -0.990066 0.530000 0.085000
0 -32.313004 6.791868 0.001923 0.139939 -0.013641 -0.990066 0.500000 0.085000
0 -31.623226 6.724627 0.100344 0.139939 -0.013641 -0.990066 0.500000 0.085000
drum.jpg
0 -32.313004 -5.955068 0.001923 0.141242 0.013768 -0.989879 0.560000 0.085000
0 -32.934299 0.418400 0.001923 0.141242 0.013768 -0.989879 0.530000 0.085000
0 -32.241318 0.418400 0.100802 0.141242 0.013768 -0.989879 0.530000 0.085000
drum.jpg
0 -33.292999 -6.147964 7.001923 0.098932 -0.995002 -0.013569 0.560000 0.116949
0 -32.313004 -5.955068 0.001923 0.098932 -0.995002 -0.013569 0.560000 0.085000
0 -31.623226 -5.887827 0.100344 0.098932 -0.995002 -0.013569 0.560000 0.085000
drum.jpg
0 -33.292999 6.984764 7.001923 0.099690 0.994755 -0.022895 0.500000 0.116949
0 -39.802299 8.266017 34.327702 0.099690 0.994755 -0.022895 0.500000 0.241667
0 -39.110420 8.198571 34.409882 0.099690 0.994755 -0.022895 0.500000 0.241667
drum.jpg
0 -39.802299 -7.429216 34.327702 0.101295 -0.994602 -0.022505 0.560000 0.241667
0 -33.292999 -6.147964 7.001923 0.101295 -0.994602 -0.022505 0.560000 0.116949
0 -32.608791 -6.081267 7.133875 0.101295 -0.994602 -0.022505 0.560000 0.116949
drum.jpg
0 -39.802299 8.266017 34.327702 0.097022 0.995282 0.000000 0.500000 0.241667
0 -39.802299 8.266017 68.653397 0.097022 0.995282 0.000000 0.500000 0.398333
0 -39.110420 8.198571 68.571213 0.097022 0.995282 0.000000 0.500000 0.398333
drum.jpg
0 -39.802299 -7.429216 68.653397 0.097023 -0.995282 0.000000 0.560000 0.398333
0 -39.802299 -7.429216 34.327702 0.097023 -0.995282 0.000000 0.560000 0.241667
0 -39.110420 -7.361771 34.409882 0.097023 -0.995282 0.000000 0.560000 0.241667
drum.jpg
0 -39.802299 8.266017 68.653397 0.101296 0.994602 0.022505 0.500000 0.398333
0 -33.292999 6.984764 95.979202 0.101296 0.994602 0.022505 0.500000 0.523051
0 -32.608791 6.918067 95.847252 0.101296 0.994602 0.022505 0.500000 0.523051
drum.jpg
0 -33.292999 -6.147964 95.979202 0.099691 -0.994755 0.022895 0.560000 0.523051
0 -39.802299 -7.429216 68.653397 0.099691 -0.994755 0.022895 0.560000 0.398333
0 -39.110420 -7.361771 68.571213 0.099691 -0.994755 0.022895 0.560000 0.398333
drum.jpg
0 -33.292999 6.984764 95.979202 0.098931 0.995002 0.013569 0.500000 0.523051
0 -32.313004 6.791868 102.979202 0.098931 0.995002 0.013569 0.500000 0.555000
0 -31.623226 6.724627 102.880783 0.098931 0.995002 0.013569 0.500000 0.555000
drum.jpg
0 -32.313004 6.791868 102.979202 0.141253 -0.013768 0.989878 0.500000 0.555000
0 -32.934299 0.418400 102.979202 0.141253 -0.013768 0.989878 0.530000 0.555000
0 -32.241318 0.418400 102.880325 0.141253 -0.013768 0.989878 0.530000 0.555000
drum.jpg
0 -32.313004 -5.955068 102.979202 0.099588 -0.994938 0.013475 0.560000 0.555000
0 -33.292999 -6.147964 95.979202 0.099588 -0.994938 0.013475 0.560000 0.523051
0 -32.608791 -6.081267 95.847252 0.099588 -0.994938 0.013475 0.560000 0.523051
drum.jpg
0 -32.934299 0.418400 102.979202 0.139944 0.013641 0.990066 0.530000 0.555000
0 -32.313004 -5.955068 102.979202 0.139944 0.013641 0.990066 0.560000 0.555000
0 -31.623226 -5.887827 102.880783 0.139944 0.013641 0.990066 0.560000 0.555000
drum.jpg
0 -32.287251 -6.084536 0.001923 -0.947146 -0.288349 -0.140602 0.560000 0.085000
0 -31.345005 -12.592836 7.001923 -0.947146 -0.288349 -0.140602 0.590000 0.116949
0 -33.266468 -6.281351 7.001923 -0.947146 -0.288349 -0.140602 0.560000 0.116949
drum.jpg
0 -30.422234 -12.210612 0.001923 -0.873627 -0.465840 -0.140602 0.590000 0.085000
0 -28.240789 -18.414410 7.001923 -0.873627 -0.465840 -0.140602 0.620000 0.116949
0 -31.345005 -12.592836 7.001923 -0.873627 -0.465840 -0.140602 0.590000 0.116949
drum.jpg
0 -33.266468 -6.281351 7.001923 -0.929887 -0.283094 -0.234877 0.560000 0.116949
0 -37.474205 -15.131635 34.327702 -0.929887 -0.283094 -0.234877 0.590000 0.241667
0 -39.770592 -7.588630 34.327702 -0.929887 -0.283094 -0.234877 0.560000 0.241667
drum.jpg
0 -31.345005 -12.592836 7.001923 -0.857708 -0.457352 -0.234876 0.590000 0.116949
0 -33.764286 -22.089134 34.327702 -0.857708 -0.457352 -0.234876 0.620000 0.241667
0 -37.474205 -15.131635 34.327702 -0.857708 -0.457352 -0.234876 0.590000 0.241667
drum.jpg
0 -39.770592 -7.588630 34.327702 -0.956650 -0.291241 0.000000 0.560000 0.241667
0 -37.474205 -15.131635 68.653397 -0.956650 -0.291241 0.000000 0.590000 0.398333
0 -39.770592 -7.588630 68.653397 -0.956650 -0.291241 0.000000 0.560000 0.398333
drum.jpg
0 -37.474205 -15.131635 34.327702 -0.882392 -0.470514 0.000000 0.590000 0.241667
0 -33.764286 -22.089134 68.653397 -0.882392 -0.470514 0.000000 0.620000 0.398333
0 -37.474205 -15.131635 68.653397 -0.882392 -0.470514 0.000000 0.590000 0.398333
drum.jpg
0 -39.770592 -7.588630 68.653397 -0.929888 -0.283094 0.234876 0.560000 0.398333
0 -31.345005 -12.592836 95.979202 -0.929888 -0.283094 0.234876 0.590000 0.523051
0 -33.266468 -6.281351 95.979202 -0.929888 -0.283094 0.234876 0.560000 0.523051
drum.jpg
0 -37.474205 -15.131635 68.653397 -0.857708 -0.457352 0.234876 0.590000 0.398333
0 -28.240789 -18.414410 95.979202 -0.857708 -0.457352 0.234876 0.620000 0.523051
0 -31.345005 -12.592836 95.979202 -0.857708 -0.457352 0.234876 0.590000 0.523051
drum.jpg
0 -33.266468 -6.281351 95.979202 -0.947147 -0.288348 0.140602 0.560000 0.523051
0 -30.422234 -12.210612 102.979202 -0.947147 -0.288348 0.140602 0.590000 0.555000
0 -32.287251 -6.084536 102.979202 -0.947147 -0.288348 0.140602 0.560000 0.555000
drum.jpg
0 -31.345005 -12.592836 95.979202 -0.873626 -0.465841 0.140602 0.590000 0.523051
0 -27.409208 -17.861168 102.979202 -0.873626 -0.465841 0.140602 0.620000 0.555000
0 -30.422234 -12.210612 102.979202 -0.873626 -0.465841 0.140602 0.590000 0.555000
drum.jpg
0 -31.624249 -5.882692 0.100344 0.947280 0.287855 0.140711 0.560000 0.085000
0 -30.709991 -12.329804 7.134479 0.947280 0.287855 0.140711 0.590000 0.116949
0 -29.782001 -11.945419 0.100802 0.947280 0.287855 0.140711 0.590000 0.085000
drum.jpg
0 -29.782001 -11.945419 0.100802 0.873371 0.466283 0.140724 0.590000 0.085000
0 -27.634188 -18.090954 7.133875 0.873371 0.466283 0.140724 0.620000 0.116949
0 -26.797670 -17.535080 0.100344 0.873371 0.466283 0.140724 0.620000 0.085000
drum.jpg
0 -32.608818 -6.081137 7.133875 0.929995 0.282629 0.235012 0.560000 0.116949
0 -36.832005 -14.865626 34.410267 0.929995 0.282629 0.235012 0.590000 0.241667
0 -30.709991 -12.329804 7.134479 0.929995 0.282629 0.235012 0.590000 0.116949
drum.jpg
0 -30.709991 -12.329804 7.134479 0.857449 0.457756 0.235033 0.590000 0.116949
0 -33.150883 -21.762053 34.409882 0.857449 0.457756 0.235033 0.620000 0.241667
0 -27.634188 -18.090954 7.133875 0.857449 0.457756 0.235033 0.620000 0.116949
drum.jpg
0 -39.105568 -7.386171 34.409882 0.956773 0.290835 0.000000 0.560000 0.241667
0 -36.832005 -14.865626 68.570831 0.956773 0.290835 0.000000 0.590000 0.398333
0 -36.832005 -14.865626 34.410267 0.956773 0.290835 0.000000 0.590000 0.241667
drum.jpg
0 -36.832005 -14.865626 34.410267 0.882192 0.470889 0.000000 0.590000 0.241667
0 -33.150883 -21.762053 68.571213 0.882192 0.470889 0.000000 0.620000 0.398333
0 -33.150883 -21.762053 34.409882 0.882192 0.470889 0.000000 0.620000 0.241667
drum.jpg
0 -39.105568 -7.386171 68.571213 0.929973 0.282700 -0.235013 0.560000 0.398333
0 -30.709991 -12.329804 95.846649 0.929973 0.282700 -0.235013 0.590000 0.523051
0 -36.832005 -14.865626 68.570831 0.929973 0.282700 -0.235013 0.590000 0.398333
drum.jpg
0 -36.832005 -14.865626 68.570831 0.857486 0.457689 -0.235031 0.590000 0.398333
0 -27.634188 -18.090954 95.847252 0.857486 0.457689 -0.235031 0.620000 0.523051
0 -33.150883 -21.762053 68.571213 0.857486 0.457689 -0.235031 0.620000 0.398333
drum.jpg
0 -32.608818 -6.081137 95.847252 0.947276 0.287870 -0.140711 0.560000 0.523051
0 -29.782001 -11.945420 102.880325 0.947276 0.287870 -0.140711 0.590000 0.555000
0 -30.709991 -12.329804 95.846649 0.947276 0.287870 -0.140711 0.590000 0.523051
drum.jpg
0 -30.709991 -12.329804 95.846649 0.873378 0.466270 -0.140724 0.590000 0.523051
0 -26.797670 -17.535080 102.880783 0.873378 0.466270 -0.140724 0.620000 0.555000
0 -27.634188 -18.090954 95.847252 0.873378 0.466270 -0.140724 0.620000 0.523051
drum.jpg
0 -32.287251 -6.084536 0.001923 -0.289377 0.957120 -0.013504 0.560000 0.085000
0 -32.608818 -6.081137 7.133875 -0.289377 0.957120 -0.013504 0.560000 0.116949
0 -31.624249 -5.882692 0.100344 -0.289377 0.957120 -0.013504 0.560000 0.085000
drum.jpg
0 -30.422234 -12.210612 0.001923 0.135815 0.041195 -0.989877 0.590000 0.085000
0 -31.624249 -5.882692 0.100344 0.135815 0.041195 -0.989877 0.560000 0.085000
0 -29.782001 -11.945419 0.100802 0.135815 0.041195 -0.989877 0.590000 0.085000
drum.jpg
0 -27.409208 -17.861168 0.001923 0.123998 0.066284 -0.990066 0.620000 0.085000
0 -29.782001 -11.945419 0.100802 0.123998 0.066284 -0.990066 0.590000 0.085000
0 -26.797670 -17.535080 0.100344 0.123998 0.066284 -0.990066 0.620000 0.085000
drum.jpg
0 -28.240789 -18.414410 7.001923 0.472743 -0.881098 -0.013410 0.620000 0.116949
0 -26.797670 -17.535080 0.100344 0.472743 -0.881098 -0.013410 0.620000 0.085000
0 -27.634188 -18.090954 7.133875 0.472743 -0.881098 -0.013410 0.620000 0.116949
drum.jpg
0 -33.266468 -6.281351 7.001923 -0.287022 0.957659 -0.022545 0.560000 0.116949
0 -39.105568 -7.386171 34.409882 -0.287022 0.957659 -0.022545 0.560000 0.241667
0 -32.608818 -6.081137 7.133875 -0.287022 0.957659 -0.022545 0.560000 0.116949
drum.jpg
0 -33.764286 -22.089134 34.327702 0.472777 -0.880883 -0.022936 0.620000 0.241667
0 -27.634188 -18.090954 7.133875 0.472777 -0.880883 -0.022936 0.620000 0.116949
0 -33.150883 -21.762053 34.409882 0.472777 -0.880883 -0.022936 0.620000 0.241667
drum.jpg
0 -39.770592 -7.588630 34.327702 -0.291243 0.956649 0.000000 0.560000 0.241667
0 -39.105568 -7.386171 68.571213 -0.291243 0.956649 0.000000 0.560000 0.398333
0 -39.105568 -7.386171 34.409882 -0.291243 0.956649 0.000000 0.560000 0.241667
drum.jpg
0 -33.764286 -22.089134 68.653397 0.470511 -0.882394 0.000000 0.620000 0.398333
0 -33.150883 -21.762053 34.409882 0.470511 -0.882394 0.000000 0.620000 0.241667
0 -33.150883 -21.762053 68.571213 0.470511 -0.882394 0.000000 0.620000 0.398333
drum.jpg
0 -39.770592 -7.588630 68.653397 -0.288570 0.957184 0.022936 0.560000 0.398333
0 -32.608818 -6.081137 95.847252 -0.288570 0.957184 0.022936 0.560000 0.523051
0 -39.105568 -7.386171 68.571213 -0.288570 0.957184 0.022936 0.560000 0.398333
drum.jpg
0 -28.240789 -18.414410 95.979202 0.474211 -0.880123 0.022546 0.620000 0.523051
0 -33.150883 -21.762053 68.571213 0.474211 -0.880123 0.022546 0.620000 0.398333
0 -27.634188 -18.090954 95.847252 0.474211 -0.880123 0.022546 0.620000 0.523051
drum.jpg
0 -33.266468 -6.281351 95.979202 -0.288752 0.957310 0.013411 0.560000 0.523051
0 -31.624249 -5.882692 102.880783 -0.288752 0.957310 0.013411 0.560000 0.555000
0 -32.608818 -6.081137 95.847252 -0.288752 0.957310 0.013411 0.560000 0.523051
drum.jpg
0 -32.287251 -6.084536 102.979202 0.134524 0.040809 0.990070 0.560000 0.555000
0 -29.782001 -11.945420 102.880325 0.134524 0.040809 0.990070 0.590000 0.555000
0 -31.624249 -5.882692 102.880783 0.134524 0.040809 0.990070 0.560000 0.555000
drum.jpg
0 -27.409208 -17.861168 102.979202 0.472163 -0.881408 0.013504 0.620000 0.555000
0 -27.634188 -18.090954 95.847252 0.472163 -0.881408 0.013504 0.620000 0.523051
0 -26.797670 -17.535080 102.880783 0.472163 -0.881408 0.013504 0.620000 0.555000
drum.jpg
0 -30.422234 -12.210612 102.979202 0.125173 0.066906 0.989876 0.590000 0.555000
0 -26.797670 -17.535080 102.880783 0.125173 0.066906 0.989876 0.620000 0.555000
0 -29.782001 -11.945420 102.880325 0.125173 0.066906 0.989876 0.590000 0.555000
drum.jpg
0 -32.287251 -6.084536 0.001923 -0.947147 -0.288348 -0.140602 0.560000 0.085000
0 -30.422234 -12.210612 0.001923 -0.947147 -0.288348 -0.140602 0.590000 0.085000
0 -31.345005 -12.592836 7.001923 -0.947147 -0.288348 -0.140602 0.590000 0.116949
drum.jpg
0 -30.422234 -12.210612 0.001923 -0.873627 -0.465841 -0.140602 0.590000 0.085000
0 -27.409208 -17.861168 0.001923 -0.873627 -0.465841 -0.140602 0.620000 0.085000
0 -28.240789 -18.414410 7.001923 -0.873627 -0.465841 -0.140602 0.620000 0.116949
drum.jpg
0 -33.266468 -6.281351 7.001923 -0.929887 -0.283094 -0.234877 0.560000 0.116949
0 -31.345005 -12.592836 7.001923 -0.929887 -0.283094 -0.234877 0.590000 0.116949
0 -37.474205 -15.131635 34.327702 -0.929887 -0.283094 -0.234877 0.590000 0.241667
drum.jpg
0 -31.345005 -12.592836 7.001923 -0.857707 -0.457352 -0.234877 0.590000 0.116949
0 -28.240789 -18.414410 7.001923 -0.857707 -0.457352 -0.234877 0.620000 0.116949
0 -33.764286 -22.089134 34.327702 -0.857707 -0.457352 -0.234877 0.620000 0.241667
drum.jpg
0 -39.770592 -7.588630 34.327702 -0.956649 -0.291242 0.000000 0.560000 0.241667
0 -37.474205 -15.131635 34.327702 -0.956649 -0.291242 0.000000 0.590000 0.241667
0 -37.474205 -15.131635 68.653397 -0.956649 -0.291242 0.000000 0.590000 0.398333
drum.jpg
0 -37.474205 -15.131635 34.327702 -0.882392 -0.470515 0.000000 0.590000 0.241667
0 -33.764286 -22.089134 34.327702 -0.882392 -0.470515 0.000000 0.620000 0.241667
0 -33.764286 -22.089134 68.653397 -0.882392 -0.470515 0.000000 0.620000 0.398333
drum.jpg
0 -39.770592 -7.588630 68.653397 -0.929887 -0.283095 0.234876 0.560000 0.398333
0 -37.474205 -15.131635 68.653397 -0.929887 -0.283095 0.234876 0.590000 0.398333
0 -31.345005 -12.592836 95.979202 -0.929887 -0.283095 0.234876 0.590000 0.523051
drum.jpg
0 -37.474205 -15.131635 68.653397 -0.857708 -0.457352 0.234876 0.590000 0.398333
0 -33.764286 -22.089134 68.653397 -0.857708 -0.457352 0.234876 0.620000 0.398333
0 -28.240789 -18.414410 95.979202 -0.857708 -0.457352 0.234876 0.620000 0.523051
drum.jpg
0 -33.266468 -6.281351 95.979202 -0.947147 -0.288348 0.140602 0.560000 0.523051
0 -31.345005 -12.592836 95.979202 -0.947147 -0.288348 0.140602 0.590000 0.523051
0 -30.422234 -12.210612 102.979202 -0.947147 -0.288348 0.140602 0.590000 0.555000
drum.jpg
0 -31.345005 -12.592836 95.979202 -0.873627 -0.465840 0.140602 0.590000 0.523051
0 -28.240789 -18.414410 95.979202 -0.873627 -0.465840 0.140602 0.620000 0.523051
0 -27.409208 -17.861168 102.979202 -0.873627 -0.465840 0.140602 0.620000 0.555000
drum.jpg
0 -31.624249 -5.882692 0.100344 0.947274 0.287868 0.140724 0.560000 0.085000
0 -32.608818 -6.081137 7.133875 0.947274 0.287868 0.140724 0.560000 0.116949
0 -30.709991 -12.329804 7.134479 0.947274 0.287868 0.140724 0.590000 0.116949
drum.jpg
0 -29.782001 -11.945419 0.100802 0.873379 0.466271 0.140711 0.590000 0.085000
0 -30.709991 -12.329804 7.134479 0.873379 0.466271 0.140711 0.590000 0.116949
0 -27.634188 -18.090954 7.133875 0.873379 0.466271 0.140711 0.620000 0.116949
drum.jpg
0 -32.608818 -6.081137 7.133875 0.929969 0.282698 0.235031 0.560000 0.116949
0 -39.105568 -7.386171 34.409882 0.929969 0.282698 0.235031 0.560000 0.241667
0 -36.832005 -14.865626 34.410267 0.929969 0.282698 0.235031 0.590000 0.241667
drum.jpg
0 -30.709991 -12.329804 7.134479 0.857489 0.457690 0.235014 0.590000 0.116949
0 -36.832005 -14.865626 34.410267 0.857489 0.457690 0.235014 0.590000 0.241667
0 -33.150883 -21.762053 34.409882 0.857489 0.457690 0.235014 0.620000 0.241667
drum.jpg
0 -39.105568 -7.386171 34.409882 0.956773 0.290835 0.000000 0.560000 0.241667
0 -39.105568 -7.386171 68.571213 0.956773 0.290835 0.000000 0.560000 0.398333
0 -36.832005 -14.865626 68.570831 0.956773 0.290835 0.000000 0.590000 0.398333
drum.jpg
0 -36.832005 -14.865626 34.410267 0.882192 0.470889 0.000000 0.590000 0.241667
0 -36.832005 -14.865626 68.570831 0.882192 0.470889 0.000000 0.590000 0.398333
0 -33.150883 -21.762053 68.571213 0.882192 0.470889 0.000000 0.620000 0.398333
drum.jpg
0 -39.105568 -7.386171 68.571213 0.929991 0.282625 -0.235032 0.560000 0.398333
0 -32.608818 -6.081137 95.847252 0.929991 0.282625 -0.235032 0.560000 0.523051
0 -30.709991 -12.329804 95.846649 0.929991 0.282625 -0.235032 0.590000 0.523051
drum.jpg
0 -36.832005 -14.865626 68.570831 0.857454 0.457758 -0.235012 0.590000 0.398333
0 -30.709991 -12.329804 95.846649 0.857454 0.457758 -0.235012 0.590000 0.523051
0 -27.634188 -18.090954 95.847252 0.857454 0.457758 -0.235012 0.620000 0.523051
drum.jpg
0 -32.608818 -6.081137 95.847252 0.947279 0.287853 -0.140723 0.560000 0.523051
0 -31.624249 -5.882692 102.880783 0.947279 0.287853 -0.140723 0.560000 0.555000
0 -29.782001 -11.945420 102.880325 0.947279 0.287853 -0.140723 0.590000 0.555000
drum.jpg
0 -30.709991 -12.329804 95.846649 0.873373 0.466284 -0.140711 0.590000 0.523051
0 -29.782001 -11.945420 102.880325 0.873373 0.466284 -0.140711 0.590000 0.555000
0 -26.797670 -17.535080 102.880783 0.873373 0.466284 -0.140711 0.620000 0.555000
drum.jpg
0 -32.287251 -6.084536 0.001923 -0.288741 0.957312 -0.013475 0.560000 0.085000
0 -33.266468 -6.281351 7.001923 -0.288741 0.957312 -0.013475 0.560000 0.116949
0 -32.608818 -6.081137 7.133875 -0.288741 0.957312 -0.013475 0.560000 0.116949
drum.jpg
0 -30.422234 -12.210612 0.001923 0.134507 0.040949 -0.990066 0.590000 0.085000
0 -32.287251 -6.084536 0.001923 0.134507 0.040949 -0.990066 0.560000 0.085000
0 -31.624249 -5.882692 0.100344 0.134507 0.040949 -0.990066 0.560000 0.085000
drum.jpg
0 -27.409208 -17.861168 0.001923 0.125221 0.066771 -0.989879 0.620000 0.085000
0 -30.422234 -12.210612 0.001923 0.125221 0.066771 -0.989879 0.590000 0.085000
0 -29.782001 -11.945419 0.100802 0.125221 0.066771 -0.989879 0.590000 0.085000
drum.jpg
0 -28.240789 -18.414410 7.001923 0.472171 -0.881403 -0.013569 0.620000 0.116949
0 -27.409208 -17.861168 0.001923 0.472171 -0.881403 -0.013569 0.620000 0.085000
0 -26.797670 -17.535080 0.100344 0.472171 -0.881403 -0.013569 0.620000 0.085000
drum.jpg
0 -33.266468 -6.281351 7.001923 -0.288575 0.957184 -0.022895 0.560000 0.116949
0 -39.770592 -7.588630 34.327702 -0.288575 0.957184 -0.022895 0.560000 0.241667
0 -39.105568 -7.386171 34.409882 -0.288575 0.957184 -0.022895 0.560000 0.241667
drum.jpg
0 -33.764286 -22.089134 34.327702 0.474207 -0.880126 -0.022505 0.620000 0.241667
0 -28.240789 -18.414410 7.001923 0.474207 -0.880126 -0.022505 0.620000 0.116949
0 -27.634188 -18.090954 7.133875 0.474207 -0.880126 -0.022505 0.620000 0.116949
drum.jpg
0 -39.770592 -7.588630 34.327702 -0.291241 0.956650 0.000000 0.560000 0.241667
0 -39.770592 -7.588630 68.653397 -0.291241 0.956650 0.000000 0.560000 0.398333
0 -39.105568 -7.386171 68.571213 -0.291241 0.956650 0.000000 0.560000 0.398333
drum.jpg
0 -33.764286 -22.089134 68.653397 0.470516 -0.882392 0.000000 0.620000 0.398333
0 -33.764286 -22.089134 34.327702 0.470516 -0.882392 0.000000 0.620000 0.241667
0 -33.150883 -21.762053 34.409882 0.470516 -0.882392 0.000000 0.620000 0.241667
drum.jpg
0 -39.770592 -7.588630 68.653397 -0.287031 0.957657 0.022505 0.560000 0.398333
0 -33.266468 -6.281351 95.979202 -0.287031 0.957657 0.022505 0.560000 0.523051
0 -32.608818 -6.081137 95.847252 -0.287031 0.957657 0.022505 0.560000 0.523051
drum.jpg
0 -28.240789 -18.414410 95.979202 0.472774 -0.880886 0.022895 0.620000 0.523051
0 -33.764286 -22.089134 68.653397 0.472774 -0.880886 0.022895 0.620000 0.398333
0 -33.150883 -21.762053 68.571213 0.472774 -0.880886 0.022895 0.620000 0.398333
drum.jpg
0 -33.266468 -6.281351 95.979202 -0.289369 0.957121 0.013568 0.560000 0.523051
0 -32.287251 -6.084536 102.979202 -0.289369 0.957121 0.013568 0.560000 0.555000
0 -31.624249 -5.882692 102.880783 -0.289369 0.957121 0.013568 0.560000 0.555000
drum.jpg
0 -32.287251 -6.084536 102.979202 0.135776 0.041330 0.989877 0.560000 0.555000
0 -30.422234 -12.210612 102.979202 0.135776 0.041330 0.989877 0.590000 0.555000
0 -29.782001 -11.945420 102.880325 0.135776 0.041330 0.989877 0.590000 0.555000
drum.jpg
0 -27.409208 -17.861168 102.979202 0.472752 -0.881092 0.013475 0.620000 0.555000
0 -28.240789 -18.414410 95.979202 0.472752 -0.881092 0.013475 0.620000 0.523051
0 -27.634188 -18.090954 95.847252 0.472752 -0.881092 0.013475 0.620000 0.523051
drum.jpg
0 -30.422234 -12.210612 102.979202 0.124060 0.066154 0.990067 0.590000 0.555000
0 -27.409208 -17.861168 102.979202 0.124060 0.066154 0.990067 0.620000 0.555000
0 -26.797670 -17.535080 102.880783 0.124060 0.066154 0.990067 0.620000 0.555000
drum.jpg
0 -27.335871 -17.970926 0.001923 -0.764703 -0.628857 -0.140602 0.620000 0.085000
0 -23.974731 -23.623230 7.001923 -0.764703 -0.628857 -0.140602 0.650000 0.116949
0 -28.165232 -18.527491 7.001923 -0.764703 -0.628857 -0.140602 0.620000 0.116949
drum.jpg
0 -23.268473 -22.916973 0.001923 -0.628856 -0.764703 -0.140601 0.650000 0.085000
0 -18.878990 -27.813732 7.001923 -0.628856 -0.764703 -0.140601 0.680000 0.116949
0 -23.974731 -23.623230 7.001923 -0.628856 -0.764703 -0.140601 0.650000 0.116949
drum.jpg
0 -28.165232 -18.527491 7.001923 -0.750769 -0.617397 -0.234877 0.620000 0.116949
0 -28.665819 -28.314318 34.327702 -0.750769 -0.617397 -0.234877 0.650000 0.241667
0 -33.673985 -22.224279 34.327702 -0.750769 -0.617397 -0.234877 0.620000 0.241667
drum.jpg
0 -23.974731 -23.623230 7.001923 -0.617397 -0.750769 -0.234877 0.650000 0.116949
0 -22.575779 -33.322483 34.327702 -0.617397 -0.750769 -0.234877 0.680000 0.241667
0 -28.665819 -28.314318 34.327702 -0.617397 -0.750769 -0.234877 0.650000 0.241667
drum.jpg
0 -33.673985 -22.224279 34.327702 -0.772376 -0.635166 0.000000 0.620000 0.241667
0 -28.665819 -28.314318 68.653397 -0.772376 -0.635166 0.000000 0.650000 0.398333
0 -33.673985 -22.224279 68.653397 -0.772376 -0.635166 0.000000 0.620000 0.398333
drum.jpg
0 -28.665819 -28.314318 34.327702 -0.635166 -0.772376 0.000000 0.650000 0.241667
0 -22.575779 -33.322483 68.653397 -0.635166 -0.772376 0.000000 0.680000 0.398333
0 -28.665819 -28.314318 68.653397 -0.635166 -0.772376 0.000000 0.650000 0.398333
drum.jpg
0 -33.673985 -22.224279 68.653397 -0.750769 -0.617397 0.234877 0.620000 0.398333
0 -23.974731 -23.623230 95.979202 -0.750769 -0.617397 0.234877 0.650000 0.523051
0 -28.165232 -18.527491 95.979202 -0.750769 -0.617397 0.234877 0.620000 0.523051
drum.jpg
0 -28.665819 -28.314318 68.653397 -0.617397 -0.750769 0.234877 0.650000 0.398333
0 -18.878990 -27.813732 95.979202 -0.617397 -0.750769 0.234877 0.680000 0.523051
0 -23.974731 -23.623230 95.979202 -0.617397 -0.750769 0.234877 0.650000 0.523051
drum.jpg
0 -28.165232 -18.527491 95.979202 -0.764703 -0.628857 0.140602 0.620000 0.523051
0 -23.268473 -22.916973 102.979202 -0.764703 -0.628857 0.140602 0.650000 0.555000
0 -27.335871 -17.970926 102.979202 -0.764703 -0.628857 0.140602 0.620000 0.555000
drum.jpg
0 -23.974731 -23.623230 95.979202 -0.628857 -0.764703 0.140601 0.650000 0.523051
0 -18.322426 -26.984371 102.979202 -0.628857 -0.764703 0.140601 0.680000 0.555000
0 -23.268473 -22.916973 102.979202 -0.628857 -0.764703 0.140601 0.650000 0.555000
drum.jpg
0 -26.800579 -17.530727 0.100344 0.765016 0.628452 0.140710 0.620000 0.085000
0 -23.488712 -23.137211 7.134479 0.765016 0.628452 0.140710 0.650000 0.116949
0 -22.778461 -22.426962 0.100802 0.765016 0.628452 0.140710 0.650000 0.085000
drum.jpg
0 -22.778461 -22.426962 0.100802 0.628451 0.765014 0.140724 0.650000 0.085000
0 -18.442345 -27.282763 7.133875 0.628451 0.765014 0.140724 0.680000 0.116949
0 -17.882227 -26.449080 0.100344 0.628451 0.765014 0.140724 0.680000 0.085000
drum.jpg
0 -27.634262 -18.090845 7.133875 0.751047 0.617007 0.235012 0.620000 0.116949
0 -28.174299 -27.822798 34.410267 0.751047 0.617007 0.235012 0.650000 0.241667
0 -23.488712 -23.137211 7.134479 0.751047 0.617007 0.235012 0.650000 0.116949
drum.jpg
0 -23.488712 -23.137211 7.134479 0.617005 0.751043 0.235033 0.650000 0.116949
0 -22.134237 -32.785561 34.409882 0.617005 0.751043 0.235033 0.680000 0.241667
0 -18.442345 -27.282763 7.133875 0.617005 0.751043 0.235033 0.680000 0.116949
drum.jpg
0 -33.137062 -21.782738 34.409882 0.772646 0.634837 0.000000 0.620000 0.241667
0 -28.174299 -27.822798 68.570831 0.772646 0.634837 0.000000 0.650000 0.398333
0 -28.174299 -27.822798 34.410267 0.772646 0.634837 0.000000 0.650000 0.241667
drum.jpg
0 -28.174299 -27.822798 34.410267 0.634837 0.772646 0.000000 0.650000 0.241667
0 -22.134237 -32.785561 68.571213 0.634837 0.772646 0.000000 0.680000 0.398333
0 -22.134237 -32.785561 34.409882 0.634837 0.772646 0.000000 0.680000 0.241667
drum.jpg
0 -33.137062 -21.782738 68.571213 0.750998 0.617066 -0.235013 0.620000 0.398333
0 -23.488712 -23.137211 95.846649 0.750998 0.617066 -0.235013 0.650000 0.523051
0 -28.174299 -27.822798 68.570831 0.750998 0.617066 -0.235013 0.650000 0.398333
drum.jpg
0 -28.174299 -27.822798 68.570831 0.617063 0.750995 -0.235031 0.650000 0.398333
0 -18.442345 -27.282763 95.847252 0.617063 0.750995 -0.235031 0.680000 0.523051
0 -22.134237 -32.785561 68.571213 0.617063 0.750995 -0.235031 0.680000 0.398333
drum.jpg
0 -27.634262 -18.090845 95.847252 0.765005 0.628464 -0.140711 0.620000 0.523051
0 -22.778461 -22.426962 102.880325 0.765005 0.628464 -0.140711 0.650000 0.555000
0 -23.488712 -23.137211 95.846649 0.765005 0.628464 -0.140711 0.650000 0.523051
drum.jpg
0 -23.488712 -23.137211 95.846649 0.628462 0.765005 -0.140724 0.650000 0.523051
0 -17.882227 -26.449080 102.880783 0.628462 0.765005 -0.140724 0.680000 0.555000
0 -18.442345 -27.282763 95.847252 0.628462 0.765005 -0.140724 0.680000 0.523051
drum.jpg
0 -27.335871 -17.970926 0.001923 -0.633628 0.773520 -0.013503 0.620000 0.085000
0 -27.634262 -18.090845 7.133875 -0.633628 0.773520 -0.013503 0.620000 0.116949
0 -26.800579 -17.530727 0.100344 -0.633628 0.773520 -0.013503 0.620000 0.085000
drum.jpg
0 -23.268473 -22.916973 0.001923 0.109712 0.090033 -0.989877 0.650000 0.085000
0 -26.800579 -17.530727 0.100344 0.109712 0.090033 -0.989877 0.620000 0.085000
0 -22.778461 -22.426962 0.100802 0.109712 0.090033 -0.989877 0.650000 0.085000
drum.jpg
0 -18.322426 -26.984371 0.001923 0.089193 0.108690 -0.990066 0.680000 0.085000
0 -22.778461 -22.426962 0.100802 0.089193 0.108690 -0.990066 0.650000 0.085000
0 -17.882227 -26.449080 0.100344 0.089193 0.108690 -0.990066 0.680000 0.085000
drum.jpg
0 -18.878990 -27.813732 7.001923 0.773937 -0.633121 -0.013411 0.680000 0.116949
0 -17.882227 -26.449080 0.100344 0.773937 -0.633121 -0.013411 0.680000 0.085000
0 -18.442345 -27.282763 7.133875 0.773937 -0.633121 -0.013411 0.680000 0.116949
drum.jpg
0 -28.165232 -18.527491 7.001923 -0.631659 0.774918 -0.022546 0.620000 0.116949
0 -33.137062 -21.782738 34.409882 -0.631659 0.774918 -0.022546 0.620000 0.241667
0 -27.634262 -18.090845 7.133875 -0.631659 0.774918 -0.022546 0.620000 0.116949
drum.jpg
0 -22.575779 -33.322483 34.327702 0.773893 -0.632901 -0.022936 0.680000 0.241667
0 -18.442345 -27.282763 7.133875 0.773893 -0.632901 -0.022936 0.680000 0.116949
0 -22.134237 -32.785561 34.409882 0.773893 -0.632901 -0.022936 0.680000 0.241667
drum.jpg
0 -33.673985 -22.224279 34.327702 -0.635161 0.772380 0.000000 0.620000 0.241667
0 -33.137062 -21.782738 68.571213 -0.635161 0.772380 0.000000 0.620000 0.398333
0 -33.137062 -21.782738 34.409882 -0.635161 0.772380 0.000000 0.620000 0.241667
drum.jpg
0 -22.575779 -33.322483 68.653397 0.772375 -0.635166 0.000000 0.680000 0.398333
0 -22.134237 -32.785561 34.409882 0.772375 -0.635166 0.000000 0.680000 0.241667
0 -22.134237 -32.785561 68.571213 0.772375 -0.635166 0.000000 0.680000 0.398333
drum.jpg
0 -33.673985 -22.224279 68.653397 -0.632902 0.773892 0.022937 0.620000 0.398333
0 -27.634262 -18.090845 95.847252 -0.632902 0.773892 0.022937 0.620000 0.523051
0 -33.137062 -21.782738 68.571213 -0.632902 0.773892 0.022937 0.620000 0.398333
drum.jpg
0 -18.878990 -27.813732 95.979202 0.774918 -0.631660 0.022546 0.680000 0.523051
0 -22.134237 -32.785561 68.571213 0.774918 -0.631660 0.022546 0.680000 0.398333
0 -18.442345 -27.282763 95.847252 0.774918 -0.631660 0.022546 0.680000 0.523051
drum.jpg
0 -28.165232 -18.527491 95.979202 -0.633117 0.773940 0.013410 0.620000 0.523051
0 -26.800579 -17.530727 102.880783 -0.633117 0.773940 0.013410 0.620000 0.555000
0 -27.634262 -18.090845 95.847252 -0.633117 0.773940 0.013410 0.620000 0.523051
drum.jpg
0 -27.335871 -17.970926 102.979202 0.108681 0.089191 0.990067 0.620000 0.555000
0 -22.778461 -22.426962 102.880325 0.108681 0.089191 0.990067 0.650000 0.555000
0 -26.800579 -17.530727 102.880783 0.108681 0.089191 0.990067 0.620000 0.555000
drum.jpg
0 -18.322426 -26.984371 102.979202 0.773520 -0.633628 0.013504 0.680000 0.555000
0 -18.442345 -27.282763 95.847252 0.773520 -0.633628 0.013504 0.680000 0.523051
0 -17.882227 -26.449080 102.880783 0.773520 -0.633628 0.013504 0.680000 0.555000
drum.jpg
0 -23.268473 -22.916973 102.979202 0.090030 0.109711 0.989878 0.650000 0.555000
0 -17.882227 -26.449080 102.880783 0.090030 0.109711 0.989878 0.680000 0.555000
0 -22.778461 -22.426962 102.880325 0.090030 0.109711 0.989878 0.650000 0.555000
drum.jpg
0 -27.335871 -17.970926 0.001923 -0.764703 -0.628856 -0.140601 0.620000 0.085000
0 -23.268473 -22.916973 0.001923 -0.764703 -0.628856 -0.140601 0.650000 0.085000
0 -23.974731 -23.623230 7.001923 -0.764703 -0.628856 -0.140601 0.650000 0.116949
drum.jpg
0 -23.268473 -22.916973 0.001923 -0.628856 -0.764703 -0.140602 0.650000 0.085000
0 -18.322426 -26.984371 0.001923 -0.628856 -0.764703 -0.140602 0.680000 0.085000
0 -18.878990 -27.813732 7.001923 -0.628856 -0.764703 -0.140602 0.680000 0.116949
drum.jpg
0 -28.165232 -18.527491 7.001923 -0.750768 -0.617398 -0.234877 0.620000 0.116949
0 -23.974731 -23.623230 7.001923 -0.750768 -0.617398 -0.234877 0.650000 0.116949
0 -28.665819 -28.314318 34.327702 -0.750768 -0.617398 -0.234877 0.650000 0.241667
drum.jpg
0 -23.974731 -23.623230 7.001923 -0.617397 -0.750769 -0.234877 0.650000 0.116949
0 -18.878990 -27.813732 7.001923 -0.617397 -0.750769 -0.234877 0.680000 0.116949
0 -22.575779 -33.322483 34.327702 -0.617397 -0.750769 -0.234877 0.680000 0.241667
drum.jpg
0 -33.673985 -22.224279 34.327702 -0.772375 -0.635166 0.000000 0.620000 0.241667
0 -28.665819 -28.314318 34.327702 -0.772375 -0.635166 0.000000 0.650000 0.241667
0 -28.665819 -28.314318 68.653397 -0.772375 -0.635166 0.000000 0.650000 0.398333
drum.jpg
0 -28.665819 -28.314318 34.327702 -0.635166 -0.772376 0.000000 0.650000 0.241667
0 -22.575779 -33.322483 34.327702 -0.635166 -0.772376 0.000000 0.680000 0.241667
0 -22.575779 -33.322483 68.653397 -0.635166 -0.772376 0.000000 0.680000 0.398333
drum.jpg
0 -33.673985 -22.224279 68.653397 -0.750769 -0.617397 0.234876 0.620000 0.398333
0 -28.665819 -28.314318 68.653397 -0.750769 -0.617397 0.234876 0.650000 0.398333
0 -23.974731 -23.623230 95.979202 -0.750769 -0.617397 0.234876 0.650000 0.523051
drum.jpg
0 -28.665819 -28.314318 68.653397 -0.617397 -0.750769 0.234876 0.650000 0.398333
0 -22.575779 -33.322483 68.653397 -0.617397 -0.750769 0.234876 0.680000 0.398333
0 -18.878990 -27.813732 95.979202 -0.617397 -0.750769 0.234876 0.680000 0.523051
drum.jpg
0 -28.165232 -18.527491 95.979202 -0.764704 -0.628856 0.140601 0.620000 0.523051
0 -23.974731 -23.623230 95.979202 -0.764704 -0.628856 0.140601 0.650000 0.523051
0 -23.268473 -22.916973 102.979202 -0.764704 -0.628856 0.140601 0.650000 0.555000
drum.jpg
0 -23.974731 -23.623230 95.979202 -0.628856 -0.764703 0.140602 0.650000 0.523051
0 -18.878990 -27.813732 95.979202 -0.628856 -0.764703 0.140602 0.680000 0.523051
0 -18.322426 -26.984371 102.979202 -0.628856 -0.764703 0.140602 0.680000 0.555000
drum.jpg
0 -26.800579 -17.530727 0.100344 0.765005 0.628462 0.140724 0.620000 0.085000
0 -27.634262 -18.090845 7.133875 0.765005 0.628462 0.140724 0.620000 0.116949
0 -23.488712 -23.137211 7.134479 0.765005 0.628462 0.140724 0.650000 0.116949
drum.jpg
0 -22.778461 -22.426962 0.100802 0.628463 0.765006 0.140711 0.650000 0.085000
0 -23.488712 -23.137211 7.134479 0.628463 0.765006 0.140711 0.650000 0.116949
0 -18.442345 -27.282763 7.133875 0.628463 0.765006 0.140711 0.680000 0.116949
drum.jpg
0 -27.634262 -18.090845 7.133875 0.750995 0.617063 0.235031 0.620000 0.116949
0 -33.137062 -21.782738 34.409882 0.750995 0.617063 0.235031 0.620000 0.241667
0 -28.174299 -27.822798 34.410267 0.750995 0.617063 0.235031 0.650000 0.241667
drum.jpg
0 -23.488712 -23.137211 7.134479 0.617066 0.750998 0.235014 0.650000 0.116949
0 -28.174299 -27.822798 34.410267 0.617066 0.750998 0.235014 0.650000 0.241667
0 -22.134237 -32.785561 34.409882 0.617066 0.750998 0.235014 0.680000 0.241667
drum.jpg
0 -33.137062 -21.782738 34.409882 0.772646 0.634837 0.000000 0.620000 0.241667
0 -33.137062 -21.782738 68.571213 0.772646 0.634837 0.000000 0.620000 0.398333
0 -28.174299 -27.822798 68.570831 0.772646 0.634837 0.000000 0.650000 0.398333
drum.jpg
0 -28.174299 -27.822798 34.410267 0.634838 0.772646 0.000000 0.650000 0.241667
0 -28.174299 -27.822798 68.570831 0.634838 0.772646 0.000000 0.650000 0.398333
0 -22.134237 -32.785561 68.571213 0.634838 0.772646 0.000000 0.680000 0.398333
drum.jpg
0 -33.137062 -21.782738 68.571213 0.751043 0.617004 -0.235032 0.620000 0.398333
0 -27.634262 -18.090845 95.847252 0.751043 0.617004 -0.235032 0.620000 0.523051
0 -23.488712 -23.137211 95.846649 0.751043 0.617004 -0.235032 0.650000 0.523051
drum.jpg
0 -28.174299 -27.822798 68.570831 0.617008 0.751047 -0.235012 0.650000 0.398333
0 -23.488712 -23.137211 95.846649 0.617008 0.751047 -0.235012 0.650000 0.523051
0 -18.442345 -27.282763 95.847252 0.617008 0.751047 -0.235012 0.680000 0.523051
drum.jpg
0 -27.634262 -18.090845 95.847252 0.765015 0.628450 -0.140724 0.620000 0.523051
0 -26.800579 -17.530727 102.880783 0.765015 0.628450 -0.140724 0.620000 0.555000
0 -22.778461 -22.426962 102.880325 0.765015 0.628450 -0.140724 0.650000 0.555000
drum.jpg
0 -23.488712 -23.137211 95.846649 0.628452 0.765016 -0.140710 0.650000 0.523051
0 -22.778461 -22.426962 102.880325 0.628452 0.765016 -0.140710 0.650000 0.555000
0 -17.882227 -26.449080 102.880783 0.628452 0.765016 -0.140710 0.680000 0.555000
drum.jpg
0 -27.335871 -17.970926 0.001923 -0.633106 0.773948 -0.013475 0.620000 0.085000
0 -28.165232 -18.527491 7.001923 -0.633106 0.773948 -0.013475 0.620000 0.116949
0 -27.634262 -18.090845 7.133875 -0.633106 0.773948 -0.013475 0.620000 0.116949
drum.jpg
0 -23.268473 -22.916973 0.001923 0.108597 0.089305 -0.990066 0.650000 0.085000
0 -27.335871 -17.970926 0.001923 0.108597 0.089305 -0.990066 0.620000 0.085000
0 -26.800579 -17.530727 0.100344 0.108597 0.089305 -0.990066 0.620000 0.085000
drum.jpg
0 -18.322426 -26.984371 0.001923 0.090137 0.109608 -0.989879 0.680000 0.085000
0 -23.268473 -22.916973 0.001923 0.090137 0.109608 -0.989879 0.650000 0.085000
0 -22.778461 -22.426962 0.100802 0.090137 0.109608 -0.989879 0.650000 0.085000
drum.jpg
0 -18.878990 -27.813732 7.001923 0.773527 -0.633618 -0.013568 0.680000 0.116949
0 -18.322426 -26.984371 0.001923 0.773527 -0.633618 -0.013568 0.680000 0.085000
0 -17.882227 -26.449080 0.100344 0.773527 -0.633618 -0.013568 0.680000 0.085000
drum.jpg
0 -28.165232 -18.527491 7.001923 -0.632904 0.773892 -0.022896 0.620000 0.116949
0 -33.673985 -22.224279 34.327702 -0.632904 0.773892 -0.022896 0.620000 0.241667
0 -33.137062 -21.782738 34.409882 -0.632904 0.773892 -0.022896 0.620000 0.241667
drum.jpg
0 -22.575779 -33.322483 34.327702 0.774916 -0.631663 -0.022506 0.680000 0.241667
0 -18.878990 -27.813732 7.001923 0.774916 -0.631663 -0.022506 0.680000 0.116949
0 -18.442345 -27.282763 7.133875 0.774916 -0.631663 -0.022506 0.680000 0.116949
drum.jpg
0 -33.673985 -22.224279 34.327702 -0.635170 0.772373 0.000000 0.620000 0.241667
0 -33.673985 -22.224279 68.653397 -0.635170 0.772373 0.000000 0.620000 0.398333
0 -33.137062 -21.782738 68.571213 -0.635170 0.772373 0.000000 0.620000 0.398333
drum.jpg
0 -22.575779 -33.322483 68.653397 0.772373 -0.635169 0.000000 0.680000 0.398333
0 -22.575779 -33.322483 34.327702 0.772373 -0.635169 0.000000 0.680000 0.241667
0 -22.134237 -32.785561 34.409882 0.772373 -0.635169 0.000000 0.680000 0.241667
drum.jpg
0 -33.673985 -22.224279 68.653397 -0.631666 0.774914 0.022505 0.620000 0.398333
0 -28.165232 -18.527491 95.979202 -0.631666 0.774914 0.022505 0.620000 0.523051
0 -27.634262 -18.090845 95.847252 -0.631666 0.774914 0.022505 0.620000 0.523051
drum.jpg
0 -18.878990 -27.813732 95.979202 0.773892 -0.632903 0.022895 0.680000 0.523051
0 -22.575779 -33.322483 68.653397 0.773892 -0.632903 0.022895 0.680000 0.398333
0 -22.134237 -32.785561 68.571213 0.773892 -0.632903 0.022895 0.680000 0.398333
drum.jpg
0 -28.165232 -18.527491 95.979202 -0.633620 0.773525 0.013569 0.620000 0.523051
0 -27.335871 -17.970926 102.979202 -0.633620 0.773525 0.013569 0.620000 0.555000
0 -26.800579 -17.530727 102.880783 -0.633620 0.773525 0.013569 0.620000 0.555000
drum.jpg
0 -27.335871 -17.970926 102.979202 0.109612 0.090135 0.989879 0.620000 0.555000
0 -23.268473 -22.916973 102.979202 0.109612 0.090135 0.989879 0.650000 0.555000
0 -22.778461 -22.426962 102.880325 0.109612 0.090135 0.989879 0.650000 0.555000
drum.jpg
0 -18.322426 -26.984371 102.979202 0.773946 -0.633108 0.013475 0.680000 0.555000
0 -18.878990 -27.813732 95.979202 0.773946 -0.633108 0.013475 0.680000 0.523051
0 -18.442345 -27.282763 95.847252 0.773946 -0.633108 0.013475 0.680000 0.523051
drum.jpg
0 -23.268473 -22.916973 102.979202 0.089306 0.108595 0.990066 0.650000 0.555000
0 -18.322426 -26.984371 102.979202 0.089306 0.108595 0.990066 0.680000 0.555000
0 -17.882227 -26.449080 102.880783 0.089306 0.108595 0.990066 0.680000 0.555000
drum.jpg
0 -18.212669 -27.057709 0.001923 -0.465840 -0.873627 -0.140602 0.680000 0.085000
0 -12.944337 -30.993504 7.001923 -0.465840 -0.873627 -0.140602 0.710000 0.116949
0 -18.765911 -27.889290 7.001923 -0.465840 -0.873627 -0.140602 0.680000 0.116949
drum.jpg
0 -12.562113 -30.070734 0.001923 -0.288348 -0.947147 -0.140602 0.710000 0.085000
0 -6.632851 -32.914967 7.001923 -0.288348 -0.947147 -0.140602 0.740000 0.116949
0 -12.944337 -30.993504 7.001923 -0.288348 -0.947147 -0.140602 0.710000 0.116949
drum.jpg
0 -18.765911 -27.889290 7.001923 -0.457352 -0.857707 -0.234877 0.680000 0.116949
0 -15.483135 -37.122707 34.327702 -0.457352 -0.857707 -0.234877 0.710000 0.241667
0 -22.440634 -33.412785 34.327702 -0.457352 -0.857707 -0.234877 0.680000 0.241667
drum.jpg
0 -12.944337 -30.993504 7.001923 -0.283094 -0.929887 -0.234877 0.710000 0.116949
0 -7.940130 -39.419090 34.327702 -0.283094 -0.929887 -0.234877 0.740000 0.241667
0 -15.483135 -37.122707 34.327702 -0.283094 -0.929887 -0.234877 0.710000 0.241667
drum.jpg
0 -22.440634 -33.412785 34.327702 -0.470515 -0.882392 0.000000 0.680000 0.241667
0 -15.483135 -37.122707 68.653397 -0.470515 -0.882392 0.000000 0.710000 0.398333
0 -22.440634 -33.412785 68.653397 -0.470515 -0.882392 0.000000 0.680000 0.398333
drum.jpg
0 -15.483135 -37.122707 34.327702 -0.291241 -0.956650 0.000000 0.710000 0.241667
0 -7.940130 -39.419090 68.653397 -0.291241 -0.956650 0.000000 0.740000 0.398333
0 -15.483135 -37.122707 68.653397 -0.291241 -0.956650 0.000000 0.710000 0.398333
drum.jpg
0 -22.440634 -33.412785 68.653397 -0.457352 -0.857708 0.234876 0.680000 0.398333
0 -12.944337 -30.993504 95.979202 -0.457352 -0.857708 0.234876 0.710000 0.523051
0 -18.765911 -27.889290 95.979202 -0.457352 -0.857708 0.234876 0.680000 0.523051
drum.jpg
0 -15.483135 -37.122707 68.653397 -0.283094 -0.929887 0.234877 0.710000 0.398333
0 -6.632851 -32.914967 95.979202 -0.283094 -0.929887 0.234877 0.740000 0.523051
0 -12.944337 -30.993504 95.979202 -0.283094 -0.929887 0.234877 0.710000 0.523051
drum.jpg
0 -18.765911 -27.889290 95.979202 -0.465840 -0.873627 0.140602 0.680000 0.523051
0 -12.562113 -30.070734 102.979202 -0.465840 -0.873627 0.140602 0.710000 0.555000
0 -18.212669 -27.057709 102.979202 -0.465840 -0.873627 0.140602 0.680000 0.555000
drum.jpg
0 -12.944337 -30.993504 95.979202 -0.288348 -0.947147 0.140602 0.710000 0.523051
0 -6.436036 -31.935751 102.979202 -0.288348 -0.947147 0.140602 0.740000 0.555000
0 -12.562113 -30.070734 102.979202 -0.288348 -0.947147 0.140602 0.710000 0.555000
drum.jpg
0 -17.886581 -26.446171 0.100344 0.466284 0.873373 0.140710 0.680000 0.085000
0 -12.681305 -30.358490 7.134479 0.466284 0.873373 0.140710 0.710000 0.116949
0 -12.296921 -29.430502 0.100801 0.466284 0.873373 0.140710 0.710000 0.085000
drum.jpg
0 -12.296921 -29.430502 0.100801 0.287855 0.947278 0.140724 0.710000 0.085000
0 -6.432637 -32.257317 7.133875 0.287855 0.947278 0.140724 0.740000 0.116949
0 -6.234192 -31.272749 0.100344 0.287855 0.947278 0.140724 0.740000 0.085000
drum.jpg
0 -18.442455 -27.282688 7.133875 0.457758 0.857454 0.235012 0.680000 0.116949
0 -15.217127 -36.480507 34.410267 0.457758 0.857454 0.235012 0.710000 0.241667
0 -12.681305 -30.358490 7.134479 0.457758 0.857454 0.235012 0.710000 0.116949
drum.jpg
0 -12.681305 -30.358490 7.134479 0.282625 0.929991 0.235033 0.710000 0.116949
0 -7.737671 -38.754066 34.409882 0.282625 0.929991 0.235033 0.740000 0.241667
0 -6.432637 -32.257317 7.133875 0.282625 0.929991 0.235033 0.740000 0.116949
drum.jpg
0 -22.113550 -32.799381 34.409882 0.470890 0.882192 0.000000 0.680000 0.241667
0 -15.217127 -36.480507 68.570831 0.470890 0.882192 0.000000 0.710000 0.398333
0 -15.217127 -36.480507 34.410267 0.470890 0.882192 0.000000 0.710000 0.241667
drum.jpg
0 -15.217127 -36.480507 34.410267 0.290834 0.956774 0.000000 0.710000 0.241667
0 -7.737671 -38.754066 68.571213 0.290834 0.956774 0.000000 0.740000 0.398333
0 -7.737671 -38.754066 34.409882 0.290834 0.956774 0.000000 0.740000 0.241667
drum.jpg
0 -22.113550 -32.799381 68.571213 0.457692 0.857489 -0.235014 0.680000 0.398333
0 -12.681305 -30.358490 95.846649 0.457692 0.857489 -0.235014 0.710000 0.523051
0 -15.217127 -36.480507 68.570831 0.457692 0.857489 -0.235014 0.710000 0.398333
drum.jpg
0 -15.217127 -36.480507 68.570831 0.282698 0.929969 -0.235030 0.710000 0.398333
0 -6.432637 -32.257317 95.847252 0.282698 0.929969 -0.235030 0.740000 0.523051
0 -7.737671 -38.754066 68.571213 0.282698 0.929969 -0.235030 0.740000 0.398333
drum.jpg
0 -18.442455 -27.282688 95.847252 0.466270 0.873380 -0.140711 0.680000 0.523051
0 -12.296921 -29.430502 102.880325 0.466270 0.873380 -0.140711 0.710000 0.555000
0 -12.681305 -30.358490 95.846649 0.466270 0.873380 -0.140711 0.710000 0.523051
drum.jpg
0 -12.681305 -30.358490 95.846649 0.287868 0.947274 -0.140724 0.710000 0.523051
0 -6.234192 -31.272749 102.880783 0.287868 0.947274 -0.140724 0.740000 0.555000
0 -6.432637 -32.257317 95.847252 0.287868 0.947274 -0.140724 0.740000 0.523051
drum.jpg
0 -18.212669 -27.057709 0.001923 -0.881406 0.472166 -0.013504 0.680000 0.085000
0 -18.442455 -27.282688 7.133875 -0.881406 0.472166 -0.013504 0.680000 0.116949
0 -17.886581 -26.446171 0.100344 -0.881406 0.472166 -0.013504 0.680000 0.085000
drum.jpg
0 -12.562113 -30.070734 0.001923 0.066906 0.125164 -0.989878 0.710000 0.085000
0 -17.886581 -26.446171 0.100344 0.066906 0.125164 -0.989878 0.680000 0.085000
0 -12.296921 -29.430502 0.100801 0.066906 0.125164 -0.989878 0.710000 0.085000
drum.jpg
0 -6.436036 -31.935751 0.001923 0.040810 0.134549 -0.990066 0.740000 0.085000
0 -12.296921 -29.430502 0.100801 0.040810 0.134549 -0.990066 0.710000 0.085000
0 -6.234192 -31.272749 0.100344 0.040810 0.134549 -0.990066 0.740000 0.085000
drum.jpg
0 -6.632851 -32.914967 7.001923 0.957310 -0.288751 -0.013411 0.740000 0.116949
0 -6.234192 -31.272749 0.100344 0.957310 -0.288751 -0.013411 0.740000 0.085000
0 -6.432637 -32.257317 7.133875 0.957310 -0.288751 -0.013411 0.740000 0.116949
drum.jpg
0 -18.765911 -27.889290 7.001923 -0.880123 0.474209 -0.022546 0.680000 0.116949
0 -22.113550 -32.799381 34.409882 -0.880123 0.474209 -0.022546 0.680000 0.241667
0 -18.442455 -27.282688 7.133875 -0.880123 0.474209 -0.022546 0.680000 0.116949
drum.jpg
0 -7.940130 -39.419090 34.327702 0.957184 -0.288569 -0.022936 0.740000 0.241667
0 -6.432637 -32.257317 7.133875 0.957184 -0.288569 -0.022936 0.740000 0.116949
0 -7.737671 -38.754066 34.409882 0.957184 -0.288569 -0.022936 0.740000 0.241667
drum.jpg
0 -22.440634 -33.412785 34.327702 -0.882392 0.470515 0.000000 0.680000 0.241667
0 -22.113550 -32.799381 68.571213 -0.882392 0.470515 0.000000 0.680000 0.398333
0 -22.113550 -32.799381 34.409882 -0.882392 0.470515 0.000000 0.680000 0.241667
drum.jpg
0 -7.940130 -39.419090 68.653397 0.956650 -0.291241 0.000000 0.740000 0.398333
0 -7.737671 -38.754066 34.409882 0.956650 -0.291241 0.000000 0.740000 0.241667
0 -7.737671 -38.754066 68.571213 0.956650 -0.291241 0.000000 0.740000 0.398333
drum.jpg
0 -22.440634 -33.412785 68.653397 -0.880883 0.472778 0.022936 0.680000 0.398333
0 -18.442455 -27.282688 95.847252 -0.880883 0.472778 0.022936 0.680000 0.523051
0 -22.113550 -32.799381 68.571213 -0.880883 0.472778 0.022936 0.680000 0.398333
drum.jpg
0 -6.632851 -32.914967 95.979202 0.957658 -0.287023 0.022545 0.740000 0.523051
0 -7.737671 -38.754066 68.571213 0.957658 -0.287023 0.022545 0.740000 0.398333
0 -6.432637 -32.257317 95.847252 0.957658 -0.287023 0.022545 0.740000 0.523051
drum.jpg
0 -18.765911 -27.889290 95.979202 -0.881098 0.472743 0.013410 0.680000 0.523051
0 -17.886581 -26.446171 102.880783 -0.881098 0.472743 0.013410 0.680000 0.555000
0 -18.442455 -27.282688 95.847252 -0.881098 0.472743 0.013410 0.680000 0.523051
drum.jpg
0 -18.212669 -27.057709 102.979202 0.066284 0.123994 0.990067 0.680000 0.555000
0 -12.296921 -29.430502 102.880325 0.066284 0.123994 0.990067 0.710000 0.555000
0 -17.886581 -26.446171 102.880783 0.066284 0.123994 0.990067 0.680000 0.555000
drum.jpg
0 -6.436036 -31.935751 102.979202 0.957119 -0.289381 0.013504 0.740000 0.555000
0 -6.432637 -32.257317 95.847252 0.957119 -0.289381 0.013504 0.740000 0.523051
0 -6.234192 -31.272749 102.880783 0.957119 -0.289381 0.013504 0.740000 0.555000
drum.jpg
0 -12.562113 -30.070734 102.979202 0.041199 0.135813 0.989878 0.710000 0.555000
0 -6.234192 -31.272749 102.880783 0.041199 0.135813 0.989878 0.740000 0.555000
0 -12.296921 -29.430502 102.880325 0.041199 0.135813 0.989878 0.710000 0.555000
drum.jpg
0 -18.212669 -27.057709 0.001923 -0.465841 -0.873627 -0.140602 0.680000 0.085000
0 -12.562113 -30.070734 0.001923 -0.465841 -0.873627 -0.140602 0.710000 0.085000
0 -12.944337 -30.993504 7.001923 -0.465841 -0.873627 -0.140602 0.710000 0.116949
drum.jpg
0 -12.562113 -30.070734 0.001923 -0.288348 -0.947147 -0.140602 0.710000 0.085000
0 -6.436036 -31.935751 0.001923 -0.288348 -0.947147 -0.140602 0.740000 0.085000
0 -6.632851 -32.914967 7.001923 -0.288348 -0.947147 -0.140602 0.740000 0.116949
drum.jpg
0 -18.765911 -27.889290 7.001923 -0.457352 -0.857708 -0.234876 0.680000 0.116949
0 -12.944337 -30.993504 7.001923 -0.457352 -0.857708 -0.234876 0.710000 0.116949
0 -15.483135 -37.122707 34.327702 -0.457352 -0.857708 -0.234876 0.710000 0.241667
drum.jpg
0 -12.944337 -30.993504 7.001923 -0.283094 -0.929887 -0.234877 0.710000 0.116949
0 -6.632851 -32.914967 7.001923 -0.283094 -0.929887 -0.234877 0.740000 0.116949
0 -7.940130 -39.419090 34.327702 -0.283094 -0.929887 -0.234877 0.740000 0.241667
drum.jpg
0 -22.440634 -33.412785 34.327702 -0.470515 -0.882392 0.000000 0.680000 0.241667
0 -15.483135 -37.122707 34.327702 -0.470515 -0.882392 0.000000 0.710000 0.241667
0 -15.483135 -37.122707 68.653397 -0.470515 -0.882392 0.000000 0.710000 0.398333
drum.jpg
0 -15.483135 -37.122707 34.327702 -0.291241 -0.956650 0.000000 0.710000 0.241667
0 -7.940130 -39.419090 34.327702 -0.291241 -0.956650 0.000000 0.740000 0.241667
0 -7.940130 -39.419090 68.653397 -0.291241 -0.956650 0.000000 0.740000 0.398333
drum.jpg
0 -22.440634 -33.412785 68.653397 -0.457352 -0.857708 0.234876 0.680000 0.398333
0 -15.483135 -37.122707 68.653397 -0.457352 -0.857708 0.234876 0.710000 0.398333
0 -12.944337 -30.993504 95.979202 -0.457352 -0.857708 0.234876 0.710000 0.523051
drum.jpg
0 -15.483135 -37.122707 68.653397 -0.283094 -0.929888 0.234876 0.710000 0.398333
0 -7.940130 -39.419090 68.653397 -0.283094 -0.929888 0.234876 0.740000 0.398333
0 -6.632851 -32.914967 95.979202 -0.283094 -0.929888 0.234876 0.740000 0.523051
drum.jpg
0 -18.765911 -27.889290 95.979202 -0.465841 -0.873627 0.140602 0.680000 0.523051
0 -12.944337 -30.993504 95.979202 -0.465841 -0.873627 0.140602 0.710000 0.523051
0 -12.562113 -30.070734 102.979202 -0.465841 -0.873627 0.140602 0.710000 0.555000
drum.jpg
0 -12.944337 -30.993504 95.979202 -0.288348 -0.947147 0.140602 0.710000 0.523051
0 -6.632851 -32.914967 95.979202 -0.288348 -0.947147 0.140602 0.740000 0.523051
0 -6.436036 -31.935751 102.979202 -0.288348 -0.947147 0.140602 0.740000 0.555000
drum.jpg
0 -17.886581 -26.446171 0.100344 0.466270 0.873378 0.140724 0.680000 0.085000
0 -18.442455 -27.282688 7.133875 0.466270 0.873378 0.140724 0.680000 0.116949
0 -12.681305 -30.358490 7.134479 0.466270 0.873378 0.140724 0.710000 0.116949
drum.jpg
0 -12.296921 -29.430502 0.100801 0.287869 0.947276 0.140711 0.710000 0.085000
0 -12.681305 -30.358490 7.134479 0.287869 0.947276 0.140711 0.710000 0.116949
0 -6.432637 -32.257317 7.133875 0.287869 0.947276 0.140711 0.740000 0.116949
drum.jpg
0 -18.442455 -27.282688 7.133875 0.457689 0.857485 0.235031 0.680000 0.116949
0 -22.113550 -32.799381 34.409882 0.457689 0.857485 0.235031 0.680000 0.241667
0 -15.217127 -36.480507 34.410267 0.457689 0.857485 0.235031 0.710000 0.241667
drum.jpg
0 -12.681305 -30.358490 7.134479 0.282700 0.929973 0.235014 0.710000 0.116949
0 -15.217127 -36.480507 34.410267 0.282700 0.929973 0.235014 0.710000 0.241667
0 -7.737671 -38.754066 34.409882 0.282700 0.929973 0.235014 0.740000 0.241667
drum.jpg
0 -22.113550 -32.799381 34.409882 0.470890 0.882192 0.000000 0.680000 0.241667
0 -22.113550 -32.799381 68.571213 0.470890 0.882192 0.000000 0.680000 0.398333
0 -15.217127 -36.480507 68.570831 0.470890 0.882192 0.000000 0.710000 0.398333
drum.jpg
0 -15.217127 -36.480507 34.410267 0.290834 0.956774 0.000000 0.710000 0.241667
0 -15.217127 -36.480507 68.570831 0.290834 0.956774 0.000000 0.710000 0.398333
0 -7.737671 -38.754066 68.571213 0.290834 0.956774 0.000000 0.740000 0.398333
drum.jpg
0 -22.113550 -32.799381 68.571213 0.457756 0.857449 -0.235032 0.680000 0.398333
0 -18.442455 -27.282688 95.847252 0.457756 0.857449 -0.235032 0.680000 0.523051
0 -12.681305 -30.358490 95.846649 0.457756 0.857449 -0.235032 0.710000 0.523051
drum.jpg
0 -15.217127 -36.480507 68.570831 0.282627 0.929995 -0.235012 0.710000 0.398333
0 -12.681305 -30.358490 95.846649 0.282627 0.929995 -0.235012 0.710000 0.523051
0 -6.432637 -32.257317 95.847252 0.282627 0.929995 -0.235012 0.740000 0.523051
drum.jpg
0 -18.442455 -27.282688 95.847252 0.466284 0.873371 -0.140724 0.680000 0.523051
0 -17.886581 -26.446171 102.880783 0.466284 0.873371 -0.140724 0.680000 0.555000
0 -12.296921 -29.430502 102.880325 0.466284 0.873371 -0.140724 0.710000 0.555000
drum.jpg
0 -12.681305 -30.358490 95.846649 0.287855 0.947280 -0.140711 0.710000 0.523051
0 -12.296921 -29.430502 102.880325 0.287855 0.947280 -0.140711 0.710000 0.555000
0 -6.234192 -31.272749 102.880783 0.287855 0.947280 -0.140711 0.740000 0.555000
drum.jpg
0 -18.212669 -27.057709 0.001923 -0.881092 0.472752 -0.013475 0.680000 0.085000
0 -18.765911 -27.889290 7.001923 -0.881092 0.472752 -0.013475 0.680000 0.116949
0 -18.442455 -27.282688 7.133875 -0.881092 0.472752 -0.013475 0.680000 0.116949
drum.jpg
0 -12.562113 -30.070734 0.001923 0.066155 0.124066 -0.990066 0.710000 0.085000
0 -18.212669 -27.057709 0.001923 0.066155 0.124066 -0.990066 0.680000 0.085000
0 -17.886581 -26.446171 0.100344 0.066155 0.124066 -0.990066 0.680000 0.085000
drum.jpg
0 -6.436036 -31.935751 0.001923 0.041330 0.135759 -0.989879 0.740000 0.085000
0 -12.562113 -30.070734 0.001923 0.041330 0.135759 -0.989879 0.710000 0.085000
0 -12.296921 -29.430502 0.100801 0.041330 0.135759 -0.989879 0.710000 0.085000
drum.jpg
0 -6.632851 -32.914967 7.001923 0.957121 -0.289371 -0.013568 0.740000 0.116949
0 -6.436036 -31.935751 0.001923 0.957121 -0.289371 -0.013568 0.740000 0.085000
0 -6.234192 -31.272749 0.100344 0.957121 -0.289371 -0.013568 0.740000 0.085000
drum.jpg
0 -18.765911 -27.889290 7.001923 -0.880886 0.472775 -0.022895 0.680000 0.116949
0 -22.440634 -33.412785 34.327702 -0.880886 0.472775 -0.022895 0.680000 0.241667
0 -22.113550 -32.799381 34.409882 -0.880886 0.472775 -0.022895 0.680000 0.241667
drum.jpg
0 -7.940130 -39.419090 34.327702 0.957657 -0.287030 -0.022505 0.740000 0.241667
0 -6.632851 -32.914967 7.001923 0.957657 -0.287030 -0.022505 0.740000 0.116949
0 -6.432637 -32.257317 7.133875 0.957657 -0.287030 -0.022505 0.740000 0.116949
drum.jpg
0 -22.440634 -33.412785 34.327702 -0.882391 0.470517 0.000000 0.680000 0.241667
0 -22.440634 -33.412785 68.653397 -0.882391 0.470517 0.000000 0.680000 0.398333
0 -22.113550 -32.799381 68.571213 -0.882391 0.470517 0.000000 0.680000 0.398333
drum.jpg
0 -7.940130 -39.419090 68.653397 0.956650 -0.291240 0.000000 0.740000 0.398333
0 -7.940130 -39.419090 34.327702 0.956650 -0.291240 0.000000 0.740000 0.241667
0 -7.737671 -38.754066 34.409882 0.956650 -0.291240 0.000000 0.740000 0.241667
drum.jpg
0 -22.440634 -33.412785 68.653397 -0.880130 0.474199 0.022506 0.680000 0.398333
0 -18.765911 -27.889290 95.979202 -0.880130 0.474199 0.022506 0.680000 0.523051
0 -18.442455 -27.282688 95.847252 -0.880130 0.474199 0.022506 0.680000 0.523051
drum.jpg
0 -6.632851 -32.914967 95.979202 0.957184 -0.288574 0.022895 0.740000 0.523051
0 -7.940130 -39.419090 68.653397 0.957184 -0.288574 0.022895 0.740000 0.398333
0 -7.737671 -38.754066 68.571213 0.957184 -0.288574 0.022895 0.740000 0.398333
drum.jpg
0 -18.765911 -27.889290 95.979202 -0.881403 0.472170 0.013569 0.680000 0.523051
0 -18.212669 -27.057709 102.979202 -0.881403 0.472170 0.013569 0.680000 0.555000
0 -17.886581 -26.446171 102.880783 -0.881403 0.472170 0.013569 0.680000 0.555000
drum.jpg
0 -18.212669 -27.057709 102.979202 0.066762 0.125220 0.989880 0.680000 0.555000
0 -12.562113 -30.070734 102.979202 0.066762 0.125220 0.989880 0.710000 0.555000
0 -12.296921 -29.430502 102.880325 0.066762 0.125220 0.989880 0.710000 0.555000
drum.jpg
0 -6.436036 -31.935751 102.979202 0.957313 -0.288740 0.013475 0.740000 0.555000
0 -6.632851 -32.914967 95.979202 0.957313 -0.288740 0.013475 0.740000 0.523051
0 -6.432637 -32.257317 95.847252 0.957313 -0.288740 0.013475 0.740000 0.523051
drum.jpg
0 -12.562113 -30.070734 102.979202 0.040947 0.134504 0.990067 0.710000 0.555000
0 -6.436036 -31.935751 102.979202 0.040947 0.134504 0.990067 0.740000 0.555000
0 -6.234192 -31.272749 102.880783 0.040947 0.134504 0.990067 0.740000 0.555000
drum.jpg
0 -6.306568 -31.961504 0.001923 -0.096058 -0.985395 -0.140602 0.740000 0.085000
0 0.066900 -33.581600 7.001923 -0.096058 -0.985395 -0.140602 0.770000 0.116949
0 -6.499465 -32.941498 7.001923 -0.096058 -0.985395 -0.140602 0.740000 0.116949
drum.jpg
0 0.066900 -32.582802 0.001923 0.096058 -0.985395 -0.140602 0.770000 0.085000
0 6.633265 -32.941498 7.001923 0.096058 -0.985395 -0.140602 0.800000 0.116949
0 0.066900 -33.581600 7.001923 0.096058 -0.985395 -0.140602 0.770000 0.116949
drum.jpg
0 -6.499465 -32.941498 7.001923 -0.094308 -0.967439 -0.234877 0.740000 0.116949
0 0.066900 -40.215801 34.327702 -0.094308 -0.967439 -0.234877 0.770000 0.241667
0 -7.780716 -39.450802 34.327702 -0.094308 -0.967439 -0.234877 0.740000 0.241667
drum.jpg
0 0.066900 -33.581600 7.001923 0.094308 -0.967440 -0.234876 0.770000 0.116949
0 7.914516 -39.450802 34.327702 0.094308 -0.967440 -0.234876 0.800000 0.241667
0 0.066900 -40.215801 34.327702 0.094308 -0.967440 -0.234876 0.770000 0.241667
drum.jpg
0 -7.780716 -39.450802 34.327702 -0.097022 -0.995282 0.000000 0.740000 0.241667
0 0.066900 -40.215801 68.653397 -0.097022 -0.995282 0.000000 0.770000 0.398333
0 -7.780716 -39.450802 68.653397 -0.097022 -0.995282 0.000000 0.740000 0.398333
drum.jpg
0 0.066900 -40.215801 34.327702 0.097022 -0.995282 0.000000 0.770000 0.241667
0 7.914516 -39.450802 68.653397 0.097022 -0.995282 0.000000 0.800000 0.398333
0 0.066900 -40.215801 68.653397 0.097022 -0.995282 0.000000 0.770000 0.398333
drum.jpg
0 -7.780716 -39.450802 68.653397 -0.094308 -0.967440 0.234876 0.740000 0.398333
0 0.066900 -33.581600 95.979202 -0.094308 -0.967440 0.234876 0.770000 0.523051
0 -6.499465 -32.941498 95.979202 -0.094308 -0.967440 0.234876 0.740000 0.523051
drum.jpg
0 0.066900 -40.215801 68.653397 0.094308 -0.967440 0.234876 0.770000 0.398333
0 6.633265 -32.941498 95.979202 0.094308 -0.967440 0.234876 0.800000 0.523051
0 0.066900 -33.581600 95.979202 0.094308 -0.967440 0.234876 0.770000 0.523051
drum.jpg
0 -6.499465 -32.941498 95.979202 -0.096058 -0.985395 0.140601 0.740000 0.523051
0 0.066900 -32.582802 102.979202 -0.096058 -0.985395 0.140601 0.770000 0.555000
0 -6.306568 -31.961504 102.979202 -0.096058 -0.985395 0.140601 0.740000 0.555000
drum.jpg
0 0.066900 -33.581600 95.979202 0.096059 -0.985395 0.140602 0.770000 0.523051
0 6.440368 -31.961504 102.979202 0.096059 -0.985395 0.140602 0.800000 0.555000
0 0.066900 -32.582802 102.979202 0.096059 -0.985395 0.140602 0.770000 0.555000
drum.jpg
0 -6.239327 -31.271725 0.100344 0.096565 0.985330 0.140710 0.740000 0.085000
0 0.066900 -32.894264 7.134479 0.096565 0.985330 0.140710 0.770000 0.116949
0 0.066900 -31.889822 0.100801 0.096565 0.985330 0.140710 0.770000 0.085000
drum.jpg
0 0.066900 -31.889822 0.100801 -0.096565 0.985328 0.140724 0.770000 0.085000
0 6.566566 -32.257290 7.133875 -0.096565 0.985328 0.140724 0.800000 0.116949
0 6.373127 -31.271725 0.100344 -0.096565 0.985328 0.140724 0.800000 0.085000
drum.jpg
0 -6.432766 -32.257290 7.133875 0.094781 0.967360 0.235012 0.740000 0.116949
0 0.066900 -39.520687 34.410267 0.094781 0.967360 0.235012 0.770000 0.241667
0 0.066900 -32.894264 7.134479 0.094781 0.967360 0.235012 0.770000 0.116949
drum.jpg
0 0.066900 -32.894264 7.134479 -0.094780 0.967355 0.235033 0.770000 0.116949
0 7.847071 -38.758923 34.409882 -0.094780 0.967355 0.235033 0.800000 0.241667
0 6.566566 -32.257290 7.133875 -0.094780 0.967355 0.235033 0.800000 0.116949
drum.jpg
0 -7.713271 -38.758923 34.409882 0.097445 0.995241 0.000000 0.740000 0.241667
0 0.066900 -39.520687 68.570831 0.097445 0.995241 0.000000 0.770000 0.398333
0 0.066900 -39.520687 34.410267 0.097445 0.995241 0.000000 0.770000 0.241667
drum.jpg
0 0.066900 -39.520687 34.410267 -0.097445 0.995241 0.000000 0.770000 0.241667
0 7.847071 -38.758923 68.571213 -0.097445 0.995241 0.000000 0.800000 0.398333
0 7.847071 -38.758923 34.409882 -0.097445 0.995241 0.000000 0.800000 0.241667
drum.jpg
0 -7.713271 -38.758923 68.571213 0.094705 0.967367 -0.235013 0.740000 0.398333
0 0.066900 -32.894264 95.846649 0.094705 0.967367 -0.235013 0.770000 0.523051
0 0.066900 -39.520687 68.570831 0.094705 0.967367 -0.235013 0.770000 0.398333
drum.jpg
0 0.066900 -39.520687 68.570831 -0.094704 0.967363 -0.235031 0.770000 0.398333
0 6.566566 -32.257290 95.847252 -0.094704 0.967363 -0.235031 0.800000 0.523051
0 7.847071 -38.758923 68.571213 -0.094704 0.967363 -0.235031 0.800000 0.398333
drum.jpg
0 -6.432767 -32.257290 95.847252 0.096550 0.985332 -0.140709 0.740000 0.523051
0 0.066900 -31.889822 102.880325 0.096550 0.985332 -0.140709 0.770000 0.555000
0 0.066900 -32.894264 95.846649 0.096550 0.985332 -0.140709 0.770000 0.523051
drum.jpg
0 0.066900 -32.894264 95.846649 -0.096551 0.985330 -0.140723 0.770000 0.523051
0 6.373127 -31.271725 102.880783 -0.096551 0.985330 -0.140723 0.800000 0.555000
0 6.566566 -32.257290 95.847252 -0.096551 0.985330 -0.140723 0.800000 0.523051
drum.jpg
0 -6.306568 -31.961504 0.001923 -0.995004 0.098922 -0.013504 0.740000 0.085000
0 -6.432766 -32.257290 7.133875 -0.995004 0.098922 -0.013504 0.740000 0.116949
0 -6.239327 -31.271725 0.100344 -0.995004 0.098922 -0.013504 0.740000 0.085000
drum.jpg
0 0.066900 -32.582802 0.001923 0.013915 0.141241 -0.989877 0.770000 0.085000
0 -6.239327 -31.271725 0.100344 0.013915 0.141241 -0.989877 0.740000 0.085000
0 0.066900 -31.889822 0.100801 0.013915 0.141241 -0.989877 0.770000 0.085000
drum.jpg
0 6.440368 -31.961504 0.001923 -0.013786 0.139925 -0.990066 0.800000 0.085000
0 0.066900 -31.889822 0.100801 -0.013786 0.139925 -0.990066 0.770000 0.085000
0 6.373127 -31.271725 0.100344 -0.013786 0.139925 -0.990066 0.800000 0.085000
drum.jpg
0 6.633265 -32.941498 7.001923 0.994940 0.099576 -0.013411 0.800000 0.116949
0 6.373127 -31.271725 0.100344 0.994940 0.099576 -0.013411 0.800000 0.085000
0 6.566566 -32.257290 7.133875 0.994940 0.099576 -0.013411 0.800000 0.116949
drum.jpg
0 -6.499465 -32.941498 7.001923 -0.994600 0.101302 -0.022546 0.740000 0.116949
0 -7.713271 -38.758923 34.409882 -0.994600 0.101302 -0.022546 0.740000 0.241667
0 -6.432766 -32.257290 7.133875 -0.994600 0.101302 -0.022546 0.740000 0.116949
drum.jpg
0 7.914516 -39.450802 34.327702 0.994754 0.099695 -0.022936 0.800000 0.241667
0 6.566566 -32.257290 7.133875 0.994754 0.099695 -0.022936 0.800000 0.116949
0 7.847071 -38.758923 34.409882 0.994754 0.099695 -0.022936 0.800000 0.241667
drum.jpg
0 -7.780716 -39.450802 34.327702 -0.995282 0.097021 0.000000 0.740000 0.241667
0 -7.713271 -38.758923 68.571213 -0.995282 0.097021 0.000000 0.740000 0.398333
0 -7.713271 -38.758923 34.409882 -0.995282 0.097021 0.000000 0.740000 0.241667
drum.jpg
0 7.914516 -39.450802 68.653397 0.995282 0.097021 0.000000 0.800000 0.398333
0 7.847071 -38.758923 34.409882 0.995282 0.097021 0.000000 0.800000 0.241667
0 7.847071 -38.758923 68.571213 0.995282 0.097021 0.000000 0.800000 0.398333
drum.jpg
0 -7.780716 -39.450802 68.653397 -0.994754 0.099693 0.022936 0.740000 0.398333
0 -6.432767 -32.257290 95.847252 -0.994754 0.099693 0.022936 0.740000 0.523051
0 -7.713271 -38.758923 68.571213 -0.994754 0.099693 0.022936 0.740000 0.398333
drum.jpg
0 6.633265 -32.941498 95.979202 0.994600 0.101302 0.022546 0.800000 0.523051
0 7.847071 -38.758923 68.571213 0.994600 0.101302 0.022546 0.800000 0.398333
0 6.566566 -32.257290 95.847252 0.994600 0.101302 0.022546 0.800000 0.523051
drum.jpg
0 -6.499465 -32.941498 95.979202 -0.994940 0.099574 0.013411 0.740000 0.523051
0 -6.239327 -31.271725 102.880783 -0.994940 0.099574 0.013411 0.740000 0.555000
0 -6.432767 -32.257290 95.847252 -0.994940 0.099574 0.013411 0.740000 0.523051
drum.jpg
0 -6.306568 -31.961504 102.979202 0.013786 0.139922 0.990067 0.740000 0.555000
0 0.066900 -31.889822 102.880325 0.013786 0.139922 0.990067 0.770000 0.555000
0 -6.239327 -31.271725 102.880783 0.013786 0.139922 0.990067 0.740000 0.555000
drum.jpg
0 6.440368 -31.961504 102.979202 0.995004 0.098922 0.013504 0.800000 0.555000
0 6.566566 -32.257290 95.847252 0.995004 0.098922 0.013504 0.800000 0.523051
0 6.373127 -31.271725 102.880783 0.995004 0.098922 0.013504 0.800000 0.555000
drum.jpg
0 0.066900 -32.582802 102.979202 -0.013915 0.141239 0.989878 0.770000 0.555000
0 6.373127 -31.271725 102.880783 -0.013915 0.141239 0.989878 0.800000 0.555000
0 0.066900 -31.889822 102.880325 -0.013915 0.141239 0.989878 0.770000 0.555000
drum.jpg
0 -6.306568 -31.961504 0.001923 -0.096059 -0.985395 -0.140602 0.740000 0.085000
0 0.066900 -32.582802 0.001923 -0.096059 -0.985395 -0.140602 0.770000 0.085000
0 0.066900 -33.581600 7.001923 -0.096059 -0.985395 -0.140602 0.770000 0.116949
drum.jpg
0 0.066900 -32.582802 0.001923 0.096059 -0.985395 -0.140601 0.770000 0.085000
0 6.440368 -31.961504 0.001923 0.096059 -0.985395 -0.140601 0.800000 0.085000
0 6.633265 -32.941498 7.001923 0.096059 -0.985395 -0.140601 0.800000 0.116949
drum.jpg
0 -6.499465 -32.941498 7.001923 -0.094308 -0.967439 -0.234877 0.740000 0.116949
0 0.066900 -33.581600 7.001923 -0.094308 -0.967439 -0.234877 0.770000 0.116949
0 0.066900 -40.215801 34.327702 -0.094308 -0.967439 -0.234877 0.770000 0.241667
drum.jpg
0 0.066900 -33.581600 7.001923 0.094308 -0.967439 -0.234877 0.770000 0.116949
0 6.633265 -32.941498 7.001923 0.094308 -0.967439 -0.234877 0.800000 0.116949
0 7.914516 -39.450802 34.327702 0.094308 -0.967439 -0.234877 0.800000 0.241667
drum.jpg
0 -7.780716 -39.450802 34.327702 -0.097022 -0.995282 0.000000 0.740000 0.241667
0 0.066900 -40.215801 34.327702 -0.097022 -0.995282 0.000000 0.770000 0.241667
0 0.066900 -40.215801 68.653397 -0.097022 -0.995282 0.000000 0.770000 0.398333
drum.jpg
0 0.066900 -40.215801 34.327702 0.097022 -0.995282 0.000000 0.770000 0.241667
0 7.914516 -39.450802 34.327702 0.097022 -0.995282 0.000000 0.800000 0.241667
0 7.914516 -39.450802 68.653397 0.097022 -0.995282 0.000000 0.800000 0.398333
drum.jpg
0 -7.780716 -39.450802 68.653397 -0.094308 -0.967440 0.234876 0.740000 0.398333
0 0.066900 -40.215801 68.653397 -0.094308 -0.967440 0.234876 0.770000 0.398333
0 0.066900 -33.581600 95.979202 -0.094308 -0.967440 0.234876 0.770000 0.523051
drum.jpg
0 0.066900 -40.215801 68.653397 0.094307 -0.967440 0.234876 0.770000 0.398333
0 7.914516 -39.450802 68.653397 0.094307 -0.967440 0.234876 0.800000 0.398333
0 6.633265 -32.941498 95.979202 0.094307 -0.967440 0.234876 0.800000 0.523051
drum.jpg
0 -6.499465 -32.941498 95.979202 -0.096058 -0.985395 0.140602 0.740000 0.523051
0 0.066900 -33.581600 95.979202 -0.096058 -0.985395 0.140602 0.770000 0.523051
0 0.066900 -32.582802 102.979202 -0.096058 -0.985395 0.140602 0.770000 0.555000
drum.jpg
0 0.066900 -33.581600 95.979202 0.096058 -0.985395 0.140602 0.770000 0.523051
0 6.633265 -32.941498 95.979202 0.096058 -0.985395 0.140602 0.800000 0.523051
0 6.440368 -31.961504 102.979202 0.096058 -0.985395 0.140602 0.800000 0.555000
drum.jpg
0 -6.239327 -31.271725 0.100344 0.096550 0.985330 0.140723 0.740000 0.085000
0 -6.432766 -32.257290 7.133875 0.096550 0.985330 0.140723 0.740000 0.116949
0 0.066900 -32.894264 7.134479 0.096550 0.985330 0.140723 0.770000 0.116949
drum.jpg
0 0.066900 -31.889822 0.100801 -0.096551 0.985332 0.140709 0.770000 0.085000
0 0.066900 -32.894264 7.134479 -0.096551 0.985332 0.140709 0.770000 0.116949
0 6.566566 -32.257290 7.133875 -0.096551 0.985332 0.140709 0.800000 0.116949
drum.jpg
0 -6.432766 -32.257290 7.133875 0.094704 0.967363 0.235031 0.740000 0.116949
0 -7.713271 -38.758923 34.409882 0.094704 0.967363 0.235031 0.740000 0.241667
0 0.066900 -39.520687 34.410267 0.094704 0.967363 0.235031 0.770000 0.241667
drum.jpg
0 0.066900 -32.894264 7.134479 -0.094704 0.967367 0.235014 0.770000 0.116949
0 0.066900 -39.520687 34.410267 -0.094704 0.967367 0.235014 0.770000 0.241667
0 7.847071 -38.758923 34.409882 -0.094704 0.967367 0.235014 0.800000 0.241667
drum.jpg
0 -7.713271 -38.758923 34.409882 0.097445 0.995241 0.000000 0.740000 0.241667
0 -7.713271 -38.758923 68.571213 0.097445 0.995241 0.000000 0.740000 0.398333
0 0.066900 -39.520687 68.570831 0.097445 0.995241 0.000000 0.770000 0.398333
drum.jpg
0 0.066900 -39.520687 34.410267 -0.097445 0.995241 0.000000 0.770000 0.241667
0 0.066900 -39.520687 68.570831 -0.097445 0.995241 0.000000 0.770000 0.398333
0 7.847071 -38.758923 68.571213 -0.097445 0.995241 0.000000 0.800000 0.398333
drum.jpg
0 -7.713271 -38.758923 68.571213 0.094780 0.967355 -0.235033 0.740000 0.398333
0 -6.432767 -32.257290 95.847252 0.094780 0.967355 -0.235033 0.740000 0.523051
0 0.066900 -32.894264 95.846649 0.094780 0.967355 -0.235033 0.770000 0.523051
drum.jpg
0 0.066900 -39.520687 68.570831 -0.094780 0.967360 -0.235012 0.770000 0.398333
0 0.066900 -32.894264 95.846649 -0.094780 0.967360 -0.235012 0.770000 0.523051
0 6.566566 -32.257290 95.847252 -0.094780 0.967360 -0.235012 0.800000 0.523051
drum.jpg
0 -6.432767 -32.257290 95.847252 0.096565 0.985328 -0.140723 0.740000 0.523051
0 -6.239327 -31.271725 102.880783 0.096565 0.985328 -0.140723 0.740000 0.555000
0 0.066900 -31.889822 102.880325 0.096565 0.985328 -0.140723 0.770000 0.555000
drum.jpg
0 0.066900 -32.894264 95.846649 -0.096565 0.985330 -0.140710 0.770000 0.523051
0 0.066900 -31.889822 102.880325 -0.096565 0.985330 -0.140710 0.770000 0.555000
0 6.373127 -31.271725 102.880783 -0.096565 0.985330 -0.140710 0.800000 0.555000
drum.jpg
0 -6.306568 -31.961504 0.001923 -0.994938 0.099588 -0.013475 0.740000 0.085000
0 -6.499465 -32.941498 7.001923 -0.994938 0.099588 -0.013475 0.740000 0.116949
0 -6.432766 -32.257290 7.133875 -0.994938 0.099588 -0.013475 0.740000 0.116949
drum.jpg
0 0.066900 -32.582802 0.001923 0.013641 0.139938 -0.990066 0.770000 0.085000
0 -6.306568 -31.961504 0.001923 0.013641 0.139938 -0.990066 0.740000 0.085000
0 -6.239327 -31.271725 0.100344 0.013641 0.139938 -0.990066 0.740000 0.085000
drum.jpg
0 6.440368 -31.961504 0.001923 -0.013768 0.141241 -0.989880 0.800000 0.085000
0 0.066900 -32.582802 0.001923 -0.013768 0.141241 -0.989880 0.770000 0.085000
0 0.066900 -31.889822 0.100801 -0.013768 0.141241 -0.989880 0.770000 0.085000
drum.jpg
0 6.633265 -32.941498 7.001923 0.995002 0.098930 -0.013569 0.800000 0.116949
0 6.440368 -31.961504 0.001923 0.995002 0.098930 -0.013569 0.800000 0.085000
0 6.373127 -31.271725 0.100344 0.995002 0.098930 -0.013569 0.800000 0.085000
drum.jpg
0 -6.499465 -32.941498 7.001923 -0.994755 0.099691 -0.022895 0.740000 0.116949
0 -7.780716 -39.450802 34.327702 -0.994755 0.099691 -0.022895 0.740000 0.241667
0 -7.713271 -38.758923 34.409882 -0.994755 0.099691 -0.022895 0.740000 0.241667
drum.jpg
0 7.914516 -39.450802 34.327702 0.994602 0.101297 -0.022505 0.800000 0.241667
0 6.633265 -32.941498 7.001923 0.994602 0.101297 -0.022505 0.800000 0.116949
0 6.566566 -32.257290 7.133875 0.994602 0.101297 -0.022505 0.800000 0.116949
drum.jpg
0 -7.780716 -39.450802 34.327702 -0.995282 0.097020 0.000000 0.740000 0.241667
0 -7.780716 -39.450802 68.653397 -0.995282 0.097020 0.000000 0.740000 0.398333
0 -7.713271 -38.758923 68.571213 -0.995282 0.097020 0.000000 0.740000 0.398333
drum.jpg
0 7.914516 -39.450802 68.653397 0.995282 0.097022 0.000000 0.800000 0.398333
0 7.914516 -39.450802 34.327702 0.995282 0.097022 0.000000 0.800000 0.241667
0 7.847071 -38.758923 34.409882 0.995282 0.097022 0.000000 0.800000 0.241667
drum.jpg
0 -7.780716 -39.450802 68.653397 -0.994602 0.101294 0.022505 0.740000 0.398333
0 -6.499465 -32.941498 95.979202 -0.994602 0.101294 0.022505 0.740000 0.523051
0 -6.432767 -32.257290 95.847252 -0.994602 0.101294 0.022505 0.740000 0.523051
drum.jpg
0 6.633265 -32.941498 95.979202 0.994755 0.099691 0.022895 0.800000 0.523051
0 7.914516 -39.450802 68.653397 0.994755 0.099691 0.022895 0.800000 0.398333
0 7.847071 -38.758923 68.571213 0.994755 0.099691 0.022895 0.800000 0.398333
drum.jpg
0 -6.499465 -32.941498 95.979202 -0.995002 0.098930 0.013569 0.740000 0.523051
0 -6.306568 -31.961504 102.979202 -0.995002 0.098930 0.013569 0.740000 0.555000
0 -6.239327 -31.271725 102.880783 -0.995002 0.098930 0.013569 0.740000 0.555000
drum.jpg
0 -6.306568 -31.961504 102.979202 0.013768 0.141239 0.989880 0.740000 0.555000
0 0.066900 -32.582802 102.979202 0.013768 0.141239 0.989880 0.770000 0.555000
0 0.066900 -31.889822 102.880325 0.013768 0.141239 0.989880 0.770000 0.555000
drum.jpg
0 6.440368 -31.961504 102.979202 0.994938 0.099587 0.013475 0.800000 0.555000
0 6.633265 -32.941498 95.979202 0.994938 0.099587 0.013475 0.800000 0.523051
0 6.566566 -32.257290 95.847252 0.994938 0.099587 0.013475 0.800000 0.523051
drum.jpg
0 0.066900 -32.582802 102.979202 -0.013643 0.139935 0.990067 0.770000 0.555000
0 6.440368 -31.961504 102.979202 -0.013643 0.139935 0.990067 0.800000 0.555000
0 6.373127 -31.271725 102.880783 -0.013643 0.139935 0.990067 0.800000 0.555000
drum.jpg
0 6.569836 -31.935751 0.001923 0.288348 -0.947147 -0.140602 0.800000 0.085000
0 13.078136 -30.993504 7.001923 0.288348 -0.947147 -0.140602 0.830000 0.116949
0 6.766651 -32.914967 7.001923 0.288348 -0.947147 -0.140602 0.800000 0.116949
drum.jpg
0 12.695912 -30.070734 0.001923 0.465840 -0.873627 -0.140602 0.830000 0.085000
0 18.899710 -27.889290 7.001923 0.465840 -0.873627 -0.140602 0.860000 0.116949
0 13.078136 -30.993504 7.001923 0.465840 -0.873627 -0.140602 0.830000 0.116949
drum.jpg
0 6.766651 -32.914967 7.001923 0.283094 -0.929888 -0.234876 0.800000 0.116949
0 15.616935 -37.122707 34.327702 0.283094 -0.929888 -0.234876 0.830000 0.241667
0 8.073930 -39.419090 34.327702 0.283094 -0.929888 -0.234876 0.800000 0.241667
drum.jpg
0 13.078136 -30.993504 7.001923 0.457352 -0.857707 -0.234877 0.830000 0.116949
0 22.574434 -33.412785 34.327702 0.457352 -0.857707 -0.234877 0.860000 0.241667
0 15.616935 -37.122707 34.327702 0.457352 -0.857707 -0.234877 0.830000 0.241667
drum.jpg
0 8.073930 -39.419090 34.327702 0.291241 -0.956650 0.000000 0.800000 0.241667
0 15.616935 -37.122707 68.653397 0.291241 -0.956650 0.000000 0.830000 0.398333
0 8.073930 -39.419090 68.653397 0.291241 -0.956650 0.000000 0.800000 0.398333
drum.jpg
0 15.616935 -37.122707 34.327702 0.470515 -0.882392 0.000000 0.830000 0.241667
0 22.574434 -33.412785 68.653397 0.470515 -0.882392 0.000000 0.860000 0.398333
0 15.616935 -37.122707 68.653397 0.470515 -0.882392 0.000000 0.830000 0.398333
drum.jpg
0 8.073930 -39.419090 68.653397 0.283094 -0.929887 0.234877 0.800000 0.398333
0 13.078136 -30.993504 95.979202 0.283094 -0.929887 0.234877 0.830000 0.523051
0 6.766651 -32.914967 95.979202 0.283094 -0.929887 0.234877 0.800000 0.523051
drum.jpg
0 15.616935 -37.122707 68.653397 0.457352 -0.857708 0.234876 0.830000 0.398333
0 18.899710 -27.889290 95.979202 0.457352 -0.857708 0.234876 0.860000 0.523051
0 13.078136 -30.993504 95.979202 0.457352 -0.857708 0.234876 0.830000 0.523051
drum.jpg
0 6.766651 -32.914967 95.979202 0.288348 -0.947147 0.140602 0.800000 0.523051
0 12.695912 -30.070734 102.979202 0.288348 -0.947147 0.140602 0.830000 0.555000
0 6.569836 -31.935751 102.979202 0.288348 -0.947147 0.140602 0.800000 0.555000
drum.jpg
0 13.078136 -30.993504 95.979202 0.465841 -0.873627 0.140602 0.830000 0.523051
0 18.346468 -27.057709 102.979202 0.465841 -0.873627 0.140602 0.860000 0.555000
0 12.695912 -30.070734 102.979202 0.465841 -0.873627 0.140602 0.830000 0.555000
drum.jpg
0 6.367992 -31.272749 0.100344 -0.287855 0.947280 0.140711 0.800000 0.085000
0 12.815104 -30.358490 7.134479 -0.287855 0.947280 0.140711 0.830000 0.116949
0 12.430720 -29.430502 0.100801 -0.287855 0.947280 0.140711 0.830000 0.085000
drum.jpg
0 12.430720 -29.430502 0.100801 -0.466283 0.873371 0.140724 0.830000 0.085000
0 18.576254 -27.282688 7.133875 -0.466283 0.873371 0.140724 0.860000 0.116949
0 18.020380 -26.446171 0.100344 -0.466283 0.873371 0.140724 0.860000 0.085000
drum.jpg
0 6.566437 -32.257317 7.133875 -0.282627 0.929995 0.235012 0.800000 0.116949
0 15.350926 -36.480507 34.410267 -0.282627 0.929995 0.235012 0.830000 0.241667
0 12.815104 -30.358490 7.134479 -0.282627 0.929995 0.235012 0.830000 0.116949
drum.jpg
0 12.815104 -30.358490 7.134479 -0.457756 0.857449 0.235032 0.830000 0.116949
0 22.247351 -32.799381 34.409882 -0.457756 0.857449 0.235032 0.860000 0.241667
0 18.576254 -27.282688 7.133875 -0.457756 0.857449 0.235032 0.860000 0.116949
drum.jpg
0 7.871471 -38.754066 34.409882 -0.290834 0.956774 0.000000 0.800000 0.241667
0 15.350926 -36.480507 68.570831 -0.290834 0.956774 0.000000 0.830000 0.398333
0 15.350926 -36.480507 34.410267 -0.290834 0.956774 0.000000 0.830000 0.241667
drum.jpg
0 15.350926 -36.480507 34.410267 -0.470890 0.882192 0.000000 0.830000 0.241667
0 22.247351 -32.799381 68.571213 -0.470890 0.882192 0.000000 0.860000 0.398333
0 22.247351 -32.799381 34.409882 -0.470890 0.882192 0.000000 0.860000 0.241667
drum.jpg
0 7.871471 -38.754066 68.571213 -0.282699 0.929973 -0.235013 0.800000 0.398333
0 12.815104 -30.358490 95.846649 -0.282699 0.929973 -0.235013 0.830000 0.523051
0 15.350926 -36.480507 68.570831 -0.282699 0.929973 -0.235013 0.830000 0.398333
drum.jpg
0 15.350926 -36.480507 68.570831 -0.457690 0.857485 -0.235031 0.830000 0.398333
0 18.576254 -27.282688 95.847252 -0.457690 0.857485 -0.235031 0.860000 0.523051
0 22.247351 -32.799381 68.571213 -0.457690 0.857485 -0.235031 0.860000 0.398333
drum.jpg
0 6.566437 -32.257317 95.847252 -0.287868 0.947276 -0.140711 0.800000 0.523051
0 12.430719 -29.430502 102.880325 -0.287868 0.947276 -0.140711 0.830000 0.555000
0 12.815104 -30.358490 95.846649 -0.287868 0.947276 -0.140711 0.830000 0.523051
drum.jpg
0 12.815104 -30.358490 95.846649 -0.466270 0.873378 -0.140724 0.830000 0.523051
0 18.020380 -26.446171 102.880783 -0.466270 0.873378 -0.140724 0.860000 0.555000
0 18.576254 -27.282688 95.847252 -0.466270 0.873378 -0.140724 0.860000 0.523051
drum.jpg
0 6.569836 -31.935751 0.001923 -0.957119 -0.289381 -0.013504 0.800000 0.085000
0 6.566437 -32.257317 7.133875 -0.957119 -0.289381 -0.013504 0.800000 0.116949
0 6.367992 -31.272749 0.100344 -0.957119 -0.289381 -0.013504 0.800000 0.085000
drum.jpg
0 12.695912 -30.070734 0.001923 -0.041195 0.135815 -0.989877 0.830000 0.085000
0 6.367992 -31.272749 0.100344 -0.041195 0.135815 -0.989877 0.800000 0.085000
0 12.430720 -29.430502 0.100801 -0.041195 0.135815 -0.989877 0.830000 0.085000
drum.jpg
0 18.346468 -27.057709 0.001923 -0.066283 0.123997 -0.990066 0.860000 0.085000
0 12.430720 -29.430502 0.100801 -0.066283 0.123997 -0.990066 0.830000 0.085000
0 18.020380 -26.446171 0.100344 -0.066283 0.123997 -0.990066 0.860000 0.085000
drum.jpg
0 18.899710 -27.889290 7.001923 0.881098 0.472743 -0.013410 0.860000 0.116949
0 18.020380 -26.446171 0.100344 0.881098 0.472743 -0.013410 0.860000 0.085000
0 18.576254 -27.282688 7.133875 0.881098 0.472743 -0.013410 0.860000 0.116949
drum.jpg
0 6.766651 -32.914967 7.001923 -0.957658 -0.287024 -0.022545 0.800000 0.116949
0 7.871471 -38.754066 34.409882 -0.957658 -0.287024 -0.022545 0.800000 0.241667
0 6.566437 -32.257317 7.133875 -0.957658 -0.287024 -0.022545 0.800000 0.116949
drum.jpg
0 22.574434 -33.412785 34.327702 0.880880 0.472784 -0.022936 0.860000 0.241667
0 18.576254 -27.282688 7.133875 0.880880 0.472784 -0.022936 0.860000 0.116949
0 22.247351 -32.799381 34.409882 0.880880 0.472784 -0.022936 0.860000 0.241667
drum.jpg
0 8.073930 -39.419090 34.327702 -0.956650 -0.291241 0.000000 0.800000 0.241667
0 7.871471 -38.754066 68.571213 -0.956650 -0.291241 0.000000 0.800000 0.398333
0 7.871471 -38.754066 34.409882 -0.956650 -0.291241 0.000000 0.800000 0.241667
drum.jpg
0 22.574434 -33.412785 68.653397 0.882390 0.470519 0.000000 0.860000 0.398333
0 22.247351 -32.799381 34.409882 0.882390 0.470519 0.000000 0.860000 0.241667
0 22.247351 -32.799381 68.571213 0.882390 0.470519 0.000000 0.860000 0.398333
drum.jpg
0 8.073930 -39.419090 68.653397 -0.957184 -0.288569 0.022936 0.800000 0.398333
0 6.566437 -32.257317 95.847252 -0.957184 -0.288569 0.022936 0.800000 0.523051
0 7.871471 -38.754066 68.571213 -0.957184 -0.288569 0.022936 0.800000 0.398333
drum.jpg
0 18.899710 -27.889290 95.979202 0.880124 0.474208 0.022546 0.860000 0.523051
0 22.247351 -32.799381 68.571213 0.880124 0.474208 0.022546 0.860000 0.398333
0 18.576254 -27.282688 95.847252 0.880124 0.474208 0.022546 0.860000 0.523051
drum.jpg
0 6.766651 -32.914967 95.979202 -0.957310 -0.288751 0.013411 0.800000 0.523051
0 6.367992 -31.272749 102.880783 -0.957310 -0.288751 0.013411 0.800000 0.555000
0 6.566437 -32.257317 95.847252 -0.957310 -0.288751 0.013411 0.800000 0.523051
drum.jpg
0 6.569836 -31.935751 102.979202 -0.040807 0.134546 0.990067 0.800000 0.555000
0 12.430719 -29.430502 102.880325 -0.040807 0.134546 0.990067 0.830000 0.555000
0 6.367992 -31.272749 102.880783 -0.040807 0.134546 0.990067 0.800000 0.555000
drum.jpg
0 18.346468 -27.057709 102.979202 0.881407 0.472164 0.013504 0.860000 0.555000
0 18.576254 -27.282688 95.847252 0.881407 0.472164 0.013504 0.860000 0.523051
0 18.020380 -26.446171 102.880783 0.881407 0.472164 0.013504 0.860000 0.555000
drum.jpg
0 12.695912 -30.070734 102.979202 -0.066900 0.125162 0.989878 0.830000 0.555000
0 18.020380 -26.446171 102.880783 -0.066900 0.125162 0.989878 0.860000 0.555000
0 12.430719 -29.430502 102.880325 -0.066900 0.125162 0.989878 0.830000 0.555000
drum.jpg
0 6.569836 -31.935751 0.001923 0.288348 -0.947147 -0.140601 0.800000 0.085000
0 12.695912 -30.070734 0.001923 0.288348 -0.947147 -0.140601 0.830000 0.085000
0 13.078136 -30.993504 7.001923 0.288348 -0.947147 -0.140601 0.830000 0.116949
drum.jpg
0 12.695912 -30.070734 0.001923 0.465841 -0.873627 -0.140602 0.830000 0.085000
0 18.346468 -27.057709 0.001923 0.465841 -0.873627 -0.140602 0.860000 0.085000
0 18.899710 -27.889290 7.001923 0.465841 -0.873627 -0.140602 0.860000 0.116949
drum.jpg
0 6.766651 -32.914967 7.001923 0.283094 -0.929887 -0.234877 0.800000 0.116949
0 13.078136 -30.993504 7.001923 0.283094 -0.929887 -0.234877 0.830000 0.116949
0 15.616935 -37.122707 34.327702 0.283094 -0.929887 -0.234877 0.830000 0.241667
drum.jpg
0 13.078136 -30.993504 7.001923 0.457352 -0.857707 -0.234877 0.830000 0.116949
0 18.899710 -27.889290 7.001923 0.457352 -0.857707 -0.234877 0.860000 0.116949
0 22.574434 -33.412785 34.327702 0.457352 -0.857707 -0.234877 0.860000 0.241667
drum.jpg
0 8.073930 -39.419090 34.327702 0.291241 -0.956650 0.000000 0.800000 0.241667
0 15.616935 -37.122707 34.327702 0.291241 -0.956650 0.000000 0.830000 0.241667
0 15.616935 -37.122707 68.653397 0.291241 -0.956650 0.000000 0.830000 0.398333
drum.jpg
0 15.616935 -37.122707 34.327702 0.470515 -0.882392 0.000000 0.830000 0.241667
0 22.574434 -33.412785 34.327702 0.470515 -0.882392 0.000000 0.860000 0.241667
0 22.574434 -33.412785 68.653397 0.470515 -0.882392 0.000000 0.860000 0.398333
drum.jpg
0 8.073930 -39.419090 68.653397 0.283094 -0.929888 0.234876 0.800000 0.398333
0 15.616935 -37.122707 68.653397 0.283094 -0.929888 0.234876 0.830000 0.398333
0 13.078136 -30.993504 95.979202 0.283094 -0.929888 0.234876 0.830000 0.523051
drum.jpg
0 15.616935 -37.122707 68.653397 0.457352 -0.857708 0.234876 0.830000 0.398333
0 22.574434 -33.412785 68.653397 0.457352 -0.857708 0.234876 0.860000 0.398333
0 18.899710 -27.889290 95.979202 0.457352 -0.857708 0.234876 0.860000 0.523051
drum.jpg
0 6.766651 -32.914967 95.979202 0.288348 -0.947147 0.140601 0.800000 0.523051
0 13.078136 -30.993504 95.979202 0.288348 -0.947147 0.140601 0.830000 0.523051
0 12.695912 -30.070734 102.979202 0.288348 -0.947147 0.140601 0.830000 0.555000
drum.jpg
0 13.078136 -30.993504 95.979202 0.465841 -0.873627 0.140602 0.830000 0.523051
0 18.899710 -27.889290 95.979202 0.465841 -0.873627 0.140602 0.860000 0.523051
0 18.346468 -27.057709 102.979202 0.465841 -0.873627 0.140602 0.860000 0.555000
drum.jpg
0 6.367992 -31.272749 0.100344 -0.287868 0.947275 0.140723 0.800000 0.085000
0 6.566437 -32.257317 7.133875 -0.287868 0.947275 0.140723 0.800000 0.116949
0 12.815104 -30.358490 7.134479 -0.287868 0.947275 0.140723 0.830000 0.116949
drum.jpg
0 12.430720 -29.430502 0.100801 -0.466271 0.873380 0.140711 0.830000 0.085000
0 12.815104 -30.358490 7.134479 -0.466271 0.873380 0.140711 0.830000 0.116949
0 18.576254 -27.282688 7.133875 -0.466271 0.873380 0.140711 0.860000 0.116949
drum.jpg
0 6.566437 -32.257317 7.133875 -0.282698 0.929969 0.235031 0.800000 0.116949
0 7.871471 -38.754066 34.409882 -0.282698 0.929969 0.235031 0.800000 0.241667
0 15.350926 -36.480507 34.410267 -0.282698 0.929969 0.235031 0.830000 0.241667
drum.jpg
0 12.815104 -30.358490 7.134479 -0.457691 0.857489 0.235014 0.830000 0.116949
0 15.350926 -36.480507 34.410267 -0.457691 0.857489 0.235014 0.830000 0.241667
0 22.247351 -32.799381 34.409882 -0.457691 0.857489 0.235014 0.860000 0.241667
drum.jpg
0 7.871471 -38.754066 34.409882 -0.290834 0.956774 0.000000 0.800000 0.241667
0 7.871471 -38.754066 68.571213 -0.290834 0.956774 0.000000 0.800000 0.398333
0 15.350926 -36.480507 68.570831 -0.290834 0.956774 0.000000 0.830000 0.398333
drum.jpg
0 15.350926 -36.480507 34.410267 -0.470890 0.882192 0.000000 0.830000 0.241667
0 15.350926 -36.480507 68.570831 -0.470890 0.882192 0.000000 0.830000 0.398333
0 22.247351 -32.799381 68.571213 -0.470890 0.882192 0.000000 0.860000 0.398333
drum.jpg
0 7.871471 -38.754066 68.571213 -0.282625 0.929991 -0.235032 0.800000 0.398333
0 6.566437 -32.257317 95.847252 -0.282625 0.929991 -0.235032 0.800000 0.523051
0 12.815104 -30.358490 95.846649 -0.282625 0.929991 -0.235032 0.830000 0.523051
drum.jpg
0 15.350926 -36.480507 68.570831 -0.457758 0.857454 -0.235012 0.830000 0.398333
0 12.815104 -30.358490 95.846649 -0.457758 0.857454 -0.235012 0.830000 0.523051
0 18.576254 -27.282688 95.847252 -0.457758 0.857454 -0.235012 0.860000 0.523051
drum.jpg
0 6.566437 -32.257317 95.847252 -0.287855 0.947278 -0.140724 0.800000 0.523051
0 6.367992 -31.272749 102.880783 -0.287855 0.947278 -0.140724 0.800000 0.555000
0 12.430719 -29.430502 102.880325 -0.287855 0.947278 -0.140724 0.830000 0.555000
drum.jpg
0 12.815104 -30.358490 95.846649 -0.466283 0.873373 -0.140710 0.830000 0.523051
0 12.430719 -29.430502 102.880325 -0.466283 0.873373 -0.140710 0.830000 0.555000
0 18.020380 -26.446171 102.880783 -0.466283 0.873373 -0.140710 0.860000 0.555000
drum.jpg
0 6.569836 -31.935751 0.001923 -0.957313 -0.288739 -0.013475 0.800000 0.085000
0 6.766651 -32.914967 7.001923 -0.957313 -0.288739 -0.013475 0.800000 0.116949
0 6.566437 -32.257317 7.133875 -0.957313 -0.288739 -0.013475 0.800000 0.116949
drum.jpg
0 12.695912 -30.070734 0.001923 -0.040949 0.134506 -0.990066 0.830000 0.085000
0 6.569836 -31.935751 0.001923 -0.040949 0.134506 -0.990066 0.800000 0.085000
0 6.367992 -31.272749 0.100344 -0.040949 0.134506 -0.990066 0.800000 0.085000
drum.jpg
0 18.346468 -27.057709 0.001923 -0.066771 0.125222 -0.989879 0.860000 0.085000
0 12.695912 -30.070734 0.001923 -0.066771 0.125222 -0.989879 0.830000 0.085000
0 12.430720 -29.430502 0.100801 -0.066771 0.125222 -0.989879 0.830000 0.085000
drum.jpg
0 18.899710 -27.889290 7.001923 0.881404 0.472169 -0.013569 0.860000 0.116949
0 18.346468 -27.057709 0.001923 0.881404 0.472169 -0.013569 0.860000 0.085000
0 18.020380 -26.446171 0.100344 0.881404 0.472169 -0.013569 0.860000 0.085000
drum.jpg
0 6.766651 -32.914967 7.001923 -0.957184 -0.288574 -0.022894 0.800000 0.116949
0 8.073930 -39.419090 34.327702 -0.957184 -0.288574 -0.022894 0.800000 0.241667
0 7.871471 -38.754066 34.409882 -0.957184 -0.288574 -0.022894 0.800000 0.241667
drum.jpg
0 22.574434 -33.412785 34.327702 0.880129 0.474200 -0.022505 0.860000 0.241667
0 18.899710 -27.889290 7.001923 0.880129 0.474200 -0.022505 0.860000 0.116949
0 18.576254 -27.282688 7.133875 0.880129 0.474200 -0.022505 0.860000 0.116949
drum.jpg
0 8.073930 -39.419090 34.327702 -0.956649 -0.291242 0.000000 0.800000 0.241667
0 8.073930 -39.419090 68.653397 -0.956649 -0.291242 0.000000 0.800000 0.398333
0 7.871471 -38.754066 68.571213 -0.956649 -0.291242 0.000000 0.800000 0.398333
drum.jpg
0 22.574434 -33.412785 68.653397 0.882393 0.470514 0.000000 0.860000 0.398333
0 22.574434 -33.412785 34.327702 0.882393 0.470514 0.000000 0.860000 0.241667
0 22.247351 -32.799381 34.409882 0.882393 0.470514 0.000000 0.860000 0.241667
drum.jpg
0 8.073930 -39.419090 68.653397 -0.957657 -0.287031 0.022505 0.800000 0.398333
0 6.766651 -32.914967 95.979202 -0.957657 -0.287031 0.022505 0.800000 0.523051
0 6.566437 -32.257317 95.847252 -0.957657 -0.287031 0.022505 0.800000 0.523051
drum.jpg
0 18.899710 -27.889290 95.979202 0.880882 0.472782 0.022895 0.860000 0.523051
0 22.574434 -33.412785 68.653397 0.880882 0.472782 0.022895 0.860000 0.398333
0 22.247351 -32.799381 68.571213 0.880882 0.472782 0.022895 0.860000 0.398333
drum.jpg
0 6.766651 -32.914967 95.979202 -0.957121 -0.289371 0.013568 0.800000 0.523051
0 6.569836 -31.935751 102.979202 -0.957121 -0.289371 0.013568 0.800000 0.555000
0 6.367992 -31.272749 102.880783 -0.957121 -0.289371 0.013568 0.800000 0.555000
drum.jpg
0 6.569836 -31.935751 102.979202 -0.041332 0.135757 0.989880 0.800000 0.555000
0 12.695912 -30.070734 102.979202 -0.041332 0.135757 0.989880 0.830000 0.555000
0 12.430719 -29.430502 102.880325 -0.041332 0.135757 0.989880 0.830000 0.555000
drum.jpg
0 18.346468 -27.057709 102.979202 0.881094 0.472750 0.013475 0.860000 0.555000
0 18.899710 -27.889290 95.979202 0.881094 0.472750 0.013475 0.860000 0.523051
0 18.576254 -27.282688 95.847252 0.881094 0.472750 0.013475 0.860000 0.523051
drum.jpg
0 12.695912 -30.070734 102.979202 -0.066151 0.124064 0.990067 0.830000 0.555000
0 18.346468 -27.057709 102.979202 -0.066151 0.124064 0.990067 0.860000 0.555000
0 18.020380 -26.446171 102.880783 -0.066151 0.124064 0.990067 0.860000 0.555000
drum.jpg
0 18.456226 -26.984371 0.001923 0.628856 -0.764703 -0.140602 0.860000 0.085000
0 24.108530 -23.623230 7.001923 0.628856 -0.764703 -0.140602 0.890000 0.116949
0 19.012791 -27.813732 7.001923 0.628856 -0.764703 -0.140602 0.860000 0.116949
drum.jpg
0 23.402273 -22.916973 0.001923 0.764703 -0.628857 -0.140601 0.890000 0.085000
0 28.299032 -18.527491 7.001923 0.764703 -0.628857 -0.140601 0.920000 0.116949
0 24.108530 -23.623230 7.001923 0.764703 -0.628857 -0.140601 0.890000 0.116949
drum.jpg
0 19.012791 -27.813732 7.001923 0.617397 -0.750769 -0.234877 0.860000 0.116949
0 28.799618 -28.314318 34.327702 0.617397 -0.750769 -0.234877 0.890000 0.241667
0 22.709579 -33.322483 34.327702 0.617397 -0.750769 -0.234877 0.860000 0.241667
drum.jpg
0 24.108530 -23.623230 7.001923 0.750769 -0.617397 -0.234876 0.890000 0.116949
0 33.807785 -22.224279 34.327702 0.750769 -0.617397 -0.234876 0.920000 0.241667
0 28.799618 -28.314318 34.327702 0.750769 -0.617397 -0.234876 0.890000 0.241667
drum.jpg
0 22.709579 -33.322483 34.327702 0.635166 -0.772376 0.000000 0.860000 0.241667
0 28.799618 -28.314318 68.653397 0.635166 -0.772376 0.000000 0.890000 0.398333
0 22.709579 -33.322483 68.653397 0.635166 -0.772376 0.000000 0.860000 0.398333
drum.jpg
0 28.799618 -28.314318 34.327702 0.772375 -0.635166 0.000000 0.890000 0.241667
0 33.807785 -22.224279 68.653397 0.772375 -0.635166 0.000000 0.920000 0.398333
0 28.799618 -28.314318 68.653397 0.772375 -0.635166 0.000000 0.890000 0.398333
drum.jpg
0 22.709579 -33.322483 68.653397 0.617398 -0.750768 0.234876 0.860000 0.398333
0 24.108530 -23.623230 95.979202 0.617398 -0.750768 0.234876 0.890000 0.523051
0 19.012791 -27.813732 95.979202 0.617398 -0.750768 0.234876 0.860000 0.523051
drum.jpg
0 28.799618 -28.314318 68.653397 0.750768 -0.617397 0.234877 0.890000 0.398333
0 28.299032 -18.527491 95.979202 0.750768 -0.617397 0.234877 0.920000 0.523051
0 24.108530 -23.623230 95.979202 0.750768 -0.617397 0.234877 0.890000 0.523051
drum.jpg
0 19.012791 -27.813732 95.979202 0.628857 -0.764703 0.140602 0.860000 0.523051
0 23.402273 -22.916973 102.979202 0.628857 -0.764703 0.140602 0.890000 0.555000
0 18.456226 -26.984371 102.979202 0.628857 -0.764703 0.140602 0.860000 0.555000
drum.jpg
0 24.108530 -23.623230 95.979202 0.764703 -0.628857 0.140601 0.890000 0.523051
0 27.469671 -17.970926 102.979202 0.764703 -0.628857 0.140601 0.920000 0.555000
0 23.402273 -22.916973 102.979202 0.764703 -0.628857 0.140601 0.890000 0.555000
drum.jpg
0 18.016027 -26.449080 0.100344 -0.628452 0.765016 0.140710 0.860000 0.085000
0 23.622511 -23.137211 7.134479 -0.628452 0.765016 0.140710 0.890000 0.116949
0 22.912262 -22.426962 0.100801 -0.628452 0.765016 0.140710 0.890000 0.085000
drum.jpg
0 22.912262 -22.426962 0.100801 -0.765014 0.628451 0.140724 0.890000 0.085000
0 27.768063 -18.090845 7.133875 -0.765014 0.628451 0.140724 0.920000 0.116949
0 26.934380 -17.530727 0.100344 -0.765014 0.628451 0.140724 0.920000 0.085000
drum.jpg
0 18.576145 -27.282763 7.133875 -0.617007 0.751047 0.235012 0.860000 0.116949
0 28.308098 -27.822798 34.410267 -0.617007 0.751047 0.235012 0.890000 0.241667
0 23.622511 -23.137211 7.134479 -0.617007 0.751047 0.235012 0.890000 0.116949
drum.jpg
0 23.622511 -23.137211 7.134479 -0.751043 0.617004 0.235033 0.890000 0.116949
0 33.270863 -21.782738 34.409882 -0.751043 0.617004 0.235033 0.920000 0.241667
0 27.768063 -18.090845 7.133875 -0.751043 0.617004 0.235033 0.920000 0.116949
drum.jpg
0 22.268038 -32.785561 34.409882 -0.634837 0.772646 0.000000 0.860000 0.241667
0 28.308098 -27.822798 68.570831 -0.634837 0.772646 0.000000 0.890000 0.398333
0 28.308098 -27.822798 34.410267 -0.634837 0.772646 0.000000 0.890000 0.241667
drum.jpg
0 28.308098 -27.822798 34.410267 -0.772645 0.634838 0.000000 0.890000 0.241667
0 33.270863 -21.782738 68.571213 -0.772645 0.634838 0.000000 0.920000 0.398333
0 33.270863 -21.782738 34.409882 -0.772645 0.634838 0.000000 0.920000 0.241667
drum.jpg
0 22.268038 -32.785561 68.571213 -0.617066 0.750998 -0.235013 0.860000 0.398333
0 23.622511 -23.137211 95.846649 -0.617066 0.750998 -0.235013 0.890000 0.523051
0 28.308098 -27.822798 68.570831 -0.617066 0.750998 -0.235013 0.890000 0.398333
drum.jpg
0 28.308098 -27.822798 68.570831 -0.750995 0.617063 -0.235031 0.890000 0.398333
0 27.768063 -18.090845 95.847252 -0.750995 0.617063 -0.235031 0.920000 0.523051
0 33.270863 -21.782738 68.571213 -0.750995 0.617063 -0.235031 0.920000 0.398333
drum.jpg
0 18.576145 -27.282763 95.847252 -0.628462 0.765007 -0.140711 0.860000 0.523051
0 22.912262 -22.426962 102.880325 -0.628462 0.765007 -0.140711 0.890000 0.555000
0 23.622511 -23.137211 95.846649 -0.628462 0.765007 -0.140711 0.890000 0.523051
drum.jpg
0 23.622511 -23.137211 95.846649 -0.765005 0.628462 -0.140724 0.890000 0.523051
0 26.934380 -17.530727 102.880783 -0.765005 0.628462 -0.140724 0.920000 0.555000
0 27.768063 -18.090845 95.847252 -0.765005 0.628462 -0.140724 0.920000 0.523051
drum.jpg
0 18.456226 -26.984371 0.001923 -0.773519 -0.633629 -0.013504 0.860000 0.085000
0 18.576145 -27.282763 7.133875 -0.773519 -0.633629 -0.013504 0.860000 0.116949
0 18.016027 -26.449080 0.100344 -0.773519 -0.633629 -0.013504 0.860000 0.085000
drum.jpg
0 23.402273 -22.916973 0.001923 -0.090033 0.109713 -0.989877 0.890000 0.085000
0 18.016027 -26.449080 0.100344 -0.090033 0.109713 -0.989877 0.860000 0.085000
0 22.912262 -22.426962 0.100801 -0.090033 0.109713 -0.989877 0.890000 0.085000
drum.jpg
0 27.469671 -17.970926 0.001923 -0.108690 0.089193 -0.990066 0.920000 0.085000
0 22.912262 -22.426962 0.100801 -0.108690 0.089193 -0.990066 0.890000 0.085000
0 26.934380 -17.530727 0.100344 -0.108690 0.089193 -0.990066 0.920000 0.085000
drum.jpg
0 28.299032 -18.527491 7.001923 0.633118 0.773939 -0.013411 0.920000 0.116949
0 26.934380 -17.530727 0.100344 0.633118 0.773939 -0.013411 0.920000 0.085000
0 27.768063 -18.090845 7.133875 0.633118 0.773939 -0.013411 0.920000 0.116949
drum.jpg
0 19.012791 -27.813732 7.001923 -0.774921 -0.631656 -0.022546 0.860000 0.116949
0 22.268038 -32.785561 34.409882 -0.774921 -0.631656 -0.022546 0.860000 0.241667
0 18.576145 -27.282763 7.133875 -0.774921 -0.631656 -0.022546 0.860000 0.116949
drum.jpg
0 33.807785 -22.224279 34.327702 0.632901 0.773893 -0.022937 0.920000 0.241667
0 27.768063 -18.090845 7.133875 0.632901 0.773893 -0.022937 0.920000 0.116949
0 33.270863 -21.782738 34.409882 0.632901 0.773893 -0.022937 0.920000 0.241667
drum.jpg
0 22.709579 -33.322483 34.327702 -0.772375 -0.635166 0.000000 0.860000 0.241667
0 22.268038 -32.785561 68.571213 -0.772375 -0.635166 0.000000 0.860000 0.398333
0 22.268038 -32.785561 34.409882 -0.772375 -0.635166 0.000000 0.860000 0.241667
drum.jpg
0 33.807785 -22.224279 68.653397 0.635166 0.772376 0.000000 0.920000 0.398333
0 33.270863 -21.782738 34.409882 0.635166 0.772376 0.000000 0.920000 0.241667
0 33.270863 -21.782738 68.571213 0.635166 0.772376 0.000000 0.920000 0.398333
drum.jpg
0 22.709579 -33.322483 68.653397 -0.773894 -0.632900 0.022936 0.860000 0.398333
0 18.576145 -27.282763 95.847252 -0.773894 -0.632900 0.022936 0.860000 0.523051
0 22.268038 -32.785561 68.571213 -0.773894 -0.632900 0.022936 0.860000 0.398333
drum.jpg
0 28.299032 -18.527491 95.979202 0.631661 0.774917 0.022546 0.920000 0.523051
0 33.270863 -21.782738 68.571213 0.631661 0.774917 0.022546 0.920000 0.398333
0 27.768063 -18.090845 95.847252 0.631661 0.774917 0.022546 0.920000 0.523051
drum.jpg
0 19.012791 -27.813732 95.979202 -0.773939 -0.633118 0.013411 0.860000 0.523051
0 18.016027 -26.449080 102.880783 -0.773939 -0.633118 0.013411 0.860000 0.555000
0 18.576145 -27.282763 95.847252 -0.773939 -0.633118 0.013411 0.860000 0.523051
drum.jpg
0 18.456226 -26.984371 102.979202 -0.089183 0.108688 0.990067 0.860000 0.555000
0 22.912262 -22.426962 102.880325 -0.089183 0.108688 0.990067 0.890000 0.555000
0 18.016027 -26.449080 102.880783 -0.089183 0.108688 0.990067 0.860000 0.555000
drum.jpg
0 27.469671 -17.970926 102.979202 0.633629 0.773520 0.013503 0.920000 0.555000
0 27.768063 -18.090845 95.847252 0.633629 0.773520 0.013503 0.920000 0.523051
0 26.934380 -17.530727 102.880783 0.633629 0.773520 0.013503 0.920000 0.555000
drum.jpg
0 23.402273 -22.916973 102.979202 -0.109716 0.090032 0.989877 0.890000 0.555000
0 26.934380 -17.530727 102.880783 -0.109716 0.090032 0.989877 0.920000 0.555000
0 22.912262 -22.426962 102.880325 -0.109716 0.090032 0.989877 0.890000 0.555000
drum.jpg
0 18.456226 -26.984371 0.001923 0.628856 -0.764703 -0.140601 0.860000 0.085000
0 23.402273 -22.916973 0.001923 0.628856 -0.764703 -0.140601 0.890000 0.085000
0 24.108530 -23.623230 7.001923 0.628856 -0.764703 -0.140601 0.890000 0.116949
drum.jpg
0 23.402273 -22.916973 0.001923 0.764703 -0.628856 -0.140602 0.890000 0.085000
0 27.469671 -17.970926 0.001923 0.764703 -0.628856 -0.140602 0.920000 0.085000
0 28.299032 -18.527491 7.001923 0.764703 -0.628856 -0.140602 0.920000 0.116949
drum.jpg
0 19.012791 -27.813732 7.001923 0.617398 -0.750768 -0.234877 0.860000 0.116949
0 24.108530 -23.623230 7.001923 0.617398 -0.750768 -0.234877 0.890000 0.116949
0 28.799618 -28.314318 34.327702 0.617398 -0.750768 -0.234877 0.890000 0.241667
drum.jpg
0 24.108530 -23.623230 7.001923 0.750768 -0.617398 -0.234877 0.890000 0.116949
0 28.299032 -18.527491 7.001923 0.750768 -0.617398 -0.234877 0.920000 0.116949
0 33.807785 -22.224279 34.327702 0.750768 -0.617398 -0.234877 0.920000 0.241667
drum.jpg
0 22.709579 -33.322483 34.327702 0.635166 -0.772376 0.000000 0.860000 0.241667
0 28.799618 -28.314318 34.327702 0.635166 -0.772376 0.000000 0.890000 0.241667
0 28.799618 -28.314318 68.653397 0.635166 -0.772376 0.000000 0.890000 0.398333
drum.jpg
0 28.799618 -28.314318 34.327702 0.772376 -0.635166 0.000000 0.890000 0.241667
0 33.807785 -22.224279 34.327702 0.772376 -0.635166 0.000000 0.920000 0.241667
0 33.807785 -22.224279 68.653397 0.772376 -0.635166 0.000000 0.920000 0.398333
drum.jpg
0 22.709579 -33.322483 68.653397 0.617397 -0.750769 0.234876 0.860000 0.398333
0 28.799618 -28.314318 68.653397 0.617397 -0.750769 0.234876 0.890000 0.398333
0 24.108530 -23.623230 95.979202 0.617397 -0.750769 0.234876 0.890000 0.523051
drum.jpg
0 28.799618 -28.314318 68.653397 0.750768 -0.617398 0.234876 0.890000 0.398333
0 33.807785 -22.224279 68.653397 0.750768 -0.617398 0.234876 0.920000 0.398333
0 28.299032 -18.527491 95.979202 0.750768 -0.617398 0.234876 0.920000 0.523051
drum.jpg
0 19.012791 -27.813732 95.979202 0.628856 -0.764703 0.140601 0.860000 0.523051
0 24.108530 -23.623230 95.979202 0.628856 -0.764703 0.140601 0.890000 0.523051
0 23.402273 -22.916973 102.979202 0.628856 -0.764703 0.140601 0.890000 0.555000
drum.jpg
0 24.108530 -23.623230 95.979202 0.764704 -0.628856 0.140602 0.890000 0.523051
0 28.299032 -18.527491 95.979202 0.764704 -0.628856 0.140602 0.920000 0.523051
0 27.469671 -17.970926 102.979202 0.764704 -0.628856 0.140602 0.920000 0.555000
drum.jpg
0 18.016027 -26.449080 0.100344 -0.628462 0.765005 0.140724 0.860000 0.085000
0 18.576145 -27.282763 7.133875 -0.628462 0.765005 0.140724 0.860000 0.116949
0 23.622511 -23.137211 7.134479 -0.628462 0.765005 0.140724 0.890000 0.116949
drum.jpg
0 22.912262 -22.426962 0.100801 -0.765006 0.628463 0.140710 0.890000 0.085000
0 23.622511 -23.137211 7.134479 -0.765006 0.628463 0.140710 0.890000 0.116949
0 27.768063 -18.090845 7.133875 -0.765006 0.628463 0.140710 0.920000 0.116949
drum.jpg
0 18.576145 -27.282763 7.133875 -0.617063 0.750995 0.235031 0.860000 0.116949
0 22.268038 -32.785561 34.409882 -0.617063 0.750995 0.235031 0.860000 0.241667
0 28.308098 -27.822798 34.410267 -0.617063 0.750995 0.235031 0.890000 0.241667
drum.jpg
0 23.622511 -23.137211 7.134479 -0.750998 0.617066 0.235014 0.890000 0.116949
0 28.308098 -27.822798 34.410267 -0.750998 0.617066 0.235014 0.890000 0.241667
0 33.270863 -21.782738 34.409882 -0.750998 0.617066 0.235014 0.920000 0.241667
drum.jpg
0 22.268038 -32.785561 34.409882 -0.634838 0.772645 0.000000 0.860000 0.241667
0 22.268038 -32.785561 68.571213 -0.634838 0.772645 0.000000 0.860000 0.398333
0 28.308098 -27.822798 68.570831 -0.634838 0.772645 0.000000 0.890000 0.398333
drum.jpg
0 28.308098 -27.822798 34.410267 -0.772646 0.634837 0.000000 0.890000 0.241667
0 28.308098 -27.822798 68.570831 -0.772646 0.634837 0.000000 0.890000 0.398333
0 33.270863 -21.782738 68.571213 -0.772646 0.634837 0.000000 0.920000 0.398333
drum.jpg
0 22.268038 -32.785561 68.571213 -0.617004 0.751043 -0.235032 0.860000 0.398333
0 18.576145 -27.282763 95.847252 -0.617004 0.751043 -0.235032 0.860000 0.523051
0 23.622511 -23.137211 95.846649 -0.617004 0.751043 -0.235032 0.890000 0.523051
drum.jpg
0 28.308098 -27.822798 68.570831 -0.751047 0.617007 -0.235012 0.890000 0.398333
0 23.622511 -23.137211 95.846649 -0.751047 0.617007 -0.235012 0.890000 0.523051
0 27.768063 -18.090845 95.847252 -0.751047 0.617007 -0.235012 0.920000 0.523051
drum.jpg
0 18.576145 -27.282763 95.847252 -0.628451 0.765014 -0.140724 0.860000 0.523051
0 18.016027 -26.449080 102.880783 -0.628451 0.765014 -0.140724 0.860000 0.555000
0 22.912262 -22.426962 102.880325 -0.628451 0.765014 -0.140724 0.890000 0.555000
drum.jpg
0 23.622511 -23.137211 95.846649 -0.765015 0.628452 -0.140710 0.890000 0.523051
0 22.912262 -22.426962 102.880325 -0.765015 0.628452 -0.140710 0.890000 0.555000
0 26.934380 -17.530727 102.880783 -0.765015 0.628452 -0.140710 0.920000 0.555000
drum.jpg
0 18.456226 -26.984371 0.001923 -0.773945 -0.633109 -0.013475 0.860000 0.085000
0 19.012791 -27.813732 7.001923 -0.773945 -0.633109 -0.013475 0.860000 0.116949
0 18.576145 -27.282763 7.133875 -0.773945 -0.633109 -0.013475 0.860000 0.116949
drum.jpg
0 23.402273 -22.916973 0.001923 -0.089305 0.108597 -0.990066 0.890000 0.085000
0 18.456226 -26.984371 0.001923 -0.089305 0.108597 -0.990066 0.860000 0.085000
0 18.016027 -26.449080 0.100344 -0.089305 0.108597 -0.990066 0.860000 0.085000
drum.jpg
0 27.469671 -17.970926 0.001923 -0.109608 0.090137 -0.989879 0.920000 0.085000
0 23.402273 -22.916973 0.001923 -0.109608 0.090137 -0.989879 0.890000 0.085000
0 22.912262 -22.426962 0.100801 -0.109608 0.090137 -0.989879 0.890000 0.085000
drum.jpg
0 28.299032 -18.527491 7.001923 0.633618 0.773527 -0.013569 0.920000 0.116949
0 27.469671 -17.970926 0.001923 0.633618 0.773527 -0.013569 0.920000 0.085000
0 26.934380 -17.530727 0.100344 0.633618 0.773527 -0.013569 0.920000 0.085000
drum.jpg
0 19.012791 -27.813732 7.001923 -0.773889 -0.632907 -0.022895 0.860000 0.116949
0 22.709579 -33.322483 34.327702 -0.773889 -0.632907 -0.022895 0.860000 0.241667
0 22.268038 -32.785561 34.409882 -0.773889 -0.632907 -0.022895 0.860000 0.241667
drum.jpg
0 33.807785 -22.224279 34.327702 0.631662 0.774917 -0.022505 0.920000 0.241667
0 28.299032 -18.527491 7.001923 0.631662 0.774917 -0.022505 0.920000 0.116949
0 27.768063 -18.090845 7.133875 0.631662 0.774917 -0.022505 0.920000 0.116949
drum.jpg
0 22.709579 -33.322483 34.327702 -0.772374 -0.635167 0.000000 0.860000 0.241667
0 22.709579 -33.322483 68.653397 -0.772374 -0.635167 0.000000 0.860000 0.398333
0 22.268038 -32.785561 68.571213 -0.772374 -0.635167 0.000000 0.860000 0.398333
drum.jpg
0 33.807785 -22.224279 68.653397 0.635165 0.772376 0.000000 0.920000 0.398333
0 33.807785 -22.224279 34.327702 0.635165 0.772376 0.000000 0.920000 0.241667
0 33.270863 -21.782738 34.409882 0.635165 0.772376 0.000000 0.920000 0.241667
drum.jpg
0 22.709579 -33.322483 68.653397 -0.774916 -0.631663 0.022506 0.860000 0.398333
0 19.012791 -27.813732 95.979202 -0.774916 -0.631663 0.022506 0.860000 0.523051
0 18.576145 -27.282763 95.847252 -0.774916 -0.631663 0.022506 0.860000 0.523051
drum.jpg
0 28.299032 -18.527491 95.979202 0.632903 0.773892 0.022896 0.920000 0.523051
0 33.807785 -22.224279 68.653397 0.632903 0.773892 0.022896 0.920000 0.398333
0 33.270863 -21.782738 68.571213 0.632903 0.773892 0.022896 0.920000 0.398333
drum.jpg
0 19.012791 -27.813732 95.979202 -0.773526 -0.633619 0.013568 0.860000 0.523051
0 18.456226 -26.984371 102.979202 -0.773526 -0.633619 0.013568 0.860000 0.555000
0 18.016027 -26.449080 102.880783 -0.773526 -0.633619 0.013568 0.860000 0.555000
drum.jpg
0 18.456226 -26.984371 102.979202 -0.090147 0.109607 0.989879 0.860000 0.555000
0 23.402273 -22.916973 102.979202 -0.090147 0.109607 0.989879 0.890000 0.555000
0 22.912262 -22.426962 102.880325 -0.090147 0.109607 0.989879 0.890000 0.555000
drum.jpg
0 27.469671 -17.970926 102.979202 0.633109 0.773946 0.013475 0.920000 0.555000
0 28.299032 -18.527491 95.979202 0.633109 0.773946 0.013475 0.920000 0.523051
0 27.768063 -18.090845 95.847252 0.633109 0.773946 0.013475 0.920000 0.523051
drum.jpg
0 23.402273 -22.916973 102.979202 -0.108592 0.089304 0.990067 0.890000 0.555000
0 27.469671 -17.970926 102.979202 -0.108592 0.089304 0.990067 0.920000 0.555000
0 26.934380 -17.530727 102.880783 -0.108592 0.089304 0.990067 0.920000 0.555000
drum.jpg
0 27.543009 -17.861168 0.001923 0.873627 -0.465840 -0.140602 0.920000 0.085000
0 31.478804 -12.592836 7.001923 0.873627 -0.465840 -0.140602 0.950000 0.116949
0 28.374590 -18.414410 7.001923 0.873627 -0.465840 -0.140602 0.920000 0.116949
drum.jpg
0 30.556034 -12.210612 0.001923 0.947146 -0.288349 -0.140602 0.950000 0.085000
0 33.400269 -6.281351 7.001923 0.947146 -0.288349 -0.140602 0.980000 0.116949
0 31.478804 -12.592836 7.001923 0.947146 -0.288349 -0.140602 0.950000 0.116949
drum.jpg
0 28.374590 -18.414410 7.001923 0.857707 -0.457352 -0.234877 0.920000 0.116949
0 37.608006 -15.131635 34.327702 0.857707 -0.457352 -0.234877 0.950000 0.241667
0 33.898087 -22.089134 34.327702 0.857707 -0.457352 -0.234877 0.920000 0.241667
drum.jpg
0 31.478804 -12.592836 7.001923 0.929887 -0.283094 -0.234877 0.950000 0.116949
0 39.904392 -7.588630 34.327702 0.929887 -0.283094 -0.234877 0.980000 0.241667
0 37.608006 -15.131635 34.327702 0.929887 -0.283094 -0.234877 0.950000 0.241667
drum.jpg
0 33.898087 -22.089134 34.327702 0.882393 -0.470513 0.000000 0.920000 0.241667
0 37.608006 -15.131635 68.653397 0.882393 -0.470513 0.000000 0.950000 0.398333
0 33.898087 -22.089134 68.653397 0.882393 -0.470513 0.000000 0.920000 0.398333
drum.jpg
0 37.608006 -15.131635 34.327702 0.956649 -0.291242 0.000000 0.950000 0.241667
0 39.904392 -7.588630 68.653397 0.956649 -0.291242 0.000000 0.980000 0.398333
0 37.608006 -15.131635 68.653397 0.956649 -0.291242 0.000000 0.950000 0.398333
drum.jpg
0 33.898087 -22.089134 68.653397 0.857708 -0.457352 0.234876 0.920000 0.398333
0 31.478804 -12.592836 95.979202 0.857708 -0.457352 0.234876 0.950000 0.523051
0 28.374590 -18.414410 95.979202 0.857708 -0.457352 0.234876 0.920000 0.523051
drum.jpg
0 37.608006 -15.131635 68.653397 0.929888 -0.283094 0.234876 0.950000 0.398333
0 33.400269 -6.281351 95.979202 0.929888 -0.283094 0.234876 0.980000 0.523051
0 31.478804 -12.592836 95.979202 0.929888 -0.283094 0.234876 0.950000 0.523051
drum.jpg
0 28.374590 -18.414410 95.979202 0.873627 -0.465840 0.140602 0.920000 0.523051
0 30.556034 -12.210612 102.979202 0.873627 -0.465840 0.140602 0.950000 0.555000
0 27.543009 -17.861168 102.979202 0.873627 -0.465840 0.140602 0.920000 0.555000
drum.jpg
0 31.478804 -12.592836 95.979202 0.947146 -0.288350 0.140602 0.950000 0.523051
0 32.421051 -6.084536 102.979202 0.947146 -0.288350 0.140602 0.980000 0.555000
0 30.556034 -12.210612 102.979202 0.947146 -0.288350 0.140602 0.950000 0.555000
drum.jpg
0 26.931471 -17.535080 0.100344 -0.873373 0.466284 0.140710 0.920000 0.085000
0 30.843788 -12.329804 7.134479 -0.873373 0.466284 0.140710 0.950000 0.116949
0 29.915802 -11.945419 0.100801 -0.873373 0.466284 0.140710 0.950000 0.085000
drum.jpg
0 29.915802 -11.945419 0.100801 -0.947278 0.287855 0.140724 0.950000 0.085000
0 32.742619 -6.081137 7.133875 -0.947278 0.287855 0.140724 0.980000 0.116949
0 31.758049 -5.882692 0.100344 -0.947278 0.287855 0.140724 0.980000 0.085000
drum.jpg
0 27.767988 -18.090954 7.133875 -0.857454 0.457758 0.235012 0.920000 0.116949
0 36.965805 -14.865626 34.410267 -0.857454 0.457758 0.235012 0.950000 0.241667
0 30.843788 -12.329804 7.134479 -0.857454 0.457758 0.235012 0.950000 0.116949
drum.jpg
0 30.843788 -12.329804 7.134479 -0.929990 0.282626 0.235033 0.950000 0.116949
0 39.239368 -7.386171 34.409882 -0.929990 0.282626 0.235033 0.980000 0.241667
0 32.742619 -6.081137 7.133875 -0.929990 0.282626 0.235033 0.980000 0.116949
drum.jpg
0 33.284683 -21.762053 34.409882 -0.882192 0.470889 0.000000 0.920000 0.241667
0 36.965805 -14.865626 68.570831 -0.882192 0.470889 0.000000 0.950000 0.398333
0 36.965805 -14.865626 34.410267 -0.882192 0.470889 0.000000 0.950000 0.241667
drum.jpg
0 36.965805 -14.865626 34.410267 -0.956773 0.290835 0.000000 0.950000 0.241667
0 39.239368 -7.386171 68.571213 -0.956773 0.290835 0.000000 0.980000 0.398333
0 39.239368 -7.386171 34.409882 -0.956773 0.290835 0.000000 0.980000 0.241667
drum.jpg
0 33.284683 -21.762053 68.571213 -0.857489 0.457691 -0.235014 0.920000 0.398333
0 30.843788 -12.329804 95.846649 -0.857489 0.457691 -0.235014 0.950000 0.523051
0 36.965805 -14.865626 68.570831 -0.857489 0.457691 -0.235014 0.950000 0.398333
drum.jpg
0 36.965805 -14.865626 68.570831 -0.929968 0.282700 -0.235031 0.950000 0.398333
0 32.742619 -6.081137 95.847252 -0.929968 0.282700 -0.235031 0.980000 0.523051
0 39.239368 -7.386171 68.571213 -0.929968 0.282700 -0.235031 0.980000 0.398333
drum.jpg
0 27.767988 -18.090954 95.847252 -0.873380 0.466271 -0.140710 0.920000 0.523051
0 29.915802 -11.945420 102.880325 -0.873380 0.466271 -0.140710 0.950000 0.555000
0 30.843788 -12.329804 95.846649 -0.873380 0.466271 -0.140710 0.950000 0.523051
drum.jpg
0 30.843788 -12.329804 95.846649 -0.947274 0.287870 -0.140724 0.950000 0.523051
0 31.758049 -5.882692 102.880783 -0.947274 0.287870 -0.140724 0.980000 0.555000
0 32.742619 -6.081137 95.847252 -0.947274 0.287870 -0.140724 0.980000 0.523051
drum.jpg
0 27.543009 -17.861168 0.001923 -0.472163 -0.881408 -0.013504 0.920000 0.085000
0 27.767988 -18.090954 7.133875 -0.472163 -0.881408 -0.013504 0.920000 0.116949
0 26.931471 -17.535080 0.100344 -0.472163 -0.881408 -0.013504 0.920000 0.085000
drum.jpg
0 30.556034 -12.210612 0.001923 -0.125164 0.066907 -0.989877 0.950000 0.085000
0 26.931471 -17.535080 0.100344 -0.125164 0.066907 -0.989877 0.920000 0.085000
0 29.915802 -11.945419 0.100801 -0.125164 0.066907 -0.989877 0.950000 0.085000
drum.jpg
0 32.421051 -6.084536 0.001923 -0.134549 0.040810 -0.990066 0.980000 0.085000
0 29.915802 -11.945419 0.100801 -0.134549 0.040810 -0.990066 0.950000 0.085000
0 31.758049 -5.882692 0.100344 -0.134549 0.040810 -0.990066 0.980000 0.085000
drum.jpg
0 33.400269 -6.281351 7.001923 0.288753 0.957310 -0.013411 0.980000 0.116949
0 31.758049 -5.882692 0.100344 0.288753 0.957310 -0.013411 0.980000 0.085000
0 32.742619 -6.081137 7.133875 0.288753 0.957310 -0.013411 0.980000 0.116949
drum.jpg
0 28.374590 -18.414410 7.001923 -0.474208 -0.880124 -0.022546 0.920000 0.116949
0 33.284683 -21.762053 34.409882 -0.474208 -0.880124 -0.022546 0.920000 0.241667
0 27.767988 -18.090954 7.133875 -0.474208 -0.880124 -0.022546 0.920000 0.116949
drum.jpg
0 39.904392 -7.588630 34.327702 0.288570 0.957184 -0.022936 0.980000 0.241667
0 32.742619 -6.081137 7.133875 0.288570 0.957184 -0.022936 0.980000 0.116949
0 39.239368 -7.386171 34.409882 0.288570 0.957184 -0.022936 0.980000 0.241667
drum.jpg
0 33.898087 -22.089134 34.327702 -0.470511 -0.882394 0.000000 0.920000 0.241667
0 33.284683 -21.762053 68.571213 -0.470511 -0.882394 0.000000 0.920000 0.398333
0 33.284683 -21.762053 34.409882 -0.470511 -0.882394 0.000000 0.920000 0.241667
drum.jpg
0 39.904392 -7.588630 68.653397 0.291243 0.956649 0.000000 0.980000 0.398333
0 39.239368 -7.386171 34.409882 0.291243 0.956649 0.000000 0.980000 0.241667
0 39.239368 -7.386171 68.571213 0.291243 0.956649 0.000000 0.980000 0.398333
drum.jpg
0 33.898087 -22.089134 68.653397 -0.472782 -0.880881 0.022936 0.920000 0.398333
0 27.767988 -18.090954 95.847252 -0.472782 -0.880881 0.022936 0.920000 0.523051
0 33.284683 -21.762053 68.571213 -0.472782 -0.880881 0.022936 0.920000 0.398333
drum.jpg
0 33.400269 -6.281351 95.979202 0.287028 0.957657 0.022546 0.980000 0.523051
0 39.239368 -7.386171 68.571213 0.287028 0.957657 0.022546 0.980000 0.398333
0 32.742619 -6.081137 95.847252 0.287028 0.957657 0.022546 0.980000 0.523051
drum.jpg
0 28.374590 -18.414410 95.979202 -0.472745 -0.881097 0.013410 0.920000 0.523051
0 26.931471 -17.535080 102.880783 -0.472745 -0.881097 0.013410 0.920000 0.555000
0 27.767988 -18.090954 95.847252 -0.472745 -0.881097 0.013410 0.920000 0.523051
drum.jpg
0 27.543009 -17.861168 102.979202 -0.124010 0.066282 0.990065 0.920000 0.555000
0 29.915802 -11.945420 102.880325 -0.124010 0.066282 0.990065 0.950000 0.555000
0 26.931471 -17.535080 102.880783 -0.124010 0.066282 0.990065 0.920000 0.555000
drum.jpg
0 32.421051 -6.084536 102.979202 0.289384 0.957118 0.013504 0.980000 0.555000
0 32.742619 -6.081137 95.847252 0.289384 0.957118 0.013504 0.980000 0.523051
0 31.758049 -5.882692 102.880783 0.289384 0.957118 0.013504 0.980000 0.555000
drum.jpg
0 30.556034 -12.210612 102.979202 -0.135818 0.041194 0.989877 0.950000 0.555000
0 31.758049 -5.882692 102.880783 -0.135818 0.041194 0.989877 0.980000 0.555000
0 29.915802 -11.945420 102.880325 -0.135818 0.041194 0.989877 0.950000 0.555000
drum.jpg
0 27.543009 -17.861168 0.001923 0.873627 -0.465840 -0.140602 0.920000 0.085000
0 30.556034 -12.210612 0.001923 0.873627 -0.465840 -0.140602 0.950000 0.085000
0 31.478804 -12.592836 7.001923 0.873627 -0.465840 -0.140602 0.950000 0.116949
drum.jpg
0 30.556034 -12.210612 0.001923 0.947147 -0.288348 -0.140602 0.950000 0.085000
0 32.421051 -6.084536 0.001923 0.947147 -0.288348 -0.140602 0.980000 0.085000
0 33.400269 -6.281351 7.001923 0.947147 -0.288348 -0.140602 0.980000 0.116949
drum.jpg
0 28.374590 -18.414410 7.001923 0.857708 -0.457351 -0.234877 0.920000 0.116949
0 31.478804 -12.592836 7.001923 0.857708 -0.457351 -0.234877 0.950000 0.116949
0 37.608006 -15.131635 34.327702 0.857708 -0.457351 -0.234877 0.950000 0.241667
drum.jpg
0 31.478804 -12.592836 7.001923 0.929887 -0.283094 -0.234877 0.950000 0.116949
0 33.400269 -6.281351 7.001923 0.929887 -0.283094 -0.234877 0.980000 0.116949
0 39.904392 -7.588630 34.327702 0.929887 -0.283094 -0.234877 0.980000 0.241667
drum.jpg
0 33.898087 -22.089134 34.327702 0.882392 -0.470515 0.000000 0.920000 0.241667
0 37.608006 -15.131635 34.327702 0.882392 -0.470515 0.000000 0.950000 0.241667
0 37.608006 -15.131635 68.653397 0.882392 -0.470515 0.000000 0.950000 0.398333
drum.jpg
0 37.608006 -15.131635 34.327702 0.956650 -0.291241 0.000000 0.950000 0.241667
0 39.904392 -7.588630 34.327702 0.956650 -0.291241 0.000000 0.980000 0.241667
0 39.904392 -7.588630 68.653397 0.956650 -0.291241 0.000000 0.980000 0.398333
drum.jpg
0 33.898087 -22.089134 68.653397 0.857708 -0.457352 0.234876 0.920000 0.398333
0 37.608006 -15.131635 68.653397 0.857708 -0.457352 0.234876 0.950000 0.398333
0 31.478804 -12.592836 95.979202 0.857708 -0.457352 0.234876 0.950000 0.523051
drum.jpg
0 37.608006 -15.131635 68.653397 0.929888 -0.283094 0.234876 0.950000 0.398333
0 39.904392 -7.588630 68.653397 0.929888 -0.283094 0.234876 0.980000 0.398333
0 33.400269 -6.281351 95.979202 0.929888 -0.283094 0.234876 0.980000 0.523051
drum.jpg
0 28.374590 -18.414410 95.979202 0.873627 -0.465840 0.140602 0.920000 0.523051
0 31.478804 -12.592836 95.979202 0.873627 -0.465840 0.140602 0.950000 0.523051
0 30.556034 -12.210612 102.979202 0.873627 -0.465840 0.140602 0.950000 0.555000
drum.jpg
0 31.478804 -12.592836 95.979202 0.947147 -0.288348 0.140602 0.950000 0.523051
0 33.400269 -6.281351 95.979202 0.947147 -0.288348 0.140602 0.980000 0.523051
0 32.421051 -6.084536 102.979202 0.947147 -0.288348 0.140602 0.980000 0.555000
drum.jpg
0 26.931471 -17.535080 0.100344 -0.873378 0.466270 0.140724 0.920000 0.085000
0 27.767988 -18.090954 7.133875 -0.873378 0.466270 0.140724 0.920000 0.116949
0 30.843788 -12.329804 7.134479 -0.873378 0.466270 0.140724 0.950000 0.116949
drum.jpg
0 29.915802 -11.945419 0.100801 -0.947276 0.287870 0.140710 0.950000 0.085000
0 30.843788 -12.329804 7.134479 -0.947276 0.287870 0.140710 0.950000 0.116949
0 32.742619 -6.081137 7.133875 -0.947276 0.287870 0.140710 0.980000 0.116949
drum.jpg
0 27.767988 -18.090954 7.133875 -0.857485 0.457689 0.235031 0.920000 0.116949
0 33.284683 -21.762053 34.409882 -0.857485 0.457689 0.235031 0.920000 0.241667
0 36.965805 -14.865626 34.410267 -0.857485 0.457689 0.235031 0.950000 0.241667
drum.jpg
0 30.843788 -12.329804 7.134479 -0.929972 0.282701 0.235014 0.950000 0.116949
0 36.965805 -14.865626 34.410267 -0.929972 0.282701 0.235014 0.950000 0.241667
0 39.239368 -7.386171 34.409882 -0.929972 0.282701 0.235014 0.980000 0.241667
drum.jpg
0 33.284683 -21.762053 34.409882 -0.882192 0.470890 0.000000 0.920000 0.241667
0 33.284683 -21.762053 68.571213 -0.882192 0.470890 0.000000 0.920000 0.398333
0 36.965805 -14.865626 68.570831 -0.882192 0.470890 0.000000 0.950000 0.398333
drum.jpg
0 36.965805 -14.865626 34.410267 -0.956773 0.290835 0.000000 0.950000 0.241667
0 36.965805 -14.865626 68.570831 -0.956773 0.290835 0.000000 0.950000 0.398333
0 39.239368 -7.386171 68.571213 -0.956773 0.290835 0.000000 0.980000 0.398333
drum.jpg
0 33.284683 -21.762053 68.571213 -0.857449 0.457756 -0.235032 0.920000 0.398333
0 27.767988 -18.090954 95.847252 -0.857449 0.457756 -0.235032 0.920000 0.523051
0 30.843788 -12.329804 95.846649 -0.857449 0.457756 -0.235032 0.950000 0.523051
drum.jpg
0 36.965805 -14.865626 68.570831 -0.929996 0.282626 -0.235012 0.950000 0.398333
0 30.843788 -12.329804 95.846649 -0.929996 0.282626 -0.235012 0.950000 0.523051
0 32.742619 -6.081137 95.847252 -0.929996 0.282626 -0.235012 0.980000 0.523051
drum.jpg
0 27.767988 -18.090954 95.847252 -0.873371 0.466283 -0.140724 0.920000 0.523051
0 26.931471 -17.535080 102.880783 -0.873371 0.466283 -0.140724 0.920000 0.555000
0 29.915802 -11.945420 102.880325 -0.873371 0.466283 -0.140724 0.950000 0.555000
drum.jpg
0 30.843788 -12.329804 95.846649 -0.947280 0.287855 -0.140710 0.950000 0.523051
0 29.915802 -11.945420 102.880325 -0.947280 0.287855 -0.140710 0.950000 0.555000
0 31.758049 -5.882692 102.880783 -0.947280 0.287855 -0.140710 0.980000 0.555000
drum.jpg
0 27.543009 -17.861168 0.001923 -0.472754 -0.881092 -0.013475 0.920000 0.085000
0 28.374590 -18.414410 7.001923 -0.472754 -0.881092 -0.013475 0.920000 0.116949
0 27.767988 -18.090954 7.133875 -0.472754 -0.881092 -0.013475 0.920000 0.116949
drum.jpg
0 30.556034 -12.210612 0.001923 -0.124066 0.066155 -0.990066 0.950000 0.085000
0 27.543009 -17.861168 0.001923 -0.124066 0.066155 -0.990066 0.920000 0.085000
0 26.931471 -17.535080 0.100344 -0.124066 0.066155 -0.990066 0.920000 0.085000
drum.jpg
0 32.421051 -6.084536 0.001923 -0.135759 0.041330 -0.989879 0.980000 0.085000
0 30.556034 -12.210612 0.001923 -0.135759 0.041330 -0.989879 0.950000 0.085000
0 29.915802 -11.945419 0.100801 -0.135759 0.041330 -0.989879 0.950000 0.085000
drum.jpg
0 33.400269 -6.281351 7.001923 0.289373 0.957120 -0.013569 0.980000 0.116949
0 32.421051 -6.084536 0.001923 0.289373 0.957120 -0.013569 0.980000 0.085000
0 31.758049 -5.882692 0.100344 0.289373 0.957120 -0.013569 0.980000 0.085000
drum.jpg
0 28.374590 -18.414410 7.001923 -0.472779 -0.880884 -0.022895 0.920000 0.116949
0 33.898087 -22.089134 34.327702 -0.472779 -0.880884 -0.022895 0.920000 0.241667
0 33.284683 -21.762053 34.409882 -0.472779 -0.880884 -0.022895 0.920000 0.241667
drum.jpg
0 39.904392 -7.588630 34.327702 0.287034 0.957656 -0.022505 0.980000 0.241667
0 33.400269 -6.281351 7.001923 0.287034 0.957656 -0.022505 0.980000 0.116949
0 32.742619 -6.081137 7.133875 0.287034 0.957656 -0.022505 0.980000 0.116949
drum.jpg
0 33.898087 -22.089134 34.327702 -0.470512 -0.882393 0.000000 0.920000 0.241667
0 33.898087 -22.089134 68.653397 -0.470512 -0.882393 0.000000 0.920000 0.398333
0 33.284683 -21.762053 68.571213 -0.470512 -0.882393 0.000000 0.920000 0.398333
drum.jpg
0 39.904392 -7.588630 68.653397 0.291243 0.956649 0.000000 0.980000 0.398333
0 39.904392 -7.588630 34.327702 0.291243 0.956649 0.000000 0.980000 0.241667
0 39.239368 -7.386171 34.409882 0.291243 0.956649 0.000000 0.980000 0.241667
drum.jpg
0 33.898087 -22.089134 68.653397 -0.474204 -0.880127 0.022505 0.920000 0.398333
0 28.374590 -18.414410 95.979202 -0.474204 -0.880127 0.022505 0.920000 0.523051
0 27.767988 -18.090954 95.847252 -0.474204 -0.880127 0.022505 0.920000 0.523051
drum.jpg
0 33.400269 -6.281351 95.979202 0.288575 0.957184 0.022895 0.980000 0.523051
0 39.904392 -7.588630 68.653397 0.288575 0.957184 0.022895 0.980000 0.398333
0 39.239368 -7.386171 68.571213 0.288575 0.957184 0.022895 0.980000 0.398333
drum.jpg
0 28.374590 -18.414410 95.979202 -0.472170 -0.881403 0.013569 0.920000 0.523051
0 27.543009 -17.861168 102.979202 -0.472170 -0.881403 0.013569 0.920000 0.555000
0 26.931471 -17.535080 102.880783 -0.472170 -0.881403 0.013569 0.920000 0.555000
drum.jpg
0 27.543009 -17.861168 102.979202 -0.125225 0.066770 0.989879 0.920000 0.555000
0 30.556034 -12.210612 102.979202 -0.125225 0.066770 0.989879 0.950000 0.555000
0 29.915802 -11.945420 102.880325 -0.125225 0.066770 0.989879 0.950000 0.555000
drum.jpg
0 32.421051 -6.084536 102.979202 0.288738 0.957313 0.013475 0.980000 0.555000
0 33.400269 -6.281351 95.979202 0.288738 0.957313 0.013475 0.980000 0.523051
0 32.742619 -6.081137 95.847252 0.288738 0.957313 0.013475 0.980000 0.523051
drum.jpg
0 30.556034 -12.210612 102.979202 -0.134507 0.040948 0.990066 0.950000 0.555000
0 32.421051 -6.084536 102.979202 -0.134507 0.040948 0.990066 0.980000 0.555000
0 31.758049 -5.882692 102.880783 -0.134507 0.040948 0.990066 0.980000 0.555000
drum.jpg
0 33.466900 0.418400 2.000000 0.474160 0.094316 -0.875372 0.020000 0.578000
0 32.033131 13.659246 2.650000 0.474160 0.094316 -0.875372 0.080000 0.592000
0 34.666901 0.418400 2.650000 0.474160 0.094316 -0.875372 0.020000 0.592000
drum.jpg
0 30.924477 13.200027 2.000000 0.401974 0.268590 -0.875372 0.080000 0.578000
0 24.532795 24.884295 2.650000 0.401974 0.268590 -0.875372 0.140000 0.592000
0 32.033131 13.659246 2.650000 0.401974 0.268590 -0.875372 0.080000 0.592000
drum.jpg
0 23.684267 24.035767 2.000000 0.268589 0.401972 -0.875373 0.140000 0.578000
0 13.307747 32.384632 2.650000 0.268589 0.401972 -0.875373 0.200000 0.592000
0 24.532795 24.884295 2.650000 0.268589 0.401972 -0.875373 0.140000 0.592000
drum.jpg
0 12.848527 31.275976 2.000000 0.094316 0.474158 -0.875373 0.200000 0.578000
0 0.066900 35.018398 2.650000 0.094316 0.474158 -0.875373 0.260000 0.592000
0 13.307747 32.384632 2.650000 0.094316 0.474158 -0.875373 0.200000 0.592000
drum.jpg
0 0.066900 33.818401 2.000000 -0.094316 0.474161 -0.875372 0.260000 0.578000
0 -13.173946 32.384632 2.650000 -0.094316 0.474161 -0.875372 0.320000 0.592000
0 0.066900 35.018398 2.650000 -0.094316 0.474161 -0.875372 0.260000 0.592000
drum.jpg
0 -12.714726 31.275976 2.000000 -0.268590 0.401973 -0.875373 0.320000 0.578000
0 -24.398994 24.884295 2.650000 -0.268590 0.401973 -0.875373 0.380000 0.592000
0 -13.173946 32.384632 2.650000 -0.268590 0.401973 -0.875373 0.320000 0.592000
drum.jpg
0 -23.550467 24.035767 2.000000 -0.401974 0.268590 -0.875372 0.380000 0.578000
0 -31.899332 13.659246 2.650000 -0.401974 0.268590 -0.875372 0.440000 0.592000
0 -24.398994 24.884295 2.650000 -0.401974 0.268590 -0.875372 0.380000 0.592000
drum.jpg
0 -30.790676 13.200027 2.000000 -0.474160 0.094316 -0.875372 0.440000 0.578000
0 -34.533100 0.418400 2.650000 -0.474160 0.094316 -0.875372 0.500000 0.592000
0 -31.899332 13.659246 2.650000 -0.474160 0.094316 -0.875372 0.440000 0.592000
drum.jpg
0 -33.333099 0.418400 2.000000 -0.474160 -0.094316 -0.875372 0.500000 0.578000
0 -31.899332 -12.822447 2.650000 -0.474160 -0.094316 -0.875372 0.560000 0.592000
0 -34.533100 0.418400 2.650000 -0.474160 -0.094316 -0.875372 0.500000 0.592000
drum.jpg
0 -30.790676 -12.363227 2.000000 -0.401973 -0.268590 -0.875373 0.560000 0.578000
0 -24.398994 -24.047495 2.650000 -0.401973 -0.268590 -0.875373 0.620000 0.592000
0 -31.899332 -12.822447 2.650000 -0.401973 -0.268590 -0.875373 0.560000 0.592000
drum.jpg
0 -23.550467 -23.198967 2.000000 -0.268590 -0.401973 -0.875373 0.620000 0.578000
0 -13.173946 -31.547832 2.650000 -0.268590 -0.401973 -0.875373 0.680000 0.592000
0 -24.398994 -24.047495 2.650000 -0.268590 -0.401973 -0.875373 0.620000 0.592000
drum.jpg
0 -12.714726 -30.439177 2.000000 -0.094316 -0.474161 -0.875372 0.680000 0.578000
0 0.066900 -34.181599 2.650000 -0.094316 -0.474161 -0.875372 0.740000 0.592000
0 -13.173946 -31.547832 2.650000 -0.094316 -0.474161 -0.875372 0.680000 0.592000
drum.jpg
0 0.066900 -32.981602 2.000000 0.094316 -0.474161 -0.875372 0.740000 0.578000
0 13.307747 -31.547832 2.650000 0.094316 -0.474161 -0.875372 0.800000 0.592000
0 0.066900 -34.181599 2.650000 0.094316 -0.474161 -0.875372 0.740000 0.592000
drum.jpg
0 12.848527 -30.439177 2.000000 0.268590 -0.401973 -0.875373 0.800000 0.578000
0 24.532795 -24.047495 2.650000 0.268590 -0.401973 -0.875373 0.860000 0.592000
0 13.307747 -31.547832 2.650000 0.268590 -0.401973 -0.875373 0.800000 0.592000
drum.jpg
0 23.684267 -23.198967 2.000000 0.401974 -0.268591 -0.875372 0.860000 0.578000
0 32.033131 -12.822447 2.650000 0.401974 -0.268591 -0.875372 0.920000 0.592000
0 24.532795 -24.047495 2.650000 0.401974 -0.268591 -0.875372 0.860000 0.592000
drum.jpg
0 30.924477 -12.363227 2.000000 0.474160 -0.094317 -0.875372 0.920000 0.578000
0 34.666901 0.418400 2.650000 0.474160 -0.094317 -0.875372 0.980000 0.592000
0 32.033131 -12.822447 2.650000 0.474160 -0.094317 -0.875372 0.920000 0.592000
drum.jpg
0 34.666901 0.418400 2.650000 0.976422 0.194223 -0.094216 0.020000 0.592000
0 32.541267 13.869722 8.350000 0.976422 0.194223 -0.094216 0.080000 0.606000
0 35.216900 0.418400 8.350000 0.976422 0.194223 -0.094216 0.020000 0.606000
drum.jpg
0 32.033131 13.659246 2.650000 0.827771 0.553099 -0.094216 0.080000 0.592000
0 24.921703 25.273203 8.350000 0.827771 0.553099 -0.094216 0.140000 0.606000
0 32.541267 13.869722 8.350000 0.827771 0.553099 -0.094216 0.080000 0.606000
drum.jpg
0 24.532795 24.884295 2.650000 0.553099 0.827771 -0.094217 0.140000 0.592000
0 13.518223 32.892765 8.350000 0.553099 0.827771 -0.094217 0.200000 0.606000
0 24.921703 25.273203 8.350000 0.553099 0.827771 -0.094217 0.140000 0.606000
drum.jpg
0 13.307747 32.384632 2.650000 0.194223 0.976422 -0.094217 0.200000 0.592000
0 0.066900 35.568401 8.350000 0.194223 0.976422 -0.094217 0.260000 0.606000
0 13.518223 32.892765 8.350000 0.194223 0.976422 -0.094217 0.200000 0.606000
drum.jpg
0 0.066900 35.018398 2.650000 -0.194223 0.976422 -0.094217 0.260000 0.592000
0 -13.384422 32.892765 8.350000 -0.194223 0.976422 -0.094217 0.320000 0.606000
0 0.066900 35.568401 8.350000 -0.194223 0.976422 -0.094217 0.260000 0.606000
drum.jpg
0 -13.173946 32.384632 2.650000 -0.553099 0.827771 -0.094216 0.320000 0.592000
0 -24.787903 25.273203 8.350000 -0.553099 0.827771 -0.094216 0.380000 0.606000
0 -13.384422 32.892765 8.350000 -0.553099 0.827771 -0.094216 0.320000 0.606000
drum.jpg
0 -24.398994 24.884295 2.650000 -0.827771 0.553099 -0.094216 0.380000 0.592000
0 -32.407467 13.869722 8.350000 -0.827771 0.553099 -0.094216 0.440000 0.606000
0 -24.787903 25.273203 8.350000 -0.827771 0.553099 -0.094216 0.380000 0.606000
drum.jpg
0 -31.899332 13.659246 2.650000 -0.976423 0.194222 -0.094216 0.440000 0.592000
0 -35.083099 0.418400 8.350000 -0.976423 0.194222 -0.094216 0.500000 0.606000
0 -32.407467 13.869722 8.350000 -0.976423 0.194222 -0.094216 0.440000 0.606000
drum.jpg
0 -34.533100 0.418400 2.650000 -0.976423 -0.194222 -0.094216 0.500000 0.592000
0 -32.407467 -13.032923 8.350000 -0.976423 -0.194222 -0.094216 0.560000 0.606000
0 -35.083099 0.418400 8.350000 -0.976423 -0.194222 -0.094216 0.500000 0.606000
drum.jpg
0 -31.899332 -12.822447 2.650000 -0.827771 -0.553099 -0.094217 0.560000 0.592000
0 -24.787903 -24.436403 8.350000 -0.827771 -0.553099 -0.094217 0.620000 0.606000
0 -32.407467 -13.032923 8.350000 -0.827771 -0.553099 -0.094217 0.560000 0.606000
drum.jpg
0 -24.398994 -24.047495 2.650000 -0.553099 -0.827771 -0.094217 0.620000 0.592000
0 -13.384422 -32.055965 8.350000 -0.553099 -0.827771 -0.094217 0.680000 0.606000
0 -24.787903 -24.436403 8.350000 -0.553099 -0.827771 -0.094217 0.620000 0.606000
drum.jpg
0 -13.173946 -31.547832 2.650000 -0.194223 -0.976422 -0.094216 0.680000 0.592000
0 0.066900 -34.731602 8.350000 -0.194223 -0.976422 -0.094216 0.740000 0.606000
0 -13.384422 -32.055965 8.350000 -0.194223 -0.976422 -0.094216 0.680000 0.606000
drum.jpg
0 0.066900 -34.181599 2.650000 0.194223 -0.976422 -0.094217 0.740000 0.592000
0 13.518223 -32.055965 8.350000 0.194223 -0.976422 -0.094217 0.800000 0.606000
0 0.066900 -34.731602 8.350000 0.194223 -0.976422 -0.094217 0.740000 0.606000
drum.jpg
0 13.307747 -31.547832 2.650000 0.553099 -0.827771 -0.094217 0.800000 0.592000
0 24.921703 -24.436403 8.350000 0.553099 -0.827771 -0.094217 0.860000 0.606000
0 13.518223 -32.055965 8.350000 0.553099 -0.827771 -0.094217 0.800000 0.606000
drum.jpg
0 24.532795 -24.047495 2.650000 0.827771 -0.553099 -0.094217 0.860000 0.592000
0 32.541267 -13.032923 8.350000 0.827771 -0.553099 -0.094217 0.920000 0.606000
0 24.921703 -24.436403 8.350000 0.827771 -0.553099 -0.094217 0.860000 0.606000
drum.jpg
0 32.033131 -12.822447 2.650000 0.976423 -0.194222 -0.094217 0.920000 0.592000
0 35.216900 0.418400 8.350000 0.976423 -0.194222 -0.094217 0.980000 0.606000
0 32.541267 -13.032923 8.350000 0.976423 -0.194222 -0.094217 0.920000 0.606000
drum.jpg
0 35.216900 0.418400 8.350000 0.432210 0.085972 0.897666 0.020000 0.606000
0 31.294027 13.353100 9.000000 0.432210 0.085972 0.897666 0.080000 0.620000
0 33.866901 0.418400 9.000000 0.432210 0.085972 0.897666 0.020000 0.620000
drum.jpg
0 32.541267 13.869722 8.350000 0.366409 0.244827 0.897666 0.080000 0.606000
0 23.967110 24.318609 9.000000 0.366409 0.244827 0.897666 0.140000 0.620000
0 31.294027 13.353100 9.000000 0.366409 0.244827 0.897666 0.080000 0.620000
drum.jpg
0 24.921703 25.273203 8.350000 0.244827 0.366409 0.897666 0.140000 0.606000
0 13.001600 31.645529 9.000000 0.244827 0.366409 0.897666 0.200000 0.620000
0 23.967110 24.318609 9.000000 0.244827 0.366409 0.897666 0.140000 0.620000
drum.jpg
0 13.518223 32.892765 8.350000 0.085972 0.432210 0.897665 0.200000 0.606000
0 0.066900 34.218399 9.000000 0.085972 0.432210 0.897665 0.260000 0.620000
0 13.001600 31.645529 9.000000 0.085972 0.432210 0.897665 0.200000 0.620000
drum.jpg
0 0.066900 35.568401 8.350000 -0.085972 0.432210 0.897665 0.260000 0.606000
0 -12.867800 31.645529 9.000000 -0.085972 0.432210 0.897665 0.320000 0.620000
0 0.066900 34.218399 9.000000 -0.085972 0.432210 0.897665 0.260000 0.620000
drum.jpg
0 -13.384422 32.892765 8.350000 -0.244827 0.366410 0.897665 0.320000 0.606000
0 -23.833309 24.318609 9.000000 -0.244827 0.366410 0.897665 0.380000 0.620000
0 -12.867800 31.645529 9.000000 -0.244827 0.366410 0.897665 0.320000 0.620000
drum.jpg
0 -24.787903 25.273203 8.350000 -0.366409 0.244827 0.897666 0.380000 0.606000
0 -31.160229 13.353100 9.000000 -0.366409 0.244827 0.897666 0.440000 0.620000
0 -23.833309 24.318609 9.000000 -0.366409 0.244827 0.897666 0.380000 0.620000
drum.jpg
0 -32.407467 13.869722 8.350000 -0.432209 0.085972 0.897666 0.440000 0.606000
0 -33.733101 0.418400 9.000000 -0.432209 0.085972 0.897666 0.500000 0.620000
0 -31.160229 13.353100 9.000000 -0.432209 0.085972 0.897666 0.440000 0.620000
drum.jpg
0 -35.083099 0.418400 8.350000 -0.432209 -0.085972 0.897666 0.500000 0.606000
0 -31.160229 -12.516300 9.000000 -0.432209 -0.085972 0.897666 0.560000 0.620000
0 -33.733101 0.418400 9.000000 -0.432209 -0.085972 0.897666 0.500000 0.620000
drum.jpg
0 -32.407467 -13.032923 8.350000 -0.366409 -0.244827 0.897666 0.560000 0.606000
0 -23.833309 -23.481810 9.000000 -0.366409 -0.244827 0.897666 0.620000 0.620000
0 -31.160229 -12.516300 9.000000 -0.366409 -0.244827 0.897666 0.560000 0.620000
drum.jpg
0 -24.787903 -24.436403 8.350000 -0.244827 -0.366409 0.897666 0.620000 0.606000
0 -12.867800 -30.808727 9.000000 -0.244827 -0.366409 0.897666 0.680000 0.620000
0 -23.833309 -23.481810 9.000000 -0.244827 -0.366409 0.897666 0.620000 0.620000
drum.jpg
0 -13.384422 -32.055965 8.350000 -0.085972 -0.432209 0.897666 0.680000 0.606000
0 0.066900 -33.381599 9.000000 -0.085972 -0.432209 0.897666 0.740000 0.620000
0 -12.867800 -30.808727 9.000000 -0.085972 -0.432209 0.897666 0.680000 0.620000
drum.jpg
0 0.066900 -34.731602 8.350000 0.085971 -0.432208 0.897667 0.740000 0.606000
0 13.001600 -30.808727 9.000000 0.085971 -0.432208 0.897667 0.800000 0.620000
0 0.066900 -33.381599 9.000000 0.085971 -0.432208 0.897667 0.740000 0.620000
drum.jpg
0 13.518223 -32.055965 8.350000 0.244827 -0.366409 0.897666 0.800000 0.606000
0 23.967110 -23.481810 9.000000 0.244827 -0.366409 0.897666 0.860000 0.620000
0 13.001600 -30.808727 9.000000 0.244827 -0.366409 0.897666 0.800000 0.620000
drum.jpg
0 24.921703 -24.436403 8.350000 0.366408 -0.244826 0.897667 0.860000 0.606000
0 31.294027 -12.516300 9.000000 0.366408 -0.244826 0.897667 0.920000 0.620000
0 23.967110 -23.481810 9.000000 0.366408 -0.244826 0.897667 0.860000 0.620000
drum.jpg
0 32.541267 -13.032923 8.350000 0.432208 -0.085972 0.897666 0.920000 0.606000
0 33.866901 0.418400 9.000000 0.432208 -0.085972 0.897666 0.980000 0.620000
0 31.294027 -12.516300 9.000000 0.432208 -0.085972 0.897666 0.920000 0.620000
drum.jpg
0 33.466900 0.418400 2.000000 0.474161 0.094316 -0.875372 0.020000 0.578000
0 30.924477 13.200027 2.000000 0.474161 0.094316 -0.875372 0.080000 0.578000
0 32.033131 13.659246 2.650000 0.474161 0.094316 -0.875372 0.080000 0.592000
drum.jpg
0 30.924477 13.200027 2.000000 0.401974 0.268590 -0.875372 0.080000 0.578000
0 23.684267 24.035767 2.000000 0.401974 0.268590 -0.875372 0.140000 0.578000
0 24.532795 24.884295 2.650000 0.401974 0.268590 -0.875372 0.140000 0.592000
drum.jpg
0 23.684267 24.035767 2.000000 0.268590 0.401974 -0.875372 0.140000 0.578000
0 12.848527 31.275976 2.000000 0.268590 0.401974 -0.875372 0.200000 0.578000
0 13.307747 32.384632 2.650000 0.268590 0.401974 -0.875372 0.200000 0.592000
drum.jpg
0 12.848527 31.275976 2.000000 0.094317 0.474162 -0.875371 0.200000 0.578000
0 0.066900 33.818401 2.000000 0.094317 0.474162 -0.875371 0.260000 0.578000
0 0.066900 35.018398 2.650000 0.094317 0.474162 -0.875371 0.260000 0.592000
drum.jpg
0 0.066900 33.818401 2.000000 -0.094316 0.474159 -0.875373 0.260000 0.578000
0 -12.714726 31.275976 2.000000 -0.094316 0.474159 -0.875373 0.320000 0.578000
0 -13.173946 32.384632 2.650000 -0.094316 0.474159 -0.875373 0.320000 0.592000
drum.jpg
0 -12.714726 31.275976 2.000000 -0.268590 0.401974 -0.875372 0.320000 0.578000
0 -23.550467 24.035767 2.000000 -0.268590 0.401974 -0.875372 0.380000 0.578000
0 -24.398994 24.884295 2.650000 -0.268590 0.401974 -0.875372 0.380000 0.592000
drum.jpg
0 -23.550467 24.035767 2.000000 -0.401973 0.268590 -0.875372 0.380000 0.578000
0 -30.790676 13.200027 2.000000 -0.401973 0.268590 -0.875372 0.440000 0.578000
0 -31.899332 13.659246 2.650000 -0.401973 0.268590 -0.875372 0.440000 0.592000
drum.jpg
0 -30.790676 13.200027 2.000000 -0.474160 0.094316 -0.875372 0.440000 0.578000
0 -33.333099 0.418400 2.000000 -0.474160 0.094316 -0.875372 0.500000 0.578000
0 -34.533100 0.418400 2.650000 -0.474160 0.094316 -0.875372 0.500000 0.592000
drum.jpg
0 -33.333099 0.418400 2.000000 -0.474160 -0.094316 -0.875372 0.500000 0.578000
0 -30.790676 -12.363227 2.000000 -0.474160 -0.094316 -0.875372 0.560000 0.578000
0 -31.899332 -12.822447 2.650000 -0.474160 -0.094316 -0.875372 0.560000 0.592000
drum.jpg
0 -30.790676 -12.363227 2.000000 -0.401974 -0.268590 -0.875372 0.560000 0.578000
0 -23.550467 -23.198967 2.000000 -0.401974 -0.268590 -0.875372 0.620000 0.578000
0 -24.398994 -24.047495 2.650000 -0.401974 -0.268590 -0.875372 0.620000 0.592000
drum.jpg
0 -23.550467 -23.198967 2.000000 -0.268590 -0.401974 -0.875372 0.620000 0.578000
0 -12.714726 -30.439177 2.000000 -0.268590 -0.401974 -0.875372 0.680000 0.578000
0 -13.173946 -31.547832 2.650000 -0.268590 -0.401974 -0.875372 0.680000 0.592000
drum.jpg
0 -12.714726 -30.439177 2.000000 -0.094316 -0.474160 -0.875372 0.680000 0.578000
0 0.066900 -32.981602 2.000000 -0.094316 -0.474160 -0.875372 0.740000 0.578000
0 0.066900 -34.181599 2.650000 -0.094316 -0.474160 -0.875372 0.740000 0.592000
drum.jpg
0 0.066900 -32.981602 2.000000 0.094316 -0.474159 -0.875373 0.740000 0.578000
0 12.848527 -30.439177 2.000000 0.094316 -0.474159 -0.875373 0.800000 0.578000
0 13.307747 -31.547832 2.650000 0.094316 -0.474159 -0.875373 0.800000 0.592000
drum.jpg
0 12.848527 -30.439177 2.000000 0.268590 -0.401973 -0.875373 0.800000 0.578000
0 23.684267 -23.198967 2.000000 0.268590 -0.401973 -0.875373 0.860000 0.578000
0 24.532795 -24.047495 2.650000 0.268590 -0.401973 -0.875373 0.860000 0.592000
drum.jpg
0 23.684267 -23.198967 2.000000 0.401974 -0.268590 -0.875372 0.860000 0.578000
0 30.924477 -12.363227 2.000000 0.401974 -0.268590 -0.875372 0.920000 0.578000
0 32.033131 -12.822447 2.650000 0.401974 -0.268590 -0.875372 0.920000 0.592000
drum.jpg
0 30.924477 -12.363227 2.000000 0.474160 -0.094316 -0.875372 0.920000 0.578000
0 33.466900 0.418400 2.000000 0.474160 -0.094316 -0.875372 0.980000 0.578000
0 34.666901 0.418400 2.650000 0.474160 -0.094316 -0.875372 0.980000 0.592000
drum.jpg
0 34.666901 0.418400 2.650000 0.976422 0.194223 -0.094217 0.020000 0.592000
0 32.033131 13.659246 2.650000 0.976422 0.194223 -0.094217 0.080000 0.592000
0 32.541267 13.869722 8.350000 0.976422 0.194223 -0.094217 0.080000 0.606000
drum.jpg
0 32.033131 13.659246 2.650000 0.827771 0.553099 -0.094216 0.080000 0.592000
0 24.532795 24.884295 2.650000 0.827771 0.553099 -0.094216 0.140000 0.592000
0 24.921703 25.273203 8.350000 0.827771 0.553099 -0.094216 0.140000 0.606000
drum.jpg
0 24.532795 24.884295 2.650000 0.553099 0.827771 -0.094216 0.140000 0.592000
0 13.307747 32.384632 2.650000 0.553099 0.827771 -0.094216 0.200000 0.592000
0 13.518223 32.892765 8.350000 0.553099 0.827771 -0.094216 0.200000 0.606000
drum.jpg
0 13.307747 32.384632 2.650000 0.194222 0.976423 -0.094216 0.200000 0.592000
0 0.066900 35.018398 2.650000 0.194222 0.976423 -0.094216 0.260000 0.592000
0 0.066900 35.568401 8.350000 0.194222 0.976423 -0.094216 0.260000 0.606000
drum.jpg
0 0.066900 35.018398 2.650000 -0.194222 0.976423 -0.094215 0.260000 0.592000
0 -13.173946 32.384632 2.650000 -0.194222 0.976423 -0.094215 0.320000 0.592000
0 -13.384422 32.892765 8.350000 -0.194222 0.976423 -0.094215 0.320000 0.606000
drum.jpg
0 -13.173946 32.384632 2.650000 -0.553099 0.827771 -0.094216 0.320000 0.592000
0 -24.398994 24.884295 2.650000 -0.553099 0.827771 -0.094216 0.380000 0.592000
0 -24.787903 25.273203 8.350000 -0.553099 0.827771 -0.094216 0.380000 0.606000
drum.jpg
0 -24.398994 24.884295 2.650000 -0.827771 0.553099 -0.094216 0.380000 0.592000
0 -31.899332 13.659246 2.650000 -0.827771 0.553099 -0.094216 0.440000 0.592000
0 -32.407467 13.869722 8.350000 -0.827771 0.553099 -0.094216 0.440000 0.606000
drum.jpg
0 -31.899332 13.659246 2.650000 -0.976422 0.194223 -0.094216 0.440000 0.592000
0 -34.533100 0.418400 2.650000 -0.976422 0.194223 -0.094216 0.500000 0.592000
0 -35.083099 0.418400 8.350000 -0.976422 0.194223 -0.094216 0.500000 0.606000
drum.jpg
0 -34.533100 0.418400 2.650000 -0.976423 -0.194222 -0.094216 0.500000 0.592000
0 -31.899332 -12.822447 2.650000 -0.976423 -0.194222 -0.094216 0.560000 0.592000
0 -32.407467 -13.032923 8.350000 -0.976423 -0.194222 -0.094216 0.560000 0.606000
drum.jpg
0 -31.899332 -12.822447 2.650000 -0.827771 -0.553099 -0.094216 0.560000 0.592000
0 -24.398994 -24.047495 2.650000 -0.827771 -0.553099 -0.094216 0.620000 0.592000
0 -24.787903 -24.436403 8.350000 -0.827771 -0.553099 -0.094216 0.620000 0.606000
drum.jpg
0 -24.398994 -24.047495 2.650000 -0.553099 -0.827771 -0.094216 0.620000 0.592000
0 -13.173946 -31.547832 2.650000 -0.553099 -0.827771 -0.094216 0.680000 0.592000
0 -13.384422 -32.055965 8.350000 -0.553099 -0.827771 -0.094216 0.680000 0.606000
drum.jpg
0 -13.173946 -31.547832 2.650000 -0.194222 -0.976423 -0.094217 0.680000 0.592000
0 0.066900 -34.181599 2.650000 -0.194222 -0.976423 -0.094217 0.740000 0.592000
0 0.066900 -34.731602 8.350000 -0.194222 -0.976423 -0.094217 0.740000 0.606000
drum.jpg
0 0.066900 -34.181599 2.650000 0.194222 -0.976423 -0.094216 0.740000 0.592000
0 13.307747 -31.547832 2.650000 0.194222 -0.976423 -0.094216 0.800000 0.592000
0 13.518223 -32.055965 8.350000 0.194222 -0.976423 -0.094216 0.800000 0.606000
drum.jpg
0 13.307747 -31.547832 2.650000 0.553099 -0.827771 -0.094216 0.800000 0.592000
0 24.532795 -24.047495 2.650000 0.553099 -0.827771 -0.094216 0.860000 0.592000
0 24.921703 -24.436403 8.350000 0.553099 -0.827771 -0.094216 0.860000 0.606000
drum.jpg
0 24.532795 -24.047495 2.650000 0.827771 -0.553099 -0.094217 0.860000 0.592000
0 32.033131 -12.822447 2.650000 0.827771 -0.553099 -0.094217 0.920000 0.592000
0 32.541267 -13.032923 8.350000 0.827771 -0.553099 -0.094217 0.920000 0.606000
drum.jpg
0 32.033131 -12.822447 2.650000 0.976422 -0.194223 -0.094216 0.920000 0.592000
0 34.666901 0.418400 2.650000 0.976422 -0.194223 -0.094216 0.980000 0.592000
0 35.216900 0.418400 8.350000 0.976422 -0.194223 -0.094216 0.980000 0.606000
drum.jpg
0 35.216900 0.418400 8.350000 0.432209 0.085971 0.897666 0.020000 0.606000
0 32.541267 13.869722 8.350000 0.432209 0.085971 0.897666 0.080000 0.606000
0 31.294027 13.353100 9.000000 0.432209 0.085971 0.897666 0.080000 0.620000
drum.jpg
0 32.541267 13.869722 8.350000 0.366409 0.244827 0.897666 0.080000 0.606000
0 24.921703 25.273203 8.350000 0.366409 0.244827 0.897666 0.140000 0.606000
0 23.967110 24.318609 9.000000 0.366409 0.244827 0.897666 0.140000 0.620000
drum.jpg
0 24.921703 25.273203 8.350000 0.244827 0.366410 0.897666 0.140000 0.606000
0 13.518223 32.892765 8.350000 0.244827 0.366410 0.897666 0.200000 0.606000
0 13.001600 31.645529 9.000000 0.244827 0.366410 0.897666 0.200000 0.620000
drum.jpg
0 13.518223 32.892765 8.350000 0.085972 0.432208 0.897667 0.200000 0.606000
0 0.066900 35.568401 8.350000 0.085972 0.432208 0.897667 0.260000 0.606000
0 0.066900 34.218399 9.000000 0.085972 0.432208 0.897667 0.260000 0.620000
drum.jpg
0 0.066900 35.568401 8.350000 -0.085972 0.432208 0.897666 0.260000 0.606000
0 -13.384422 32.892765 8.350000 -0.085972 0.432208 0.897666 0.320000 0.606000
0 -12.867800 31.645529 9.000000 -0.085972 0.432208 0.897666 0.320000 0.620000
drum.jpg
0 -13.384422 32.892765 8.350000 -0.244827 0.366409 0.897666 0.320000 0.606000
0 -24.787903 25.273203 8.350000 -0.244827 0.366409 0.897666 0.380000 0.606000
0 -23.833309 24.318609 9.000000 -0.244827 0.366409 0.897666 0.380000 0.620000
drum.jpg
0 -24.787903 25.273203 8.350000 -0.366409 0.244827 0.897666 0.380000 0.606000
0 -32.407467 13.869722 8.350000 -0.366409 0.244827 0.897666 0.440000 0.606000
0 -31.160229 13.353100 9.000000 -0.366409 0.244827 0.897666 0.440000 0.620000
drum.jpg
0 -32.407467 13.869722 8.350000 -0.432209 0.085972 0.897666 0.440000 0.606000
0 -35.083099 0.418400 8.350000 -0.432209 0.085972 0.897666 0.500000 0.606000
0 -33.733101 0.418400 9.000000 -0.432209 0.085972 0.897666 0.500000 0.620000
drum.jpg
0 -35.083099 0.418400 8.350000 -0.432209 -0.085972 0.897666 0.500000 0.606000
0 -32.407467 -13.032923 8.350000 -0.432209 -0.085972 0.897666 0.560000 0.606000
0 -31.160229 -12.516300 9.000000 -0.432209 -0.085972 0.897666 0.560000 0.620000
drum.jpg
0 -32.407467 -13.032923 8.350000 -0.366409 -0.244827 0.897666 0.560000 0.606000
0 -24.787903 -24.436403 8.350000 -0.366409 -0.244827 0.897666 0.620000 0.606000
0 -23.833309 -23.481810 9.000000 -0.366409 -0.244827 0.897666 0.620000 0.620000
drum.jpg
0 -24.787903 -24.436403 8.350000 -0.244826 -0.366409 0.897666 0.620000 0.606000
0 -13.384422 -32.055965 8.350000 -0.244826 -0.366409 0.897666 0.680000 0.606000
0 -12.867800 -30.808727 9.000000 -0.244826 -0.366409 0.897666 0.680000 0.620000
drum.jpg
0 -13.384422 -32.055965 8.350000 -0.085972 -0.432208 0.897667 0.680000 0.606000
0 0.066900 -34.731602 8.350000 -0.085972 -0.432208 0.897667 0.740000 0.606000
0 0.066900 -33.381599 9.000000 -0.085972 -0.432208 0.897667 0.740000 0.620000
drum.jpg
0 0.066900 -34.731602 8.350000 0.085972 -0.432209 0.897666 0.740000 0.606000
0 13.518223 -32.055965 8.350000 0.085972 -0.432209 0.897666 0.800000 0.606000
0 13.001600 -30.808727 9.000000 0.085972 -0.432209 0.897666 0.800000 0.620000
drum.jpg
0 13.518223 -32.055965 8.350000 0.244827 -0.366409 0.897666 0.800000 0.606000
0 24.921703 -24.436403 8.350000 0.244827 -0.366409 0.897666 0.860000 0.606000
0 23.967110 -23.481810 9.000000 0.244827 -0.366409 0.897666 0.860000 0.620000
drum.jpg
0 24.921703 -24.436403 8.350000 0.366409 -0.244827 0.897666 0.860000 0.606000
0 32.541267 -13.032923 8.350000 0.366409 -0.244827 0.897666 0.920000 0.606000
0 31.294027 -12.516300 9.000000 0.366409 -0.244827 0.897666 0.920000 0.620000
drum.jpg
0 32.541267 -13.032923 8.350000 0.432209 -0.085972 0.897666 0.920000 0.606000
0 35.216900 0.418400 8.350000 0.432209 -0.085972 0.897666 0.980000 0.606000
0 33.866901 0.418400 9.000000 0.432209 -0.085972 0.897666 0.980000 0.620000
drum.jpg
0 33.866901 0.418400 94.000000 0.432222 0.085971 -0.897660 0.020000 0.578000
0 32.541267 13.869722 94.650002 0.432222 0.085971 -0.897660 0.080000 0.592000
0 35.216900 0.418400 94.650002 0.432222 0.085971 -0.897660 0.020000 0.592000
drum.jpg
0 31.294027 13.353100 94.000000 0.366423 0.244826 -0.897660 0.080000 0.578000
0 24.921703 25.273203 94.650002 0.366423 0.244826 -0.897660 0.140000 0.592000
0 32.541267 13.869722 94.650002 0.366423 0.244826 -0.897660 0.080000 0.592000
drum.jpg
0 23.967110 24.318609 94.000000 0.244834 0.366409 -0.897664 0.140000 0.578000
0 13.518223 32.892765 94.650002 0.244834 0.366409 -0.897664 0.200000 0.592000
0 24.921703 25.273203 94.650002 0.244834 0.366409 -0.897664 0.140000 0.592000
drum.jpg
0 13.001600 31.645529 94.000000 0.085973 0.432209 -0.897666 0.200000 0.578000
0 0.066900 35.568401 94.650002 0.085973 0.432209 -0.897666 0.260000 0.592000
0 13.518223 32.892765 94.650002 0.085973 0.432209 -0.897666 0.200000 0.592000
drum.jpg
0 0.066900 34.218399 94.000000 -0.085973 0.432209 -0.897666 0.260000 0.578000
0 -13.384422 32.892765 94.650002 -0.085973 0.432209 -0.897666 0.320000 0.592000
0 0.066900 35.568401 94.650002 -0.085973 0.432209 -0.897666 0.260000 0.592000
drum.jpg
0 -12.867800 31.645529 94.000000 -0.244829 0.366411 -0.897665 0.320000 0.578000
0 -24.787903 25.273203 94.650002 -0.244829 0.366411 -0.897665 0.380000 0.592000
0 -13.384422 32.892765 94.650002 -0.244829 0.366411 -0.897665 0.320000 0.592000
drum.jpg
0 -23.833309 24.318609 94.000000 -0.366414 0.244827 -0.897664 0.380000 0.578000
0 -32.407467 13.869722 94.650002 -0.366414 0.244827 -0.897664 0.440000 0.592000
0 -24.787903 25.273203 94.650002 -0.366414 0.244827 -0.897664 0.380000 0.592000
drum.jpg
0 -31.160229 13.353100 94.000000 -0.432211 0.085972 -0.897665 0.440000 0.578000
0 -35.083099 0.418400 94.650002 -0.432211 0.085972 -0.897665 0.500000 0.592000
0 -32.407467 13.869722 94.650002 -0.432211 0.085972 -0.897665 0.440000 0.592000
drum.jpg
0 -33.733101 0.418400 94.000000 -0.432222 -0.085972 -0.897660 0.500000 0.578000
0 -32.407467 -13.032923 94.650002 -0.432222 -0.085972 -0.897660 0.560000 0.592000
0 -35.083099 0.418400 94.650002 -0.432222 -0.085972 -0.897660 0.500000 0.592000
drum.jpg
0 -31.160229 -12.516300 94.000000 -0.366423 -0.244826 -0.897660 0.560000 0.578000
0 -24.787903 -24.436403 94.650002 -0.366423 -0.244826 -0.897660 0.620000 0.592000
0 -32.407467 -13.032923 94.650002 -0.366423 -0.244826 -0.897660 0.560000 0.592000
drum.jpg
0 -23.833309 -23.481810 94.000000 -0.244834 -0.366409 -0.897664 0.620000 0.578000
0 -13.384422 -32.055965 94.650002 -0.244834 -0.366409 -0.897664 0.680000 0.592000
0 -24.787903 -24.436403 94.650002 -0.244834 -0.366409 -0.897664 0.620000 0.592000
drum.jpg
0 -12.867800 -30.808727 94.000000 -0.085973 -0.432210 -0.897665 0.680000 0.578000
0 0.066900 -34.731602 94.650002 -0.085973 -0.432210 -0.897665 0.740000 0.592000
0 -13.384422 -32.055965 94.650002 -0.085973 -0.432210 -0.897665 0.680000 0.592000
drum.jpg
0 0.066900 -33.381599 94.000000 0.085973 -0.432209 -0.897666 0.740000 0.578000
0 13.518223 -32.055965 94.650002 0.085973 -0.432209 -0.897666 0.800000 0.592000
0 0.066900 -34.731602 94.650002 0.085973 -0.432209 -0.897666 0.740000 0.592000
drum.jpg
0 13.001600 -30.808727 94.000000 0.244829 -0.366410 -0.897665 0.800000 0.578000
0 24.921703 -24.436403 94.650002 0.244829 -0.366410 -0.897665 0.860000 0.592000
0 13.518223 -32.055965 94.650002 0.244829 -0.366410 -0.897665 0.800000 0.592000
drum.jpg
0 23.967110 -23.481810 94.000000 0.366413 -0.244827 -0.897664 0.860000 0.578000
0 32.541267 -13.032923 94.650002 0.366413 -0.244827 -0.897664 0.920000 0.592000
0 24.921703 -24.436403 94.650002 0.366413 -0.244827 -0.897664 0.860000 0.592000
drum.jpg
0 31.294027 -12.516300 94.000000 0.432211 -0.085972 -0.897665 0.920000 0.578000
0 35.216900 0.418400 94.650002 0.432211 -0.085972 -0.897665 0.980000 0.592000
0 32.541267 -13.032923 94.650002 0.432211 -0.085972 -0.897665 0.920000 0.592000
drum.jpg
0 35.216900 0.418400 94.650002 0.976423 0.194222 0.094216 0.020000 0.592000
0 32.033131 13.659246 100.349998 0.976423 0.194222 0.094216 0.080000 0.606000
0 34.666901 0.418400 100.349998 0.976423 0.194222 0.094216 0.020000 0.606000
drum.jpg
0 32.541267 13.869722 94.650002 0.827772 0.553098 0.094216 0.080000 0.592000
0 24.532795 24.884295 100.349998 0.827772 0.553098 0.094216 0.140000 0.606000
0 32.033131 13.659246 100.349998 0.827772 0.553098 0.094216 0.080000 0.606000
drum.jpg
0 24.921703 25.273203 94.650002 0.553099 0.827771 0.094216 0.140000 0.592000
0 13.307747 32.384632 100.349998 0.553099 0.827771 0.094216 0.200000 0.606000
0 24.532795 24.884295 100.349998 0.553099 0.827771 0.094216 0.140000 0.606000
drum.jpg
0 13.518223 32.892765 94.650002 0.194222 0.976423 0.094216 0.200000 0.592000
0 0.066900 35.018398 100.349998 0.194222 0.976423 0.094216 0.260000 0.606000
0 13.307747 32.384632 100.349998 0.194222 0.976423 0.094216 0.200000 0.606000
drum.jpg
0 0.066900 35.568401 94.650002 -0.194222 0.976423 0.094216 0.260000 0.592000
0 -13.173946 32.384632 100.349998 -0.194222 0.976423 0.094216 0.320000 0.606000
0 0.066900 35.018398 100.349998 -0.194222 0.976423 0.094216 0.260000 0.606000
drum.jpg
0 -13.384422 32.892765 94.650002 -0.553099 0.827771 0.094215 0.320000 0.592000
0 -24.398994 24.884295 100.349998 -0.553099 0.827771 0.094215 0.380000 0.606000
0 -13.173946 32.384632 100.349998 -0.553099 0.827771 0.094215 0.320000 0.606000
drum.jpg
0 -24.787903 25.273203 94.650002 -0.827772 0.553098 0.094216 0.380000 0.592000
0 -31.899332 13.659246 100.349998 -0.827772 0.553098 0.094216 0.440000 0.606000
0 -24.398994 24.884295 100.349998 -0.827772 0.553098 0.094216 0.380000 0.606000
drum.jpg
0 -32.407467 13.869722 94.650002 -0.976423 0.194222 0.094216 0.440000 0.592000
0 -34.533100 0.418400 100.349998 -0.976423 0.194222 0.094216 0.500000 0.606000
0 -31.899332 13.659246 100.349998 -0.976423 0.194222 0.094216 0.440000 0.606000
drum.jpg
0 -35.083099 0.418400 94.650002 -0.976423 -0.194222 0.094216 0.500000 0.592000
0 -31.899332 -12.822447 100.349998 -0.976423 -0.194222 0.094216 0.560000 0.606000
0 -34.533100 0.418400 100.349998 -0.976423 -0.194222 0.094216 0.500000 0.606000
drum.jpg
0 -32.407467 -13.032923 94.650002 -0.827772 -0.553098 0.094216 0.560000 0.592000
0 -24.398994 -24.047495 100.349998 -0.827772 -0.553098 0.094216 0.620000 0.606000
0 -31.899332 -12.822447 100.349998 -0.827772 -0.553098 0.094216 0.560000 0.606000
drum.jpg
0 -24.787903 -24.436403 94.650002 -0.553099 -0.827771 0.094216 0.620000 0.592000
0 -13.173946 -31.547832 100.349998 -0.553099 -0.827771 0.094216 0.680000 0.606000
0 -24.398994 -24.047495 100.349998 -0.553099 -0.827771 0.094216 0.620000 0.606000
drum.jpg
0 -13.384422 -32.055965 94.650002 -0.194222 -0.976423 0.094216 0.680000 0.592000
0 0.066900 -34.181599 100.349998 -0.194222 -0.976423 0.094216 0.740000 0.606000
0 -13.173946 -31.547832 100.349998 -0.194222 -0.976423 0.094216 0.680000 0.606000
drum.jpg
0 0.066900 -34.731602 94.650002 0.194222 -0.976423 0.094217 0.740000 0.592000
0 13.307747 -31.547832 100.349998 0.194222 -0.976423 0.094217 0.800000 0.606000
0 0.066900 -34.181599 100.349998 0.194222 -0.976423 0.094217 0.740000 0.606000
drum.jpg
0 13.518223 -32.055965 94.650002 0.553099 -0.827771 0.094216 0.800000 0.592000
0 24.532795 -24.047495 100.349998 0.553099 -0.827771 0.094216 0.860000 0.606000
0 13.307747 -31.547832 100.349998 0.553099 -0.827771 0.094216 0.800000 0.606000
drum.jpg
0 24.921703 -24.436403 94.650002 0.827772 -0.553098 0.094216 0.860000 0.592000
0 32.033131 -12.822447 100.349998 0.827772 -0.553098 0.094216 0.920000 0.606000
0 24.532795 -24.047495 100.349998 0.827772 -0.553098 0.094216 0.860000 0.606000
drum.jpg
0 32.541267 -13.032923 94.650002 0.976423 -0.194222 0.094217 0.920000 0.592000
0 34.666901 0.418400 100.349998 0.976423 -0.194222 0.094217 0.980000 0.606000
0 32.033131 -12.822447 100.349998 0.976423 -0.194222 0.094217 0.920000 0.606000
drum.jpg
0 34.666901 0.418400 100.349998 0.474162 0.094316 0.875371 0.020000 0.606000
0 30.924477 13.200027 101.000000 0.474162 0.094316 0.875371 0.080000 0.620000
0 33.466900 0.418400 101.000000 0.474162 0.094316 0.875371 0.020000 0.620000
drum.jpg
0 32.033131 13.659246 100.349998 0.401973 0.268591 0.875372 0.080000 0.606000
0 23.684267 24.035767 101.000000 0.401973 0.268591 0.875372 0.140000 0.620000
0 30.924477 13.200027 101.000000 0.401973 0.268591 0.875372 0.080000 0.620000
drum.jpg
0 24.532795 24.884295 100.349998 0.268592 0.401974 0.875371 0.140000 0.606000
0 12.848527 31.275976 101.000000 0.268592 0.401974 0.875371 0.200000 0.620000
0 23.684267 24.035767 101.000000 0.268592 0.401974 0.875371 0.140000 0.620000
drum.jpg
0 13.307747 32.384632 100.349998 0.094315 0.474159 0.875373 0.200000 0.606000
0 0.066900 33.818401 101.000000 0.094315 0.474159 0.875373 0.260000 0.620000
0 12.848527 31.275976 101.000000 0.094315 0.474159 0.875373 0.200000 0.620000
drum.jpg
0 0.066900 35.018398 100.349998 -0.094314 0.474162 0.875371 0.260000 0.606000
0 -12.714726 31.275976 101.000000 -0.094314 0.474162 0.875371 0.320000 0.620000
0 0.066900 33.818401 101.000000 -0.094314 0.474162 0.875371 0.260000 0.620000
drum.jpg
0 -13.173946 32.384632 100.349998 -0.268593 0.401975 0.875371 0.320000 0.606000
0 -23.550467 24.035767 101.000000 -0.268593 0.401975 0.875371 0.380000 0.620000
0 -12.714726 31.275976 101.000000 -0.268593 0.401975 0.875371 0.320000 0.620000
drum.jpg
0 -24.398994 24.884295 100.349998 -0.401973 0.268591 0.875372 0.380000 0.606000
0 -30.790676 13.200027 101.000000 -0.401973 0.268591 0.875372 0.440000 0.620000
0 -23.550467 24.035767 101.000000 -0.401973 0.268591 0.875372 0.380000 0.620000
drum.jpg
0 -31.899332 13.659246 100.349998 -0.474162 0.094316 0.875371 0.440000 0.606000
0 -33.333099 0.418400 101.000000 -0.474162 0.094316 0.875371 0.500000 0.620000
0 -30.790676 13.200027 101.000000 -0.474162 0.094316 0.875371 0.440000 0.620000
drum.jpg
0 -34.533100 0.418400 100.349998 -0.474162 -0.094316 0.875371 0.500000 0.606000
0 -30.790676 -12.363227 101.000000 -0.474162 -0.094316 0.875371 0.560000 0.620000
0 -33.333099 0.418400 101.000000 -0.474162 -0.094316 0.875371 0.500000 0.620000
drum.jpg
0 -31.899332 -12.822447 100.349998 -0.401973 -0.268591 0.875372 0.560000 0.606000
0 -23.550467 -23.198967 101.000000 -0.401973 -0.268591 0.875372 0.620000 0.620000
0 -30.790676 -12.363227 101.000000 -0.401973 -0.268591 0.875372 0.560000 0.620000
drum.jpg
0 -24.398994 -24.047495 100.349998 -0.268592 -0.401974 0.875371 0.620000 0.606000
0 -12.714726 -30.439177 101.000000 -0.268592 -0.401974 0.875371 0.680000 0.620000
0 -23.550467 -23.198967 101.000000 -0.268592 -0.401974 0.875371 0.620000 0.620000
drum.jpg
0 -13.173946 -31.547832 100.349998 -0.094315 -0.474161 0.875372 0.680000 0.606000
0 0.066900 -32.981602 101.000000 -0.094315 -0.474161 0.875372 0.740000 0.620000
0 -12.714726 -30.439177 101.000000 -0.094315 -0.474161 0.875372 0.680000 0.620000
drum.jpg
0 0.066900 -34.181599 100.349998 0.094313 -0.474161 0.875372 0.740000 0.606000
0 12.848527 -30.439177 101.000000 0.094313 -0.474161 0.875372 0.800000 0.620000
0 0.066900 -32.981602 101.000000 0.094313 -0.474161 0.875372 0.740000 0.620000
drum.jpg
0 13.307747 -31.547832 100.349998 0.268592 -0.401974 0.875372 0.800000 0.606000
0 23.684267 -23.198967 101.000000 0.268592 -0.401974 0.875372 0.860000 0.620000
0 12.848527 -30.439177 101.000000 0.268592 -0.401974 0.875372 0.800000 0.620000
drum.jpg
0 24.532795 -24.047495 100.349998 0.401973 -0.268591 0.875372 0.860000 0.606000
0 30.924477 -12.363227 101.000000 0.401973 -0.268591 0.875372 0.920000 0.620000
0 23.684267 -23.198967 101.000000 0.401973 -0.268591 0.875372 0.860000 0.620000
drum.jpg
0 32.033131 -12.822447 100.349998 0.474163 -0.094316 0.875371 0.920000 0.606000
0 33.466900 0.418400 101.000000 0.474163 -0.094316 0.875371 0.980000 0.620000
0 30.924477 -12.363227 101.000000 0.474163 -0.094316 0.875371 0.920000 0.620000
drum.jpg
0 33.866901 0.418400 94.000000 0.432199 0.085972 -0.897671 0.020000 0.578000
0 31.294027 13.353100 94.000000 0.432199 0.085972 -0.897671 0.080000 0.578000
0 32.541267 13.869722 94.650002 0.432199 0.085972 -0.897671 0.080000 0.592000
drum.jpg
0 31.294027 13.353100 94.000000 0.366398 0.244828 -0.897670 0.080000 0.578000
0 23.967110 24.318609 94.000000 0.366398 0.244828 -0.897670 0.140000 0.578000
0 24.921703 25.273203 94.650002 0.366398 0.244828 -0.897670 0.140000 0.592000
drum.jpg
0 23.967110 24.318609 94.000000 0.244821 0.366411 -0.897667 0.140000 0.578000
0 13.001600 31.645529 94.000000 0.244821 0.366411 -0.897667 0.200000 0.578000
0 13.518223 32.892765 94.650002 0.244821 0.366411 -0.897667 0.200000 0.592000
drum.jpg
0 13.001600 31.645529 94.000000 0.085970 0.432211 -0.897665 0.200000 0.578000
0 0.066900 34.218399 94.000000 0.085970 0.432211 -0.897665 0.260000 0.578000
0 0.066900 35.568401 94.650002 0.085970 0.432211 -0.897665 0.260000 0.592000
drum.jpg
0 0.066900 34.218399 94.000000 -0.085970 0.432212 -0.897665 0.260000 0.578000
0 -12.867800 31.645529 94.000000 -0.085970 0.432212 -0.897665 0.320000 0.578000
0 -13.384422 32.892765 94.650002 -0.085970 0.432212 -0.897665 0.320000 0.592000
drum.jpg
0 -12.867800 31.645529 94.000000 -0.244824 0.366411 -0.897666 0.320000 0.578000
0 -23.833309 24.318609 94.000000 -0.244824 0.366411 -0.897666 0.380000 0.578000
0 -24.787903 25.273203 94.650002 -0.244824 0.366411 -0.897666 0.380000 0.592000
drum.jpg
0 -23.833309 24.318609 94.000000 -0.366404 0.244828 -0.897668 0.380000 0.578000
0 -31.160229 13.353100 94.000000 -0.366404 0.244828 -0.897668 0.440000 0.578000
0 -32.407467 13.869722 94.650002 -0.366404 0.244828 -0.897668 0.440000 0.592000
drum.jpg
0 -31.160229 13.353100 94.000000 -0.432206 0.085972 -0.897667 0.440000 0.578000
0 -33.733101 0.418400 94.000000 -0.432206 0.085972 -0.897667 0.500000 0.578000
0 -35.083099 0.418400 94.650002 -0.432206 0.085972 -0.897667 0.500000 0.592000
drum.jpg
0 -33.733101 0.418400 94.000000 -0.432200 -0.085972 -0.897670 0.500000 0.578000
0 -31.160229 -12.516300 94.000000 -0.432200 -0.085972 -0.897670 0.560000 0.578000
0 -32.407467 -13.032923 94.650002 -0.432200 -0.085972 -0.897670 0.560000 0.592000
drum.jpg
0 -31.160229 -12.516300 94.000000 -0.366398 -0.244828 -0.897670 0.560000 0.578000
0 -23.833309 -23.481810 94.000000 -0.366398 -0.244828 -0.897670 0.620000 0.578000
0 -24.787903 -24.436403 94.650002 -0.366398 -0.244828 -0.897670 0.620000 0.592000
drum.jpg
0 -23.833309 -23.481810 94.000000 -0.244820 -0.366410 -0.897667 0.620000 0.578000
0 -12.867800 -30.808727 94.000000 -0.244820 -0.366410 -0.897667 0.680000 0.578000
0 -13.384422 -32.055965 94.650002 -0.244820 -0.366410 -0.897667 0.680000 0.592000
drum.jpg
0 -12.867800 -30.808727 94.000000 -0.085971 -0.432209 -0.897666 0.680000 0.578000
0 0.066900 -33.381599 94.000000 -0.085971 -0.432209 -0.897666 0.740000 0.578000
0 0.066900 -34.731602 94.650002 -0.085971 -0.432209 -0.897666 0.740000 0.592000
drum.jpg
0 0.066900 -33.381599 94.000000 0.085972 -0.432211 -0.897665 0.740000 0.578000
0 13.001600 -30.808727 94.000000 0.085972 -0.432211 -0.897665 0.800000 0.578000
0 13.518223 -32.055965 94.650002 0.085972 -0.432211 -0.897665 0.800000 0.592000
drum.jpg
0 13.001600 -30.808727 94.000000 0.244824 -0.366410 -0.897666 0.800000 0.578000
0 23.967110 -23.481810 94.000000 0.244824 -0.366410 -0.897666 0.860000 0.578000
0 24.921703 -24.436403 94.650002 0.244824 -0.366410 -0.897666 0.860000 0.592000
drum.jpg
0 23.967110 -23.481810 94.000000 0.366403 -0.244828 -0.897668 0.860000 0.578000
0 31.294027 -12.516300 94.000000 0.366403 -0.244828 -0.897668 0.920000 0.578000
0 32.541267 -13.032923 94.650002 0.366403 -0.244828 -0.897668 0.920000 0.592000
drum.jpg
0 31.294027 -12.516300 94.000000 0.432206 -0.085972 -0.897667 0.920000 0.578000
0 33.866901 0.418400 94.000000 0.432206 -0.085972 -0.897667 0.980000 0.578000
0 35.216900 0.418400 94.650002 0.432206 -0.085972 -0.897667 0.980000 0.592000
drum.jpg
0 35.216900 0.418400 94.650002 0.976422 0.194223 0.094217 0.020000 0.592000
0 32.541267 13.869722 94.650002 0.976422 0.194223 0.094217 0.080000 0.592000
0 32.033131 13.659246 100.349998 0.976422 0.194223 0.094217 0.080000 0.606000
drum.jpg
0 32.541267 13.869722 94.650002 0.827771 0.553099 0.094216 0.080000 0.592000
0 24.921703 25.273203 94.650002 0.827771 0.553099 0.094216 0.140000 0.592000
0 24.532795 24.884295 100.349998 0.827771 0.553099 0.094216 0.140000 0.606000
drum.jpg
0 24.921703 25.273203 94.650002 0.553098 0.827772 0.094216 0.140000 0.592000
0 13.518223 32.892765 94.650002 0.553098 0.827772 0.094216 0.200000 0.592000
0 13.307747 32.384632 100.349998 0.553098 0.827772 0.094216 0.200000 0.606000
drum.jpg
0 13.518223 32.892765 94.650002 0.194223 0.976422 0.094217 0.200000 0.592000
0 0.066900 35.568401 94.650002 0.194223 0.976422 0.094217 0.260000 0.592000
0 0.066900 35.018398 100.349998 0.194223 0.976422 0.094217 0.260000 0.606000
drum.jpg
0 0.066900 35.568401 94.650002 -0.194223 0.976422 0.094217 0.260000 0.592000
0 -13.384422 32.892765 94.650002 -0.194223 0.976422 0.094217 0.320000 0.592000
0 -13.173946 32.384632 100.349998 -0.194223 0.976422 0.094217 0.320000 0.606000
drum.jpg
0 -13.384422 32.892765 94.650002 -0.553098 0.827771 0.094216 0.320000 0.592000
0 -24.787903 25.273203 94.650002 -0.553098 0.827771 0.094216 0.380000 0.592000
0 -24.398994 24.884295 100.349998 -0.553098 0.827771 0.094216 0.380000 0.606000
drum.jpg
0 -24.787903 25.273203 94.650002 -0.827770 0.553100 0.094216 0.380000 0.592000
0 -32.407467 13.869722 94.650002 -0.827770 0.553100 0.094216 0.440000 0.592000
0 -31.899332 13.659246 100.349998 -0.827770 0.553100 0.094216 0.440000 0.606000
drum.jpg
0 -32.407467 13.869722 94.650002 -0.976423 0.194222 0.094216 0.440000 0.592000
0 -35.083099 0.418400 94.650002 -0.976423 0.194222 0.094216 0.500000 0.592000
0 -34.533100 0.418400 100.349998 -0.976423 0.194222 0.094216 0.500000 0.606000
drum.jpg
0 -35.083099 0.418400 94.650002 -0.976422 -0.194223 0.094216 0.500000 0.592000
0 -32.407467 -13.032923 94.650002 -0.976422 -0.194223 0.094216 0.560000 0.592000
0 -31.899332 -12.822447 100.349998 -0.976422 -0.194223 0.094216 0.560000 0.606000
drum.jpg
0 -32.407467 -13.032923 94.650002 -0.827771 -0.553099 0.094217 0.560000 0.592000
0 -24.787903 -24.436403 94.650002 -0.827771 -0.553099 0.094217 0.620000 0.592000
0 -24.398994 -24.047495 100.349998 -0.827771 -0.553099 0.094217 0.620000 0.606000
drum.jpg
0 -24.787903 -24.436403 94.650002 -0.553098 -0.827772 0.094216 0.620000 0.592000
0 -13.384422 -32.055965 94.650002 -0.553098 -0.827772 0.094216 0.680000 0.592000
0 -13.173946 -31.547832 100.349998 -0.553098 -0.827772 0.094216 0.680000 0.606000
drum.jpg
0 -13.384422 -32.055965 94.650002 -0.194223 -0.976422 0.094217 0.680000 0.592000
0 0.066900 -34.731602 94.650002 -0.194223 -0.976422 0.094217 0.740000 0.592000
0 0.066900 -34.181599 100.349998 -0.194223 -0.976422 0.094217 0.740000 0.606000
drum.jpg
0 0.066900 -34.731602 94.650002 0.194223 -0.976422 0.094216 0.740000 0.592000
0 13.518223 -32.055965 94.650002 0.194223 -0.976422 0.094216 0.800000 0.592000
0 13.307747 -31.547832 100.349998 0.194223 -0.976422 0.094216 0.800000 0.606000
drum.jpg
0 13.518223 -32.055965 94.650002 0.553098 -0.827771 0.094216 0.800000 0.592000
0 24.921703 -24.436403 94.650002 0.553098 -0.827771 0.094216 0.860000 0.592000
0 24.532795 -24.047495 100.349998 0.553098 -0.827771 0.094216 0.860000 0.606000
drum.jpg
0 24.921703 -24.436403 94.650002 0.827770 -0.553100 0.094217 0.860000 0.592000
0 32.541267 -13.032923 94.650002 0.827770 -0.553100 0.094217 0.920000 0.592000
0 32.033131 -12.822447 100.349998 0.827770 -0.553100 0.094217 0.920000 0.606000
drum.jpg
0 32.541267 -13.032923 94.650002 0.976422 -0.194223 0.094216 0.920000 0.592000
0 35.216900 0.418400 94.650002 0.976422 -0.194223 0.094216 0.980000 0.592000
0 34.666901 0.418400 100.349998 0.976422 -0.194223 0.094216 0.980000 0.606000
drum.jpg
0 34.666901 0.418400 100.349998 0.474159 0.094317 0.875373 0.020000 0.606000
0 32.033131 13.659246 100.349998 0.474159 0.094317 0.875373 0.080000 0.606000
0 30.924477 13.200027 101.000000 0.474159 0.094317 0.875373 0.080000 0.620000
drum.jpg
0 32.033131 13.659246 100.349998 0.401980 0.268590 0.875369 0.080000 0.606000
0 24.532795 24.884295 100.349998 0.401980 0.268590 0.875369 0.140000 0.606000
0 23.684267 24.035767 101.000000 0.401980 0.268590 0.875369 0.140000 0.620000
drum.jpg
0 24.532795 24.884295 100.349998 0.268589 0.401973 0.875373 0.140000 0.606000
0 13.307747 32.384632 100.349998 0.268589 0.401973 0.875373 0.200000 0.606000
0 12.848527 31.275976 101.000000 0.268589 0.401973 0.875373 0.200000 0.620000
drum.jpg
0 13.307747 32.384632 100.349998 0.094319 0.474162 0.875371 0.200000 0.606000
0 0.066900 35.018398 100.349998 0.094319 0.474162 0.875371 0.260000 0.606000
0 0.066900 33.818401 101.000000 0.094319 0.474162 0.875371 0.260000 0.620000
drum.jpg
0 0.066900 35.018398 100.349998 -0.094319 0.474159 0.875372 0.260000 0.606000
0 -13.173946 32.384632 100.349998 -0.094319 0.474159 0.875372 0.320000 0.606000
0 -12.714726 31.275976 101.000000 -0.094319 0.474159 0.875372 0.320000 0.620000
drum.jpg
0 -13.173946 32.384632 100.349998 -0.268589 0.401973 0.875373 0.320000 0.606000
0 -24.398994 24.884295 100.349998 -0.268589 0.401973 0.875373 0.380000 0.606000
0 -23.550467 24.035767 101.000000 -0.268589 0.401973 0.875373 0.380000 0.620000
drum.jpg
0 -24.398994 24.884295 100.349998 -0.401975 0.268590 0.875372 0.380000 0.606000
0 -31.899332 13.659246 100.349998 -0.401975 0.268590 0.875372 0.440000 0.606000
0 -30.790676 13.200027 101.000000 -0.401975 0.268590 0.875372 0.440000 0.620000
drum.jpg
0 -31.899332 13.659246 100.349998 -0.474155 0.094317 0.875375 0.440000 0.606000
0 -34.533100 0.418400 100.349998 -0.474155 0.094317 0.875375 0.500000 0.606000
0 -33.333099 0.418400 101.000000 -0.474155 0.094317 0.875375 0.500000 0.620000
drum.jpg
0 -34.533100 0.418400 100.349998 -0.474158 -0.094317 0.875373 0.500000 0.606000
0 -31.899332 -12.822447 100.349998 -0.474158 -0.094317 0.875373 0.560000 0.606000
0 -30.790676 -12.363227 101.000000 -0.474158 -0.094317 0.875373 0.560000 0.620000
drum.jpg
0 -31.899332 -12.822447 100.349998 -0.401980 -0.268590 0.875369 0.560000 0.606000
0 -24.398994 -24.047495 100.349998 -0.401980 -0.268590 0.875369 0.620000 0.606000
0 -23.550467 -23.198967 101.000000 -0.401980 -0.268590 0.875369 0.620000 0.620000
drum.jpg
0 -24.398994 -24.047495 100.349998 -0.268590 -0.401974 0.875372 0.620000 0.606000
0 -13.173946 -31.547832 100.349998 -0.268590 -0.401974 0.875372 0.680000 0.606000
0 -12.714726 -30.439177 101.000000 -0.268590 -0.401974 0.875372 0.680000 0.620000
drum.jpg
0 -13.173946 -31.547832 100.349998 -0.094319 -0.474162 0.875371 0.680000 0.606000
0 0.066900 -34.181599 100.349998 -0.094319 -0.474162 0.875371 0.740000 0.606000
0 0.066900 -32.981602 101.000000 -0.094319 -0.474162 0.875371 0.740000 0.620000
drum.jpg
0 0.066900 -34.181599 100.349998 0.094319 -0.474161 0.875371 0.740000 0.606000
0 13.307747 -31.547832 100.349998 0.094319 -0.474161 0.875371 0.800000 0.606000
0 12.848527 -30.439177 101.000000 0.094319 -0.474161 0.875371 0.800000 0.620000
drum.jpg
0 13.307747 -31.547832 100.349998 0.268589 -0.401973 0.875373 0.800000 0.606000
0 24.532795 -24.047495 100.349998 0.268589 -0.401973 0.875373 0.860000 0.606000
0 23.684267 -23.198967 101.000000 0.268589 -0.401973 0.875373 0.860000 0.620000
drum.jpg
0 24.532795 -24.047495 100.349998 0.401976 -0.268591 0.875371 0.860000 0.606000
0 32.033131 -12.822447 100.349998 0.401976 -0.268591 0.875371 0.920000 0.606000
0 30.924477 -12.363227 101.000000 0.401976 -0.268591 0.875371 0.920000 0.620000
drum.jpg
0 32.033131 -12.822447 100.349998 0.474155 -0.094317 0.875375 0.920000 0.606000
0 34.666901 0.418400 100.349998 0.474155 -0.094317 0.875375 0.980000 0.606000
0 33.466900 0.418400 101.000000 0.474155 -0.094317 0.875375 0.980000 0.620000
drum.jpg
0 0.066900 0.418400 102.579201 0.000000 0.000000 1.000000 0.250000 0.812000
0 32.466900 0.418400 102.579201 0.000000 0.000000 1.000000 0.422000 0.812000
0 31.844343 6.739326 102.579201 0.000000 0.000000 1.000000 0.418695 0.841264
drum.jpg
0 0.066900 0.418400 102.579201 0.000000 0.000000 1.000000 0.250000 0.812000
0 31.844343 6.739326 102.579201 0.000000 0.000000 1.000000 0.418695 0.841264
0 30.000597 12.817343 102.579201 0.000000 0.000000 1.000000 0.408907 0.869403
drum.jpg
0 0.066900 0.418400 102.579201 0.000001 0.000000 1.000000 0.250000 0.812000
0 30.000597 12.817343 102.579201 0.000001 0.000000 1.000000 0.408907 0.869403
0 27.006516 18.418875 102.579201 0.000001 0.000000 1.000000 0.393013 0.895336
drum.jpg
0 0.066900 0.418400 102.579201 -0.000001 0.000000 1.000000 0.250000 0.812000
0 27.006516 18.418875 102.579201 -0.000001 0.000000 1.000000 0.393013 0.895336
0 22.977160 23.328659 102.579201 -0.000001 0.000000 1.000000 0.371622 0.918066
drum.jpg
0 0.066900 0.418400 102.579201 0.000000 0.000000 1.000000 0.250000 0.812000
0 22.977160 23.328659 102.579201 0.000000 0.000000 1.000000 0.371622 0.918066
0 18.067375 27.358015 102.579201 0.000000 0.000000 1.000000 0.345558 0.936720
drum.jpg
0 0.066900 0.418400 102.579201 0.000001 0.000000 1.000000 0.250000 0.812000
0 18.067375 27.358015 102.579201 0.000001 0.000000 1.000000 0.345558 0.936720
0 12.465843 30.352097 102.579201 0.000001 0.000000 1.000000 0.315822 0.950582
drum.jpg
0 0.066900 0.418400 102.579201 -0.000001 0.000000 1.000000 0.250000 0.812000
0 12.465843 30.352097 102.579201 -0.000001 0.000000 1.000000 0.315822 0.950582
0 6.387826 32.195843 102.579201 -0.000001 0.000000 1.000000 0.283556 0.959118
drum.jpg
0 0.066900 0.418400 102.579201 0.000000 0.000000 1.000000 0.250000 0.812000
0 6.387826 32.195843 102.579201 0.000000 0.000000 1.000000 0.283556 0.959118
0 0.066900 32.818401 102.579201 0.000000 0.000000 1.000000 0.250000 0.962000
drum.jpg
0 0.066900 0.418400 102.579201 0.000000 0.000000 1.000000 0.250000 0.812000
0 0.066900 32.818401 102.579201 0.000000 0.000000 1.000000 0.250000 0.962000
0 -6.254026 32.195843 102.579201 0.000000 0.000000 1.000000 0.216444 0.959118
drum.jpg
0 0.066900 0.418400 102.579201 0.000001 0.000000 1.000000 0.250000 0.812000
0 -6.254026 32.195843 102.579201 0.000001 0.000000 1.000000 0.216444 0.959118
0 -12.332044 30.352097 102.579201 0.000001 0.000000 1.000000 0.184178 0.950582
drum.jpg
0 0.066900 0.418400 102.579201 -0.000001 0.000000 1.000000 0.250000 0.812000
0 -12.332044 30.352097 102.579201 -0.000001 0.000000 1.000000 0.184178 0.950582
0 -17.933575 27.358015 102.579201 -0.000001 0.000000 1.000000 0.154442 0.936720
drum.jpg
0 0.066900 0.418400 102.579201 0.000000 0.000000 1.000000 0.250000 0.812000
0 -17.933575 27.358015 102.579201 0.000000 0.000000 1.000000 0.154442 0.936720
0 -22.843359 23.328659 102.579201 0.000000 0.000000 1.000000 0.128378 0.918066
drum.jpg
0 0.066900 0.418400 102.579201 0.000001 0.000000 1.000000 0.250000 0.812000
0 -22.843359 23.328659 102.579201 0.000001 0.000000 1.000000 0.128378 0.918066
0 -26.872715 18.418875 102.579201 0.000001 0.000000 1.000000 0.106987 0.895336
drum.jpg
0 0.066900 0.418400 102.579201 -0.000001 0.000000 1.000000 0.250000 0.812000
0 -26.872715 18.418875 102.579201 -0.000001 0.000000 1.000000 0.106987 0.895336
0 -29.866796 12.817343 102.579201 -0.000001 0.000000 1.000000 0.091093 0.869403
drum.jpg
0 0.066900 0.418400 102.579201 0.000000 0.000000 1.000000 0.250000 0.812000
0 -29.866796 12.817343 102.579201 0.000000 0.000000 1.000000 0.091093 0.869403
0 -31.710543 6.739326 102.579201 0.000000 0.000000 1.000000 0.081305 0.841264
drum.jpg
0 0.066900 0.418400 102.579201 0.000000 0.000000 1.000000 0.250000 0.812000
0 -31.710543 6.739326 102.579201 0.000000 0.000000 1.000000 0.081305 0.841264
0 -32.333099 0.418400 102.579201 0.000000 0.000000 1.000000 0.078000 0.812000
drum.jpg
0 0.066900 0.418400 102.579201 0.000000 0.000000 1.000000 0.250000 0.812000
0 -32.333099 0.418400 102.579201 0.000000 0.000000 1.000000 0.078000 0.812000
0 -31.710543 -5.902526 102.579201 0.000000 0.000000 1.000000 0.081305 0.782736
drum.jpg
0 0.066900 0.418400 102.579201 0.000000 0.000000 1.000000 0.250000 0.812000
0 -31.710543 -5.902526 102.579201 0.000000 0.000000 1.000000 0.081305 0.782736
0 -29.866796 -11.980543 102.579201 0.000000 0.000000 1.000000 0.091093 0.754597
drum.jpg
0 0.066900 0.418400 102.579201 -0.000001 0.000000 1.000000 0.250000 0.812000
0 -29.866796 -11.980543 102.579201 -0.000001 0.000000 1.000000 0.091093 0.754597
0 -26.872715 -17.582075 102.579201 -0.000001 0.000000 1.000000 0.106987 0.728664
drum.jpg
0 0.066900 0.418400 102.579201 0.000001 0.000000 1.000000 0.250000 0.812000
0 -26.872715 -17.582075 102.579201 0.000001 0.000000 1.000000 0.106987 0.728664
0 -22.843359 -22.491859 102.579201 0.000001 0.000000 1.000000 0.128378 0.705934
drum.jpg
0 0.066900 0.418400 102.579201 0.000000 0.000000 1.000000 0.250000 0.812000
0 -22.843359 -22.491859 102.579201 0.000000 0.000000 1.000000 0.128378 0.705934
0 -17.933575 -26.521215 102.579201 0.000000 0.000000 1.000000 0.154442 0.687280
drum.jpg
0 0.066900 0.418400 102.579201 -0.000001 0.000000 1.000000 0.250000 0.812000
0 -17.933575 -26.521215 102.579201 -0.000001 0.000000 1.000000 0.154442 0.687280
0 -12.332044 -29.515297 102.579201 -0.000001 0.000000 1.000000 0.184178 0.673418
drum.jpg
0 0.066900 0.418400 102.579201 0.000001 0.000000 1.000000 0.250000 0.812000
0 -12.332044 -29.515297 102.579201 0.000001 0.000000 1.000000 0.184178 0.673418
0 -6.254026 -31.359043 102.579201 0.000001 0.000000 1.000000 0.216444 0.664882
drum.jpg
0 0.066900 0.418400 102.579201 -0.000002 0.000000 1.000000 0.250000 0.812000
0 -6.254026 -31.359043 102.579201 -0.000002 0.000000 1.000000 0.216444 0.664882
0 0.066900 -31.981600 102.579201 -0.000002 0.000000 1.000000 0.250000 0.662000
drum.jpg
0 0.066900 0.418400 102.579201 0.000002 0.000000 1.000000 0.250000 0.812000
0 0.066900 -31.981600 102.579201 0.000002 0.000000 1.000000 0.250000 0.662000
0 6.387826 -31.359043 102.579201 0.000002 0.000000 1.000000 0.283556 0.664882
drum.jpg
0 0.066900 0.418400 102.579201 -0.000001 0.000000 1.000000 0.250000 0.812000
0 6.387826 -31.359043 102.579201 -0.000001 0.000000 1.000000 0.283556 0.664882
0 12.465843 -29.515297 102.579201 -0.000001 0.000000 1.000000 0.315822 0.673418
drum.jpg
0 0.066900 0.418400 102.579201 0.000001 0.000000 1.000000 0.250000 0.812000
0 12.465843 -29.515297 102.579201 0.000001 0.000000 1.000000 0.315822 0.673418
0 18.067375 -26.521215 102.579201 0.000001 0.000000 1.000000 0.345558 0.687280
drum.jpg
0 0.066900 0.418400 102.579201 0.000000 0.000000 1.000000 0.250000 0.812000
0 18.067375 -26.521215 102.579201 0.000000 0.000000 1.000000 0.345558 0.687280
0 22.977160 -22.491859 102.579201 0.000000 0.000000 1.000000 0.371622 0.705934
drum.jpg
0 0.066900 0.418400 102.579201 -0.000001 0.000000 1.000000 0.250000 0.812000
0 22.977160 -22.491859 102.579201 -0.000001 0.000000 1.000000 0.371622 0.705934
0 27.006516 -17.582075 102.579201 -0.000001 0.000000 1.000000 0.393013 0.728664
drum.jpg
0 0.066900 0.418400 102.579201 0.000001 0.000000 1.000000 0.250000 0.812000
0 27.006516 -17.582075 102.579201 0.000001 0.000000 1.000000 0.393013 0.728664
0 30.000597 -11.980543 102.579201 0.000001 0.000000 1.000000 0.408907 0.754597
drum.jpg
0 0.066900 0.418400 102.579201 0.000000 0.000000 1.000000 0.250000 0.812000
0 30.000597 -11.980543 102.579201 0.000000 0.000000 1.000000 0.408907 0.754597
0 31.844343 -5.902526 102.579201 0.000000 0.000000 1.000000 0.418695 0.782736
drum.jpg
0 0.066900 0.418400 102.579201 0.000000 0.000000 1.000000 0.250000 0.812000
0 31.844343 -5.902526 102.579201 0.000000 0.000000 1.000000 0.418695 0.782736
0 32.466900 0.418400 102.579201 0.000000 0.000000 1.000000 0.422000 0.812000
drum.jpg
0 32.466900 0.418400 102.579201 0.553097 0.054478 -0.831334 0.020000 0.085000
0 32.433990 6.856615 102.979202 0.553097 0.054478 -0.831334 0.050000 0.320000
0 33.068100 0.418400 102.979202 0.553097 0.054478 -0.831334 0.020000 0.320000
drum.jpg
0 31.844343 6.739326 102.579201 0.531874 0.161335 -0.831313 0.050000 0.085000
0 30.556034 13.047413 102.979202 0.531874 0.161335 -0.831313 0.080000 0.320000
0 32.433990 6.856615 102.979202 0.531874 0.161335 -0.831313 0.050000 0.320000
drum.jpg
0 30.000597 12.817343 102.579201 0.490146 0.261999 -0.831332 0.080000 0.085000
0 27.506395 18.752884 102.979202 0.490146 0.261999 -0.831332 0.110000 0.320000
0 30.556034 13.047413 102.979202 0.490146 0.261999 -0.831332 0.080000 0.320000
drum.jpg
0 27.006516 18.418875 102.579201 0.429630 0.352587 -0.831325 0.110000 0.085000
0 23.402273 23.753773 102.979202 0.429630 0.352587 -0.831325 0.140000 0.320000
0 27.506395 18.752884 102.979202 0.429630 0.352587 -0.831325 0.110000 0.320000
drum.jpg
0 22.977160 23.328659 102.579201 0.352576 0.429630 -0.831329 0.140000 0.085000
0 18.401384 27.857895 102.979202 0.352576 0.429630 -0.831329 0.170000 0.320000
0 23.402273 23.753773 102.979202 0.352576 0.429630 -0.831329 0.140000 0.320000
drum.jpg
0 18.067375 27.358015 102.579201 0.261995 0.490163 -0.831323 0.170000 0.085000
0 12.695912 30.907534 102.979202 0.261995 0.490163 -0.831323 0.200000 0.320000
0 18.401384 27.857895 102.979202 0.261995 0.490163 -0.831323 0.170000 0.320000
drum.jpg
0 12.465843 30.352097 102.579201 0.161332 0.531858 -0.831324 0.200000 0.085000
0 6.505115 32.785492 102.979202 0.161332 0.531858 -0.831324 0.230000 0.320000
0 12.695912 30.907534 102.979202 0.161332 0.531858 -0.831324 0.200000 0.320000
drum.jpg
0 6.387826 32.195843 102.579201 0.054474 0.553114 -0.831323 0.230000 0.085000
0 0.066900 33.419601 102.979202 0.054474 0.553114 -0.831323 0.260000 0.320000
0 6.505115 32.785492 102.979202 0.054474 0.553114 -0.831323 0.230000 0.320000
drum.jpg
0 0.066900 32.818401 102.579201 -0.054474 0.553114 -0.831323 0.260000 0.085000
0 -6.371315 32.785492 102.979202 -0.054474 0.553114 -0.831323 0.290000 0.320000
0 0.066900 33.419601 102.979202 -0.054474 0.553114 -0.831323 0.260000 0.320000
drum.jpg
0 -6.254026 32.195843 102.579201 -0.161325 0.531856 -0.831326 0.290000 0.085000
0 -12.562113 30.907534 102.979202 -0.161325 0.531856 -0.831326 0.320000 0.320000
0 -6.371315 32.785492 102.979202 -0.161325 0.531856 -0.831326 0.290000 0.320000
drum.jpg
0 -12.332044 30.352097 102.579201 -0.262006 0.490159 -0.831322 0.320000 0.085000
0 -18.267584 27.857895 102.979202 -0.262006 0.490159 -0.831322 0.350000 0.320000
0 -12.562113 30.907534 102.979202 -0.262006 0.490159 -0.831322 0.320000 0.320000
drum.jpg
0 -17.933575 27.358015 102.579201 -0.352577 0.429631 -0.831328 0.350000 0.085000
0 -23.268473 23.753773 102.979202 -0.352577 0.429631 -0.831328 0.380000 0.320000
0 -18.267584 27.857895 102.979202 -0.352577 0.429631 -0.831328 0.350000 0.320000
drum.jpg
0 -22.843359 23.328659 102.579201 -0.429630 0.352587 -0.831325 0.380000 0.085000
0 -27.372595 18.752884 102.979202 -0.429630 0.352587 -0.831325 0.410000 0.320000
0 -23.268473 23.753773 102.979202 -0.429630 0.352587 -0.831325 0.380000 0.320000
drum.jpg
0 -26.872715 18.418875 102.579201 -0.490146 0.261999 -0.831332 0.410000 0.085000
0 -30.422234 13.047413 102.979202 -0.490146 0.261999 -0.831332 0.440000 0.320000
0 -27.372595 18.752884 102.979202 -0.490146 0.261999 -0.831332 0.410000 0.320000
drum.jpg
0 -29.866796 12.817343 102.579201 -0.531854 0.161336 -0.831325 0.440000 0.085000
0 -32.300190 6.856615 102.979202 -0.531854 0.161336 -0.831325 0.470000 0.320000
0 -30.422234 13.047413 102.979202 -0.531854 0.161336 -0.831325 0.440000 0.320000
drum.jpg
0 -31.710543 6.739326 102.579201 -0.553097 0.054478 -0.831334 0.470000 0.085000
0 -32.934299 0.418400 102.979202 -0.553097 0.054478 -0.831334 0.500000 0.320000
0 -32.300190 6.856615 102.979202 -0.553097 0.054478 -0.831334 0.470000 0.320000
drum.jpg
0 -32.333099 0.418400 102.579201 -0.553097 -0.054478 -0.831334 0.500000 0.085000
0 -32.300190 -6.019815 102.979202 -0.553097 -0.054478 -0.831334 0.530000 0.320000
0 -32.934299 0.418400 102.979202 -0.553097 -0.054478 -0.831334 0.500000 0.320000
drum.jpg
0 -31.710543 -5.902526 102.579201 -0.531836 -0.161339 -0.831336 0.530000 0.085000
0 -30.422234 -12.210612 102.979202 -0.531836 -0.161339 -0.831336 0.560000 0.320000
0 -32.300190 -6.019815 102.979202 -0.531836 -0.161339 -0.831336 0.530000 0.320000
drum.jpg
0 -29.866796 -11.980543 102.579201 -0.490146 -0.261999 -0.831332 0.560000 0.085000
0 -27.372595 -17.916084 102.979202 -0.490146 -0.261999 -0.831332 0.590000 0.320000
0 -30.422234 -12.210612 102.979202 -0.490146 -0.261999 -0.831332 0.560000 0.320000
drum.jpg
0 -26.872715 -17.582075 102.579201 -0.429630 -0.352587 -0.831325 0.590000 0.085000
0 -23.268473 -22.916973 102.979202 -0.429630 -0.352587 -0.831325 0.620000 0.320000
0 -27.372595 -17.916084 102.979202 -0.429630 -0.352587 -0.831325 0.590000 0.320000
drum.jpg
0 -22.843359 -22.491859 102.579201 -0.352577 -0.429631 -0.831328 0.620000 0.085000
0 -18.267584 -27.021095 102.979202 -0.352577 -0.429631 -0.831328 0.650000 0.320000
0 -23.268473 -22.916973 102.979202 -0.352577 -0.429631 -0.831328 0.620000 0.320000
drum.jpg
0 -17.933575 -26.521215 102.579201 -0.261995 -0.490163 -0.831323 0.650000 0.085000
0 -12.562113 -30.070734 102.979202 -0.261995 -0.490163 -0.831323 0.680000 0.320000
0 -18.267584 -27.021095 102.979202 -0.261995 -0.490163 -0.831323 0.650000 0.320000
drum.jpg
0 -12.332044 -29.515297 102.579201 -0.161338 -0.531858 -0.831323 0.680000 0.085000
0 -6.371315 -31.948690 102.979202 -0.161338 -0.531858 -0.831323 0.710000 0.320000
0 -12.562113 -30.070734 102.979202 -0.161338 -0.531858 -0.831323 0.680000 0.320000
drum.jpg
0 -6.254026 -31.359043 102.579201 -0.054477 -0.553111 -0.831325 0.710000 0.085000
0 0.066900 -32.582802 102.979202 -0.054477 -0.553111 -0.831325 0.740000 0.320000
0 -6.371315 -31.948690 102.979202 -0.054477 -0.553111 -0.831325 0.710000 0.320000
drum.jpg
0 0.066900 -31.981600 102.579201 0.054474 -0.553111 -0.831325 0.740000 0.085000
0 6.505115 -31.948690 102.979202 0.054474 -0.553111 -0.831325 0.770000 0.320000
0 0.066900 -32.582802 102.979202 0.054474 -0.553111 -0.831325 0.740000 0.320000
drum.jpg
0 6.387826 -31.359043 102.579201 0.161333 -0.531861 -0.831321 0.770000 0.085000
0 12.695912 -30.070734 102.979202 0.161333 -0.531861 -0.831321 0.800000 0.320000
0 6.505115 -31.948690 102.979202 0.161333 -0.531861 -0.831321 0.770000 0.320000
drum.jpg
0 12.465843 -29.515297 102.579201 0.262008 -0.490162 -0.831320 0.800000 0.085000
0 18.401384 -27.021095 102.979202 0.262008 -0.490162 -0.831320 0.830000 0.320000
0 12.695912 -30.070734 102.979202 0.262008 -0.490162 -0.831320 0.800000 0.320000
drum.jpg
0 18.067375 -26.521215 102.579201 0.352577 -0.429631 -0.831328 0.830000 0.085000
0 23.402273 -22.916973 102.979202 0.352577 -0.429631 -0.831328 0.860000 0.320000
0 18.401384 -27.021095 102.979202 0.352577 -0.429631 -0.831328 0.830000 0.320000
drum.jpg
0 22.977160 -22.491859 102.579201 0.429630 -0.352587 -0.831325 0.860000 0.085000
0 27.506395 -17.916084 102.979202 0.429630 -0.352587 -0.831325 0.890000 0.320000
0 23.402273 -22.916973 102.979202 0.429630 -0.352587 -0.831325 0.860000 0.320000
drum.jpg
0 27.006516 -17.582075 102.579201 0.490146 -0.261999 -0.831332 0.890000 0.085000
0 30.556034 -12.210612 102.979202 0.490146 -0.261999 -0.831332 0.920000 0.320000
0 27.506395 -17.916084 102.979202 0.490146 -0.261999 -0.831332 0.890000 0.320000
drum.jpg
0 30.000597 -11.980543 102.579201 0.531854 -0.161337 -0.831325 0.920000 0.085000
0 32.433990 -6.019815 102.979202 0.531854 -0.161337 -0.831325 0.950000 0.320000
0 30.556034 -12.210612 102.979202 0.531854 -0.161337 -0.831325 0.920000 0.320000
drum.jpg
0 31.844343 -5.902526 102.579201 0.553097 -0.054478 -0.831334 0.950000 0.085000
0 33.068100 0.418400 102.979202 0.553097 -0.054478 -0.831334 0.980000 0.320000
0 32.433990 -6.019815 102.979202 0.553097 -0.054478 -0.831334 0.950000 0.320000
drum.jpg
0 33.068100 0.418400 102.979202 0.000000 0.000000 1.000000 0.020000 0.320000
0 31.353951 6.641781 102.979202 0.000000 0.000000 1.000000 0.050000 0.555000
0 31.966900 0.418400 102.979202 0.000000 0.000000 1.000000 0.020000 0.555000
drum.jpg
0 32.433990 6.856615 102.979202 0.000000 0.000000 1.000000 0.050000 0.320000
0 29.538656 12.626001 102.979202 0.000000 0.000000 1.000000 0.080000 0.555000
0 31.353951 6.641781 102.979202 0.000000 0.000000 1.000000 0.050000 0.555000
drum.jpg
0 30.556034 13.047413 102.979202 0.000000 0.000000 1.000000 0.080000 0.320000
0 26.590780 18.141090 102.979202 0.000000 0.000000 1.000000 0.110000 0.555000
0 29.538656 12.626001 102.979202 0.000000 0.000000 1.000000 0.080000 0.555000
drum.jpg
0 27.506395 18.752884 102.979202 0.000000 0.000000 1.000000 0.110000 0.320000
0 22.623606 22.975107 102.979202 0.000000 0.000000 1.000000 0.140000 0.555000
0 26.590780 18.141090 102.979202 0.000000 0.000000 1.000000 0.110000 0.555000
drum.jpg
0 23.402273 23.753773 102.979202 0.000009 0.000000 1.000000 0.140000 0.320000
0 17.789591 26.942280 102.979202 0.000009 0.000000 1.000000 0.170000 0.555000
0 22.623606 22.975107 102.979202 0.000009 0.000000 1.000000 0.140000 0.555000
drum.jpg
0 18.401384 27.857895 102.979202 -0.000009 0.000000 1.000000 0.170000 0.320000
0 12.274502 29.890158 102.979202 -0.000009 0.000000 1.000000 0.200000 0.555000
0 17.789591 26.942280 102.979202 -0.000009 0.000000 1.000000 0.170000 0.555000
drum.jpg
0 12.695912 30.907534 102.979202 0.000004 0.000000 1.000000 0.200000 0.320000
0 6.290281 31.705450 102.979202 0.000004 0.000000 1.000000 0.230000 0.555000
0 12.274502 29.890158 102.979202 0.000004 0.000000 1.000000 0.200000 0.555000
drum.jpg
0 6.505115 32.785492 102.979202 -0.000001 0.000000 1.000000 0.230000 0.320000
0 0.066900 32.318401 102.979202 -0.000001 0.000000 1.000000 0.260000 0.555000
0 6.290281 31.705450 102.979202 -0.000001 0.000000 1.000000 0.230000 0.555000
drum.jpg
0 0.066900 33.419601 102.979202 -0.000001 0.000000 1.000000 0.260000 0.320000
0 -6.156481 31.705450 102.979202 -0.000001 0.000000 1.000000 0.290000 0.555000
0 0.066900 32.318401 102.979202 -0.000001 0.000000 1.000000 0.260000 0.555000
drum.jpg
0 -6.371315 32.785492 102.979202 -0.000004 0.000000 1.000000 0.290000 0.320000
0 -12.140701 29.890158 102.979202 -0.000004 0.000000 1.000000 0.320000 0.555000
0 -6.156481 31.705450 102.979202 -0.000004 0.000000 1.000000 0.290000 0.555000
drum.jpg
0 -12.562113 30.907534 102.979202 0.000009 0.000000 1.000000 0.320000 0.320000
0 -17.655790 26.942280 102.979202 0.000009 0.000000 1.000000 0.350000 0.555000
0 -12.140701 29.890158 102.979202 0.000009 0.000000 1.000000 0.320000 0.555000
drum.jpg
0 -18.267584 27.857895 102.979202 0.000000 0.000000 1.000000 0.350000 0.320000
0 -22.489807 22.975107 102.979202 0.000000 0.000000 1.000000 0.380000 0.555000
0 -17.655790 26.942280 102.979202 0.000000 0.000000 1.000000 0.350000 0.555000
drum.jpg
0 -23.268473 23.753773 102.979202 0.000009 0.000000 1.000000 0.380000 0.320000
0 -26.456980 18.141090 102.979202 0.000009 0.000000 1.000000 0.410000 0.555000
0 -22.489807 22.975107 102.979202 0.000009 0.000000 1.000000 0.380000 0.555000
drum.jpg
0 -27.372595 18.752884 102.979202 0.000000 0.000000 1.000000 0.410000 0.320000
0 -29.404858 12.626001 102.979202 0.000000 0.000000 1.000000 0.440000 0.555000
0 -26.456980 18.141090 102.979202 0.000000 0.000000 1.000000 0.410000 0.555000
drum.jpg
0 -30.422234 13.047413 102.979202 0.000018 0.000000 1.000000 0.440000 0.320000
0 -31.220150 6.641781 102.979202 0.000018 0.000000 1.000000 0.470000 0.555000
0 -29.404858 12.626001 102.979202 0.000018 0.000000 1.000000 0.440000 0.555000
drum.jpg
0 -32.300190 6.856615 102.979202 0.000000 0.000000 1.000000 0.470000 0.320000
0 -31.833099 0.418400 102.979202 0.000000 0.000000 1.000000 0.500000 0.555000
0 -31.220150 6.641781 102.979202 0.000000 0.000000 1.000000 0.470000 0.555000
drum.jpg
0 -32.934299 0.418400 102.979202 0.000000 0.000000 1.000000 0.500000 0.320000
0 -31.220150 -5.804981 102.979202 0.000000 0.000000 1.000000 0.530000 0.555000
0 -31.833099 0.418400 102.979202 0.000000 0.000000 1.000000 0.500000 0.555000
drum.jpg
0 -32.300190 -6.019815 102.979202 0.000000 0.000000 1.000000 0.530000 0.320000
0 -29.404858 -11.789202 102.979202 0.000000 0.000000 1.000000 0.560000 0.555000
0 -31.220150 -5.804981 102.979202 0.000000 0.000000 1.000000 0.530000 0.555000
drum.jpg
0 -30.422234 -12.210612 102.979202 0.000018 0.000000 1.000000 0.560000 0.320000
0 -26.456980 -17.304291 102.979202 0.000018 0.000000 1.000000 0.590000 0.555000
0 -29.404858 -11.789202 102.979202 0.000018 0.000000 1.000000 0.560000 0.555000
drum.jpg
0 -27.372595 -17.916084 102.979202 0.000000 0.000000 1.000000 0.590000 0.320000
0 -22.489807 -22.138306 102.979202 0.000000 0.000000 1.000000 0.620000 0.555000
0 -26.456980 -17.304291 102.979202 0.000000 0.000000 1.000000 0.590000 0.555000
drum.jpg
0 -23.268473 -22.916973 102.979202 0.000000 0.000000 1.000000 0.620000 0.320000
0 -17.655790 -26.105480 102.979202 0.000000 0.000000 1.000000 0.650000 0.555000
0 -22.489807 -22.138306 102.979202 0.000000 0.000000 1.000000 0.620000 0.555000
drum.jpg
0 -18.267584 -27.021095 102.979202 0.000000 0.000000 1.000000 0.650000 0.320000
0 -12.140701 -29.053356 102.979202 0.000000 0.000000 1.000000 0.680000 0.555000
0 -17.655790 -26.105480 102.979202 0.000000 0.000000 1.000000 0.650000 0.555000
drum.jpg
0 -12.562113 -30.070734 102.979202 0.000000 0.000000 1.000000 0.680000 0.320000
0 -6.156481 -30.868650 102.979202 0.000000 0.000000 1.000000 0.710000 0.555000
0 -12.140701 -29.053356 102.979202 0.000000 0.000000 1.000000 0.680000 0.555000
drum.jpg
0 -6.371315 -31.948690 102.979202 0.000001 0.000000 1.000000 0.710000 0.320000
0 0.066900 -31.481600 102.979202 0.000001 0.000000 1.000000 0.740000 0.555000
0 -6.156481 -30.868650 102.979202 0.000001 0.000000 1.000000 0.710000 0.555000
drum.jpg
0 0.066900 -32.582802 102.979202 -0.000001 0.000000 1.000000 0.740000 0.320000
0 6.290281 -30.868650 102.979202 -0.000001 0.000000 1.000000 0.770000 0.555000
0 0.066900 -31.481600 102.979202 -0.000001 0.000000 1.000000 0.740000 0.555000
drum.jpg
0 6.505115 -31.948690 102.979202 0.000000 0.000000 1.000000 0.770000 0.320000
0 12.274502 -29.053356 102.979202 0.000000 0.000000 1.000000 0.800000 0.555000
0 6.290281 -30.868650 102.979202 0.000000 0.000000 1.000000 0.770000 0.555000
drum.jpg
0 12.695912 -30.070734 102.979202 0.000000 0.000000 1.000000 0.800000 0.320000
0 17.789591 -26.105480 102.979202 0.000000 0.000000 1.000000 0.830000 0.555000
0 12.274502 -29.053356 102.979202 0.000000 0.000000 1.000000 0.800000 0.555000
drum.jpg
0 18.401384 -27.021095 102.979202 0.000000 0.000000 1.000000 0.830000 0.320000
0 22.623606 -22.138306 102.979202 0.000000 0.000000 1.000000 0.860000 0.555000
0 17.789591 -26.105480 102.979202 0.000000 0.000000 1.000000 0.830000 0.555000
drum.jpg
0 23.402273 -22.916973 102.979202 0.000000 0.000000 1.000000 0.860000 0.320000
0 26.590780 -17.304291 102.979202 0.000000 0.000000 1.000000 0.890000 0.555000
0 22.623606 -22.138306 102.979202 0.000000 0.000000 1.000000 0.860000 0.555000
drum.jpg
0 27.506395 -17.916084 102.979202 0.000000 0.000000 1.000000 0.890000 0.320000
0 29.538656 -11.789202 102.979202 0.000000 0.000000 1.000000 0.920000 0.555000
0 26.590780 -17.304291 102.979202 0.000000 0.000000 1.000000 0.890000 0.555000
drum.jpg
0 30.556034 -12.210612 102.979202 0.000000 0.000000 1.000000 0.920000 0.320000
0 31.353951 -5.804981 102.979202 0.000000 0.000000 1.000000 0.950000 0.555000
0 29.538656 -11.789202 102.979202 0.000000 0.000000 1.000000 0.920000 0.555000
drum.jpg
0 32.433990 -6.019815 102.979202 0.000018 0.000000 1.000000 0.950000 0.320000
0 31.966900 0.418400 102.979202 0.000018 0.000000 1.000000 0.980000 0.555000
0 31.353951 -5.804981 102.979202 0.000018 0.000000 1.000000 0.950000 0.555000
drum.jpg
0 32.466900 0.418400 102.579201 0.553113 0.054477 -0.831324 0.020000 0.085000
0 31.844343 6.739326 102.579201 0.553113 0.054477 -0.831324 0.050000 0.085000
0 32.433990 6.856615 102.979202 0.553113 0.054477 -0.831324 0.050000 0.320000
drum.jpg
0 31.844343 6.739326 102.579201 0.531865 0.161335 -0.831319 0.050000 0.085000
0 30.000597 12.817343 102.579201 0.531865 0.161335 -0.831319 0.080000 0.085000
0 30.556034 13.047413 102.979202 0.531865 0.161335 -0.831319 0.080000 0.320000
drum.jpg
0 30.000597 12.817343 102.579201 0.490186 0.261992 -0.831311 0.080000 0.085000
0 27.006516 18.418875 102.579201 0.490186 0.261992 -0.831311 0.110000 0.085000
0 27.506395 18.752884 102.979202 0.490186 0.261992 -0.831311 0.110000 0.320000
drum.jpg
0 27.006516 18.418875 102.579201 0.429642 0.352587 -0.831318 0.110000 0.085000
0 22.977160 23.328659 102.579201 0.429642 0.352587 -0.831318 0.140000 0.085000
0 23.402273 23.753773 102.979202 0.429642 0.352587 -0.831318 0.140000 0.320000
drum.jpg
0 22.977160 23.328659 102.579201 0.352593 0.429630 -0.831322 0.140000 0.085000
0 18.067375 27.358015 102.579201 0.352593 0.429630 -0.831322 0.170000 0.085000
0 18.401384 27.857895 102.979202 0.352593 0.429630 -0.831322 0.170000 0.320000
drum.jpg
0 18.067375 27.358015 102.579201 0.262004 0.490162 -0.831321 0.170000 0.085000
0 12.465843 30.352097 102.579201 0.262004 0.490162 -0.831321 0.200000 0.085000
0 12.695912 30.907534 102.979202 0.262004 0.490162 -0.831321 0.200000 0.320000
drum.jpg
0 12.465843 30.352097 102.579201 0.161343 0.531854 -0.831324 0.200000 0.085000
0 6.387826 32.195843 102.579201 0.161343 0.531854 -0.831324 0.230000 0.085000
0 6.505115 32.785492 102.979202 0.161343 0.531854 -0.831324 0.230000 0.320000
drum.jpg
0 6.387826 32.195843 102.579201 0.054476 0.553109 -0.831326 0.230000 0.085000
0 0.066900 32.818401 102.579201 0.054476 0.553109 -0.831326 0.260000 0.085000
0 0.066900 33.419601 102.979202 0.054476 0.553109 -0.831326 0.260000 0.320000
drum.jpg
0 0.066900 32.818401 102.579201 -0.054476 0.553108 -0.831327 0.260000 0.085000
0 -6.254026 32.195843 102.579201 -0.054476 0.553108 -0.831327 0.290000 0.085000
0 -6.371315 32.785492 102.979202 -0.054476 0.553108 -0.831327 0.290000 0.320000
drum.jpg
0 -6.254026 32.195843 102.579201 -0.161345 0.531854 -0.831324 0.290000 0.085000
0 -12.332044 30.352097 102.579201 -0.161345 0.531854 -0.831324 0.320000 0.085000
0 -12.562113 30.907534 102.979202 -0.161345 0.531854 -0.831324 0.320000 0.320000
drum.jpg
0 -12.332044 30.352097 102.579201 -0.261992 0.490161 -0.831325 0.320000 0.085000
0 -17.933575 27.358015 102.579201 -0.261992 0.490161 -0.831325 0.350000 0.085000
0 -18.267584 27.857895 102.979202 -0.261992 0.490161 -0.831325 0.350000 0.320000
drum.jpg
0 -17.933575 27.358015 102.579201 -0.352591 0.429629 -0.831324 0.350000 0.085000
0 -22.843359 23.328659 102.579201 -0.352591 0.429629 -0.831324 0.380000 0.085000
0 -23.268473 23.753773 102.979202 -0.352591 0.429629 -0.831324 0.380000 0.320000
drum.jpg
0 -22.843359 23.328659 102.579201 -0.429633 0.352588 -0.831322 0.380000 0.085000
0 -26.872715 18.418875 102.579201 -0.429633 0.352588 -0.831322 0.410000 0.085000
0 -27.372595 18.752884 102.979202 -0.429633 0.352588 -0.831322 0.410000 0.320000
drum.jpg
0 -26.872715 18.418875 102.579201 -0.490178 0.261994 -0.831315 0.410000 0.085000
0 -29.866796 12.817343 102.579201 -0.490178 0.261994 -0.831315 0.440000 0.085000
0 -30.422234 13.047413 102.979202 -0.490178 0.261994 -0.831315 0.440000 0.320000
drum.jpg
0 -29.866796 12.817343 102.579201 -0.531875 0.161335 -0.831312 0.440000 0.085000
0 -31.710543 6.739326 102.579201 -0.531875 0.161335 -0.831312 0.470000 0.085000
0 -32.300190 6.856615 102.979202 -0.531875 0.161335 -0.831312 0.470000 0.320000
drum.jpg
0 -31.710543 6.739326 102.579201 -0.553103 0.054477 -0.831330 0.470000 0.085000
0 -32.333099 0.418400 102.579201 -0.553103 0.054477 -0.831330 0.500000 0.085000
0 -32.934299 0.418400 102.979202 -0.553103 0.054477 -0.831330 0.500000 0.320000
drum.jpg
0 -32.333099 0.418400 102.579201 -0.553116 -0.054476 -0.831321 0.500000 0.085000
0 -31.710543 -5.902526 102.579201 -0.553116 -0.054476 -0.831321 0.530000 0.085000
0 -32.300190 -6.019815 102.979202 -0.553116 -0.054476 -0.831321 0.530000 0.320000
drum.jpg
0 -31.710543 -5.902526 102.579201 -0.531877 -0.161334 -0.831311 0.530000 0.085000
0 -29.866796 -11.980543 102.579201 -0.531877 -0.161334 -0.831311 0.560000 0.085000
0 -30.422234 -12.210612 102.979202 -0.531877 -0.161334 -0.831311 0.560000 0.320000
drum.jpg
0 -29.866796 -11.980543 102.579201 -0.490187 -0.261992 -0.831310 0.560000 0.085000
0 -26.872715 -17.582075 102.579201 -0.490187 -0.261992 -0.831310 0.590000 0.085000
0 -27.372595 -17.916084 102.979202 -0.490187 -0.261992 -0.831310 0.590000 0.320000
drum.jpg
0 -26.872715 -17.582075 102.579201 -0.429640 -0.352586 -0.831320 0.590000 0.085000
0 -22.843359 -22.491859 102.579201 -0.429640 -0.352586 -0.831320 0.620000 0.085000
0 -23.268473 -22.916973 102.979202 -0.429640 -0.352586 -0.831320 0.620000 0.320000
drum.jpg
0 -22.843359 -22.491859 102.579201 -0.352592 -0.429629 -0.831323 0.620000 0.085000
0 -17.933575 -26.521215 102.579201 -0.352592 -0.429629 -0.831323 0.650000 0.085000
0 -18.267584 -27.021095 102.979202 -0.352592 -0.429629 -0.831323 0.650000 0.320000
drum.jpg
0 -17.933575 -26.521215 102.579201 -0.262003 -0.490159 -0.831323 0.650000 0.085000
0 -12.332044 -29.515297 102.579201 -0.262003 -0.490159 -0.831323 0.680000 0.085000
0 -12.562113 -30.070734 102.979202 -0.262003 -0.490159 -0.831323 0.680000 0.320000
drum.jpg
0 -12.332044 -29.515297 102.579201 -0.161343 -0.531857 -0.831322 0.680000 0.085000
0 -6.254026 -31.359043 102.579201 -0.161343 -0.531857 -0.831322 0.710000 0.085000
0 -6.371315 -31.948690 102.979202 -0.161343 -0.531857 -0.831322 0.710000 0.320000
drum.jpg
0 -6.254026 -31.359043 102.579201 -0.054478 -0.553112 -0.831324 0.710000 0.085000
0 0.066900 -31.981600 102.579201 -0.054478 -0.553112 -0.831324 0.740000 0.085000
0 0.066900 -32.582802 102.979202 -0.054478 -0.553112 -0.831324 0.740000 0.320000
drum.jpg
0 0.066900 -31.981600 102.579201 0.054478 -0.553113 -0.831323 0.740000 0.085000
0 6.387826 -31.359043 102.579201 0.054478 -0.553113 -0.831323 0.770000 0.085000
0 6.505115 -31.948690 102.979202 0.054478 -0.553113 -0.831323 0.770000 0.320000
drum.jpg
0 6.387826 -31.359043 102.579201 0.161345 -0.531854 -0.831324 0.770000 0.085000
0 12.465843 -29.515297 102.579201 0.161345 -0.531854 -0.831324 0.800000 0.085000
0 12.695912 -30.070734 102.979202 0.161345 -0.531854 -0.831324 0.800000 0.320000
drum.jpg
0 12.465843 -29.515297 102.579201 0.261992 -0.490161 -0.831326 0.800000 0.085000
0 18.067375 -26.521215 102.579201 0.261992 -0.490161 -0.831326 0.830000 0.085000
0 18.401384 -27.021095 102.979202 0.261992 -0.490161 -0.831326 0.830000 0.320000
drum.jpg
0 18.067375 -26.521215 102.579201 0.352591 -0.429630 -0.831323 0.830000 0.085000
0 22.977160 -22.491859 102.579201 0.352591 -0.429630 -0.831323 0.860000 0.085000
0 23.402273 -22.916973 102.979202 0.352591 -0.429630 -0.831323 0.860000 0.320000
drum.jpg
0 22.977160 -22.491859 102.579201 0.429633 -0.352588 -0.831323 0.860000 0.085000
0 27.006516 -17.582075 102.579201 0.429633 -0.352588 -0.831323 0.890000 0.085000
0 27.506395 -17.916084 102.979202 0.429633 -0.352588 -0.831323 0.890000 0.320000
drum.jpg
0 27.006516 -17.582075 102.579201 0.490186 -0.261992 -0.831311 0.890000 0.085000
0 30.000597 -11.980543 102.579201 0.490186 -0.261992 -0.831311 0.920000 0.085000
0 30.556034 -12.210612 102.979202 0.490186 -0.261992 -0.831311 0.920000 0.320000
drum.jpg
0 30.000597 -11.980543 102.579201 0.531871 -0.161335 -0.831315 0.920000 0.085000
0 31.844343 -5.902526 102.579201 0.531871 -0.161335 -0.831315 0.950000 0.085000
0 32.433990 -6.019815 102.979202 0.531871 -0.161335 -0.831315 0.950000 0.320000
drum.jpg
0 31.844343 -5.902526 102.579201 0.553121 -0.054477 -0.831318 0.950000 0.085000
0 32.466900 0.418400 102.579201 0.553121 -0.054477 -0.831318 0.980000 0.085000
0 33.068100 0.418400 102.979202 0.553121 -0.054477 -0.831318 0.980000 0.320000
drum.jpg
0 33.068100 0.418400 102.979202 0.000002 0.000000 1.000000 0.020000 0.320000
0 32.433990 6.856615 102.979202 0.000002 0.000000 1.000000 0.050000 0.320000
0 31.353951 6.641781 102.979202 0.000002 0.000000 1.000000 0.050000 0.555000
drum.jpg
0 32.433990 6.856615 102.979202 -0.000013 0.000000 1.000000 0.050000 0.320000
0 30.556034 13.047413 102.979202 -0.000013 0.000000 1.000000 0.080000 0.320000
0 29.538656 12.626001 102.979202 -0.000013 0.000000 1.000000 0.080000 0.555000
drum.jpg
0 30.556034 13.047413 102.979202 -0.000001 0.000000 1.000000 0.080000 0.320000
0 27.506395 18.752884 102.979202 -0.000001 0.000000 1.000000 0.110000 0.320000
0 26.590780 18.141090 102.979202 -0.000001 0.000000 1.000000 0.110000 0.555000
drum.jpg
0 27.506395 18.752884 102.979202 -0.000004 0.000000 1.000000 0.110000 0.320000
0 23.402273 23.753773 102.979202 -0.000004 0.000000 1.000000 0.140000 0.320000
0 22.623606 22.975107 102.979202 -0.000004 0.000000 1.000000 0.140000 0.555000
drum.jpg
0 23.402273 23.753773 102.979202 0.000002 0.000000 1.000000 0.140000 0.320000
0 18.401384 27.857895 102.979202 0.000002 0.000000 1.000000 0.170000 0.320000
0 17.789591 26.942280 102.979202 0.000002 0.000000 1.000000 0.170000 0.555000
drum.jpg
0 18.401384 27.857895 102.979202 -0.000002 0.000000 1.000000 0.170000 0.320000
0 12.695912 30.907534 102.979202 -0.000002 0.000000 1.000000 0.200000 0.320000
0 12.274502 29.890158 102.979202 -0.000002 0.000000 1.000000 0.200000 0.555000
drum.jpg
0 12.695912 30.907534 102.979202 0.000002 0.000000 1.000000 0.200000 0.320000
0 6.505115 32.785492 102.979202 0.000002 0.000000 1.000000 0.230000 0.320000
0 6.290281 31.705450 102.979202 0.000002 0.000000 1.000000 0.230000 0.555000
drum.jpg
0 6.505115 32.785492 102.979202 0.000002 0.000000 1.000000 0.230000 0.320000
0 0.066900 33.419601 102.979202 0.000002 0.000000 1.000000 0.260000 0.320000
0 0.066900 32.318401 102.979202 0.000002 0.000000 1.000000 0.260000 0.555000
drum.jpg
0 0.066900 33.419601 102.979202 0.000000 0.000000 1.000000 0.260000 0.320000
0 -6.371315 32.785492 102.979202 0.000000 0.000000 1.000000 0.290000 0.320000
0 -6.156481 31.705450 102.979202 0.000000 0.000000 1.000000 0.290000 0.555000
drum.jpg
0 -6.371315 32.785492 102.979202 -0.000002 0.000000 1.000000 0.290000 0.320000
0 -12.562113 30.907534 102.979202 -0.000002 0.000000 1.000000 0.320000 0.320000
0 -12.140701 29.890158 102.979202 -0.000002 0.000000 1.000000 0.320000 0.555000
drum.jpg
0 -12.562113 30.907534 102.979202 0.000002 0.000000 1.000000 0.320000 0.320000
0 -18.267584 27.857895 102.979202 0.000002 0.000000 1.000000 0.350000 0.320000
0 -17.655790 26.942280 102.979202 0.000002 0.000000 1.000000 0.350000 0.555000
drum.jpg
0 -18.267584 27.857895 102.979202 -0.000004 0.000000 1.000000 0.350000 0.320000
0 -23.268473 23.753773 102.979202 -0.000004 0.000000 1.000000 0.380000 0.320000
0 -22.489807 22.975107 102.979202 -0.000004 0.000000 1.000000 0.380000 0.555000
drum.jpg
0 -23.268473 23.753773 102.979202 -0.000001 0.000000 1.000000 0.380000 0.320000
0 -27.372595 18.752884 102.979202 -0.000001 0.000000 1.000000 0.410000 0.320000
0 -26.456980 18.141090 102.979202 -0.000001 0.000000 1.000000 0.410000 0.555000
drum.jpg
0 -27.372595 18.752884 102.979202 0.000004 0.000000 1.000000 0.410000 0.320000
0 -30.422234 13.047413 102.979202 0.000004 0.000000 1.000000 0.440000 0.320000
0 -29.404858 12.626001 102.979202 0.000004 0.000000 1.000000 0.440000 0.555000
drum.jpg
0 -30.422234 13.047413 102.979202 0.000002 0.000000 1.000000 0.440000 0.320000
0 -32.300190 6.856615 102.979202 0.000002 0.000000 1.000000 0.470000 0.320000
0 -31.220150 6.641781 102.979202 0.000002 0.000000 1.000000 0.470000 0.555000
drum.jpg
0 -32.300190 6.856615 102.979202 0.000000 0.000000 1.000000 0.470000 0.320000
0 -32.934299 0.418400 102.979202 0.000000 0.000000 1.000000 0.500000 0.320000
0 -31.833099 0.418400 102.979202 0.000000 0.000000 1.000000 0.500000 0.555000
drum.jpg
0 -32.934299 0.418400 102.979202 -0.000016 0.000000 1.000000 0.500000 0.320000
0 -32.300190 -6.019815 102.979202 -0.000016 0.000000 1.000000 0.530000 0.320000
0 -31.220150 -5.804981 102.979202 -0.000016 0.000000 1.000000 0.530000 0.555000
drum.jpg
0 -32.300190 -6.019815 102.979202 0.000006 0.000000 1.000000 0.530000 0.320000
0 -30.422234 -12.210612 102.979202 0.000006 0.000000 1.000000 0.560000 0.320000
0 -29.404858 -11.789202 102.979202 0.000006 0.000000 1.000000 0.560000 0.555000
drum.jpg
0 -30.422234 -12.210612 102.979202 0.000001 0.000000 1.000000 0.560000 0.320000
0 -27.372595 -17.916084 102.979202 0.000001 0.000000 1.000000 0.590000 0.320000
0 -26.456980 -17.304291 102.979202 0.000001 0.000000 1.000000 0.590000 0.555000
drum.jpg
0 -27.372595 -17.916084 102.979202 0.000000 0.000000 1.000000 0.590000 0.320000
0 -23.268473 -22.916973 102.979202 0.000000 0.000000 1.000000 0.620000 0.320000
0 -22.489807 -22.138306 102.979202 0.000000 0.000000 1.000000 0.620000 0.555000
drum.jpg
0 -23.268473 -22.916973 102.979202 -0.000002 0.000000 1.000000 0.620000 0.320000
0 -18.267584 -27.021095 102.979202 -0.000002 0.000000 1.000000 0.650000 0.320000
0 -17.655790 -26.105480 102.979202 -0.000002 0.000000 1.000000 0.650000 0.555000
drum.jpg
0 -18.267584 -27.021095 102.979202 0.000002 0.000000 1.000000 0.650000 0.320000
0 -12.562113 -30.070734 102.979202 0.000002 0.000000 1.000000 0.680000 0.320000
0 -12.140701 -29.053356 102.979202 0.000002 0.000000 1.000000 0.680000 0.555000
drum.jpg
0 -12.562113 -30.070734 102.979202 0.000002 0.000000 1.000000 0.680000 0.320000
0 -6.371315 -31.948690 102.979202 0.000002 0.000000 1.000000 0.710000 0.320000
0 -6.156481 -30.868650 102.979202 0.000002 0.000000 1.000000 0.710000 0.555000
drum.jpg
0 -6.371315 -31.948690 102.979202 0.000000 0.000000 1.000000 0.710000 0.320000
0 0.066900 -32.582802 102.979202 0.000000 0.000000 1.000000 0.740000 0.320000
0 0.066900 -31.481600 102.979202 0.000000 0.000000 1.000000 0.740000 0.555000
drum.jpg
0 0.066900 -32.582802 102.979202 0.000000 0.000000 1.000000 0.740000 0.320000
0 6.505115 -31.948690 102.979202 0.000000 0.000000 1.000000 0.770000 0.320000
0 6.290281 -30.868650 102.979202 0.000000 0.000000 1.000000 0.770000 0.555000
drum.jpg
0 6.505115 -31.948690 102.979202 -0.000002 0.000000 1.000000 0.770000 0.320000
0 12.695912 -30.070734 102.979202 -0.000002 0.000000 1.000000 0.800000 0.320000
0 12.274502 -29.053356 102.979202 -0.000002 0.000000 1.000000 0.800000 0.555000
drum.jpg
0 12.695912 -30.070734 102.979202 -0.000002 0.000000 1.000000 0.800000 0.320000
0 18.401384 -27.021095 102.979202 -0.000002 0.000000 1.000000 0.830000 0.320000
0 17.789591 -26.105480 102.979202 -0.000002 0.000000 1.000000 0.830000 0.555000
drum.jpg
0 18.401384 -27.021095 102.979202 0.000000 0.000000 1.000000 0.830000 0.320000
0 23.402273 -22.916973 102.979202 0.000000 0.000000 1.000000 0.860000 0.320000
0 22.623606 -22.138306 102.979202 0.000000 0.000000 1.000000 0.860000 0.555000
drum.jpg
0 23.402273 -22.916973 102.979202 0.000001 0.000000 1.000000 0.860000 0.320000
0 27.506395 -17.916084 102.979202 0.000001 0.000000 1.000000 0.890000 0.320000
0 26.590780 -17.304291 102.979202 0.000001 0.000000 1.000000 0.890000 0.555000
drum.jpg
0 27.506395 -17.916084 102.979202 -0.000011 0.000000 1.000000 0.890000 0.320000
0 30.556034 -12.210612 102.979202 -0.000011 0.000000 1.000000 0.920000 0.320000
0 29.538656 -11.789202 102.979202 -0.000011 0.000000 1.000000 0.920000 0.555000
drum.jpg
0 30.556034 -12.210612 102.979202 0.000002 0.000000 1.000000 0.920000 0.320000
0 32.433990 -6.019815 102.979202 0.000002 0.000000 1.000000 0.950000 0.320000
0 31.353951 -5.804981 102.979202 0.000002 0.000000 1.000000 0.950000 0.555000
drum.jpg
0 32.433990 -6.019815 102.979202 0.000000 0.000000 1.000000 0.950000 0.320000
0 33.068100 0.418400 102.979202 0.000000 0.000000 1.000000 0.980000 0.320000
0 31.966900 0.418400 102.979202 0.000000 0.000000 1.000000 0.980000 0.555000
drum.jpg
0 0.066900 0.418400 0.001923 0.000000 0.000000 1.000000 0.080000 0.085000
0 33.068100 0.418400 0.001923 0.000000 0.000000 1.000000 0.020000 0.555000
0 30.556034 13.047413 0.001923 0.000000 0.000000 1.000000 0.080000 0.555000
drum.jpg
0 0.066900 0.418400 0.001923 0.000000 0.000000 1.000000 0.140000 0.085000
0 30.556034 13.047413 0.001923 0.000000 0.000000 1.000000 0.080000 0.555000
0 23.402273 23.753773 0.001923 0.000000 0.000000 1.000000 0.140000 0.555000
drum.jpg
0 0.066900 0.418400 0.001923 0.000000 0.000000 1.000000 0.200000 0.085000
0 23.402273 23.753773 0.001923 0.000000 0.000000 1.000000 0.140000 0.555000
0 12.695912 30.907534 0.001923 0.000000 0.000000 1.000000 0.200000 0.555000
drum.jpg
0 0.066900 0.418400 0.001923 0.000000 0.000000 1.000000 0.260000 0.085000
0 12.695912 30.907534 0.001923 0.000000 0.000000 1.000000 0.200000 0.555000
0 0.066900 33.419601 0.001923 0.000000 0.000000 1.000000 0.260000 0.555000
drum.jpg
0 0.066900 0.418400 0.001923 0.000000 0.000000 1.000000 0.320000 0.085000
0 0.066900 33.419601 0.001923 0.000000 0.000000 1.000000 0.260000 0.555000
0 -12.562113 30.907534 0.001923 0.000000 0.000000 1.000000 0.320000 0.555000
drum.jpg
0 0.066900 0.418400 0.001923 0.000000 0.000000 1.000000 0.380000 0.085000
0 -12.562113 30.907534 0.001923 0.000000 0.000000 1.000000 0.320000 0.555000
0 -23.268473 23.753773 0.001923 0.000000 0.000000 1.000000 0.380000 0.555000
drum.jpg
0 0.066900 0.418400 0.001923 0.000000 0.000000 1.000000 0.440000 0.085000
0 -23.268473 23.753773 0.001923 0.000000 0.000000 1.000000 0.380000 0.555000
0 -30.422234 13.047413 0.001923 0.000000 0.000000 1.000000 0.440000 0.555000
drum.jpg
0 0.066900 0.418400 0.001923 0.000000 0.000000 1.000000 0.500000 0.085000
0 -30.422234 13.047413 0.001923 0.000000 0.000000 1.000000 0.440000 0.555000
0 -32.934299 0.418400 0.001923 0.000000 0.000000 1.000000 0.500000 0.555000
drum.jpg
0 0.066900 0.418400 0.001923 0.000000 0.000000 1.000000 0.560000 0.085000
0 -32.934299 0.418400 0.001923 0.000000 0.000000 1.000000 0.500000 0.555000
0 -30.422234 -12.210612 0.001923 0.000000 0.000000 1.000000 0.560000 0.555000
drum.jpg
0 0.066900 0.418400 0.001923 0.000000 0.000000 1.000000 0.620000 0.085000
0 -30.422234 -12.210612 0.001923 0.000000 0.000000 1.000000 0.560000 0.555000
0 -23.268473 -22.916973 0.001923 0.000000 0.000000 1.000000 0.620000 0.555000
drum.jpg
0 0.066900 0.418400 0.001923 0.000000 0.000000 1.000000 0.680000 0.085000
0 -23.268473 -22.916973 0.001923 0.000000 0.000000 1.000000 0.620000 0.555000
0 -12.562113 -30.070734 0.001923 0.000000 0.000000 1.000000 0.680000 0.555000
drum.jpg
0 0.066900 0.418400 0.001923 0.000000 0.000000 1.000000 0.740000 0.085000
0 -12.562113 -30.070734 0.001923 0.000000 0.000000 1.000000 0.680000 0.555000
0 0.066900 -32.582802 0.001923 0.000000 0.000000 1.000000 0.740000 0.555000
drum.jpg
0 0.066900 0.418400 0.001923 0.000000 0.000000 1.000000 0.800000 0.085000
0 0.066900 -32.582802 0.001923 0.000000 0.000000 1.000000 0.740000 0.555000
0 12.695912 -30.070734 0.001923 0.000000 0.000000 1.000000 0.800000 0.555000
drum.jpg
0 0.066900 0.418400 0.001923 0.000000 0.000000 1.000000 0.860000 0.085000
0 12.695912 -30.070734 0.001923 0.000000 0.000000 1.000000 0.800000 0.555000
0 23.402273 -22.916973 0.001923 0.000000 0.000000 1.000000 0.860000 0.555000
drum.jpg
0 0.066900 0.418400 0.001923 0.000000 0.000000 1.000000 0.920000 0.085000
0 23.402273 -22.916973 0.001923 0.000000 0.000000 1.000000 0.860000 0.555000
0 30.556034 -12.210612 0.001923 0.000000 0.000000 1.000000 0.920000 0.555000
drum.jpg
0 0.066900 0.418400 0.001923 0.000000 0.000000 1.000000 0.980000 0.085000
0 30.556034 -12.210612 0.001923 0.000000 0.000000 1.000000 0.920000 0.555000
0 33.068100 0.418400 0.001923 0.000000 0.000000 1.000000 0.980000 0.555000
end
