version 1
nodes
0 "Cylinder04" -1
1 "Cylinder05" -1
2 "Cylinder06" -1
3 "Cylinder07" -1
4 "Cylinder08" -1
5 "Cylinder09" -1
6 "Cylinder10" -1
7 "Cylinder11" -1
8 "Cylinder12" -1
9 "Cylinder13" -1
end
skeleton
time 0
0 39.025185 94.394867 0.000000 0.000000 0.000000 0.436332
1 94.654930 -45.450890 0.000000 0.000000 0.000000 -0.872665
2 116.899132 50.584351 0.000000 0.000000 0.000000 0.436332
3 -174.200119 -129.391281 0.000000 0.000000 0.000000 -0.959931
4 -79.667435 67.270935 0.000000 0.000000 0.000000 -0.785398
5 -29.812435 -124.378525 0.000000 0.000000 0.000000 -0.872665
6 37.961182 -43.128120 0.000000 0.000000 0.000000 0.436332
7 71.120842 156.328735 0.000000 0.000000 0.000000 -0.959931
8 -158.605392 -26.441536 0.000000 0.000000 0.000000 -0.785398
9 -39.912766 0.682396 0.000000 0.000000 0.000000 0.436332
end
triangles
tree_07.tga
0 60.163300 104.251701 6.657500 0.754573 0.582079 0.302989 0.546600 0.000500
0 34.128601 103.106400 58.813301 0.050500 0.998208 -0.032100 0.954100 0.521200
0 44.227402 96.820702 56.169800 0.926603 0.359501 0.110300 0.546600 0.521200
tree_07.tga
0 60.163300 104.251701 6.657500 0.754573 0.582079 0.302989 0.546600 0.000500
0 40.134201 109.862801 12.336800 -0.195796 0.973580 0.117498 0.954100 0.000500
0 34.128601 103.106400 58.813301 0.050500 0.998208 -0.032100 0.954100 0.521200
tree_07.tga
0 40.134201 109.862801 12.336800 -0.195796 0.973580 0.117498 0.950700 0.000500
0 23.952700 98.361397 56.297199 -0.670723 0.718725 -0.183206 0.472200 0.521200
0 34.128601 103.106400 58.813301 0.050500 0.998208 -0.032100 0.950700 0.521200
tree_07.tga
0 40.134201 109.862801 12.336800 -0.195796 0.973580 0.117498 0.950700 0.000500
0 25.968599 103.257301 11.624600 -0.813703 0.580102 0.037000 0.472200 0.000500
0 23.952700 98.361397 56.297199 -0.670723 0.718725 -0.183206 0.472200 0.521200
tree_07.tga
0 25.968599 103.257301 11.624600 -0.813703 0.580102 0.037000 0.472200 0.000500
0 19.408701 85.247597 48.614899 -0.864092 -0.322797 -0.386196 0.064600 0.521200
0 23.952700 98.361397 56.297199 -0.670723 0.718725 -0.183206 0.472200 0.521200
tree_07.tga
0 25.968599 103.257301 11.624600 -0.813703 0.580102 0.037000 0.472200 0.000500
0 17.592102 84.400497 5.096500 -0.728811 -0.683910 0.033200 0.064600 0.000500
0 19.408701 85.247597 48.614899 -0.864092 -0.322797 -0.386196 0.064600 0.521200
tree_07.tga
0 17.592102 84.400497 5.096500 -0.728811 -0.683910 0.033200 0.064600 0.000500
0 32.375301 80.299103 56.297199 0.144096 -0.961573 -0.233694 0.523400 0.521200
0 19.408701 85.247597 48.614899 -0.864092 -0.322797 -0.386196 0.064600 0.521200
tree_07.tga
0 17.592102 84.400497 5.096500 -0.728811 -0.683910 0.033200 0.064600 0.000500
0 37.095402 78.544197 19.201799 0.209908 -0.975637 0.063802 0.523400 0.000500
0 32.375301 80.299103 56.297199 0.144096 -0.961573 -0.233694 0.523400 0.521200
tree_07.tga
0 37.095402 78.544197 19.201799 0.209908 -0.975637 0.063802 0.523400 0.000500
0 42.551201 85.044197 58.813301 0.835598 -0.548999 -0.019400 0.139000 0.521200
0 32.375301 80.299103 56.297199 0.144096 -0.961573 -0.233694 0.523400 0.521200
tree_07.tga
0 37.095402 78.544197 19.201799 0.209908 -0.975637 0.063802 0.523400 0.000500
0 55.069000 86.925400 1.993400 0.860160 -0.471978 0.193291 0.139000 0.000500
0 42.551201 85.044197 58.813301 0.835598 -0.548999 -0.019400 0.139000 0.521200
tree_07.tga
0 55.069000 86.925400 1.993400 0.860160 -0.471978 0.193291 0.139000 0.000500
0 44.227402 96.820702 56.169800 0.926603 0.359501 0.110300 0.546600 0.521200
0 42.551201 85.044197 58.813301 0.835598 -0.548999 -0.019400 0.139000 0.521200
tree_07.tga
0 55.069000 86.925400 1.993400 0.860160 -0.471978 0.193291 0.139000 0.000500
0 60.163300 104.251701 6.657500 0.754573 0.582079 0.302989 0.546600 0.000500
0 44.227402 96.820702 56.169800 0.926603 0.359501 0.110300 0.546600 0.521200
tree_07.tga
0 44.227402 96.820702 56.169800 0.926603 0.359501 0.110300 0.546600 0.521200
0 25.146797 117.364700 114.935303 0.320608 0.931922 -0.169504 0.956900 0.999500
0 46.092201 97.690300 112.999901 0.977094 0.207799 -0.045900 0.546600 0.999500
tree_07.tga
0 44.227402 96.820702 56.169800 0.926603 0.359501 0.110300 0.546600 0.521200
0 34.128601 103.106400 58.813301 0.050500 0.998208 -0.032100 0.954100 0.521200
0 25.146797 117.364700 114.935303 0.320608 0.931922 -0.169504 0.956900 0.999500
tree_07.tga
0 34.128601 103.106400 58.813301 0.050500 0.998208 -0.032100 0.950700 0.521200
0 -1.526901 104.926498 105.584099 -0.505906 0.782209 -0.363604 0.475000 0.999500
0 25.146797 117.364700 114.935303 0.320608 0.931922 -0.169504 0.947900 0.999500
tree_07.tga
0 34.128601 103.106400 58.813301 0.050500 0.998208 -0.032100 0.950700 0.521200
0 23.952700 98.361397 56.297199 -0.670723 0.718725 -0.183206 0.472200 0.521200
0 -1.526901 104.926498 105.584099 -0.505906 0.782209 -0.363604 0.475000 0.999500
tree_07.tga
0 23.952700 98.361397 56.297199 -0.670723 0.718725 -0.183206 0.472200 0.521200
0 -16.577801 68.466797 96.606499 -0.804929 0.078003 -0.588221 0.064600 0.999500
0 -1.526901 104.926498 105.584099 -0.505906 0.782209 -0.363604 0.475000 0.999500
tree_07.tga
0 23.952700 98.361397 56.297199 -0.670723 0.718725 -0.183206 0.472200 0.521200
0 19.408701 85.247597 48.614899 -0.864092 -0.322797 -0.386196 0.064600 0.521200
0 -16.577801 68.466797 96.606499 -0.804929 0.078003 -0.588221 0.064600 0.999500
tree_07.tga
0 19.408701 85.247597 48.614899 -0.864092 -0.322797 -0.386196 0.064600 0.521200
0 20.903902 56.503399 86.950401 0.068400 -0.829301 -0.554600 0.524600 0.999500
0 -16.577801 68.466797 96.606499 -0.804929 0.078003 -0.588221 0.064600 0.999500
tree_07.tga
0 19.408701 85.247597 48.614899 -0.864092 -0.322797 -0.386196 0.064600 0.521200
0 32.375301 80.299103 56.297199 0.144096 -0.961573 -0.233694 0.523400 0.521200
0 20.903902 56.503399 86.950401 0.068400 -0.829301 -0.554600 0.524600 0.999500
tree_07.tga
0 32.375301 80.299103 56.297199 0.144096 -0.961573 -0.233694 0.523400 0.521200
0 44.643799 67.573502 96.820198 0.743828 -0.587922 -0.317912 0.136200 0.999500
0 20.903902 56.503399 86.950401 0.068400 -0.829301 -0.554600 0.524600 0.999500
tree_07.tga
0 32.375301 80.299103 56.297199 0.144096 -0.961573 -0.233694 0.523400 0.521200
0 42.551201 85.044197 58.813301 0.835598 -0.548999 -0.019400 0.139000 0.521200
0 44.643799 67.573502 96.820198 0.743828 -0.587922 -0.317912 0.136200 0.999500
tree_07.tga
0 42.551201 85.044197 58.813301 0.835598 -0.548999 -0.019400 0.139000 0.521200
0 46.092201 97.690300 112.999901 0.977094 0.207799 -0.045900 0.546600 0.999500
0 44.643799 67.573502 96.820198 0.743828 -0.587922 -0.317912 0.136200 0.999500
tree_07.tga
0 42.551201 85.044197 58.813301 0.835598 -0.548999 -0.019400 0.139000 0.521200
0 44.227402 96.820702 56.169800 0.926603 0.359501 0.110300 0.546600 0.521200
0 46.092201 97.690300 112.999901 0.977094 0.207799 -0.045900 0.546600 0.999500
tree_07.tga
0 54.157398 101.451103 1.870200 0.751360 0.624267 0.213889 0.546600 0.000500
0 33.849701 100.186600 58.771500 -0.000400 0.995796 0.091600 0.954100 0.488700
0 39.480701 94.607300 67.533302 0.885115 0.381506 0.266504 0.546600 0.488700
tree_07.tga
0 54.157398 101.451103 1.870200 0.751360 0.624267 0.213889 0.546600 0.000500
0 39.398998 105.726501 0.618900 -0.206992 0.975563 0.073697 0.954100 0.000500
0 33.849701 100.186600 58.771500 -0.000400 0.995796 0.091600 0.954100 0.488700
tree_07.tga
0 39.398998 105.726501 0.618900 -0.206992 0.975563 0.073697 0.950700 0.000500
0 26.257601 96.646400 56.884899 -0.764703 0.632103 -0.125201 0.472200 0.488700
0 33.849701 100.186600 58.771500 -0.000400 0.995796 0.091600 0.950700 0.488700
tree_07.tga
0 39.398998 105.726501 0.618900 -0.206992 0.975563 0.073697 0.950700 0.000500
0 28.816799 100.791901 0.592000 -0.881810 0.471205 0.019400 0.472200 0.000500
0 26.257601 96.646400 56.884899 -0.764703 0.632103 -0.125201 0.472200 0.488700
tree_07.tga
0 28.816799 100.791901 0.592000 -0.881810 0.471205 0.019400 0.472200 0.000500
0 26.710501 88.652397 48.619900 -0.903123 -0.384110 -0.191905 0.064600 0.488700
0 26.257601 96.646400 56.884899 -0.764703 0.632103 -0.125201 0.472200 0.488700
tree_07.tga
0 28.816799 100.791901 0.592000 -0.881810 0.471205 0.019400 0.472200 0.000500
0 23.637199 87.219398 2.004300 -0.850904 -0.523303 0.046000 0.064600 0.000500
0 26.710501 88.652397 48.619900 -0.903123 -0.384110 -0.191905 0.064600 0.488700
tree_07.tga
0 23.637199 87.219398 2.004300 -0.850904 -0.523303 0.046000 0.064600 0.000500
0 32.543098 83.167099 56.884899 -0.039798 -0.996760 -0.069897 0.523400 0.488700
0 26.710501 88.652397 48.619900 -0.903123 -0.384110 -0.191905 0.064600 0.488700
tree_07.tga
0 23.637199 87.219398 2.004300 -0.850904 -0.523303 0.046000 0.064600 0.000500
0 36.664200 82.136597 2.829300 0.168907 -0.985141 0.031101 0.523400 0.000500
0 32.543098 83.167099 56.884899 -0.039798 -0.996760 -0.069897 0.523400 0.488700
tree_07.tga
0 36.664200 82.136597 2.829300 0.168907 -0.985141 0.031101 0.523400 0.000500
0 40.135201 86.707298 58.771500 0.797607 -0.588105 0.134001 0.139000 0.488700
0 32.543098 83.167099 56.884899 -0.039798 -0.996760 -0.069897 0.523400 0.488700
tree_07.tga
0 36.664200 82.136597 2.829300 0.168907 -0.985141 0.031101 0.523400 0.000500
0 47.922100 87.386200 2.966700 0.854472 -0.503483 0.127996 0.139000 0.000500
0 40.135201 86.707298 58.771500 0.797607 -0.588105 0.134001 0.139000 0.488700
tree_07.tga
0 47.922100 87.386200 2.966700 0.854472 -0.503483 0.127996 0.139000 0.000500
0 39.480701 94.607300 67.533302 0.885115 0.381506 0.266504 0.546600 0.488700
0 40.135201 86.707298 58.771500 0.797607 -0.588105 0.134001 0.139000 0.488700
tree_07.tga
0 47.922100 87.386200 2.966700 0.854472 -0.503483 0.127996 0.139000 0.000500
0 54.157398 101.451103 1.870200 0.751360 0.624267 0.213889 0.546600 0.000500
0 39.480701 94.607300 67.533302 0.885115 0.381506 0.266504 0.546600 0.488700
tree_07.tga
0 39.480701 94.607300 67.533302 0.885115 0.381506 0.266504 0.546600 0.488700
0 11.583801 94.298897 118.127800 0.201095 0.963977 0.174096 0.956900 0.999500
0 15.753201 83.542999 143.463699 0.925414 0.212303 0.313905 0.546600 0.999500
tree_07.tga
0 39.480701 94.607300 67.533302 0.885115 0.381506 0.266504 0.546600 0.488700
0 33.849701 100.186600 58.771500 -0.000400 0.995796 0.091600 0.954100 0.488700
0 11.583801 94.298897 118.127800 0.201095 0.963977 0.174096 0.956900 0.999500
tree_07.tga
0 33.849701 100.186600 58.771500 -0.000400 0.995796 0.091600 0.950700 0.488700
0 4.135899 90.825798 113.746696 -0.606807 0.779509 -0.155402 0.475000 0.999500
0 11.583801 94.298897 118.127800 0.201095 0.963977 0.174096 0.947900 0.999500
tree_07.tga
0 33.849701 100.186600 58.771500 -0.000400 0.995796 0.091600 0.950700 0.488700
0 26.257601 96.646400 56.884899 -0.764703 0.632103 -0.125201 0.472200 0.488700
0 4.135899 90.825798 113.746696 -0.606807 0.779509 -0.155402 0.475000 0.999500
tree_07.tga
0 26.257601 96.646400 56.884899 -0.764703 0.632103 -0.125201 0.472200 0.488700
0 -4.471600 74.112000 119.913300 -0.903112 -0.112502 -0.414406 0.064600 0.999500
0 4.135899 90.825798 113.746696 -0.606807 0.779509 -0.155402 0.475000 0.999500
tree_07.tga
0 26.257601 96.646400 56.884899 -0.764703 0.632103 -0.125201 0.472200 0.488700
0 26.710501 88.652397 48.619900 -0.903123 -0.384110 -0.191905 0.064600 0.488700
0 -4.471600 74.112000 119.913300 -0.903112 -0.112502 -0.414406 0.064600 0.999500
tree_07.tga
0 26.710501 88.652397 48.619900 -0.903123 -0.384110 -0.191905 0.064600 0.488700
0 13.864702 69.962196 113.746696 -0.096501 -0.961313 -0.258003 0.524600 0.999500
0 -4.471600 74.112000 119.913300 -0.903112 -0.112502 -0.414406 0.064600 0.999500
tree_07.tga
0 26.710501 88.652397 48.619900 -0.903123 -0.384110 -0.191905 0.064600 0.488700
0 32.543098 83.167099 56.884899 -0.039798 -0.996760 -0.069897 0.523400 0.488700
0 13.864702 69.962196 113.746696 -0.096501 -0.961313 -0.258003 0.524600 0.999500
tree_07.tga
0 32.543098 83.167099 56.884899 -0.039798 -0.996760 -0.069897 0.523400 0.488700
0 24.343102 74.848396 111.128197 0.691408 -0.720908 0.047401 0.136200 0.999500
0 13.864702 69.962196 113.746696 -0.096501 -0.961313 -0.258003 0.524600 0.999500
tree_07.tga
0 32.543098 83.167099 56.884899 -0.039798 -0.996760 -0.069897 0.523400 0.488700
0 40.135201 86.707298 58.771500 0.797607 -0.588105 0.134001 0.139000 0.488700
0 24.343102 74.848396 111.128197 0.691408 -0.720908 0.047401 0.136200 0.999500
tree_07.tga
0 40.135201 86.707298 58.771500 0.797607 -0.588105 0.134001 0.139000 0.488700
0 15.753201 83.542999 143.463699 0.925414 0.212303 0.313905 0.546600 0.999500
0 24.343102 74.848396 111.128197 0.691408 -0.720908 0.047401 0.136200 0.999500
tree_07.tga
0 40.135201 86.707298 58.771500 0.797607 -0.588105 0.134001 0.139000 0.488700
0 39.480701 94.607300 67.533302 0.885115 0.381506 0.266504 0.546600 0.488700
0 15.753201 83.542999 143.463699 0.925414 0.212303 0.313905 0.546600 0.999500
tree_07.tga
1 106.667503 -59.766899 4.357500 0.774857 -0.626665 0.082995 0.546600 0.000500
1 107.408997 -48.309502 44.499100 0.931768 0.303989 -0.198493 0.954100 0.521200
1 103.733803 -56.270699 40.513599 0.537384 -0.766277 -0.352190 0.546600 0.521200
tree_07.tga
1 106.667503 -59.766899 4.357500 0.774857 -0.626665 0.082995 0.546600 0.000500
1 107.079903 -43.477001 9.202500 0.897578 0.437989 0.050199 0.954100 0.000500
1 107.408997 -48.309502 44.499100 0.931768 0.303989 -0.198493 0.954100 0.521200
tree_07.tga
1 107.079903 -43.477001 9.202500 0.897578 0.437989 0.050199 0.950700 0.000500
1 101.718300 -41.527599 46.850201 0.469218 0.882635 0.028101 0.472200 0.521200
1 107.408997 -48.309502 44.499100 0.931768 0.303989 -0.198493 0.950700 0.521200
tree_07.tga
1 107.079903 -43.477001 9.202500 0.897578 0.437989 0.050199 0.950700 0.000500
1 99.085098 -33.949200 9.870000 0.364201 0.917803 0.158100 0.472200 0.000500
1 101.718300 -41.527599 46.850201 0.469218 0.882635 0.028101 0.472200 0.521200
tree_07.tga
1 99.085098 -33.949200 9.870000 0.364201 0.917803 0.158100 0.472200 0.000500
1 89.404999 -39.194302 44.334000 -0.580519 0.808826 0.093803 0.064600 0.521200
1 101.718300 -41.527599 46.850201 0.469218 0.882635 0.028101 0.472200 0.521200
tree_07.tga
1 99.085098 -33.949200 9.870000 0.364201 0.917803 0.158100 0.472200 0.000500
1 82.621002 -31.109501 4.927000 -0.821630 0.507318 0.259909 0.064600 0.000500
1 89.404999 -39.194302 44.334000 -0.580519 0.808826 0.093803 0.064600 0.521200
tree_07.tga
1 82.621002 -31.109501 4.927000 -0.821630 0.507318 0.259909 0.064600 0.000500
1 89.564697 -51.725700 46.850201 -0.954385 -0.278596 -0.107398 0.523400 0.521200
1 89.404999 -39.194302 44.334000 -0.580519 0.808826 0.093803 0.064600 0.521200
tree_07.tga
1 82.621002 -31.109501 4.927000 -0.821630 0.507318 0.259909 0.064600 0.000500
1 82.902702 -48.226501 16.286600 -0.886284 -0.442292 0.137398 0.523400 0.000500
1 89.564697 -51.725700 46.850201 -0.954385 -0.278596 -0.107398 0.523400 0.521200
tree_07.tga
1 82.902702 -48.226501 16.286600 -0.886284 -0.442292 0.137398 0.523400 0.000500
1 95.255402 -58.507500 44.499100 -0.395095 -0.874190 -0.282297 0.139000 0.521200
1 89.564697 -51.725700 46.850201 -0.954385 -0.278596 -0.107398 0.523400 0.521200
tree_07.tga
1 82.902702 -48.226501 16.286600 -0.886284 -0.442292 0.137398 0.523400 0.000500
1 92.224602 -59.335899 1.443500 -0.189801 -0.980108 0.058000 0.139000 0.000500
1 95.255402 -58.507500 44.499100 -0.395095 -0.874190 -0.282297 0.139000 0.521200
tree_07.tga
1 92.224602 -59.335899 1.443500 -0.189801 -0.980108 0.058000 0.139000 0.000500
1 103.733803 -56.270699 40.513599 0.537384 -0.766277 -0.352190 0.546600 0.521200
1 95.255402 -58.507500 44.499100 -0.395095 -0.874190 -0.282297 0.139000 0.521200
tree_07.tga
1 92.224602 -59.335899 1.443500 -0.189801 -0.980108 0.058000 0.139000 0.000500
1 106.667503 -59.766899 4.357500 0.774857 -0.626665 0.082995 0.546600 0.000500
1 103.733803 -56.270699 40.513599 0.537384 -0.766277 -0.352190 0.546600 0.521200
tree_07.tga
1 103.733803 -56.270699 40.513599 0.537384 -0.766277 -0.352190 0.546600 0.521200
1 134.013306 -59.310101 75.675499 0.791218 0.161904 -0.589713 0.956900 0.999500
1 120.717102 -76.510597 68.962097 0.250407 -0.706419 -0.662018 0.546600 0.999500
tree_07.tga
1 103.733803 -56.270699 40.513599 0.537384 -0.766277 -0.352190 0.546600 0.521200
1 107.408997 -48.309502 44.499100 0.931768 0.303989 -0.198493 0.954100 0.521200
1 134.013306 -59.310101 75.675499 0.791218 0.161904 -0.589713 0.956900 0.999500
tree_07.tga
1 107.408997 -48.309502 44.499100 0.931768 0.303989 -0.198493 0.950700 0.521200
1 121.036797 -43.845299 89.676903 0.478602 0.859903 -0.177501 0.475000 0.999500
1 134.013306 -59.310101 75.675499 0.791218 0.161904 -0.589713 0.947900 0.999500
tree_07.tga
1 107.408997 -48.309502 44.499100 0.931768 0.303989 -0.198493 0.950700 0.521200
1 101.718300 -41.527599 46.850201 0.469218 0.882635 0.028101 0.472200 0.521200
1 121.036797 -43.845299 89.676903 0.478602 0.859903 -0.177501 0.475000 0.999500
tree_07.tga
1 101.718300 -41.527599 46.850201 0.469218 0.882635 0.028101 0.472200 0.521200
1 92.643204 -43.053398 105.029602 -0.264113 0.962346 0.064303 0.064600 0.999500
1 121.036797 -43.845299 89.676903 0.478602 0.859903 -0.177501 0.475000 0.999500
tree_07.tga
1 101.718300 -41.527599 46.850201 0.469218 0.882635 0.028101 0.472200 0.521200
1 89.404999 -39.194302 44.334000 -0.580519 0.808826 0.093803 0.064600 0.521200
1 92.643204 -43.053398 105.029602 -0.264113 0.962346 0.064303 0.064600 0.999500
tree_07.tga
1 89.404999 -39.194302 44.334000 -0.580519 0.808826 0.093803 0.064600 0.521200
1 80.783897 -61.966202 78.696800 -0.976505 -0.028500 -0.213601 0.524600 0.999500
1 92.643204 -43.053398 105.029602 -0.264113 0.962346 0.064303 0.064600 0.999500
tree_07.tga
1 89.404999 -39.194302 44.334000 -0.580519 0.808826 0.093803 0.064600 0.521200
1 89.564697 -51.725700 46.850201 -0.954385 -0.278596 -0.107398 0.523400 0.521200
1 80.783897 -61.966202 78.696800 -0.976505 -0.028500 -0.213601 0.524600 0.999500
tree_07.tga
1 89.564697 -51.725700 46.850201 -0.954385 -0.278596 -0.107398 0.523400 0.521200
1 93.837601 -77.523010 69.523399 -0.570059 -0.642753 -0.511763 0.136200 0.999500
1 80.783897 -61.966202 78.696800 -0.976505 -0.028500 -0.213601 0.524600 0.999500
tree_07.tga
1 89.564697 -51.725700 46.850201 -0.954385 -0.278596 -0.107398 0.523400 0.521200
1 95.255402 -58.507500 44.499100 -0.395095 -0.874190 -0.282297 0.139000 0.521200
1 93.837601 -77.523010 69.523399 -0.570059 -0.642753 -0.511763 0.136200 0.999500
tree_07.tga
1 95.255402 -58.507500 44.499100 -0.395095 -0.874190 -0.282297 0.139000 0.521200
1 120.717102 -76.510597 68.962097 0.250407 -0.706419 -0.662018 0.546600 0.999500
1 93.837601 -77.523010 69.523399 -0.570059 -0.642753 -0.511763 0.136200 0.999500
tree_07.tga
1 95.255402 -58.507500 44.499100 -0.395095 -0.874190 -0.282297 0.139000 0.521200
1 103.733803 -56.270699 40.513599 0.537384 -0.766277 -0.352190 0.546600 0.521200
1 120.717102 -76.510597 68.962097 0.250407 -0.706419 -0.662018 0.546600 0.999500
tree_07.tga
1 103.205200 -55.640701 1.295300 0.842225 -0.537916 -0.036101 0.546600 0.000500
1 105.181297 -48.785900 45.008499 0.959185 0.267396 -0.091999 0.954100 0.488700
1 104.014999 -56.605801 49.683300 0.636100 -0.718699 -0.280800 0.546600 0.488700
tree_07.tga
1 103.205200 -55.640701 1.295300 0.842225 -0.537916 -0.036101 0.546600 0.000500
1 103.446198 -43.404499 0.472100 0.896592 0.442496 0.017900 0.954100 0.000500
1 105.181297 -48.785900 45.008499 0.959185 0.267396 -0.091999 0.954100 0.488700
tree_07.tga
1 103.446198 -43.404499 0.472100 0.896592 0.442496 0.017900 0.950700 0.000500
1 100.935898 -43.726501 46.771198 0.359895 0.921688 0.144798 0.472200 0.488700
1 105.181297 -48.785900 45.008499 0.959185 0.267396 -0.091999 0.950700 0.488700
tree_07.tga
1 103.446198 -43.404499 0.472100 0.896592 0.442496 0.017900 0.950700 0.000500
1 97.471397 -36.284000 0.497400 0.286614 0.946947 0.145407 0.472200 0.000500
1 100.935898 -43.726501 46.771198 0.359895 0.921688 0.144798 0.472200 0.488700
tree_07.tga
1 97.471397 -36.284000 0.497400 0.286614 0.946947 0.145407 0.472200 0.000500
1 93.140404 -43.646000 41.554100 -0.573586 0.768081 0.284693 0.064600 0.488700
1 100.935898 -43.726501 46.771198 0.359895 0.921688 0.144798 0.472200 0.488700
tree_07.tga
1 97.471397 -36.284000 0.497400 0.286614 0.946947 0.145407 0.472200 0.000500
1 85.976601 -35.108501 1.835000 -0.760005 0.598904 0.252402 0.064600 0.000500
1 93.140404 -43.646000 41.554100 -0.573586 0.768081 0.284693 0.064600 0.488700
tree_07.tga
1 85.976601 -35.108501 1.835000 -0.760005 0.598904 0.252402 0.064600 0.000500
1 91.866096 -51.337101 46.771301 -0.971747 -0.203710 0.119206 0.523400 0.488700
1 93.140404 -43.646000 41.554100 -0.573586 0.768081 0.284693 0.064600 0.488700
tree_07.tga
1 85.976601 -35.108501 1.835000 -0.760005 0.598904 0.252402 0.064600 0.000500
1 84.760498 -46.182598 2.392300 -0.900507 -0.424203 0.095601 0.523400 0.000500
1 91.866096 -51.337101 46.771301 -0.971747 -0.203710 0.119206 0.523400 0.488700
tree_07.tga
1 84.760498 -46.182598 2.392300 -0.900507 -0.424203 0.095601 0.523400 0.000500
1 96.111397 -56.396400 45.008499 -0.431891 -0.889281 -0.150497 0.139000 0.488700
1 91.866096 -51.337101 46.771301 -0.971747 -0.203710 0.119206 0.523400 0.488700
tree_07.tga
1 84.760498 -46.182598 2.392300 -0.900507 -0.424203 0.095601 0.523400 0.000500
1 91.116600 -53.757500 2.263600 -0.326899 -0.944997 -0.010900 0.139000 0.000500
1 96.111397 -56.396400 45.008499 -0.431891 -0.889281 -0.150497 0.139000 0.488700
tree_07.tga
1 91.116600 -53.757500 2.263600 -0.326899 -0.944997 -0.010900 0.139000 0.000500
1 104.014999 -56.605801 49.683300 0.636100 -0.718699 -0.280800 0.546600 0.488700
1 96.111397 -56.396400 45.008499 -0.431891 -0.889281 -0.150497 0.139000 0.488700
tree_07.tga
1 91.116600 -53.757500 2.263600 -0.326899 -0.944997 -0.010900 0.139000 0.000500
1 103.205200 -55.640701 1.295300 0.842225 -0.537916 -0.036101 0.546600 0.000500
1 104.014999 -56.605801 49.683300 0.636100 -0.718699 -0.280800 0.546600 0.488700
tree_07.tga
1 104.014999 -56.605801 49.683300 0.636100 -0.718699 -0.280800 0.546600 0.488700
1 119.272400 -60.533699 90.645798 0.949889 0.131898 -0.283397 0.956900 0.999500
1 123.140900 -79.399200 99.449303 0.420304 -0.766507 -0.485604 0.546600 0.999500
tree_07.tga
1 104.014999 -56.605801 49.683300 0.636100 -0.718699 -0.280800 0.546600 0.488700
1 105.181297 -48.785900 45.008499 0.959185 0.267396 -0.091999 0.954100 0.488700
1 119.272400 -60.533699 90.645798 0.949889 0.131898 -0.283397 0.956900 0.999500
tree_07.tga
1 105.181297 -48.785900 45.008499 0.959185 0.267396 -0.091999 0.950700 0.488700
1 115.114899 -55.579102 94.269501 0.512692 0.856487 0.059799 0.475000 0.999500
1 119.272400 -60.533699 90.645798 0.949889 0.131898 -0.283397 0.947900 0.999500
tree_07.tga
1 105.181297 -48.785900 45.008499 0.959185 0.267396 -0.091999 0.950700 0.488700
1 100.935898 -43.726501 46.771198 0.359895 0.921688 0.144798 0.472200 0.488700
1 115.114899 -55.579102 94.269501 0.512692 0.856487 0.059799 0.475000 0.999500
tree_07.tga
1 100.935898 -43.726501 46.771198 0.359895 0.921688 0.144798 0.472200 0.488700
1 107.421402 -60.665401 107.820801 -0.462399 0.829098 0.314299 0.064600 0.999500
1 115.114899 -55.579102 94.269501 0.512692 0.856487 0.059799 0.475000 0.999500
tree_07.tga
1 100.935898 -43.726501 46.771198 0.359895 0.921688 0.144798 0.472200 0.488700
1 93.140404 -43.646000 41.554100 -0.573586 0.768081 0.284693 0.064600 0.488700
1 107.421402 -60.665401 107.820801 -0.462399 0.829098 0.314299 0.064600 0.999500
tree_07.tga
1 93.140404 -43.646000 41.554100 -0.573586 0.768081 0.284693 0.064600 0.488700
1 101.076401 -67.358803 94.269402 -0.979765 0.029299 0.197993 0.524600 0.999500
1 107.421402 -60.665401 107.820801 -0.462399 0.829098 0.314299 0.064600 0.999500
tree_07.tga
1 93.140404 -43.646000 41.554100 -0.573586 0.768081 0.284693 0.064600 0.488700
1 91.866096 -51.337101 46.771301 -0.971747 -0.203710 0.119206 0.523400 0.488700
1 101.076401 -67.358803 94.269402 -0.979765 0.029299 0.197993 0.524600 0.999500
tree_07.tga
1 91.866096 -51.337101 46.771301 -0.971747 -0.203710 0.119206 0.523400 0.488700
1 103.290298 -69.997200 85.422096 -0.649499 -0.748799 -0.132100 0.136200 0.999500
1 101.076401 -67.358803 94.269402 -0.979765 0.029299 0.197993 0.524600 0.999500
tree_07.tga
1 91.866096 -51.337101 46.771301 -0.971747 -0.203710 0.119206 0.523400 0.488700
1 96.111397 -56.396400 45.008499 -0.431891 -0.889281 -0.150497 0.139000 0.488700
1 103.290298 -69.997200 85.422096 -0.649499 -0.748799 -0.132100 0.136200 0.999500
tree_07.tga
1 96.111397 -56.396400 45.008499 -0.431891 -0.889281 -0.150497 0.139000 0.488700
1 123.140900 -79.399200 99.449303 0.420304 -0.766507 -0.485604 0.546600 0.999500
1 103.290298 -69.997200 85.422096 -0.649499 -0.748799 -0.132100 0.136200 0.999500
tree_07.tga
1 96.111397 -56.396400 45.008499 -0.431891 -0.889281 -0.150497 0.139000 0.488700
1 104.014999 -56.605801 49.683300 0.636100 -0.718699 -0.280800 0.546600 0.488700
1 123.140900 -79.399200 99.449303 0.420304 -0.766507 -0.485604 0.546600 0.999500
tree_07.tga
2 134.863297 58.961201 5.487500 0.765178 0.585483 0.267792 0.546600 0.000500
2 114.536697 58.815201 49.777100 0.038799 0.997183 -0.064199 0.954100 0.521200
2 122.935898 53.399300 47.160599 0.932363 0.359986 0.033299 0.546600 0.521200
tree_07.tga
2 134.863297 58.961201 5.487500 0.765178 0.585483 0.267792 0.546600 0.000500
2 117.918602 63.750000 10.366300 -0.194603 0.975116 0.106202 0.954100 0.000500
2 114.536697 58.815201 49.777100 0.038799 0.997183 -0.064199 0.954100 0.521200
tree_07.tga
2 117.918602 63.750000 10.366300 -0.194603 0.975116 0.106202 0.950700 0.000500
2 105.774597 54.729301 48.392700 -0.688325 0.709126 -0.152806 0.472200 0.521200
2 114.536697 58.815201 49.777100 0.038799 0.997183 -0.064199 0.950700 0.521200
tree_07.tga
2 117.918602 63.750000 10.366300 -0.194603 0.975116 0.106202 0.950700 0.000500
2 105.887604 58.139801 9.976200 -0.811694 0.581295 0.057000 0.472200 0.000500
2 105.774597 54.729301 48.392700 -0.688325 0.709126 -0.152806 0.472200 0.521200
tree_07.tga
2 105.887604 58.139801 9.976200 -0.811694 0.581295 0.057000 0.472200 0.000500
2 101.507896 43.407299 42.425499 -0.889017 -0.335206 -0.311906 0.064600 0.521200
2 105.774597 54.729301 48.392700 -0.688325 0.709126 -0.152806 0.472200 0.521200
tree_07.tga
2 105.887604 58.139801 9.976200 -0.811694 0.581295 0.057000 0.472200 0.000500
2 98.720596 42.107601 4.477300 -0.726200 -0.683900 0.070100 0.064600 0.000500
2 101.507896 43.407299 42.425499 -0.889017 -0.335206 -0.311906 0.064600 0.521200
tree_07.tga
2 98.720596 42.107601 4.477300 -0.726200 -0.683900 0.070100 0.064600 0.000500
2 112.923599 39.398102 48.392700 0.121995 -0.968161 -0.218591 0.523400 0.521200
2 101.507896 43.407299 42.425499 -0.889017 -0.335206 -0.311906 0.064600 0.521200
tree_07.tga
2 98.720596 42.107601 4.477300 -0.726200 -0.683900 0.070100 0.064600 0.000500
2 115.454399 37.220402 16.482500 0.207803 -0.975314 0.074701 0.523400 0.000500
2 112.923599 39.398102 48.392700 0.121995 -0.968161 -0.218591 0.523400 0.521200
tree_07.tga
2 115.454399 37.220402 16.482500 0.207803 -0.975314 0.074701 0.523400 0.000500
2 121.685699 43.483898 49.777100 0.829927 -0.553918 -0.066302 0.139000 0.521200
2 112.923599 39.398102 48.392700 0.121995 -0.968161 -0.218591 0.523400 0.521200
tree_07.tga
2 115.454399 37.220402 16.482500 0.207803 -0.975314 0.074701 0.523400 0.000500
2 130.519104 44.245201 1.667100 0.867794 -0.466097 0.172299 0.139000 0.000500
2 121.685699 43.483898 49.777100 0.829927 -0.553918 -0.066302 0.139000 0.521200
tree_07.tga
2 130.519104 44.245201 1.667100 0.867794 -0.466097 0.172299 0.139000 0.000500
2 122.935898 53.399300 47.160599 0.932363 0.359986 0.033299 0.546600 0.521200
2 121.685699 43.483898 49.777100 0.829927 -0.553918 -0.066302 0.139000 0.521200
tree_07.tga
2 130.519104 44.245201 1.667100 0.867794 -0.466097 0.172299 0.139000 0.000500
2 134.863297 58.961201 5.487500 0.765178 0.585483 0.267792 0.546600 0.000500
2 122.935898 53.399300 47.160599 0.932363 0.359986 0.033299 0.546600 0.521200
tree_07.tga
2 122.935898 53.399300 47.160599 0.932363 0.359986 0.033299 0.546600 0.521200
2 111.958397 73.270302 96.581001 0.295990 0.921570 -0.251192 0.956900 0.999500
2 129.400894 56.414001 93.813103 0.968084 0.195197 -0.157197 0.546600 0.999500
tree_07.tga
2 122.935898 53.399300 47.160599 0.932363 0.359986 0.033299 0.546600 0.521200
2 114.536697 58.815201 49.777100 0.038799 0.997183 -0.064199 0.954100 0.521200
2 111.958397 73.270302 96.581001 0.295990 0.921570 -0.251192 0.956900 0.999500
tree_07.tga
2 114.536697 58.815201 49.777100 0.038799 0.997183 -0.064199 0.950700 0.521200
2 88.503098 62.332901 92.439301 -0.545582 0.763575 -0.345389 0.475000 0.999500
2 111.958397 73.270302 96.581001 0.295990 0.921570 -0.251192 0.947900 0.999500
tree_07.tga
2 114.536697 58.815201 49.777100 0.038799 0.997183 -0.064199 0.950700 0.521200
2 105.774597 54.729301 48.392700 -0.688325 0.709126 -0.152806 0.472200 0.521200
2 88.503098 62.332901 92.439301 -0.545582 0.763575 -0.345389 0.475000 0.999500
tree_07.tga
2 105.774597 54.729301 48.392700 -0.688325 0.709126 -0.152806 0.472200 0.521200
2 74.895599 30.997801 88.847603 -0.867251 0.050797 -0.495272 0.064600 0.999500
2 88.503098 62.332901 92.439301 -0.545582 0.763575 -0.345389 0.475000 0.999500
tree_07.tga
2 105.774597 54.729301 48.392700 -0.688325 0.709126 -0.152806 0.472200 0.521200
2 101.507896 43.407299 42.425499 -0.889017 -0.335206 -0.311906 0.064600 0.521200
2 74.895599 30.997801 88.847603 -0.867251 0.050797 -0.495272 0.064600 0.999500
tree_07.tga
2 101.507896 43.407299 42.425499 -0.889017 -0.335206 -0.311906 0.064600 0.521200
2 105.602203 20.326700 76.532898 0.008200 -0.856421 -0.516213 0.524600 0.999500
2 74.895599 30.997801 88.847603 -0.867251 0.050797 -0.495272 0.064600 0.999500
tree_07.tga
2 101.507896 43.407299 42.425499 -0.889017 -0.335206 -0.311906 0.064600 0.521200
2 112.923599 39.398102 48.392700 0.121995 -0.968161 -0.218591 0.523400 0.521200
2 105.602203 20.326700 76.532898 0.008200 -0.856421 -0.516213 0.524600 0.999500
tree_07.tga
2 112.923599 39.398102 48.392700 0.121995 -0.968161 -0.218591 0.523400 0.521200
2 126.556297 30.097700 82.006897 0.708370 -0.605474 -0.362785 0.136200 0.999500
2 105.602203 20.326700 76.532898 0.008200 -0.856421 -0.516213 0.524600 0.999500
tree_07.tga
2 112.923599 39.398102 48.392700 0.121995 -0.968161 -0.218591 0.523400 0.521200
2 121.685699 43.483898 49.777100 0.829927 -0.553918 -0.066302 0.139000 0.521200
2 126.556297 30.097700 82.006897 0.708370 -0.605474 -0.362785 0.136200 0.999500
tree_07.tga
2 121.685699 43.483898 49.777100 0.829927 -0.553918 -0.066302 0.139000 0.521200
2 129.400894 56.414001 93.813103 0.968084 0.195197 -0.157197 0.546600 0.999500
2 126.556297 30.097700 82.006897 0.708370 -0.605474 -0.362785 0.136200 0.999500
tree_07.tga
2 121.685699 43.483898 49.777100 0.829927 -0.553918 -0.066302 0.139000 0.521200
2 122.935898 53.399300 47.160599 0.932363 0.359986 0.033299 0.546600 0.521200
2 129.400894 56.414001 93.813103 0.968084 0.195197 -0.157197 0.546600 0.999500
tree_07.tga
2 129.745102 56.574501 1.553800 0.751666 0.636371 0.173292 0.546600 0.000500
2 114.301102 56.337399 49.839001 0.003000 0.998053 0.062303 0.954100 0.488700
2 119.645599 51.865101 56.997299 0.899462 0.397983 0.180492 0.546600 0.488700
tree_07.tga
2 129.745102 56.574501 1.553800 0.751666 0.636371 0.173292 0.546600 0.000500
2 117.216698 60.202702 0.521800 -0.204811 0.976654 0.064804 0.954100 0.000500
2 114.301102 56.337399 49.839001 0.003000 0.998053 0.062303 0.954100 0.488700
tree_07.tga
2 117.216698 60.202702 0.521800 -0.204811 0.976654 0.064804 0.950700 0.000500
2 107.762901 53.288601 48.800900 -0.778567 0.621474 -0.087196 0.472200 0.488700
2 114.301102 56.337399 49.839001 0.003000 0.998053 0.062303 0.950700 0.488700
tree_07.tga
2 117.216698 60.202702 0.521800 -0.204811 0.976654 0.064804 0.950700 0.000500
2 108.234398 56.014198 0.507000 -0.876573 0.479485 0.041399 0.472200 0.000500
2 107.762901 53.288601 48.800900 -0.778567 0.621474 -0.087196 0.472200 0.488700
tree_07.tga
2 108.234398 56.014198 0.507000 -0.876573 0.479485 0.041399 0.472200 0.000500
2 107.693802 46.291801 41.931801 -0.914180 -0.387691 -0.118197 0.064600 0.488700
2 107.762901 53.288601 48.800900 -0.778567 0.621474 -0.087196 0.472200 0.488700
tree_07.tga
2 108.234398 56.014198 0.507000 -0.876573 0.479485 0.041399 0.472200 0.000500
2 103.839996 44.494801 1.742900 -0.840767 -0.535379 0.080497 0.064600 0.000500
2 107.693802 46.291801 41.931801 -0.914180 -0.387691 -0.118197 0.064600 0.488700
tree_07.tga
2 103.839996 44.494801 1.742900 -0.840767 -0.535379 0.080497 0.064600 0.000500
2 113.098000 41.847301 48.800900 -0.046901 -0.998020 -0.041901 0.523400 0.488700
2 107.693802 46.291801 41.931801 -0.914180 -0.387691 -0.118197 0.064600 0.488700
tree_07.tga
2 103.839996 44.494801 1.742900 -0.840767 -0.535379 0.080497 0.064600 0.000500
2 114.899300 40.181499 2.425900 0.169800 -0.984600 0.041600 0.523400 0.000500
2 113.098000 41.847301 48.800900 -0.046901 -0.998020 -0.041901 0.523400 0.488700
tree_07.tga
2 114.899300 40.181499 2.425900 0.169800 -0.984600 0.041600 0.523400 0.000500
2 119.636200 44.896198 49.839001 0.798891 -0.595693 0.083199 0.139000 0.488700
2 113.098000 41.847301 48.800900 -0.046901 -0.998020 -0.041901 0.523400 0.488700
tree_07.tga
2 114.899300 40.181499 2.425900 0.169800 -0.984600 0.041600 0.523400 0.000500
2 124.455299 44.637501 2.501100 0.851118 -0.514711 0.103302 0.139000 0.000500
2 119.636200 44.896198 49.839001 0.798891 -0.595693 0.083199 0.139000 0.488700
tree_07.tga
2 124.455299 44.637501 2.501100 0.851118 -0.514711 0.103302 0.139000 0.000500
2 119.645599 51.865101 56.997299 0.899462 0.397983 0.180492 0.546600 0.488700
2 119.636200 44.896198 49.839001 0.798891 -0.595693 0.083199 0.139000 0.488700
tree_07.tga
2 124.455299 44.637501 2.501100 0.851118 -0.514711 0.103302 0.139000 0.000500
2 129.745102 56.574501 1.553800 0.751666 0.636371 0.173292 0.546600 0.000500
2 119.645599 51.865101 56.997299 0.899462 0.397983 0.180492 0.546600 0.488700
tree_07.tga
2 119.645599 51.865101 56.997299 0.899462 0.397983 0.180492 0.546600 0.488700
2 101.069397 53.982700 101.998596 0.206596 0.973881 0.094198 0.956900 0.999500
2 108.134598 46.497398 123.081299 0.958209 0.218702 0.184402 0.546600 0.999500
tree_07.tga
2 119.645599 51.865101 56.997299 0.899462 0.397983 0.180492 0.546600 0.488700
2 114.301102 56.337399 49.839001 0.003000 0.998053 0.062303 0.954100 0.488700
2 101.069397 53.982700 101.998596 0.206596 0.973881 0.094198 0.956900 0.999500
tree_07.tga
2 114.301102 56.337399 49.839001 0.003000 0.998053 0.062303 0.950700 0.488700
2 94.284302 50.818699 99.461502 -0.628502 0.767002 -0.129200 0.475000 0.999500
2 101.069397 53.982700 101.998596 0.206596 0.973881 0.094198 0.947900 0.999500
tree_07.tga
2 114.301102 56.337399 49.839001 0.003000 0.998053 0.062303 0.950700 0.488700
2 107.762901 53.288601 48.800900 -0.778567 0.621474 -0.087196 0.472200 0.488700
2 94.284302 50.818699 99.461502 -0.628502 0.767002 -0.129200 0.475000 0.999500
tree_07.tga
2 107.762901 53.288601 48.800900 -0.778567 0.621474 -0.087196 0.472200 0.488700
2 87.906998 37.065102 106.938904 -0.941481 -0.145397 -0.304094 0.064600 0.999500
2 94.284302 50.818699 99.461502 -0.628502 0.767002 -0.129200 0.475000 0.999500
tree_07.tga
2 107.762901 53.288601 48.800900 -0.778567 0.621474 -0.087196 0.472200 0.488700
2 107.693802 46.291801 41.931801 -0.914180 -0.387691 -0.118197 0.064600 0.488700
2 87.906998 37.065102 106.938904 -0.941481 -0.145397 -0.304094 0.064600 0.999500
tree_07.tga
2 107.693802 46.291801 41.931801 -0.914180 -0.387691 -0.118197 0.064600 0.488700
2 102.542198 33.109699 99.461502 -0.140404 -0.969827 -0.199306 0.524600 0.999500
2 87.906998 37.065102 106.938904 -0.941481 -0.145397 -0.304094 0.064600 0.999500
tree_07.tga
2 107.693802 46.291801 41.931801 -0.914180 -0.387691 -0.118197 0.064600 0.488700
2 113.098000 41.847301 48.800900 -0.046901 -0.998020 -0.041901 0.523400 0.488700
2 102.542198 33.109699 99.461502 -0.140404 -0.969827 -0.199306 0.524600 0.999500
tree_07.tga
2 113.098000 41.847301 48.800900 -0.046901 -0.998020 -0.041901 0.523400 0.488700
2 111.013199 37.059799 95.707703 0.674013 -0.738714 0.003000 0.136200 0.999500
2 102.542198 33.109699 99.461502 -0.140404 -0.969827 -0.199306 0.524600 0.999500
tree_07.tga
2 113.098000 41.847301 48.800900 -0.046901 -0.998020 -0.041901 0.523400 0.488700
2 119.636200 44.896198 49.839001 0.798891 -0.595693 0.083199 0.139000 0.488700
2 111.013199 37.059799 95.707703 0.674013 -0.738714 0.003000 0.136200 0.999500
tree_07.tga
2 119.636200 44.896198 49.839001 0.798891 -0.595693 0.083199 0.139000 0.488700
2 108.134598 46.497398 123.081299 0.958209 0.218702 0.184402 0.546600 0.999500
2 111.013199 37.059799 95.707703 0.674013 -0.738714 0.003000 0.136200 0.999500
tree_07.tga
2 119.636200 44.896198 49.839001 0.798891 -0.595693 0.083199 0.139000 0.488700
2 119.645599 51.865101 56.997299 0.899462 0.397983 0.180492 0.546600 0.488700
2 108.134598 46.497398 123.081299 0.958209 0.218702 0.184402 0.546600 0.999500
tree_07.tga
3 -158.519806 -151.785095 6.531500 0.718022 -0.687621 0.107803 0.546600 0.000500
3 -156.940598 -133.797104 65.759598 0.960691 0.207798 -0.184098 0.954100 0.521200
3 -163.150696 -145.171494 60.181000 0.480211 -0.823119 -0.303107 0.546600 0.521200
tree_07.tga
3 -158.519806 -151.785095 6.531500 0.718022 -0.687621 0.107803 0.546600 0.000500
3 -155.872406 -128.039200 13.572500 0.931830 0.358311 0.057502 0.954100 0.000500
3 -156.940598 -133.797104 65.759598 0.960691 0.207798 -0.184098 0.954100 0.521200
tree_07.tga
3 -155.872406 -128.039200 13.572500 0.931830 0.358311 0.057502 0.950700 0.000500
3 -164.467697 -123.047203 68.505096 0.545805 0.837908 0.002500 0.472200 0.521200
3 -156.940598 -133.797104 65.759598 0.960691 0.207798 -0.184098 0.950700 0.521200
tree_07.tga
3 -155.872406 -128.039200 13.572500 0.931830 0.358311 0.057502 0.950700 0.000500
3 -166.319901 -113.118500 14.348800 0.441013 0.885726 0.144904 0.472200 0.000500
3 -164.467697 -123.047203 68.505096 0.545805 0.837908 0.002500 0.472200 0.521200
tree_07.tga
3 -166.319901 -113.118500 14.348800 0.441013 0.885726 0.144904 0.472200 0.000500
3 -181.999496 -118.252602 64.175499 -0.510806 0.858811 0.039000 0.064600 0.521200
3 -164.467697 -123.047203 68.505096 0.545805 0.837908 0.002500 0.472200 0.521200
tree_07.tga
3 -166.319901 -113.118500 14.348800 0.441013 0.885726 0.144904 0.472200 0.000500
3 -189.929001 -106.928101 7.070400 -0.780000 0.580100 0.234700 0.064600 0.000500
3 -181.999496 -118.252602 64.175499 -0.510806 0.858811 0.039000 0.064600 0.521200
tree_07.tga
3 -189.929001 -106.928101 7.070400 -0.780000 0.580100 0.234700 0.064600 0.000500
3 -183.490204 -136.366898 68.505096 -0.970661 -0.205292 -0.125195 0.523400 0.521200
3 -181.999496 -118.252602 64.175499 -0.510806 0.858811 0.039000 0.064600 0.521200
tree_07.tga
3 -189.929001 -106.928101 7.070400 -0.780000 0.580100 0.234700 0.064600 0.000500
3 -191.818207 -131.756805 23.686501 -0.922237 -0.364715 0.128305 0.523400 0.000500
3 -183.490204 -136.366898 68.505096 -0.970661 -0.205292 -0.125195 0.523400 0.521200
tree_07.tga
3 -191.818207 -131.756805 23.686501 -0.922237 -0.364715 0.128305 0.523400 0.000500
3 -175.963104 -147.116898 65.759598 -0.457276 -0.851355 -0.257086 0.139000 0.521200
3 -183.490204 -136.366898 68.505096 -0.970661 -0.205292 -0.125195 0.523400 0.521200
tree_07.tga
3 -191.818207 -131.756805 23.686501 -0.922237 -0.364715 0.128305 0.523400 0.000500
3 -179.516205 -149.326004 2.136200 -0.278712 -0.957542 0.073703 0.139000 0.000500
3 -175.963104 -147.116898 65.759598 -0.457276 -0.851355 -0.257086 0.139000 0.521200
tree_07.tga
3 -179.516205 -149.326004 2.136200 -0.278712 -0.957542 0.073703 0.139000 0.000500
3 -163.150696 -145.171494 60.181000 0.480211 -0.823119 -0.303107 0.546600 0.521200
3 -175.963104 -147.116898 65.759598 -0.457276 -0.851355 -0.257086 0.139000 0.521200
tree_07.tga
3 -179.516205 -149.326004 2.136200 -0.278712 -0.957542 0.073703 0.139000 0.000500
3 -158.519806 -151.785095 6.531500 0.718022 -0.687621 0.107803 0.546600 0.000500
3 -163.150696 -145.171494 60.181000 0.480211 -0.823119 -0.303107 0.546600 0.521200
tree_07.tga
3 -163.150696 -145.171494 60.181000 0.480211 -0.823119 -0.303107 0.546600 0.521200
3 -121.469803 -150.491592 114.873802 0.829987 0.053699 -0.555192 0.956900 0.999500
3 -142.550293 -174.591904 105.617798 0.219499 -0.765296 -0.605097 0.546600 0.999500
tree_07.tga
3 -163.150696 -145.171494 60.181000 0.480211 -0.823119 -0.303107 0.546600 0.521200
3 -156.940598 -133.797104 65.759598 0.960691 0.207798 -0.184098 0.954100 0.521200
3 -121.469803 -150.491592 114.873802 0.829987 0.053699 -0.555192 0.956900 0.999500
tree_07.tga
3 -156.940598 -133.797104 65.759598 0.960691 0.207798 -0.184098 0.950700 0.521200
3 -139.524307 -124.707100 132.267700 0.562499 0.800699 -0.206100 0.475000 0.999500
3 -121.469803 -150.491592 114.873802 0.829987 0.053699 -0.555192 0.947900 0.999500
tree_07.tga
3 -156.940598 -133.797104 65.759598 0.960691 0.207798 -0.184098 0.950700 0.521200
3 -164.467697 -123.047203 68.505096 0.545805 0.837908 0.002500 0.472200 0.521200
3 -139.524307 -124.707100 132.267700 0.562499 0.800699 -0.206100 0.475000 0.999500
tree_07.tga
3 -164.467697 -123.047203 68.505096 0.545805 0.837908 0.002500 0.472200 0.521200
3 -182.126099 -118.071800 151.586700 -0.180691 0.983450 -0.013299 0.064600 0.999500
3 -139.524307 -124.707100 132.267700 0.562499 0.800699 -0.206100 0.475000 0.999500
tree_07.tga
3 -164.467697 -123.047203 68.505096 0.545805 0.837908 0.002500 0.472200 0.521200
3 -181.999496 -118.252602 64.175499 -0.510806 0.858811 0.039000 0.064600 0.521200
3 -182.126099 -118.071800 151.586700 -0.180691 0.983450 -0.013299 0.064600 0.999500
tree_07.tga
3 -181.999496 -118.252602 64.175499 -0.510806 0.858811 0.039000 0.064600 0.521200
3 -199.555298 -147.386597 114.828201 -0.964325 0.036401 -0.262207 0.524600 0.999500
3 -182.126099 -118.071800 151.586700 -0.180691 0.983450 -0.013299 0.064600 0.999500
tree_07.tga
3 -181.999496 -118.252602 64.175499 -0.510806 0.858811 0.039000 0.064600 0.521200
3 -183.490204 -136.366898 68.505096 -0.970661 -0.205292 -0.125195 0.523400 0.521200
3 -199.555298 -147.386597 114.828201 -0.964325 0.036401 -0.262207 0.524600 0.999500
tree_07.tga
3 -183.490204 -136.366898 68.505096 -0.970661 -0.205292 -0.125195 0.523400 0.521200
3 -181.900101 -172.600906 104.040298 -0.601902 -0.622102 -0.500702 0.136200 0.999500
3 -199.555298 -147.386597 114.828201 -0.964325 0.036401 -0.262207 0.524600 0.999500
tree_07.tga
3 -183.490204 -136.366898 68.505096 -0.970661 -0.205292 -0.125195 0.523400 0.521200
3 -175.963104 -147.116898 65.759598 -0.457276 -0.851355 -0.257086 0.139000 0.521200
3 -181.900101 -172.600906 104.040298 -0.601902 -0.622102 -0.500702 0.136200 0.999500
tree_07.tga
3 -175.963104 -147.116898 65.759598 -0.457276 -0.851355 -0.257086 0.139000 0.521200
3 -142.550293 -174.591904 105.617798 0.219499 -0.765296 -0.605097 0.546600 0.999500
3 -181.900101 -172.600906 104.040298 -0.601902 -0.622102 -0.500702 0.136200 0.999500
tree_07.tga
3 -175.963104 -147.116898 65.759598 -0.457276 -0.851355 -0.257086 0.139000 0.521200
3 -163.150696 -145.171494 60.181000 0.480211 -0.823119 -0.303107 0.546600 0.521200
3 -142.550293 -174.591904 105.617798 0.219499 -0.765296 -0.605097 0.546600 0.999500
tree_07.tga
3 -163.033493 -145.338898 1.927400 0.789976 -0.613081 -0.008400 0.546600 0.000500
3 -160.270996 -134.177094 66.422096 0.981362 0.178293 -0.071697 0.954100 0.488700
3 -163.193405 -145.110504 73.744904 0.575089 -0.787984 -0.219896 0.546600 0.488700
tree_07.tga
3 -163.033493 -145.338898 1.927400 0.789976 -0.613081 -0.008400 0.546600 0.000500
3 -161.120300 -127.528801 0.694400 0.931202 0.363701 0.024200 0.954100 0.000500
3 -160.270996 -134.177094 66.422096 0.981362 0.178293 -0.071697 0.954100 0.488700
tree_07.tga
3 -161.120300 -127.528801 0.694400 0.931202 0.363701 0.024200 0.950700 0.000500
3 -165.887100 -126.156502 68.480698 0.440686 0.890772 0.110997 0.472200 0.488700
3 -160.270996 -134.177094 66.422096 0.981362 0.178293 -0.071697 0.950700 0.488700
tree_07.tga
3 -161.120300 -127.528801 0.694400 0.931202 0.363701 0.024200 0.950700 0.000500
3 -168.923996 -116.383904 0.723800 0.361590 0.922875 0.132496 0.472200 0.000500
3 -165.887100 -126.156502 68.480698 0.440686 0.890772 0.110997 0.472200 0.488700
tree_07.tga
3 -168.923996 -116.383904 0.723800 0.361590 0.922875 0.132496 0.472200 0.000500
3 -177.013397 -125.373497 60.535500 -0.516191 0.824986 0.230096 0.064600 0.488700
3 -165.887100 -126.156502 68.480698 0.440686 0.890772 0.110997 0.472200 0.488700
tree_07.tga
3 -168.923996 -116.383904 0.723800 0.361590 0.922875 0.132496 0.472200 0.000500
3 -185.536499 -113.201302 2.646900 -0.702708 0.673208 0.230203 0.064600 0.000500
3 -177.013397 -125.373497 60.535500 -0.516191 0.824986 0.230096 0.064600 0.488700
tree_07.tga
3 -185.536499 -113.201302 2.646900 -0.702708 0.673208 0.230203 0.064600 0.000500
3 -180.082993 -136.096603 68.480797 -0.988490 -0.116599 0.096399 0.523400 0.488700
3 -177.013397 -125.373497 60.535500 -0.516191 0.824986 0.230096 0.064600 0.488700
tree_07.tga
3 -185.536499 -113.201302 2.646900 -0.702708 0.673208 0.230203 0.064600 0.000500
3 -188.723602 -129.192001 3.478900 -0.935126 -0.343110 0.088402 0.523400 0.000500
3 -180.082993 -136.096603 68.480797 -0.988490 -0.116599 0.096399 0.523400 0.488700
tree_07.tga
3 -188.723602 -129.192001 3.478900 -0.935126 -0.343110 0.088402 0.523400 0.000500
3 -174.466904 -144.117203 66.422096 -0.497418 -0.858832 -0.122405 0.139000 0.488700
3 -180.082993 -136.096603 68.480797 -0.988490 -0.116599 0.096399 0.523400 0.488700
tree_07.tga
3 -188.723602 -129.192001 3.478900 -0.935126 -0.343110 0.088402 0.523400 0.000500
3 -180.421600 -141.048492 3.329200 -0.402422 -0.915449 0.003200 0.139000 0.000500
3 -174.466904 -144.117203 66.422096 -0.497418 -0.858832 -0.122405 0.139000 0.488700
tree_07.tga
3 -180.421600 -141.048492 3.329200 -0.402422 -0.915449 0.003200 0.139000 0.000500
3 -163.193405 -145.110504 73.744904 0.575089 -0.787984 -0.219896 0.546600 0.488700
3 -174.466904 -144.117203 66.422096 -0.497418 -0.858832 -0.122405 0.139000 0.488700
tree_07.tga
3 -180.421600 -141.048492 3.329200 -0.402422 -0.915449 0.003200 0.139000 0.000500
3 -163.033493 -145.338898 1.927400 0.789976 -0.613081 -0.008400 0.546600 0.000500
3 -163.193405 -145.110504 73.744904 0.575089 -0.787984 -0.219896 0.546600 0.488700
tree_07.tga
3 -163.193405 -145.110504 73.744904 0.575089 -0.787984 -0.219896 0.546600 0.488700
3 -144.376007 -148.601700 135.481506 0.970726 0.028401 -0.238506 0.956900 0.999500
3 -142.085693 -175.255402 151.453598 0.365596 -0.839391 -0.402196 0.546600 0.999500
tree_07.tga
3 -163.193405 -145.110504 73.744904 0.575089 -0.787984 -0.219896 0.546600 0.488700
3 -160.270996 -134.177094 66.422096 0.981362 0.178293 -0.071697 0.954100 0.488700
3 -144.376007 -148.601700 135.481506 0.970726 0.028401 -0.238506 0.956900 0.999500
tree_07.tga
3 -160.270996 -134.177094 66.422096 0.981362 0.178293 -0.071697 0.950700 0.488700
3 -150.110001 -140.412704 139.702499 0.590670 0.806359 0.029898 0.475000 0.999500
3 -144.376007 -148.601700 135.481506 0.970726 0.028401 -0.238506 0.947900 0.999500
tree_07.tga
3 -160.270996 -134.177094 66.422096 0.981362 0.178293 -0.071697 0.950700 0.488700
3 -165.887100 -126.156502 68.480698 0.440686 0.890772 0.110997 0.472200 0.488700
3 -150.110001 -140.412704 139.702499 0.590670 0.806359 0.029898 0.475000 0.999500
tree_07.tga
3 -165.887100 -126.156502 68.480698 0.440686 0.890772 0.110997 0.472200 0.488700
3 -163.340897 -144.899902 159.078293 -0.389704 0.891108 0.232502 0.064600 0.999500
3 -150.110001 -140.412704 139.702499 0.590670 0.806359 0.029898 0.475000 0.999500
tree_07.tga
3 -165.887100 -126.156502 68.480698 0.440686 0.890772 0.110997 0.472200 0.488700
3 -177.013397 -125.373497 60.535500 -0.516191 0.824986 0.230096 0.064600 0.488700
3 -163.340897 -144.899902 159.078293 -0.389704 0.891108 0.232502 0.064600 0.999500
tree_07.tga
3 -177.013397 -125.373497 60.535500 -0.516191 0.824986 0.230096 0.064600 0.488700
3 -172.082703 -155.798203 139.702499 -0.985053 0.103895 0.137393 0.524600 0.999500
3 -163.340897 -144.899902 159.078293 -0.389704 0.891108 0.232502 0.064600 0.999500
tree_07.tga
3 -177.013397 -125.373497 60.535500 -0.516191 0.824986 0.230096 0.064600 0.488700
3 -180.082993 -136.096603 68.480797 -0.988490 -0.116599 0.096399 0.523400 0.488700
3 -172.082703 -155.798203 139.702499 -0.985053 0.103895 0.137393 0.524600 0.999500
tree_07.tga
3 -180.082993 -136.096603 68.480797 -0.988490 -0.116599 0.096399 0.523400 0.488700
3 -168.405899 -161.049301 127.382896 -0.699689 -0.703989 -0.121798 0.136200 0.999500
3 -172.082703 -155.798203 139.702499 -0.985053 0.103895 0.137393 0.524600 0.999500
tree_07.tga
3 -180.082993 -136.096603 68.480797 -0.988490 -0.116599 0.096399 0.523400 0.488700
3 -174.466904 -144.117203 66.422096 -0.497418 -0.858832 -0.122405 0.139000 0.488700
3 -168.405899 -161.049301 127.382896 -0.699689 -0.703989 -0.121798 0.136200 0.999500
tree_07.tga
3 -174.466904 -144.117203 66.422096 -0.497418 -0.858832 -0.122405 0.139000 0.488700
3 -142.085693 -175.255402 151.453598 0.365596 -0.839391 -0.402196 0.546600 0.999500
3 -168.405899 -161.049301 127.382896 -0.699689 -0.703989 -0.121798 0.136200 0.999500
tree_07.tga
3 -174.466904 -144.117203 66.422096 -0.497418 -0.858832 -0.122405 0.139000 0.488700
3 -163.193405 -145.110504 73.744904 0.575089 -0.787984 -0.219896 0.546600 0.488700
3 -142.085693 -175.255402 151.453598 0.365596 -0.839391 -0.402196 0.546600 0.999500
tree_07.tga
4 -63.527302 51.130798 6.595900 0.801941 -0.506226 0.317216 0.546600 0.000500
4 -73.955299 75.357597 57.621201 0.956816 0.290105 -0.018500 0.954100 0.521200
4 -76.299400 63.902901 55.213501 0.652405 -0.744506 0.141701 0.546600 0.521200
tree_07.tga
4 -63.527302 51.130798 6.595900 0.801941 -0.506226 0.317216 0.546600 0.000500
4 -65.092697 71.459801 12.129200 0.847107 0.517204 0.122101 0.954100 0.000500
4 -73.955299 75.357597 57.621201 0.956816 0.290105 -0.018500 0.954100 0.521200
tree_07.tga
4 -65.092697 71.459801 12.129200 0.847107 0.517204 0.122101 0.950700 0.000500
4 -81.669502 83.071800 54.806999 0.452692 0.870084 -0.194996 0.472200 0.521200
4 -73.955299 75.357597 57.621201 0.956816 0.290105 -0.018500 0.950700 0.521200
tree_07.tga
4 -65.092697 71.459801 12.129200 0.847107 0.517204 0.122101 0.950700 0.000500
4 -75.911201 82.278198 11.330700 0.266197 0.963488 0.028800 0.472200 0.000500
4 -81.669502 83.071800 54.806999 0.452692 0.870084 -0.194996 0.472200 0.521200
tree_07.tga
4 -75.911201 82.278198 11.330700 0.266197 0.963488 0.028800 0.472200 0.000500
4 -95.098503 82.702003 47.034599 -0.589358 0.692550 -0.415970 0.064600 0.521200
4 -81.669502 83.071800 54.806999 0.452692 0.870084 -0.194996 0.472200 0.521200
tree_07.tga
4 -75.911201 82.278198 11.330700 0.266197 0.963488 0.028800 0.472200 0.000500
4 -96.046204 83.649696 4.918900 -0.891827 0.452014 0.018101 0.064600 0.000500
4 -95.098503 82.702003 47.034599 -0.589358 0.692550 -0.415970 0.064600 0.521200
tree_07.tga
4 -96.046204 83.649696 4.918900 -0.891827 0.452014 0.018101 0.064600 0.000500
4 -95.468300 69.273003 54.806999 -0.848588 -0.471893 -0.239197 0.523400 0.521200
4 -95.098503 82.702003 47.034599 -0.589358 0.692550 -0.415970 0.064600 0.521200
tree_07.tga
4 -96.046204 83.649696 4.918900 -0.891827 0.452014 0.018101 0.064600 0.000500
4 -94.968300 63.808201 18.713900 -0.844789 -0.531793 0.059399 0.523400 0.000500
4 -95.468300 69.273003 54.806999 -0.848588 -0.471893 -0.239197 0.523400 0.521200
tree_07.tga
4 -94.968300 63.808201 18.713900 -0.844789 -0.531793 0.059399 0.523400 0.000500
4 -87.754097 61.558800 57.621201 -0.228393 -0.973569 0.000100 0.139000 0.521200
4 -95.468300 69.273003 54.806999 -0.848588 -0.471893 -0.239197 0.523400 0.521200
tree_07.tga
4 -94.968300 63.808201 18.713900 -0.844789 -0.531793 0.059399 0.523400 0.000500
4 -81.167999 50.007900 1.963600 -0.152707 -0.967447 0.201810 0.139000 0.000500
4 -87.754097 61.558800 57.621201 -0.228393 -0.973569 0.000100 0.139000 0.521200
tree_07.tga
4 -81.167999 50.007900 1.963600 -0.152707 -0.967447 0.201810 0.139000 0.000500
4 -76.299400 63.902901 55.213501 0.652405 -0.744506 0.141701 0.546600 0.521200
4 -87.754097 61.558800 57.621201 -0.228393 -0.973569 0.000100 0.139000 0.521200
tree_07.tga
4 -81.167999 50.007900 1.963600 -0.152707 -0.967447 0.201810 0.139000 0.000500
4 -63.527302 51.130798 6.595900 0.801941 -0.506226 0.317216 0.546600 0.000500
4 -76.299400 63.902901 55.213501 0.652405 -0.744506 0.141701 0.546600 0.521200
tree_07.tga
4 -76.299400 63.902901 55.213501 0.652405 -0.744506 0.141701 0.546600 0.521200
4 -65.739098 90.292198 112.738800 0.990755 0.011300 -0.135194 0.956900 0.999500
4 -76.737396 64.340897 111.393204 0.533078 -0.846066 -0.000100 0.546600 0.999500
tree_07.tga
4 -76.299400 63.902901 55.213501 0.652405 -0.744506 0.141701 0.546600 0.521200
4 -73.955299 75.357597 57.621201 0.956816 0.290105 -0.018500 0.954100 0.521200
4 -65.739098 90.292198 112.738800 0.990755 0.011300 -0.135194 0.956900 0.999500
tree_07.tga
4 -73.955299 75.357597 57.621201 0.956816 0.290105 -0.018500 0.950700 0.521200
4 -85.685303 110.238403 101.844002 0.575072 0.729864 -0.369582 0.475000 0.999500
4 -65.739098 90.292198 112.738800 0.990755 0.011300 -0.135194 0.947900 0.999500
tree_07.tga
4 -73.955299 75.357597 57.621201 0.956816 0.290105 -0.018500 0.950700 0.521200
4 -81.669502 83.071800 54.806999 0.452692 0.870084 -0.194996 0.472200 0.521200
4 -85.685303 110.238403 101.844002 0.575072 0.729864 -0.369582 0.475000 0.999500
tree_07.tga
4 -81.669502 83.071800 54.806999 0.452692 0.870084 -0.194996 0.472200 0.521200
4 -123.817307 111.420807 91.212303 -0.180494 0.760475 -0.623779 0.064600 0.999500
4 -85.685303 110.238403 101.844002 0.575072 0.729864 -0.369582 0.475000 0.999500
tree_07.tga
4 -81.669502 83.071800 54.806999 0.452692 0.870084 -0.194996 0.472200 0.521200
4 -95.098503 82.702003 47.034599 -0.589358 0.692550 -0.415970 0.064600 0.521200
4 -123.817307 111.420807 91.212303 -0.180494 0.760475 -0.623779 0.064600 0.999500
tree_07.tga
4 -95.098503 82.702003 47.034599 -0.589358 0.692550 -0.415970 0.064600 0.521200
4 -122.028198 72.682198 83.735703 -0.736057 -0.367978 -0.568166 0.524600 0.999500
4 -123.817307 111.420807 91.212303 -0.180494 0.760475 -0.623779 0.064600 0.999500
tree_07.tga
4 -95.098503 82.702003 47.034599 -0.589358 0.692550 -0.415970 0.064600 0.521200
4 -95.468300 69.273003 54.806999 -0.848588 -0.471893 -0.239197 0.523400 0.521200
4 -122.028198 72.682198 83.735703 -0.736057 -0.367978 -0.568166 0.524600 0.999500
tree_07.tga
4 -95.468300 69.273003 54.806999 -0.848588 -0.471893 -0.239197 0.523400 0.521200
4 -104.274002 54.928001 94.727798 -0.287302 -0.910205 -0.298302 0.136200 0.999500
4 -122.028198 72.682198 83.735703 -0.736057 -0.367978 -0.568166 0.524600 0.999500
tree_07.tga
4 -95.468300 69.273003 54.806999 -0.848588 -0.471893 -0.239197 0.523400 0.521200
4 -87.754097 61.558800 57.621201 -0.228393 -0.973569 0.000100 0.139000 0.521200
4 -104.274002 54.928001 94.727798 -0.287302 -0.910205 -0.298302 0.136200 0.999500
tree_07.tga
4 -87.754097 61.558800 57.621201 -0.228393 -0.973569 0.000100 0.139000 0.521200
4 -76.737396 64.340897 111.393204 0.533078 -0.846066 -0.000100 0.546600 0.999500
4 -104.274002 54.928001 94.727798 -0.287302 -0.910205 -0.298302 0.136200 0.999500
tree_07.tga
4 -87.754097 61.558800 57.621201 -0.228393 -0.973569 0.000100 0.139000 0.521200
4 -76.299400 63.902901 55.213501 0.652405 -0.744506 0.141701 0.546600 0.521200
4 -76.737396 64.340897 111.393204 0.533078 -0.846066 -0.000100 0.546600 0.999500
tree_07.tga
4 -68.107697 55.711201 1.847100 0.838366 -0.493980 0.230491 0.546600 0.000500
4 -76.734001 74.635101 57.534401 0.933876 0.342291 0.103497 0.954100 0.488700
4 -80.196098 67.799599 66.227303 0.651183 -0.696681 0.300992 0.546600 0.488700
tree_07.tga
4 -68.107697 55.711201 1.847100 0.838366 -0.493980 0.230491 0.546600 0.000500
4 -69.115799 70.722000 0.607700 0.845134 0.528921 0.077403 0.954100 0.000500
4 -76.734001 74.635101 57.534401 0.933876 0.342291 0.103497 0.954100 0.488700
tree_07.tga
4 -69.115799 70.722000 0.607700 0.845134 0.528921 0.077403 0.950700 0.000500
4 -82.488998 80.390099 55.424301 0.339008 0.930323 -0.139903 0.472200 0.488700
4 -76.734001 74.635101 57.534401 0.933876 0.342291 0.103497 0.950700 0.488700
tree_07.tga
4 -69.115799 70.722000 0.607700 0.845134 0.528921 0.077403 0.950700 0.000500
4 -77.200203 78.806396 0.577500 0.137297 0.990477 0.010200 0.472200 0.000500
4 -82.488998 80.390099 55.424301 0.339008 0.930323 -0.139903 0.472200 0.488700
tree_07.tga
4 -77.200203 78.806396 0.577500 0.137297 0.990477 0.010200 0.472200 0.000500
4 -89.524399 77.127899 47.274399 -0.665709 0.712610 -0.221403 0.064600 0.488700
4 -82.488998 80.390099 55.424301 0.339008 0.930323 -0.139903 0.472200 0.488700
tree_07.tga
4 -77.200203 78.806396 0.577500 0.137297 0.990477 0.010200 0.472200 0.000500
4 -91.423897 79.027397 1.942900 -0.779096 0.626097 0.031800 0.064600 0.000500
4 -89.524399 77.127899 47.274399 -0.665709 0.712610 -0.221403 0.064600 0.488700
tree_07.tga
4 -91.423897 79.027397 1.942900 -0.779096 0.626097 0.031800 0.064600 0.000500
4 -92.786598 70.092499 55.424301 -0.948445 -0.306415 -0.081004 0.523400 0.488700
4 -89.524399 77.127899 47.274399 -0.665709 0.712610 -0.221403 0.064600 0.488700
tree_07.tga
4 -91.423897 79.027397 1.942900 -0.779096 0.626097 0.031800 0.064600 0.000500
4 -91.738701 65.339600 2.758900 -0.868263 -0.495379 0.026799 0.523400 0.000500
4 -92.786598 70.092499 55.424301 -0.948445 -0.306415 -0.081004 0.523400 0.488700
tree_07.tga
4 -91.738701 65.339600 2.758900 -0.868263 -0.495379 0.026799 0.523400 0.000500
4 -87.031601 64.337502 57.534401 -0.277691 -0.948068 0.155095 0.139000 0.488700
4 -92.786598 70.092499 55.424301 -0.948445 -0.306415 -0.081004 0.523400 0.488700
tree_07.tga
4 -91.738701 65.339600 2.758900 -0.868263 -0.495379 0.026799 0.523400 0.000500
4 -83.138397 56.739201 2.912900 -0.175905 -0.974629 0.138404 0.139000 0.000500
4 -87.031601 64.337502 57.534401 -0.277691 -0.948068 0.155095 0.139000 0.488700
tree_07.tga
4 -83.138397 56.739201 2.912900 -0.175905 -0.974629 0.138404 0.139000 0.000500
4 -80.196098 67.799599 66.227303 0.651183 -0.696681 0.300992 0.546600 0.488700
4 -87.031601 64.337502 57.534401 -0.277691 -0.948068 0.155095 0.139000 0.488700
tree_07.tga
4 -83.138397 56.739201 2.912900 -0.175905 -0.974629 0.138404 0.139000 0.000500
4 -68.107697 55.711201 1.847100 0.838366 -0.493980 0.230491 0.546600 0.000500
4 -80.196098 67.799599 66.227303 0.651183 -0.696681 0.300992 0.546600 0.488700
tree_07.tga
4 -80.196098 67.799599 66.227303 0.651183 -0.696681 0.300992 0.546600 0.488700
4 -91.639297 95.181702 114.554604 0.967844 0.143206 0.206809 0.956900 0.999500
4 -101.454697 89.058197 139.323593 0.506704 -0.780806 0.365503 0.546600 0.999500
tree_07.tga
4 -80.196098 67.799599 66.227303 0.651183 -0.696681 0.300992 0.546600 0.488700
4 -76.734001 74.635101 57.534401 0.933876 0.342291 0.103497 0.954100 0.488700
4 -91.639297 95.181702 114.554604 0.967844 0.143206 0.206809 0.956900 0.999500
tree_07.tga
4 -76.734001 74.635101 57.534401 0.933876 0.342291 0.103497 0.950700 0.488700
4 -97.114403 100.656799 109.737999 0.533103 0.829805 -0.165001 0.475000 0.999500
4 -91.639297 95.181702 114.554604 0.967844 0.143206 0.206809 0.947900 0.999500
tree_07.tga
4 -76.734001 74.635101 57.534401 0.933876 0.342291 0.103497 0.950700 0.488700
4 -82.488998 80.390099 55.424301 0.339008 0.930323 -0.139903 0.472200 0.488700
4 -97.114403 100.656799 109.737999 0.533103 0.829805 -0.165001 0.475000 0.999500
tree_07.tga
4 -82.488998 80.390099 55.424301 0.339008 0.930323 -0.139903 0.472200 0.488700
4 -115.618896 103.222397 114.670601 -0.394102 0.797104 -0.457502 0.064600 0.999500
4 -97.114403 100.656799 109.737999 0.533103 0.829805 -0.165001 0.475000 0.999500
tree_07.tga
4 -82.488998 80.390099 55.424301 0.339008 0.930323 -0.139903 0.472200 0.488700
4 -89.524399 77.127899 47.274399 -0.665709 0.712610 -0.221403 0.064600 0.488700
4 -115.618896 103.222397 114.670601 -0.394102 0.797104 -0.457502 0.064600 0.999500
tree_07.tga
4 -89.524399 77.127899 47.274399 -0.665709 0.712610 -0.221403 0.064600 0.488700
4 -113.053299 84.717903 109.737999 -0.925658 -0.254488 -0.279987 0.524600 0.999500
4 -115.618896 103.222397 114.670601 -0.394102 0.797104 -0.457502 0.064600 0.999500
tree_07.tga
4 -89.524399 77.127899 47.274399 -0.665709 0.712610 -0.221403 0.064600 0.488700
4 -92.786598 70.092499 55.424301 -0.948445 -0.306415 -0.081004 0.523400 0.488700
4 -113.053299 84.717903 109.737999 -0.925658 -0.254488 -0.279987 0.524600 0.999500
tree_07.tga
4 -92.786598 70.092499 55.424301 -0.948445 -0.306415 -0.081004 0.523400 0.488700
4 -104.950699 76.615303 107.916801 -0.432300 -0.899200 0.067500 0.136200 0.999500
4 -113.053299 84.717903 109.737999 -0.925658 -0.254488 -0.279987 0.524600 0.999500
tree_07.tga
4 -92.786598 70.092499 55.424301 -0.948445 -0.306415 -0.081004 0.523400 0.488700
4 -87.031601 64.337502 57.534401 -0.277691 -0.948068 0.155095 0.139000 0.488700
4 -104.950699 76.615303 107.916801 -0.432300 -0.899200 0.067500 0.136200 0.999500
tree_07.tga
4 -87.031601 64.337502 57.534401 -0.277691 -0.948068 0.155095 0.139000 0.488700
4 -101.454697 89.058197 139.323593 0.506704 -0.780806 0.365503 0.546600 0.999500
4 -104.950699 76.615303 107.916801 -0.432300 -0.899200 0.067500 0.136200 0.999500
tree_07.tga
4 -87.031601 64.337502 57.534401 -0.277691 -0.948068 0.155095 0.139000 0.488700
4 -80.196098 67.799599 66.227303 0.651183 -0.696681 0.300992 0.546600 0.488700
4 -101.454697 89.058197 139.323593 0.506704 -0.780806 0.365503 0.546600 0.999500
tree_07.tga
5 -15.517398 -141.414597 5.185400 0.774857 -0.626665 0.082995 0.546600 0.000500
5 -14.635099 -127.780197 52.953999 0.931768 0.303989 -0.198493 0.954100 0.521200
5 -19.008598 -137.254105 48.211201 0.537384 -0.766277 -0.352190 0.546600 0.521200
tree_07.tga
5 -15.517398 -141.414597 5.185400 0.774857 -0.626665 0.082995 0.546600 0.000500
5 -15.026700 -122.029602 10.951000 0.897578 0.437989 0.050199 0.954100 0.000500
5 -14.635099 -127.780197 52.953999 0.931768 0.303989 -0.198493 0.954100 0.521200
tree_07.tga
5 -15.026700 -122.029602 10.951000 0.897578 0.437989 0.050199 0.950700 0.000500
5 -21.407000 -119.709801 55.751701 0.469218 0.882635 0.028101 0.472200 0.521200
5 -14.635099 -127.780197 52.953999 0.931768 0.303989 -0.198493 0.950700 0.521200
tree_07.tga
5 -15.026700 -122.029602 10.951000 0.897578 0.437989 0.050199 0.950700 0.000500
5 -24.540501 -110.691498 11.745300 0.364201 0.917803 0.158100 0.472200 0.000500
5 -21.407000 -119.709801 55.751701 0.469218 0.882635 0.028101 0.472200 0.521200
tree_07.tga
5 -24.540501 -110.691498 11.745300 0.364201 0.917803 0.158100 0.472200 0.000500
5 -36.059799 -116.933197 52.757500 -0.580519 0.808826 0.093803 0.064600 0.521200
5 -21.407000 -119.709801 55.751701 0.469218 0.882635 0.028101 0.472200 0.521200
tree_07.tga
5 -24.540501 -110.691498 11.745300 0.364201 0.917803 0.158100 0.472200 0.000500
5 -44.132805 -107.312202 5.863100 -0.821630 0.507318 0.259909 0.064600 0.000500
5 -36.059799 -116.933197 52.757500 -0.580519 0.808826 0.093803 0.064600 0.521200
tree_07.tga
5 -44.132805 -107.312202 5.863100 -0.821630 0.507318 0.259909 0.064600 0.000500
5 -35.869801 -131.845596 55.751701 -0.954385 -0.278596 -0.107398 0.523400 0.521200
5 -36.059799 -116.933197 52.757500 -0.580519 0.808826 0.093803 0.064600 0.521200
tree_07.tga
5 -44.132805 -107.312202 5.863100 -0.821630 0.507318 0.259909 0.064600 0.000500
5 -43.797600 -127.681503 19.381100 -0.886284 -0.442292 0.137398 0.523400 0.000500
5 -35.869801 -131.845596 55.751701 -0.954385 -0.278596 -0.107398 0.523400 0.521200
tree_07.tga
5 -43.797600 -127.681503 19.381100 -0.886284 -0.442292 0.137398 0.523400 0.000500
5 -29.097900 -139.916000 52.953999 -0.395095 -0.874190 -0.282297 0.139000 0.521200
5 -35.869801 -131.845596 55.751701 -0.954385 -0.278596 -0.107398 0.523400 0.521200
tree_07.tga
5 -43.797600 -127.681503 19.381100 -0.886284 -0.442292 0.137398 0.523400 0.000500
5 -32.704498 -140.901703 1.717800 -0.189801 -0.980108 0.058000 0.139000 0.000500
5 -29.097900 -139.916000 52.953999 -0.395095 -0.874190 -0.282297 0.139000 0.521200
tree_07.tga
5 -32.704498 -140.901703 1.717800 -0.189801 -0.980108 0.058000 0.139000 0.000500
5 -19.008598 -137.254105 48.211201 0.537384 -0.766277 -0.352190 0.546600 0.521200
5 -29.097900 -139.916000 52.953999 -0.395095 -0.874190 -0.282297 0.139000 0.521200
tree_07.tga
5 -32.704498 -140.901703 1.717800 -0.189801 -0.980108 0.058000 0.139000 0.000500
5 -15.517398 -141.414597 5.185400 0.774857 -0.626665 0.082995 0.546600 0.000500
5 -19.008598 -137.254105 48.211201 0.537384 -0.766277 -0.352190 0.546600 0.521200
tree_07.tga
5 -19.008598 -137.254105 48.211201 0.537384 -0.766277 -0.352190 0.546600 0.521200
5 17.024002 -140.871002 90.053802 0.791218 0.161904 -0.589713 0.956900 0.999500
5 1.201601 -161.339600 82.064903 0.250407 -0.706419 -0.662018 0.546600 0.999500
tree_07.tga
5 -19.008598 -137.254105 48.211201 0.537384 -0.766277 -0.352190 0.546600 0.521200
5 -14.635099 -127.780197 52.953999 0.931768 0.303989 -0.198493 0.954100 0.521200
5 17.024002 -140.871002 90.053802 0.791218 0.161904 -0.589713 0.956900 0.999500
tree_07.tga
5 -14.635099 -127.780197 52.953999 0.931768 0.303989 -0.198493 0.950700 0.521200
5 1.581900 -122.467903 106.715599 0.478602 0.859903 -0.177501 0.475000 0.999500
5 17.024002 -140.871002 90.053802 0.791218 0.161904 -0.589713 0.947900 0.999500
tree_07.tga
5 -14.635099 -127.780197 52.953999 0.931768 0.303989 -0.198493 0.950700 0.521200
5 -21.407000 -119.709801 55.751701 0.469218 0.882635 0.028101 0.472200 0.521200
5 1.581900 -122.467903 106.715599 0.478602 0.859903 -0.177501 0.475000 0.999500
tree_07.tga
5 -21.407000 -119.709801 55.751701 0.469218 0.882635 0.028101 0.472200 0.521200
5 -32.206402 -121.525497 124.985298 -0.264113 0.962346 0.064303 0.064600 0.999500
5 1.581900 -122.467903 106.715599 0.478602 0.859903 -0.177501 0.475000 0.999500
tree_07.tga
5 -21.407000 -119.709801 55.751701 0.469218 0.882635 0.028101 0.472200 0.521200
5 -36.059799 -116.933197 52.757500 -0.580519 0.808826 0.093803 0.064600 0.521200
5 -32.206402 -121.525497 124.985298 -0.264113 0.962346 0.064303 0.064600 0.999500
tree_07.tga
5 -36.059799 -116.933197 52.757500 -0.580519 0.808826 0.093803 0.064600 0.521200
5 -46.319000 -144.031799 93.649200 -0.976505 -0.028500 -0.213601 0.524600 0.999500
5 -32.206402 -121.525497 124.985298 -0.264113 0.962346 0.064303 0.064600 0.999500
tree_07.tga
5 -36.059799 -116.933197 52.757500 -0.580519 0.808826 0.093803 0.064600 0.521200
5 -35.869801 -131.845596 55.751701 -0.954385 -0.278596 -0.107398 0.523400 0.521200
5 -46.319000 -144.031799 93.649200 -0.976505 -0.028500 -0.213601 0.524600 0.999500
tree_07.tga
5 -35.869801 -131.845596 55.751701 -0.954385 -0.278596 -0.107398 0.523400 0.521200
5 -30.785099 -162.544403 82.732903 -0.570059 -0.642753 -0.511763 0.136200 0.999500
5 -46.319000 -144.031799 93.649200 -0.976505 -0.028500 -0.213601 0.524600 0.999500
tree_07.tga
5 -35.869801 -131.845596 55.751701 -0.954385 -0.278596 -0.107398 0.523400 0.521200
5 -29.097900 -139.916000 52.953999 -0.395095 -0.874190 -0.282297 0.139000 0.521200
5 -30.785099 -162.544403 82.732903 -0.570059 -0.642753 -0.511763 0.136200 0.999500
tree_07.tga
5 -29.097900 -139.916000 52.953999 -0.395095 -0.874190 -0.282297 0.139000 0.521200
5 1.201601 -161.339600 82.064903 0.250407 -0.706419 -0.662018 0.546600 0.999500
5 -30.785099 -162.544403 82.732903 -0.570059 -0.642753 -0.511763 0.136200 0.999500
tree_07.tga
5 -29.097900 -139.916000 52.953999 -0.395095 -0.874190 -0.282297 0.139000 0.521200
5 -19.008598 -137.254105 48.211201 0.537384 -0.766277 -0.352190 0.546600 0.521200
5 1.201601 -161.339600 82.064903 0.250407 -0.706419 -0.662018 0.546600 0.999500
tree_07.tga
5 -19.637600 -136.504395 1.541400 0.842225 -0.537916 -0.036101 0.546600 0.000500
5 -17.286098 -128.347198 53.560101 0.959185 0.267396 -0.091999 0.954100 0.488700
5 -18.674000 -137.652802 59.123100 0.636100 -0.718699 -0.280800 0.546600 0.488700
tree_07.tga
5 -19.637600 -136.504395 1.541400 0.842225 -0.537916 -0.036101 0.546600 0.000500
5 -19.350800 -121.943398 0.561900 0.896592 0.442496 0.017900 0.954100 0.000500
5 -17.286098 -128.347198 53.560101 0.959185 0.267396 -0.091999 0.954100 0.488700
tree_07.tga
5 -19.350800 -121.943398 0.561900 0.896592 0.442496 0.017900 0.950700 0.000500
5 -22.337999 -122.326500 55.657799 0.359895 0.921688 0.144798 0.472200 0.488700
5 -17.286098 -128.347198 53.560101 0.959185 0.267396 -0.091999 0.950700 0.488700
tree_07.tga
5 -19.350800 -121.943398 0.561900 0.896592 0.442496 0.017900 0.950700 0.000500
5 -26.460800 -113.469902 0.591900 0.286614 0.946947 0.145407 0.472200 0.000500
5 -22.337999 -122.326500 55.657799 0.359895 0.921688 0.144798 0.472200 0.488700
tree_07.tga
5 -26.460800 -113.469902 0.591900 0.286614 0.946947 0.145407 0.472200 0.000500
5 -31.614700 -122.230698 49.449402 -0.573586 0.768081 0.284693 0.064600 0.488700
5 -22.337999 -122.326500 55.657799 0.359895 0.921688 0.144798 0.472200 0.488700
tree_07.tga
5 -26.460800 -113.469902 0.591900 0.286614 0.946947 0.145407 0.472200 0.000500
5 -40.139599 -112.071098 2.183600 -0.760005 0.598904 0.252402 0.064600 0.000500
5 -31.614700 -122.230698 49.449402 -0.573586 0.768081 0.284693 0.064600 0.488700
tree_07.tga
5 -40.139599 -112.071098 2.183600 -0.760005 0.598904 0.252402 0.064600 0.000500
5 -33.131199 -131.383102 55.657799 -0.971747 -0.203710 0.119206 0.523400 0.488700
5 -31.614700 -122.230698 49.449402 -0.573586 0.768081 0.284693 0.064600 0.488700
tree_07.tga
5 -40.139599 -112.071098 2.183600 -0.760005 0.598904 0.252402 0.064600 0.000500
5 -41.586800 -125.249199 2.846800 -0.900507 -0.424203 0.095601 0.523400 0.000500
5 -33.131199 -131.383102 55.657799 -0.971747 -0.203710 0.119206 0.523400 0.488700
tree_07.tga
5 -41.586800 -125.249199 2.846800 -0.900507 -0.424203 0.095601 0.523400 0.000500
5 -28.079201 -137.403702 53.560101 -0.431891 -0.889281 -0.150497 0.139000 0.488700
5 -33.131199 -131.383102 55.657799 -0.971747 -0.203710 0.119206 0.523400 0.488700
tree_07.tga
5 -41.586800 -125.249199 2.846800 -0.900507 -0.424203 0.095601 0.523400 0.000500
5 -34.022999 -134.263397 2.693600 -0.326899 -0.944997 -0.010900 0.139000 0.000500
5 -28.079201 -137.403702 53.560101 -0.431891 -0.889281 -0.150497 0.139000 0.488700
tree_07.tga
5 -34.022999 -134.263397 2.693600 -0.326899 -0.944997 -0.010900 0.139000 0.000500
5 -18.674000 -137.652802 59.123100 0.636100 -0.718699 -0.280800 0.546600 0.488700
5 -28.079201 -137.403702 53.560101 -0.431891 -0.889281 -0.150497 0.139000 0.488700
tree_07.tga
5 -34.022999 -134.263397 2.693600 -0.326899 -0.944997 -0.010900 0.139000 0.000500
5 -19.637600 -136.504395 1.541400 0.842225 -0.537916 -0.036101 0.546600 0.000500
5 -18.674000 -137.652802 59.123100 0.636100 -0.718699 -0.280800 0.546600 0.488700
tree_07.tga
5 -18.674000 -137.652802 59.123100 0.636100 -0.718699 -0.280800 0.546600 0.488700
5 -0.517698 -142.327103 107.868401 0.949889 0.131898 -0.283397 0.956900 0.999500
5 4.085903 -164.776993 118.344704 0.420304 -0.766507 -0.485604 0.546600 0.999500
tree_07.tga
5 -18.674000 -137.652802 59.123100 0.636100 -0.718699 -0.280800 0.546600 0.488700
5 -17.286098 -128.347198 53.560101 0.959185 0.267396 -0.091999 0.954100 0.488700
5 -0.517698 -142.327103 107.868401 0.949889 0.131898 -0.283397 0.956900 0.999500
tree_07.tga
5 -17.286098 -128.347198 53.560101 0.959185 0.267396 -0.091999 0.950700 0.488700
5 -5.464998 -136.431000 112.180603 0.512692 0.856487 0.059799 0.475000 0.999500
5 -0.517698 -142.327103 107.868401 0.949889 0.131898 -0.283397 0.947900 0.999500
tree_07.tga
5 -17.286098 -128.347198 53.560101 0.959185 0.267396 -0.091999 0.950700 0.488700
5 -22.337999 -122.326500 55.657799 0.359895 0.921688 0.144798 0.472200 0.488700
5 -5.464998 -136.431000 112.180603 0.512692 0.856487 0.059799 0.475000 0.999500
tree_07.tga
5 -22.337999 -122.326500 55.657799 0.359895 0.921688 0.144798 0.472200 0.488700
5 -14.620299 -142.483795 128.306702 -0.462399 0.829098 0.314299 0.064600 0.999500
5 -5.464998 -136.431000 112.180603 0.512692 0.856487 0.059799 0.475000 0.999500
tree_07.tga
5 -22.337999 -122.326500 55.657799 0.359895 0.921688 0.144798 0.472200 0.488700
5 -31.614700 -122.230698 49.449402 -0.573586 0.768081 0.284693 0.064600 0.488700
5 -14.620299 -142.483795 128.306702 -0.462399 0.829098 0.314299 0.064600 0.999500
tree_07.tga
5 -31.614700 -122.230698 49.449402 -0.573586 0.768081 0.284693 0.064600 0.488700
5 -22.170898 -150.448898 112.180603 -0.979765 0.029299 0.197993 0.524600 0.999500
5 -14.620299 -142.483795 128.306702 -0.462399 0.829098 0.314299 0.064600 0.999500
tree_07.tga
5 -31.614700 -122.230698 49.449402 -0.573586 0.768081 0.284693 0.064600 0.488700
5 -33.131199 -131.383102 55.657799 -0.971747 -0.203710 0.119206 0.523400 0.488700
5 -22.170898 -150.448898 112.180603 -0.979765 0.029299 0.197993 0.524600 0.999500
tree_07.tga
5 -33.131199 -131.383102 55.657799 -0.971747 -0.203710 0.119206 0.523400 0.488700
5 -19.536398 -153.588593 101.652298 -0.649499 -0.748799 -0.132100 0.136200 0.999500
5 -22.170898 -150.448898 112.180603 -0.979765 0.029299 0.197993 0.524600 0.999500
tree_07.tga
5 -33.131199 -131.383102 55.657799 -0.971747 -0.203710 0.119206 0.523400 0.488700
5 -28.079201 -137.403702 53.560101 -0.431891 -0.889281 -0.150497 0.139000 0.488700
5 -19.536398 -153.588593 101.652298 -0.649499 -0.748799 -0.132100 0.136200 0.999500
tree_07.tga
5 -28.079201 -137.403702 53.560101 -0.431891 -0.889281 -0.150497 0.139000 0.488700
5 4.085903 -164.776993 118.344704 0.420304 -0.766507 -0.485604 0.546600 0.999500
5 -19.536398 -153.588593 101.652298 -0.649499 -0.748799 -0.132100 0.136200 0.999500
tree_07.tga
5 -28.079201 -137.403702 53.560101 -0.431891 -0.889281 -0.150497 0.139000 0.488700
5 -18.674000 -137.652802 59.123100 0.636100 -0.718699 -0.280800 0.546600 0.488700
5 4.085903 -164.776993 118.344704 0.420304 -0.766507 -0.485604 0.546600 0.999500
tree_07.tga
6 58.081100 -33.746101 6.145900 0.765178 0.585483 0.267792 0.546600 0.000500
6 35.315201 -33.909599 55.750401 0.038799 0.997183 -0.064199 0.954100 0.521200
6 44.722401 -39.975300 52.819901 0.932363 0.359986 0.033299 0.546600 0.521200
tree_07.tga
6 58.081100 -33.746101 6.145900 0.765178 0.585483 0.267792 0.546600 0.000500
6 39.103001 -28.382599 11.610300 -0.194603 0.975116 0.106202 0.954100 0.000500
6 35.315201 -33.909599 55.750401 0.038799 0.997183 -0.064199 0.954100 0.521200
tree_07.tga
6 39.103001 -28.382599 11.610300 -0.194603 0.975116 0.106202 0.950700 0.000500
6 25.501698 -38.485699 54.199799 -0.688325 0.709126 -0.152806 0.472200 0.521200
6 35.315201 -33.909599 55.750401 0.038799 0.997183 -0.064199 0.950700 0.521200
tree_07.tga
6 39.103001 -28.382599 11.610300 -0.194603 0.975116 0.106202 0.950700 0.000500
6 25.628201 -34.666000 11.173400 -0.811694 0.581295 0.057000 0.472200 0.000500
6 25.501698 -38.485699 54.199799 -0.688325 0.709126 -0.152806 0.472200 0.521200
tree_07.tga
6 25.628201 -34.666000 11.173400 -0.811694 0.581295 0.057000 0.472200 0.000500
6 20.723001 -51.166401 47.516602 -0.889017 -0.335206 -0.311906 0.064600 0.521200
6 25.501698 -38.485699 54.199799 -0.688325 0.709126 -0.152806 0.472200 0.521200
tree_07.tga
6 25.628201 -34.666000 11.173400 -0.811694 0.581295 0.057000 0.472200 0.000500
6 17.601200 -52.622101 5.014600 -0.726200 -0.683900 0.070100 0.064600 0.000500
6 20.723001 -51.166401 47.516602 -0.889017 -0.335206 -0.311906 0.064600 0.521200
tree_07.tga
6 17.601200 -52.622101 5.014600 -0.726200 -0.683900 0.070100 0.064600 0.000500
6 33.508598 -55.656700 54.199799 0.121995 -0.968161 -0.218591 0.523400 0.521200
6 20.723001 -51.166401 47.516602 -0.889017 -0.335206 -0.311906 0.064600 0.521200
tree_07.tga
6 17.601200 -52.622101 5.014600 -0.726200 -0.683900 0.070100 0.064600 0.000500
6 36.343102 -58.095699 18.460400 0.207803 -0.975314 0.074701 0.523400 0.000500
6 33.508598 -55.656700 54.199799 0.121995 -0.968161 -0.218591 0.523400 0.521200
tree_07.tga
6 36.343102 -58.095699 18.460400 0.207803 -0.975314 0.074701 0.523400 0.000500
6 43.322201 -51.080601 55.750401 0.829927 -0.553918 -0.066302 0.139000 0.521200
6 33.508598 -55.656700 54.199799 0.121995 -0.968161 -0.218591 0.523400 0.521200
tree_07.tga
6 36.343102 -58.095699 18.460400 0.207803 -0.975314 0.074701 0.523400 0.000500
6 53.215500 -50.228001 1.867200 0.867794 -0.466097 0.172299 0.139000 0.000500
6 43.322201 -51.080601 55.750401 0.829927 -0.553918 -0.066302 0.139000 0.521200
tree_07.tga
6 53.215500 -50.228001 1.867200 0.867794 -0.466097 0.172299 0.139000 0.000500
6 44.722401 -39.975300 52.819901 0.932363 0.359986 0.033299 0.546600 0.521200
6 43.322201 -51.080601 55.750401 0.829927 -0.553918 -0.066302 0.139000 0.521200
tree_07.tga
6 53.215500 -50.228001 1.867200 0.867794 -0.466097 0.172299 0.139000 0.000500
6 58.081100 -33.746101 6.145900 0.765178 0.585483 0.267792 0.546600 0.000500
6 44.722401 -39.975300 52.819901 0.932363 0.359986 0.033299 0.546600 0.521200
tree_07.tga
6 44.722401 -39.975300 52.819901 0.932363 0.359986 0.033299 0.546600 0.521200
6 32.427502 -17.719900 108.170700 0.295990 0.921570 -0.251192 0.956900 0.999500
6 51.963200 -36.598900 105.070602 0.968084 0.195197 -0.157197 0.546600 0.999500
tree_07.tga
6 44.722401 -39.975300 52.819901 0.932363 0.359986 0.033299 0.546600 0.521200
6 35.315201 -33.909599 55.750401 0.038799 0.997183 -0.064199 0.954100 0.521200
6 32.427502 -17.719900 108.170700 0.295990 0.921570 -0.251192 0.956900 0.999500
tree_07.tga
6 35.315201 -33.909599 55.750401 0.038799 0.997183 -0.064199 0.950700 0.521200
6 6.157598 -29.969803 103.531998 -0.545582 0.763575 -0.345389 0.475000 0.999500
6 32.427502 -17.719900 108.170700 0.295990 0.921570 -0.251192 0.947900 0.999500
tree_07.tga
6 35.315201 -33.909599 55.750401 0.038799 0.997183 -0.064199 0.950700 0.521200
6 25.501698 -38.485699 54.199799 -0.688325 0.709126 -0.152806 0.472200 0.521200
6 6.157598 -29.969803 103.531998 -0.545582 0.763575 -0.345389 0.475000 0.999500
tree_07.tga
6 25.501698 -38.485699 54.199799 -0.688325 0.709126 -0.152806 0.472200 0.521200
6 -9.082798 -65.065102 99.509399 -0.867251 0.050797 -0.495272 0.064600 0.999500
6 6.157598 -29.969803 103.531998 -0.545582 0.763575 -0.345389 0.475000 0.999500
tree_07.tga
6 25.501698 -38.485699 54.199799 -0.688325 0.709126 -0.152806 0.472200 0.521200
6 20.723001 -51.166401 47.516602 -0.889017 -0.335206 -0.311906 0.064600 0.521200
6 -9.082798 -65.065102 99.509399 -0.867251 0.050797 -0.495272 0.064600 0.999500
tree_07.tga
6 20.723001 -51.166401 47.516602 -0.889017 -0.335206 -0.311906 0.064600 0.521200
6 25.308601 -77.016701 85.716797 0.008200 -0.856421 -0.516213 0.524600 0.999500
6 -9.082798 -65.065102 99.509399 -0.867251 0.050797 -0.495272 0.064600 0.999500
tree_07.tga
6 20.723001 -51.166401 47.516602 -0.889017 -0.335206 -0.311906 0.064600 0.521200
6 33.508598 -55.656700 54.199799 0.121995 -0.968161 -0.218591 0.523400 0.521200
6 25.308601 -77.016701 85.716797 0.008200 -0.856421 -0.516213 0.524600 0.999500
tree_07.tga
6 33.508598 -55.656700 54.199799 0.121995 -0.968161 -0.218591 0.523400 0.521200
6 48.777199 -66.073097 91.847702 0.708370 -0.605474 -0.362785 0.136200 0.999500
6 25.308601 -77.016701 85.716797 0.008200 -0.856421 -0.516213 0.524600 0.999500
tree_07.tga
6 33.508598 -55.656700 54.199799 0.121995 -0.968161 -0.218591 0.523400 0.521200
6 43.322201 -51.080601 55.750401 0.829927 -0.553918 -0.066302 0.139000 0.521200
6 48.777199 -66.073097 91.847702 0.708370 -0.605474 -0.362785 0.136200 0.999500
tree_07.tga
6 43.322201 -51.080601 55.750401 0.829927 -0.553918 -0.066302 0.139000 0.521200
6 51.963200 -36.598900 105.070602 0.968084 0.195197 -0.157197 0.546600 0.999500
6 48.777199 -66.073097 91.847702 0.708370 -0.605474 -0.362785 0.136200 0.999500
tree_07.tga
6 43.322201 -51.080601 55.750401 0.829927 -0.553918 -0.066302 0.139000 0.521200
6 44.722401 -39.975300 52.819901 0.932363 0.359986 0.033299 0.546600 0.521200
6 51.963200 -36.598900 105.070602 0.968084 0.195197 -0.157197 0.546600 0.999500
tree_07.tga
6 52.348701 -36.419102 1.740300 0.751666 0.636371 0.173292 0.546600 0.000500
6 35.051399 -36.684700 55.819698 0.003000 0.998053 0.062303 0.954100 0.488700
6 41.037300 -41.693699 63.837002 0.899462 0.397983 0.180492 0.546600 0.488700
tree_07.tga
6 52.348701 -36.419102 1.740300 0.751666 0.636371 0.173292 0.546600 0.000500
6 38.316799 -32.355499 0.584400 -0.204811 0.976654 0.064804 0.954100 0.000500
6 35.051399 -36.684700 55.819698 0.003000 0.998053 0.062303 0.954100 0.488700
tree_07.tga
6 38.316799 -32.355499 0.584400 -0.204811 0.976654 0.064804 0.950700 0.000500
6 27.728600 -40.099400 54.657001 -0.778567 0.621474 -0.087196 0.472200 0.488700
6 35.051399 -36.684700 55.819698 0.003000 0.998053 0.062303 0.950700 0.488700
tree_07.tga
6 38.316799 -32.355499 0.584400 -0.204811 0.976654 0.064804 0.950700 0.000500
6 28.256701 -37.046600 0.567900 -0.876573 0.479485 0.041399 0.472200 0.000500
6 27.728600 -40.099400 54.657001 -0.778567 0.621474 -0.087196 0.472200 0.488700
tree_07.tga
6 28.256701 -37.046600 0.567900 -0.876573 0.479485 0.041399 0.472200 0.000500
6 27.651199 -47.935799 46.963600 -0.914180 -0.387691 -0.118197 0.064600 0.488700
6 27.728600 -40.099400 54.657001 -0.778567 0.621474 -0.087196 0.472200 0.488700
tree_07.tga
6 28.256701 -37.046600 0.567900 -0.876573 0.479485 0.041399 0.472200 0.000500
6 23.334999 -49.948399 1.952000 -0.840767 -0.535379 0.080497 0.064600 0.000500
6 27.651199 -47.935799 46.963600 -0.914180 -0.387691 -0.118197 0.064600 0.488700
tree_07.tga
6 23.334999 -49.948399 1.952000 -0.840767 -0.535379 0.080497 0.064600 0.000500
6 33.703899 -52.913601 54.657001 -0.046901 -0.998020 -0.041901 0.523400 0.488700
6 27.651199 -47.935799 46.963600 -0.914180 -0.387691 -0.118197 0.064600 0.488700
tree_07.tga
6 23.334999 -49.948399 1.952000 -0.840767 -0.535379 0.080497 0.064600 0.000500
6 35.721401 -54.779301 2.717000 0.169800 -0.984600 0.041600 0.523400 0.000500
6 33.703899 -52.913601 54.657001 -0.046901 -0.998020 -0.041901 0.523400 0.488700
tree_07.tga
6 35.721401 -54.779301 2.717000 0.169800 -0.984600 0.041600 0.523400 0.000500
6 41.026699 -49.498901 55.819698 0.798891 -0.595693 0.083199 0.139000 0.488700
6 33.703899 -52.913601 54.657001 -0.046901 -0.998020 -0.041901 0.523400 0.488700
tree_07.tga
6 35.721401 -54.779301 2.717000 0.169800 -0.984600 0.041600 0.523400 0.000500
6 46.424099 -49.788502 2.801200 0.851118 -0.514711 0.103302 0.139000 0.000500
6 41.026699 -49.498901 55.819698 0.798891 -0.595693 0.083199 0.139000 0.488700
tree_07.tga
6 46.424099 -49.788502 2.801200 0.851118 -0.514711 0.103302 0.139000 0.000500
6 41.037300 -41.693699 63.837002 0.899462 0.397983 0.180492 0.546600 0.488700
6 41.026699 -49.498901 55.819698 0.798891 -0.595693 0.083199 0.139000 0.488700
tree_07.tga
6 46.424099 -49.788502 2.801200 0.851118 -0.514711 0.103302 0.139000 0.000500
6 52.348701 -36.419102 1.740300 0.751666 0.636371 0.173292 0.546600 0.000500
6 41.037300 -41.693699 63.837002 0.899462 0.397983 0.180492 0.546600 0.488700
tree_07.tga
6 41.037300 -41.693699 63.837002 0.899462 0.397983 0.180492 0.546600 0.488700
6 20.231800 -39.321999 114.238403 0.206596 0.973881 0.094198 0.956900 0.999500
6 28.144899 -47.705601 137.850998 0.958209 0.218702 0.184402 0.546600 0.999500
tree_07.tga
6 41.037300 -41.693699 63.837002 0.899462 0.397983 0.180492 0.546600 0.488700
6 35.051399 -36.684700 55.819698 0.003000 0.998053 0.062303 0.954100 0.488700
6 20.231800 -39.321999 114.238403 0.206596 0.973881 0.094198 0.956900 0.999500
tree_07.tga
6 35.051399 -36.684700 55.819698 0.003000 0.998053 0.062303 0.950700 0.488700
6 12.632599 -42.865601 111.396896 -0.628502 0.767002 -0.129200 0.475000 0.999500
6 20.231800 -39.321999 114.238403 0.206596 0.973881 0.094198 0.947900 0.999500
tree_07.tga
6 35.051399 -36.684700 55.819698 0.003000 0.998053 0.062303 0.950700 0.488700
6 27.728600 -40.099400 54.657001 -0.778567 0.621474 -0.087196 0.472200 0.488700
6 12.632599 -42.865601 111.396896 -0.628502 0.767002 -0.129200 0.475000 0.999500
tree_07.tga
6 27.728600 -40.099400 54.657001 -0.778567 0.621474 -0.087196 0.472200 0.488700
6 5.489899 -58.269699 119.771599 -0.941481 -0.145397 -0.304094 0.064600 0.999500
6 12.632599 -42.865601 111.396896 -0.628502 0.767002 -0.129200 0.475000 0.999500
tree_07.tga
6 27.728600 -40.099400 54.657001 -0.778567 0.621474 -0.087196 0.472200 0.488700
6 27.651199 -47.935799 46.963600 -0.914180 -0.387691 -0.118197 0.064600 0.488700
6 5.489899 -58.269699 119.771599 -0.941481 -0.145397 -0.304094 0.064600 0.999500
tree_07.tga
6 27.651199 -47.935799 46.963600 -0.914180 -0.387691 -0.118197 0.064600 0.488700
6 21.881401 -62.699699 111.396896 -0.140404 -0.969827 -0.199306 0.524600 0.999500
6 5.489899 -58.269699 119.771599 -0.941481 -0.145397 -0.304094 0.064600 0.999500
tree_07.tga
6 27.651199 -47.935799 46.963600 -0.914180 -0.387691 -0.118197 0.064600 0.488700
6 33.703899 -52.913601 54.657001 -0.046901 -0.998020 -0.041901 0.523400 0.488700
6 21.881401 -62.699699 111.396896 -0.140404 -0.969827 -0.199306 0.524600 0.999500
tree_07.tga
6 33.703899 -52.913601 54.657001 -0.046901 -0.998020 -0.041901 0.523400 0.488700
6 31.368900 -58.275600 107.192596 0.674013 -0.738714 0.003000 0.136200 0.999500
6 21.881401 -62.699699 111.396896 -0.140404 -0.969827 -0.199306 0.524600 0.999500
tree_07.tga
6 33.703899 -52.913601 54.657001 -0.046901 -0.998020 -0.041901 0.523400 0.488700
6 41.026699 -49.498901 55.819698 0.798891 -0.595693 0.083199 0.139000 0.488700
6 31.368900 -58.275600 107.192596 0.674013 -0.738714 0.003000 0.136200 0.999500
tree_07.tga
6 41.026699 -49.498901 55.819698 0.798891 -0.595693 0.083199 0.139000 0.488700
6 28.144899 -47.705601 137.850998 0.958209 0.218702 0.184402 0.546600 0.999500
6 31.368900 -58.275600 107.192596 0.674013 -0.738714 0.003000 0.136200 0.999500
tree_07.tga
6 41.026699 -49.498901 55.819698 0.798891 -0.595693 0.083199 0.139000 0.488700
6 41.037300 -41.693699 63.837002 0.899462 0.397983 0.180492 0.546600 0.488700
6 28.144899 -47.705601 137.850998 0.958209 0.218702 0.184402 0.546600 0.999500
tree_07.tga
7 86.801201 133.934906 6.531500 0.718022 -0.687621 0.107803 0.546600 0.000500
7 88.380402 151.922897 65.759598 0.960691 0.207798 -0.184098 0.954100 0.521200
7 82.170303 140.548492 60.181000 0.480211 -0.823119 -0.303107 0.546600 0.521200
tree_07.tga
7 86.801201 133.934906 6.531500 0.718022 -0.687621 0.107803 0.546600 0.000500
7 89.448601 157.680893 13.572500 0.931830 0.358311 0.057502 0.954100 0.000500
7 88.380402 151.922897 65.759598 0.960691 0.207798 -0.184098 0.954100 0.521200
tree_07.tga
7 89.448601 157.680893 13.572500 0.931830 0.358311 0.057502 0.950700 0.000500
7 80.853203 162.672806 68.505096 0.545805 0.837908 0.002500 0.472200 0.521200
7 88.380402 151.922897 65.759598 0.960691 0.207798 -0.184098 0.950700 0.521200
tree_07.tga
7 89.448601 157.680893 13.572500 0.931830 0.358311 0.057502 0.950700 0.000500
7 79.000999 172.601501 14.348800 0.441013 0.885726 0.144904 0.472200 0.000500
7 80.853203 162.672806 68.505096 0.545805 0.837908 0.002500 0.472200 0.521200
tree_07.tga
7 79.000999 172.601501 14.348800 0.441013 0.885726 0.144904 0.472200 0.000500
7 63.321499 167.467407 64.175499 -0.510806 0.858811 0.039000 0.064600 0.521200
7 80.853203 162.672806 68.505096 0.545805 0.837908 0.002500 0.472200 0.521200
tree_07.tga
7 79.000999 172.601501 14.348800 0.441013 0.885726 0.144904 0.472200 0.000500
7 55.391998 178.791901 7.070400 -0.780000 0.580100 0.234700 0.064600 0.000500
7 63.321499 167.467407 64.175499 -0.510806 0.858811 0.039000 0.064600 0.521200
tree_07.tga
7 55.391998 178.791901 7.070400 -0.780000 0.580100 0.234700 0.064600 0.000500
7 61.830700 149.353104 68.505096 -0.970661 -0.205292 -0.125195 0.523400 0.521200
7 63.321499 167.467407 64.175499 -0.510806 0.858811 0.039000 0.064600 0.521200
tree_07.tga
7 55.391998 178.791901 7.070400 -0.780000 0.580100 0.234700 0.064600 0.000500
7 53.502701 153.963196 23.686501 -0.922237 -0.364715 0.128305 0.523400 0.000500
7 61.830700 149.353104 68.505096 -0.970661 -0.205292 -0.125195 0.523400 0.521200
tree_07.tga
7 53.502701 153.963196 23.686501 -0.922237 -0.364715 0.128305 0.523400 0.000500
7 69.357903 138.603195 65.759598 -0.457276 -0.851355 -0.257086 0.139000 0.521200
7 61.830700 149.353104 68.505096 -0.970661 -0.205292 -0.125195 0.523400 0.521200
tree_07.tga
7 53.502701 153.963196 23.686501 -0.922237 -0.364715 0.128305 0.523400 0.000500
7 65.804802 136.393997 2.136200 -0.278712 -0.957542 0.073703 0.139000 0.000500
7 69.357903 138.603195 65.759598 -0.457276 -0.851355 -0.257086 0.139000 0.521200
tree_07.tga
7 65.804802 136.393997 2.136200 -0.278712 -0.957542 0.073703 0.139000 0.000500
7 82.170303 140.548492 60.181000 0.480211 -0.823119 -0.303107 0.546600 0.521200
7 69.357903 138.603195 65.759598 -0.457276 -0.851355 -0.257086 0.139000 0.521200
tree_07.tga
7 65.804802 136.393997 2.136200 -0.278712 -0.957542 0.073703 0.139000 0.000500
7 86.801201 133.934906 6.531500 0.718022 -0.687621 0.107803 0.546600 0.000500
7 82.170303 140.548492 60.181000 0.480211 -0.823119 -0.303107 0.546600 0.521200
tree_07.tga
7 82.170303 140.548492 60.181000 0.480211 -0.823119 -0.303107 0.546600 0.521200
7 123.851097 135.228394 114.873802 0.829987 0.053699 -0.555192 0.956900 0.999500
7 102.770699 111.128098 105.617798 0.219499 -0.765296 -0.605097 0.546600 0.999500
tree_07.tga
7 82.170303 140.548492 60.181000 0.480211 -0.823119 -0.303107 0.546600 0.521200
7 88.380402 151.922897 65.759598 0.960691 0.207798 -0.184098 0.954100 0.521200
7 123.851097 135.228394 114.873802 0.829987 0.053699 -0.555192 0.956900 0.999500
tree_07.tga
7 88.380402 151.922897 65.759598 0.960691 0.207798 -0.184098 0.950700 0.521200
7 105.796700 161.012894 132.267700 0.562499 0.800699 -0.206100 0.475000 0.999500
7 123.851097 135.228394 114.873802 0.829987 0.053699 -0.555192 0.947900 0.999500
tree_07.tga
7 88.380402 151.922897 65.759598 0.960691 0.207798 -0.184098 0.950700 0.521200
7 80.853203 162.672806 68.505096 0.545805 0.837908 0.002500 0.472200 0.521200
7 105.796700 161.012894 132.267700 0.562499 0.800699 -0.206100 0.475000 0.999500
tree_07.tga
7 80.853203 162.672806 68.505096 0.545805 0.837908 0.002500 0.472200 0.521200
7 63.194901 167.648193 151.586700 -0.180691 0.983450 -0.013299 0.064600 0.999500
7 105.796700 161.012894 132.267700 0.562499 0.800699 -0.206100 0.475000 0.999500
tree_07.tga
7 80.853203 162.672806 68.505096 0.545805 0.837908 0.002500 0.472200 0.521200
7 63.321499 167.467407 64.175499 -0.510806 0.858811 0.039000 0.064600 0.521200
7 63.194901 167.648193 151.586700 -0.180691 0.983450 -0.013299 0.064600 0.999500
tree_07.tga
7 63.321499 167.467407 64.175499 -0.510806 0.858811 0.039000 0.064600 0.521200
7 45.765594 138.333405 114.828201 -0.964325 0.036401 -0.262207 0.524600 0.999500
7 63.194901 167.648193 151.586700 -0.180691 0.983450 -0.013299 0.064600 0.999500
tree_07.tga
7 63.321499 167.467407 64.175499 -0.510806 0.858811 0.039000 0.064600 0.521200
7 61.830700 149.353104 68.505096 -0.970661 -0.205292 -0.125195 0.523400 0.521200
7 45.765594 138.333405 114.828201 -0.964325 0.036401 -0.262207 0.524600 0.999500
tree_07.tga
7 61.830700 149.353104 68.505096 -0.970661 -0.205292 -0.125195 0.523400 0.521200
7 63.420895 113.119102 104.040298 -0.601902 -0.622102 -0.500702 0.136200 0.999500
7 45.765594 138.333405 114.828201 -0.964325 0.036401 -0.262207 0.524600 0.999500
tree_07.tga
7 61.830700 149.353104 68.505096 -0.970661 -0.205292 -0.125195 0.523400 0.521200
7 69.357903 138.603195 65.759598 -0.457276 -0.851355 -0.257086 0.139000 0.521200
7 63.420895 113.119102 104.040298 -0.601902 -0.622102 -0.500702 0.136200 0.999500
tree_07.tga
7 69.357903 138.603195 65.759598 -0.457276 -0.851355 -0.257086 0.139000 0.521200
7 102.770699 111.128098 105.617798 0.219499 -0.765296 -0.605097 0.546600 0.999500
7 63.420895 113.119102 104.040298 -0.601902 -0.622102 -0.500702 0.136200 0.999500
tree_07.tga
7 69.357903 138.603195 65.759598 -0.457276 -0.851355 -0.257086 0.139000 0.521200
7 82.170303 140.548492 60.181000 0.480211 -0.823119 -0.303107 0.546600 0.521200
7 102.770699 111.128098 105.617798 0.219499 -0.765296 -0.605097 0.546600 0.999500
tree_07.tga
7 82.287498 140.381104 1.927400 0.789976 -0.613081 -0.008400 0.546600 0.000500
7 85.049896 151.542892 66.422096 0.981362 0.178293 -0.071697 0.954100 0.488700
7 82.127602 140.609497 73.744904 0.575089 -0.787984 -0.219896 0.546600 0.488700
tree_07.tga
7 82.287498 140.381104 1.927400 0.789976 -0.613081 -0.008400 0.546600 0.000500
7 84.200600 158.191299 0.694400 0.931202 0.363701 0.024200 0.954100 0.000500
7 85.049896 151.542892 66.422096 0.981362 0.178293 -0.071697 0.954100 0.488700
tree_07.tga
7 84.200600 158.191299 0.694400 0.931202 0.363701 0.024200 0.950700 0.000500
7 79.433800 159.563507 68.480698 0.440686 0.890772 0.110997 0.472200 0.488700
7 85.049896 151.542892 66.422096 0.981362 0.178293 -0.071697 0.950700 0.488700
tree_07.tga
7 84.200600 158.191299 0.694400 0.931202 0.363701 0.024200 0.950700 0.000500
7 76.396896 169.336105 0.723800 0.361590 0.922875 0.132496 0.472200 0.000500
7 79.433800 159.563507 68.480698 0.440686 0.890772 0.110997 0.472200 0.488700
tree_07.tga
7 76.396896 169.336105 0.723800 0.361590 0.922875 0.132496 0.472200 0.000500
7 68.307602 160.346497 60.535500 -0.516191 0.824986 0.230096 0.064600 0.488700
7 79.433800 159.563507 68.480698 0.440686 0.890772 0.110997 0.472200 0.488700
tree_07.tga
7 76.396896 169.336105 0.723800 0.361590 0.922875 0.132496 0.472200 0.000500
7 59.784500 172.518707 2.646900 -0.702708 0.673208 0.230203 0.064600 0.000500
7 68.307602 160.346497 60.535500 -0.516191 0.824986 0.230096 0.064600 0.488700
tree_07.tga
7 59.784500 172.518707 2.646900 -0.702708 0.673208 0.230203 0.064600 0.000500
7 65.237900 149.623505 68.480797 -0.988490 -0.116599 0.096399 0.523400 0.488700
7 68.307602 160.346497 60.535500 -0.516191 0.824986 0.230096 0.064600 0.488700
tree_07.tga
7 59.784500 172.518707 2.646900 -0.702708 0.673208 0.230203 0.064600 0.000500
7 56.597401 156.528000 3.478900 -0.935126 -0.343110 0.088402 0.523400 0.000500
7 65.237900 149.623505 68.480797 -0.988490 -0.116599 0.096399 0.523400 0.488700
tree_07.tga
7 56.597401 156.528000 3.478900 -0.935126 -0.343110 0.088402 0.523400 0.000500
7 70.853996 141.602798 66.422096 -0.497418 -0.858832 -0.122405 0.139000 0.488700
7 65.237900 149.623505 68.480797 -0.988490 -0.116599 0.096399 0.523400 0.488700
tree_07.tga
7 56.597401 156.528000 3.478900 -0.935126 -0.343110 0.088402 0.523400 0.000500
7 64.899300 144.671600 3.329200 -0.402422 -0.915449 0.003200 0.139000 0.000500
7 70.853996 141.602798 66.422096 -0.497418 -0.858832 -0.122405 0.139000 0.488700
tree_07.tga
7 64.899300 144.671600 3.329200 -0.402422 -0.915449 0.003200 0.139000 0.000500
7 82.127602 140.609497 73.744904 0.575089 -0.787984 -0.219896 0.546600 0.488700
7 70.853996 141.602798 66.422096 -0.497418 -0.858832 -0.122405 0.139000 0.488700
tree_07.tga
7 64.899300 144.671600 3.329200 -0.402422 -0.915449 0.003200 0.139000 0.000500
7 82.287498 140.381104 1.927400 0.789976 -0.613081 -0.008400 0.546600 0.000500
7 82.127602 140.609497 73.744904 0.575089 -0.787984 -0.219896 0.546600 0.488700
tree_07.tga
7 82.127602 140.609497 73.744904 0.575089 -0.787984 -0.219896 0.546600 0.488700
7 100.945000 137.118393 135.481506 0.970726 0.028401 -0.238506 0.956900 0.999500
7 103.235199 110.464600 151.453598 0.365596 -0.839391 -0.402196 0.546600 0.999500
tree_07.tga
7 82.127602 140.609497 73.744904 0.575089 -0.787984 -0.219896 0.546600 0.488700
7 85.049896 151.542892 66.422096 0.981362 0.178293 -0.071697 0.954100 0.488700
7 100.945000 137.118393 135.481506 0.970726 0.028401 -0.238506 0.956900 0.999500
tree_07.tga
7 85.049896 151.542892 66.422096 0.981362 0.178293 -0.071697 0.950700 0.488700
7 95.210999 145.307297 139.702499 0.590670 0.806359 0.029898 0.475000 0.999500
7 100.945000 137.118393 135.481506 0.970726 0.028401 -0.238506 0.947900 0.999500
tree_07.tga
7 85.049896 151.542892 66.422096 0.981362 0.178293 -0.071697 0.950700 0.488700
7 79.433800 159.563507 68.480698 0.440686 0.890772 0.110997 0.472200 0.488700
7 95.210999 145.307297 139.702499 0.590670 0.806359 0.029898 0.475000 0.999500
tree_07.tga
7 79.433800 159.563507 68.480698 0.440686 0.890772 0.110997 0.472200 0.488700
7 81.980103 140.820099 159.078293 -0.389704 0.891108 0.232502 0.064600 0.999500
7 95.210999 145.307297 139.702499 0.590670 0.806359 0.029898 0.475000 0.999500
tree_07.tga
7 79.433800 159.563507 68.480698 0.440686 0.890772 0.110997 0.472200 0.488700
7 68.307602 160.346497 60.535500 -0.516191 0.824986 0.230096 0.064600 0.488700
7 81.980103 140.820099 159.078293 -0.389704 0.891108 0.232502 0.064600 0.999500
tree_07.tga
7 68.307602 160.346497 60.535500 -0.516191 0.824986 0.230096 0.064600 0.488700
7 73.238197 129.921906 139.702499 -0.985053 0.103895 0.137393 0.524600 0.999500
7 81.980103 140.820099 159.078293 -0.389704 0.891108 0.232502 0.064600 0.999500
tree_07.tga
7 68.307602 160.346497 60.535500 -0.516191 0.824986 0.230096 0.064600 0.488700
7 65.237900 149.623505 68.480797 -0.988490 -0.116599 0.096399 0.523400 0.488700
7 73.238197 129.921906 139.702499 -0.985053 0.103895 0.137393 0.524600 0.999500
tree_07.tga
7 65.237900 149.623505 68.480797 -0.988490 -0.116599 0.096399 0.523400 0.488700
7 76.915100 124.670700 127.382896 -0.699689 -0.703989 -0.121798 0.136200 0.999500
7 73.238197 129.921906 139.702499 -0.985053 0.103895 0.137393 0.524600 0.999500
tree_07.tga
7 65.237900 149.623505 68.480797 -0.988490 -0.116599 0.096399 0.523400 0.488700
7 70.853996 141.602798 66.422096 -0.497418 -0.858832 -0.122405 0.139000 0.488700
7 76.915100 124.670700 127.382896 -0.699689 -0.703989 -0.121798 0.136200 0.999500
tree_07.tga
7 70.853996 141.602798 66.422096 -0.497418 -0.858832 -0.122405 0.139000 0.488700
7 103.235199 110.464600 151.453598 0.365596 -0.839391 -0.402196 0.546600 0.999500
7 76.915100 124.670700 127.382896 -0.699689 -0.703989 -0.121798 0.136200 0.999500
tree_07.tga
7 70.853996 141.602798 66.422096 -0.497418 -0.858832 -0.122405 0.139000 0.488700
7 82.127602 140.609497 73.744904 0.575089 -0.787984 -0.219896 0.546600 0.488700
7 103.235199 110.464600 151.453598 0.365596 -0.839391 -0.402196 0.546600 0.999500
tree_07.tga
8 -146.284698 -38.762199 5.035100 0.801941 -0.506226 0.317216 0.546600 0.000500
8 -154.244995 -20.268499 43.985699 0.956816 0.290105 -0.018500 0.954100 0.521200
8 -156.034393 -29.012600 42.147701 0.652405 -0.744506 0.141701 0.546600 0.521200
tree_07.tga
8 -146.284698 -38.762199 5.035100 0.801941 -0.506226 0.317216 0.546600 0.000500
8 -147.479706 -23.243900 9.258900 0.847107 0.517204 0.122101 0.954100 0.000500
8 -154.244995 -20.268499 43.985699 0.956816 0.290105 -0.018500 0.954100 0.521200
tree_07.tga
8 -147.479706 -23.243900 9.258900 0.847107 0.517204 0.122101 0.950700 0.000500
8 -160.133698 -14.379800 41.837399 0.452692 0.870084 -0.194996 0.472200 0.521200
8 -154.244995 -20.268499 43.985699 0.956816 0.290105 -0.018500 0.950700 0.521200
tree_07.tga
8 -147.479706 -23.243900 9.258900 0.847107 0.517204 0.122101 0.950700 0.000500
8 -155.738007 -14.985600 8.649400 0.266197 0.963488 0.028800 0.472200 0.000500
8 -160.133698 -14.379800 41.837399 0.452692 0.870084 -0.194996 0.472200 0.521200
tree_07.tga
8 -155.738007 -14.985600 8.649400 0.266197 0.963488 0.028800 0.472200 0.000500
8 -170.384796 -14.662100 35.904301 -0.589358 0.692550 -0.415970 0.064600 0.521200
8 -160.133698 -14.379800 41.837399 0.452692 0.870084 -0.194996 0.472200 0.521200
tree_07.tga
8 -155.738007 -14.985600 8.649400 0.266197 0.963488 0.028800 0.472200 0.000500
8 -171.108307 -13.938600 3.754900 -0.891827 0.452014 0.018101 0.064600 0.000500
8 -170.384796 -14.662100 35.904301 -0.589358 0.692550 -0.415970 0.064600 0.521200
tree_07.tga
8 -171.108307 -13.938600 3.754900 -0.891827 0.452014 0.018101 0.064600 0.000500
8 -170.667099 -24.913200 41.837399 -0.848588 -0.471893 -0.239197 0.523400 0.521200
8 -170.384796 -14.662100 35.904301 -0.589358 0.692550 -0.415970 0.064600 0.521200
tree_07.tga
8 -171.108307 -13.938600 3.754900 -0.891827 0.452014 0.018101 0.064600 0.000500
8 -170.285507 -29.084801 14.285400 -0.844789 -0.531793 0.059399 0.523400 0.000500
8 -170.667099 -24.913200 41.837399 -0.848588 -0.471893 -0.239197 0.523400 0.521200
tree_07.tga
8 -170.285507 -29.084801 14.285400 -0.844789 -0.531793 0.059399 0.523400 0.000500
8 -164.778397 -30.801901 43.985699 -0.228393 -0.973569 0.000100 0.139000 0.521200
8 -170.667099 -24.913200 41.837399 -0.848588 -0.471893 -0.239197 0.523400 0.521200
tree_07.tga
8 -170.285507 -29.084801 14.285400 -0.844789 -0.531793 0.059399 0.523400 0.000500
8 -159.750900 -39.619400 1.499000 -0.152707 -0.967447 0.201810 0.139000 0.000500
8 -164.778397 -30.801901 43.985699 -0.228393 -0.973569 0.000100 0.139000 0.521200
tree_07.tga
8 -159.750900 -39.619400 1.499000 -0.152707 -0.967447 0.201810 0.139000 0.000500
8 -156.034393 -29.012600 42.147701 0.652405 -0.744506 0.141701 0.546600 0.521200
8 -164.778397 -30.801901 43.985699 -0.228393 -0.973569 0.000100 0.139000 0.521200
tree_07.tga
8 -159.750900 -39.619400 1.499000 -0.152707 -0.967447 0.201810 0.139000 0.000500
8 -146.284698 -38.762199 5.035100 0.801941 -0.506226 0.317216 0.546600 0.000500
8 -156.034393 -29.012600 42.147701 0.652405 -0.744506 0.141701 0.546600 0.521200
tree_07.tga
8 -156.034393 -29.012600 42.147701 0.652405 -0.744506 0.141701 0.546600 0.521200
8 -147.973099 -8.868097 86.060204 0.990755 0.011300 -0.135194 0.956900 0.999500
8 -156.368698 -28.678200 85.032997 0.533078 -0.846066 -0.000100 0.546600 0.999500
tree_07.tga
8 -156.034393 -29.012600 42.147701 0.652405 -0.744506 0.141701 0.546600 0.521200
8 -154.244995 -20.268499 43.985699 0.956816 0.290105 -0.018500 0.954100 0.521200
8 -147.973099 -8.868097 86.060204 0.990755 0.011300 -0.135194 0.956900 0.999500
tree_07.tga
8 -154.244995 -20.268499 43.985699 0.956816 0.290105 -0.018500 0.950700 0.521200
8 -163.199203 6.358006 77.743500 0.575072 0.729864 -0.369582 0.475000 0.999500
8 -147.973099 -8.868097 86.060204 0.990755 0.011300 -0.135194 0.947900 0.999500
tree_07.tga
8 -154.244995 -20.268499 43.985699 0.956816 0.290105 -0.018500 0.950700 0.521200
8 -160.133698 -14.379800 41.837399 0.452692 0.870084 -0.194996 0.472200 0.521200
8 -163.199203 6.358006 77.743500 0.575072 0.729864 -0.369582 0.475000 0.999500
tree_07.tga
8 -160.133698 -14.379800 41.837399 0.452692 0.870084 -0.194996 0.472200 0.521200
8 -192.307602 7.260700 69.627701 -0.180494 0.760475 -0.623779 0.064600 0.999500
8 -163.199203 6.358006 77.743500 0.575072 0.729864 -0.369582 0.475000 0.999500
tree_07.tga
8 -160.133698 -14.379800 41.837399 0.452692 0.870084 -0.194996 0.472200 0.521200
8 -170.384796 -14.662100 35.904301 -0.589358 0.692550 -0.415970 0.064600 0.521200
8 -192.307602 7.260700 69.627701 -0.180494 0.760475 -0.623779 0.064600 0.999500
tree_07.tga
8 -170.384796 -14.662100 35.904301 -0.589358 0.692550 -0.415970 0.064600 0.521200
8 -190.941895 -22.310801 63.920399 -0.736057 -0.367978 -0.568166 0.524600 0.999500
8 -192.307602 7.260700 69.627701 -0.180494 0.760475 -0.623779 0.064600 0.999500
tree_07.tga
8 -170.384796 -14.662100 35.904301 -0.589358 0.692550 -0.415970 0.064600 0.521200
8 -170.667099 -24.913200 41.837399 -0.848588 -0.471893 -0.239197 0.523400 0.521200
8 -190.941895 -22.310801 63.920399 -0.736057 -0.367978 -0.568166 0.524600 0.999500
tree_07.tga
8 -170.667099 -24.913200 41.837399 -0.848588 -0.471893 -0.239197 0.523400 0.521200
8 -177.389008 -35.863701 72.311302 -0.287302 -0.910205 -0.298302 0.136200 0.999500
8 -190.941895 -22.310801 63.920399 -0.736057 -0.367978 -0.568166 0.524600 0.999500
tree_07.tga
8 -170.667099 -24.913200 41.837399 -0.848588 -0.471893 -0.239197 0.523400 0.521200
8 -164.778397 -30.801901 43.985699 -0.228393 -0.973569 0.000100 0.139000 0.521200
8 -177.389008 -35.863701 72.311302 -0.287302 -0.910205 -0.298302 0.136200 0.999500
tree_07.tga
8 -164.778397 -30.801901 43.985699 -0.228393 -0.973569 0.000100 0.139000 0.521200
8 -156.368698 -28.678200 85.032997 0.533078 -0.846066 -0.000100 0.546600 0.999500
8 -177.389008 -35.863701 72.311302 -0.287302 -0.910205 -0.298302 0.136200 0.999500
tree_07.tga
8 -164.778397 -30.801901 43.985699 -0.228393 -0.973569 0.000100 0.139000 0.521200
8 -156.034393 -29.012600 42.147701 0.652405 -0.744506 0.141701 0.546600 0.521200
8 -156.368698 -28.678200 85.032997 0.533078 -0.846066 -0.000100 0.546600 0.999500
tree_07.tga
8 -149.781204 -35.265800 1.410000 0.838366 -0.493980 0.230491 0.546600 0.000500
8 -156.366104 -20.820000 43.919399 0.933876 0.342291 0.103497 0.954100 0.488700
8 -159.009003 -26.037901 50.555199 0.651183 -0.696681 0.300992 0.546600 0.488700
tree_07.tga
8 -149.781204 -35.265800 1.410000 0.838366 -0.493980 0.230491 0.546600 0.000500
8 -150.550705 -23.807199 0.463900 0.845134 0.528921 0.077403 0.954100 0.000500
8 -156.366104 -20.820000 43.919399 0.933876 0.342291 0.103497 0.954100 0.488700
tree_07.tga
8 -150.550705 -23.807199 0.463900 0.845134 0.528921 0.077403 0.950700 0.000500
8 -160.759293 -16.426899 42.308601 0.339008 0.930323 -0.139903 0.472200 0.488700
8 -156.366104 -20.820000 43.919399 0.933876 0.342291 0.103497 0.950700 0.488700
tree_07.tga
8 -150.550705 -23.807199 0.463900 0.845134 0.528921 0.077403 0.950700 0.000500
8 -156.722000 -17.635900 0.440800 0.137297 0.990477 0.010200 0.472200 0.000500
8 -160.759293 -16.426899 42.308601 0.339008 0.930323 -0.139903 0.472200 0.488700
tree_07.tga
8 -156.722000 -17.635900 0.440800 0.137297 0.990477 0.010200 0.472200 0.000500
8 -166.129807 -18.917101 36.087299 -0.665709 0.712610 -0.221403 0.064600 0.488700
8 -160.759293 -16.426899 42.308601 0.339008 0.930323 -0.139903 0.472200 0.488700
tree_07.tga
8 -156.722000 -17.635900 0.440800 0.137297 0.990477 0.010200 0.472200 0.000500
8 -167.579803 -17.467100 1.483100 -0.779096 0.626097 0.031800 0.064600 0.000500
8 -166.129807 -18.917101 36.087299 -0.665709 0.712610 -0.221403 0.064600 0.488700
tree_07.tga
8 -167.579803 -17.467100 1.483100 -0.779096 0.626097 0.031800 0.064600 0.000500
8 -168.620102 -24.287701 42.308601 -0.948445 -0.306415 -0.081004 0.523400 0.488700
8 -166.129807 -18.917101 36.087299 -0.665709 0.712610 -0.221403 0.064600 0.488700
tree_07.tga
8 -167.579803 -17.467100 1.483100 -0.779096 0.626097 0.031800 0.064600 0.000500
8 -167.820099 -27.915899 2.106000 -0.868263 -0.495379 0.026799 0.523400 0.000500
8 -168.620102 -24.287701 42.308601 -0.948445 -0.306415 -0.081004 0.523400 0.488700
tree_07.tga
8 -167.820099 -27.915899 2.106000 -0.868263 -0.495379 0.026799 0.523400 0.000500
8 -164.226898 -28.680799 43.919399 -0.277691 -0.948068 0.155095 0.139000 0.488700
8 -168.620102 -24.287701 42.308601 -0.948445 -0.306415 -0.081004 0.523400 0.488700
tree_07.tga
8 -167.820099 -27.915899 2.106000 -0.868263 -0.495379 0.026799 0.523400 0.000500
8 -161.255005 -34.480999 2.223600 -0.175905 -0.974629 0.138404 0.139000 0.000500
8 -164.226898 -28.680799 43.919399 -0.277691 -0.948068 0.155095 0.139000 0.488700
tree_07.tga
8 -161.255005 -34.480999 2.223600 -0.175905 -0.974629 0.138404 0.139000 0.000500
8 -159.009003 -26.037901 50.555199 0.651183 -0.696681 0.300992 0.546600 0.488700
8 -164.226898 -28.680799 43.919399 -0.277691 -0.948068 0.155095 0.139000 0.488700
tree_07.tga
8 -161.255005 -34.480999 2.223600 -0.175905 -0.974629 0.138404 0.139000 0.000500
8 -149.781204 -35.265800 1.410000 0.838366 -0.493980 0.230491 0.546600 0.000500
8 -159.009003 -26.037901 50.555199 0.651183 -0.696681 0.300992 0.546600 0.488700
tree_07.tga
8 -159.009003 -26.037901 50.555199 0.651183 -0.696681 0.300992 0.546600 0.488700
8 -167.744202 -5.135599 87.446198 0.967844 0.143206 0.206809 0.956900 0.999500
8 -175.236893 -9.810001 106.353897 0.506704 -0.780806 0.365503 0.546600 0.999500
tree_07.tga
8 -159.009003 -26.037901 50.555199 0.651183 -0.696681 0.300992 0.546600 0.488700
8 -156.366104 -20.820000 43.919399 0.933876 0.342291 0.103497 0.954100 0.488700
8 -167.744202 -5.135599 87.446198 0.967844 0.143206 0.206809 0.956900 0.999500
tree_07.tga
8 -156.366104 -20.820000 43.919399 0.933876 0.342291 0.103497 0.950700 0.488700
8 -171.923706 -0.956198 83.769501 0.533103 0.829805 -0.165001 0.475000 0.999500
8 -167.744202 -5.135599 87.446198 0.967844 0.143206 0.206809 0.947900 0.999500
tree_07.tga
8 -156.366104 -20.820000 43.919399 0.933876 0.342291 0.103497 0.950700 0.488700
8 -160.759293 -16.426899 42.308601 0.339008 0.930323 -0.139903 0.472200 0.488700
8 -171.923706 -0.956198 83.769501 0.533103 0.829805 -0.165001 0.475000 0.999500
tree_07.tga
8 -160.759293 -16.426899 42.308601 0.339008 0.930323 -0.139903 0.472200 0.488700
8 -186.049194 1.002300 87.534798 -0.394102 0.797104 -0.457502 0.064600 0.999500
8 -171.923706 -0.956198 83.769501 0.533103 0.829805 -0.165001 0.475000 0.999500
tree_07.tga
8 -160.759293 -16.426899 42.308601 0.339008 0.930323 -0.139903 0.472200 0.488700
8 -166.129807 -18.917101 36.087299 -0.665709 0.712610 -0.221403 0.064600 0.488700
8 -186.049194 1.002300 87.534798 -0.394102 0.797104 -0.457502 0.064600 0.999500
tree_07.tga
8 -166.129807 -18.917101 36.087299 -0.665709 0.712610 -0.221403 0.064600 0.488700
8 -184.090805 -13.123299 83.769501 -0.925658 -0.254488 -0.279987 0.524600 0.999500
8 -186.049194 1.002300 87.534798 -0.394102 0.797104 -0.457502 0.064600 0.999500
tree_07.tga
8 -166.129807 -18.917101 36.087299 -0.665709 0.712610 -0.221403 0.064600 0.488700
8 -168.620102 -24.287701 42.308601 -0.948445 -0.306415 -0.081004 0.523400 0.488700
8 -184.090805 -13.123299 83.769501 -0.925658 -0.254488 -0.279987 0.524600 0.999500
tree_07.tga
8 -168.620102 -24.287701 42.308601 -0.948445 -0.306415 -0.081004 0.523400 0.488700
8 -177.905594 -19.308399 82.379204 -0.432300 -0.899200 0.067500 0.136200 0.999500
8 -184.090805 -13.123299 83.769501 -0.925658 -0.254488 -0.279987 0.524600 0.999500
tree_07.tga
8 -168.620102 -24.287701 42.308601 -0.948445 -0.306415 -0.081004 0.523400 0.488700
8 -164.226898 -28.680799 43.919399 -0.277691 -0.948068 0.155095 0.139000 0.488700
8 -177.905594 -19.308399 82.379204 -0.432300 -0.899200 0.067500 0.136200 0.999500
tree_07.tga
8 -164.226898 -28.680799 43.919399 -0.277691 -0.948068 0.155095 0.139000 0.488700
8 -175.236893 -9.810001 106.353897 0.506704 -0.780806 0.365503 0.546600 0.999500
8 -177.905594 -19.308399 82.379204 -0.432300 -0.899200 0.067500 0.136200 0.999500
tree_07.tga
8 -164.226898 -28.680799 43.919399 -0.277691 -0.948068 0.155095 0.139000 0.488700
8 -159.009003 -26.037901 50.555199 0.651183 -0.696681 0.300992 0.546600 0.488700
8 -175.236893 -9.810001 106.353897 0.506704 -0.780806 0.365503 0.546600 0.999500
tree_07.tga
9 -22.098303 8.989400 5.610700 0.754573 0.582079 0.302989 0.546600 0.000500
9 -44.039501 8.024200 49.565899 0.050500 0.998208 -0.032100 0.954100 0.521200
9 -35.528500 2.726800 47.338100 0.926603 0.359501 0.110300 0.546600 0.521200
tree_07.tga
9 -22.098303 8.989400 5.610700 0.754573 0.582079 0.302989 0.546600 0.000500
9 -38.978100 13.718300 10.397000 -0.195796 0.973580 0.117498 0.954100 0.000500
9 -44.039501 8.024200 49.565899 0.050500 0.998208 -0.032100 0.954100 0.521200
tree_07.tga
9 -38.978100 13.718300 10.397000 -0.195796 0.973580 0.117498 0.950700 0.000500
9 -52.615299 4.025200 47.445400 -0.670723 0.718725 -0.183206 0.472200 0.521200
9 -44.039501 8.024200 49.565899 0.050500 0.998208 -0.032100 0.950700 0.521200
tree_07.tga
9 -38.978100 13.718300 10.397000 -0.195796 0.973580 0.117498 0.950700 0.000500
9 -50.916401 8.151400 9.796800 -0.813703 0.580102 0.037000 0.472200 0.000500
9 -52.615299 4.025200 47.445400 -0.670723 0.718725 -0.183206 0.472200 0.521200
tree_07.tga
9 -50.916401 8.151400 9.796800 -0.813703 0.580102 0.037000 0.472200 0.000500
9 -56.444901 -7.026700 40.971100 -0.864092 -0.322797 -0.386196 0.064600 0.521200
9 -52.615299 4.025200 47.445400 -0.670723 0.718725 -0.183206 0.472200 0.521200
tree_07.tga
9 -50.916401 8.151400 9.796800 -0.813703 0.580102 0.037000 0.472200 0.000500
9 -57.975899 -7.740601 4.295200 -0.728811 -0.683910 0.033200 0.064600 0.000500
9 -56.444901 -7.026700 40.971100 -0.864092 -0.322797 -0.386196 0.064600 0.521200
tree_07.tga
9 -57.975899 -7.740601 4.295200 -0.728811 -0.683910 0.033200 0.064600 0.000500
9 -45.517101 -11.197100 47.445400 0.144096 -0.961573 -0.233694 0.523400 0.521200
9 -56.444901 -7.026700 40.971100 -0.864092 -0.322797 -0.386196 0.064600 0.521200
tree_07.tga
9 -57.975899 -7.740601 4.295200 -0.728811 -0.683910 0.033200 0.064600 0.000500
9 -41.539101 -12.676000 16.182699 0.209908 -0.975637 0.063802 0.523400 0.000500
9 -45.517101 -11.197100 47.445400 0.144096 -0.961573 -0.233694 0.523400 0.521200
tree_07.tga
9 -41.539101 -12.676000 16.182699 0.209908 -0.975637 0.063802 0.523400 0.000500
9 -36.941200 -7.198100 49.565899 0.835598 -0.548999 -0.019400 0.139000 0.521200
9 -45.517101 -11.197100 47.445400 0.144096 -0.961573 -0.233694 0.523400 0.521200
tree_07.tga
9 -41.539101 -12.676000 16.182699 0.209908 -0.975637 0.063802 0.523400 0.000500
9 -26.391600 -5.612600 1.680000 0.860160 -0.471978 0.193291 0.139000 0.000500
9 -36.941200 -7.198100 49.565899 0.835598 -0.548999 -0.019400 0.139000 0.521200
tree_07.tga
9 -26.391600 -5.612600 1.680000 0.860160 -0.471978 0.193291 0.139000 0.000500
9 -35.528500 2.726800 47.338100 0.926603 0.359501 0.110300 0.546600 0.521200
9 -36.941200 -7.198100 49.565899 0.835598 -0.548999 -0.019400 0.139000 0.521200
tree_07.tga
9 -26.391600 -5.612600 1.680000 0.860160 -0.471978 0.193291 0.139000 0.000500
9 -22.098303 8.989400 5.610700 0.754573 0.582079 0.302989 0.546600 0.000500
9 -35.528500 2.726800 47.338100 0.926603 0.359501 0.110300 0.546600 0.521200
tree_07.tga
9 -35.528500 2.726800 47.338100 0.926603 0.359501 0.110300 0.546600 0.521200
9 -51.609001 20.040598 96.863701 0.320608 0.931922 -0.169504 0.956900 0.999500
9 -33.956902 3.459600 95.232597 0.977094 0.207799 -0.045900 0.546600 0.999500
tree_07.tga
9 -35.528500 2.726800 47.338100 0.926603 0.359501 0.110300 0.546600 0.521200
9 -44.039501 8.024200 49.565899 0.050500 0.998208 -0.032100 0.954100 0.521200
9 -51.609001 20.040598 96.863701 0.320608 0.931922 -0.169504 0.956900 0.999500
tree_07.tga
9 -44.039501 8.024200 49.565899 0.050500 0.998208 -0.032100 0.950700 0.521200
9 -74.088699 9.558098 88.982803 -0.505906 0.782209 -0.363604 0.475000 0.999500
9 -51.609001 20.040598 96.863701 0.320608 0.931922 -0.169504 0.947900 0.999500
tree_07.tga
9 -44.039501 8.024200 49.565899 0.050500 0.998208 -0.032100 0.950700 0.521200
9 -52.615299 4.025200 47.445400 -0.670723 0.718725 -0.183206 0.472200 0.521200
9 -74.088699 9.558098 88.982803 -0.505906 0.782209 -0.363604 0.475000 0.999500
tree_07.tga
9 -52.615299 4.025200 47.445400 -0.670723 0.718725 -0.183206 0.472200 0.521200
9 -86.773201 -21.169003 81.416801 -0.804929 0.078003 -0.588221 0.064600 0.999500
9 -74.088699 9.558098 88.982803 -0.505906 0.782209 -0.363604 0.475000 0.999500
tree_07.tga
9 -52.615299 4.025200 47.445400 -0.670723 0.718725 -0.183206 0.472200 0.521200
9 -56.444901 -7.026700 40.971100 -0.864092 -0.322797 -0.386196 0.064600 0.521200
9 -86.773201 -21.169003 81.416801 -0.804929 0.078003 -0.588221 0.064600 0.999500
tree_07.tga
9 -56.444901 -7.026700 40.971100 -0.864092 -0.322797 -0.386196 0.064600 0.521200
9 -55.184799 -31.251301 73.278900 0.068400 -0.829301 -0.554600 0.524600 0.999500
9 -86.773201 -21.169003 81.416801 -0.804929 0.078003 -0.588221 0.064600 0.999500
tree_07.tga
9 -56.444901 -7.026700 40.971100 -0.864092 -0.322797 -0.386196 0.064600 0.521200
9 -45.517101 -11.197100 47.445400 0.144096 -0.961573 -0.233694 0.523400 0.521200
9 -55.184799 -31.251301 73.278900 0.068400 -0.829301 -0.554600 0.524600 0.999500
tree_07.tga
9 -45.517101 -11.197100 47.445400 0.144096 -0.961573 -0.233694 0.523400 0.521200
9 -35.177601 -21.921801 81.596901 0.743828 -0.587922 -0.317912 0.136200 0.999500
9 -55.184799 -31.251301 73.278900 0.068400 -0.829301 -0.554600 0.524600 0.999500
tree_07.tga
9 -45.517101 -11.197100 47.445400 0.144096 -0.961573 -0.233694 0.523400 0.521200
9 -36.941200 -7.198100 49.565899 0.835598 -0.548999 -0.019400 0.139000 0.521200
9 -35.177601 -21.921801 81.596901 0.743828 -0.587922 -0.317912 0.136200 0.999500
tree_07.tga
9 -36.941200 -7.198100 49.565899 0.835598 -0.548999 -0.019400 0.139000 0.521200
9 -33.956902 3.459600 95.232597 0.977094 0.207799 -0.045900 0.546600 0.999500
9 -35.177601 -21.921801 81.596901 0.743828 -0.587922 -0.317912 0.136200 0.999500
tree_07.tga
9 -36.941200 -7.198100 49.565899 0.835598 -0.548999 -0.019400 0.139000 0.521200
9 -35.528500 2.726800 47.338100 0.926603 0.359501 0.110300 0.546600 0.521200
9 -33.956902 3.459600 95.232597 0.977094 0.207799 -0.045900 0.546600 0.999500
tree_07.tga
9 -27.159800 6.629200 1.576100 0.751360 0.624267 0.213889 0.546600 0.000500
9 -44.274502 5.563500 49.530701 -0.000400 0.995796 0.091600 0.954100 0.488700
9 -39.528900 0.861400 56.914902 0.885115 0.381506 0.266504 0.546600 0.488700
tree_07.tga
9 -27.159800 6.629200 1.576100 0.751360 0.624267 0.213889 0.546600 0.000500
9 -39.597698 10.232300 0.521600 -0.206992 0.975563 0.073697 0.954100 0.000500
9 -44.274502 5.563500 49.530701 -0.000400 0.995796 0.091600 0.954100 0.488700
tree_07.tga
9 -39.597698 10.232300 0.521600 -0.206992 0.975563 0.073697 0.950700 0.000500
9 -50.672901 2.579900 47.940701 -0.764703 0.632103 -0.125201 0.472200 0.488700
9 -44.274502 5.563500 49.530701 -0.000400 0.995796 0.091600 0.950700 0.488700
tree_07.tga
9 -39.597698 10.232300 0.521600 -0.206992 0.975563 0.073697 0.950700 0.000500
9 -48.516102 6.073599 0.498900 -0.881810 0.471205 0.019400 0.472200 0.000500
9 -50.672901 2.579900 47.940701 -0.764703 0.632103 -0.125201 0.472200 0.488700
tree_07.tga
9 -48.516102 6.073599 0.498900 -0.881810 0.471205 0.019400 0.472200 0.000500
9 -50.291199 -4.157200 40.975201 -0.903123 -0.384110 -0.191905 0.064600 0.488700
9 -50.672901 2.579900 47.940701 -0.764703 0.632103 -0.125201 0.472200 0.488700
tree_07.tga
9 -48.516102 6.073599 0.498900 -0.881810 0.471205 0.019400 0.472200 0.000500
9 -52.881199 -5.364901 1.689100 -0.850904 -0.523303 0.046000 0.064600 0.000500
9 -50.291199 -4.157200 40.975201 -0.903123 -0.384110 -0.191905 0.064600 0.488700
tree_07.tga
9 -52.881199 -5.364901 1.689100 -0.850904 -0.523303 0.046000 0.064600 0.000500
9 -45.375702 -8.780000 47.940701 -0.039798 -0.996760 -0.069897 0.523400 0.488700
9 -50.291199 -4.157200 40.975201 -0.903123 -0.384110 -0.191905 0.064600 0.488700
tree_07.tga
9 -52.881199 -5.364901 1.689100 -0.850904 -0.523303 0.046000 0.064600 0.000500
9 -41.902500 -9.648500 2.384500 0.168907 -0.985141 0.031101 0.523400 0.000500
9 -45.375702 -8.780000 47.940701 -0.039798 -0.996760 -0.069897 0.523400 0.488700
tree_07.tga
9 -41.902500 -9.648500 2.384500 0.168907 -0.985141 0.031101 0.523400 0.000500
9 -38.977299 -5.796400 49.530701 0.797607 -0.588105 0.134001 0.139000 0.488700
9 -45.375702 -8.780000 47.940701 -0.039798 -0.996760 -0.069897 0.523400 0.488700
tree_07.tga
9 -41.902500 -9.648500 2.384500 0.168907 -0.985141 0.031101 0.523400 0.000500
9 -32.414799 -5.224299 2.500200 0.854472 -0.503483 0.127996 0.139000 0.000500
9 -38.977299 -5.796400 49.530701 0.797607 -0.588105 0.134001 0.139000 0.488700
tree_07.tga
9 -32.414799 -5.224299 2.500200 0.854472 -0.503483 0.127996 0.139000 0.000500
9 -39.528900 0.861400 56.914902 0.885115 0.381506 0.266504 0.546600 0.488700
9 -38.977299 -5.796400 49.530701 0.797607 -0.588105 0.134001 0.139000 0.488700
tree_07.tga
9 -32.414799 -5.224299 2.500200 0.854472 -0.503483 0.127996 0.139000 0.000500
9 -27.159800 6.629200 1.576100 0.751360 0.624267 0.213889 0.546600 0.000500
9 -39.528900 0.861400 56.914902 0.885115 0.381506 0.266504 0.546600 0.488700
tree_07.tga
9 -39.528900 0.861400 56.914902 0.885115 0.381506 0.266504 0.546600 0.488700
9 -63.039398 0.601499 99.554199 0.201095 0.963977 0.174096 0.956900 0.999500
9 -59.525597 -8.463200 120.906502 0.925414 0.212303 0.313905 0.546600 0.999500
tree_07.tga
9 -39.528900 0.861400 56.914902 0.885115 0.381506 0.266504 0.546600 0.488700
9 -44.274502 5.563500 49.530701 -0.000400 0.995796 0.091600 0.954100 0.488700
9 -63.039398 0.601499 99.554199 0.201095 0.963977 0.174096 0.956900 0.999500
tree_07.tga
9 -44.274502 5.563500 49.530701 -0.000400 0.995796 0.091600 0.950700 0.488700
9 -69.316299 -2.325501 95.862000 -0.606807 0.779509 -0.155402 0.475000 0.999500
9 -63.039398 0.601499 99.554199 0.201095 0.963977 0.174096 0.947900 0.999500
tree_07.tga
9 -44.274502 5.563500 49.530701 -0.000400 0.995796 0.091600 0.950700 0.488700
9 -50.672901 2.579900 47.940701 -0.764703 0.632103 -0.125201 0.472200 0.488700
9 -69.316299 -2.325501 95.862000 -0.606807 0.779509 -0.155402 0.475000 0.999500
tree_07.tga
9 -50.672901 2.579900 47.940701 -0.764703 0.632103 -0.125201 0.472200 0.488700
9 -76.570396 -16.411301 101.058998 -0.903112 -0.112502 -0.414406 0.064600 0.999500
9 -69.316299 -2.325501 95.862000 -0.606807 0.779509 -0.155402 0.475000 0.999500
tree_07.tga
9 -50.672901 2.579900 47.940701 -0.764703 0.632103 -0.125201 0.472200 0.488700
9 -50.291199 -4.157200 40.975201 -0.903123 -0.384110 -0.191905 0.064600 0.488700
9 -76.570396 -16.411301 101.058998 -0.903112 -0.112502 -0.414406 0.064600 0.999500
tree_07.tga
9 -50.291199 -4.157200 40.975201 -0.903123 -0.384110 -0.191905 0.064600 0.488700
9 -61.117199 -19.908600 95.862000 -0.096501 -0.961313 -0.258003 0.524600 0.999500
9 -76.570396 -16.411301 101.058998 -0.903112 -0.112502 -0.414406 0.064600 0.999500
tree_07.tga
9 -50.291199 -4.157200 40.975201 -0.903123 -0.384110 -0.191905 0.064600 0.488700
9 -45.375702 -8.780000 47.940701 -0.039798 -0.996760 -0.069897 0.523400 0.488700
9 -61.117199 -19.908600 95.862000 -0.096501 -0.961313 -0.258003 0.524600 0.999500
tree_07.tga
9 -45.375702 -8.780000 47.940701 -0.039798 -0.996760 -0.069897 0.523400 0.488700
9 -52.286301 -15.790701 93.655197 0.691408 -0.720908 0.047401 0.136200 0.999500
9 -61.117199 -19.908600 95.862000 -0.096501 -0.961313 -0.258003 0.524600 0.999500
tree_07.tga
9 -45.375702 -8.780000 47.940701 -0.039798 -0.996760 -0.069897 0.523400 0.488700
9 -38.977299 -5.796400 49.530701 0.797607 -0.588105 0.134001 0.139000 0.488700
9 -52.286301 -15.790701 93.655197 0.691408 -0.720908 0.047401 0.136200 0.999500
tree_07.tga
9 -38.977299 -5.796400 49.530701 0.797607 -0.588105 0.134001 0.139000 0.488700
9 -59.525597 -8.463200 120.906502 0.925414 0.212303 0.313905 0.546600 0.999500
9 -52.286301 -15.790701 93.655197 0.691408 -0.720908 0.047401 0.136200 0.999500
tree_07.tga
9 -38.977299 -5.796400 49.530701 0.797607 -0.588105 0.134001 0.139000 0.488700
9 -39.528900 0.861400 56.914902 0.885115 0.381506 0.266504 0.546600 0.488700
9 -59.525597 -8.463200 120.906502 0.925414 0.212303 0.313905 0.546600 0.999500
end
