version 1
nodes
0 "Box09" -1
end
skeleton
time 0
0 -169.290833 -50.729885 -0.000003 0.000000 0.000000 0.000000
end
triangles
deep_wall04.jpg
0 99.473389 -79.262398 99.683098 0.000000 -1.000000 0.000000 0.999100 0.342000
0 -100.303497 -79.262398 99.683098 0.000000 -1.000000 0.000000 0.001300 0.342000
0 -100.303497 -79.262398 79.748199 0.000000 -1.000000 0.000000 0.001300 0.201000
deep_wall04.jpg
0 -100.303497 -79.262398 79.748199 0.000000 -1.000000 0.000000 0.001300 0.201000
0 99.473389 -79.262398 79.748199 0.000000 -1.000000 0.000000 0.999100 0.201000
0 99.473389 -79.262398 99.683098 0.000000 -1.000000 0.000000 0.999100 0.342000
deep_wall04.jpg
0 99.473389 50.809399 99.683098 0.000000 0.000000 1.000000 0.999500 0.005000
0 -100.303497 50.809399 99.683098 0.000000 0.000000 1.000000 0.000500 0.005000
0 -100.303497 -79.262398 99.683098 0.000000 0.000000 1.000000 0.000500 0.550800
deep_wall04.jpg
0 -100.303497 -79.262398 99.683098 0.000000 0.000000 1.000000 0.000500 0.550800
0 99.473389 -79.262398 99.683098 0.000000 0.000000 1.000000 0.999500 0.550800
0 99.473389 50.809399 99.683098 0.000000 0.000000 1.000000 0.999500 0.005000
deep_wall04.jpg
0 99.473389 -112.487198 79.748299 0.000000 -1.000000 0.000000 0.999100 0.425600
0 -100.303497 -112.487198 79.748299 0.000000 -1.000000 0.000000 0.001300 0.425600
0 -100.303497 -112.487198 59.813400 0.000000 -1.000000 0.000000 0.001300 0.250800
deep_wall04.jpg
0 -100.303497 -112.487198 59.813400 0.000000 -1.000000 0.000000 0.001300 0.250800
0 99.473389 -112.487198 59.813400 0.000000 -1.000000 0.000000 0.999100 0.255700
0 99.473389 -112.487198 79.748299 0.000000 -1.000000 0.000000 0.999100 0.425600
deep_wall04.jpg
0 99.473389 -79.262398 79.748199 0.000000 0.000000 1.000000 0.999500 0.552400
0 -100.303497 -79.262398 79.748199 0.000000 0.000000 1.000000 0.000500 0.552400
0 -100.303497 -112.487198 79.748299 0.000000 0.000000 1.000000 -0.001500 0.426100
deep_wall04.jpg
0 -100.303497 -112.487198 79.748299 0.000000 0.000000 1.000000 -0.001500 0.426100
0 99.473389 -112.487198 79.748299 0.000000 0.000000 1.000000 0.999500 0.426100
0 99.473389 -79.262398 79.748199 0.000000 0.000000 1.000000 0.999500 0.552400
deep_wall04.jpg
0 99.473389 -145.712006 59.813400 0.000000 -1.000000 0.000000 0.999100 0.514100
0 -100.303497 -145.712006 59.813400 0.000000 -1.000000 0.000000 0.001300 0.514100
0 -100.303497 -145.712006 39.878502 0.000000 -1.000000 0.000000 0.001300 0.407000
deep_wall04.jpg
0 -100.303497 -145.712006 39.878502 0.000000 -1.000000 0.000000 0.001300 0.407000
0 99.473389 -145.712006 39.878502 0.000000 -1.000000 0.000000 0.999100 0.394900
0 99.473389 -145.712006 59.813400 0.000000 -1.000000 0.000000 0.999100 0.514100
deep_wall04.jpg
0 99.473389 -112.487198 59.813400 0.000000 0.000000 1.000000 0.999500 0.818400
0 -100.303497 -112.487198 59.813400 0.000000 0.000000 1.000000 0.000500 0.818400
0 -100.303497 -145.712006 59.813400 0.000000 0.000000 1.000000 0.000500 0.692200
deep_wall04.jpg
0 -100.303497 -145.712006 59.813400 0.000000 0.000000 1.000000 0.000500 0.692200
0 99.473389 -145.712006 59.813400 0.000000 0.000000 1.000000 0.999500 0.692200
0 99.473389 -112.487198 59.813400 0.000000 0.000000 1.000000 0.999500 0.818400
deep_wall04.jpg
0 99.473389 -178.936798 39.878502 0.000000 -1.000000 0.000000 0.999100 0.605000
0 -100.303497 -178.936798 39.878502 0.000000 -1.000000 0.000000 0.001300 0.605000
0 -100.303497 -178.936798 19.943600 0.000000 -1.000000 0.000000 0.001500 0.509900
deep_wall04.jpg
0 -100.303497 -178.936798 19.943600 0.000000 -1.000000 0.000000 0.001500 0.509900
0 99.473389 -178.936798 19.943600 0.000000 -1.000000 0.000000 0.999100 0.500300
0 99.473389 -178.936798 39.878502 0.000000 -1.000000 0.000000 0.999100 0.605000
deep_wall04.jpg
0 99.473389 -145.712006 39.878502 0.000000 0.000000 1.000000 0.999500 0.819100
0 -100.303497 -145.712006 39.878502 0.000000 0.000000 1.000000 0.000500 0.819100
0 -100.303497 -178.936798 39.878502 0.000000 0.000000 1.000000 0.000500 0.692800
deep_wall04.jpg
0 -100.303497 -178.936798 39.878502 0.000000 0.000000 1.000000 0.000500 0.692800
0 99.473389 -178.936798 39.878502 0.000000 0.000000 1.000000 0.999500 0.692800
0 99.473389 -145.712006 39.878502 0.000000 0.000000 1.000000 0.999500 0.819100
deep_wall04.jpg
0 99.473389 -212.161606 19.943600 0.000000 -1.000000 0.000000 0.999100 0.826400
0 -100.303497 -212.161606 19.943600 0.000000 -1.000000 0.000000 0.001300 0.826400
0 -100.303497 -212.161606 0.008700 0.000000 -1.000000 0.000000 0.001300 0.685400
deep_wall04.jpg
0 -100.303497 -212.161606 0.008700 0.000000 -1.000000 0.000000 0.001300 0.685400
0 99.473389 -212.161606 0.008700 0.000000 -1.000000 0.000000 0.999100 0.685400
0 99.473389 -212.161606 19.943600 0.000000 -1.000000 0.000000 0.999100 0.826400
deep_wall04.jpg
0 99.473389 -178.936798 19.943600 0.000000 0.000000 1.000000 0.999500 0.817300
0 -100.303497 -178.936798 19.943600 0.000000 0.000000 1.000000 0.000500 0.817300
0 -100.303497 -212.161606 19.943600 0.000000 0.000000 1.000000 0.000500 0.691100
deep_wall04.jpg
0 -100.303497 -212.161606 19.943600 0.000000 0.000000 1.000000 0.000500 0.691100
0 99.473389 -212.161606 19.943600 0.000000 0.000000 1.000000 0.999500 0.691100
0 99.473389 -178.936798 19.943600 0.000000 0.000000 1.000000 0.999500 0.817300
deep_wall06.jpg
0 100.165588 50.298298 -141.650101 -1.000000 0.000000 0.000000 0.000300 -0.683800
0 100.165588 -148.384094 -22.198799 -1.000000 0.000000 0.000000 0.991400 -0.150100
0 100.165588 -148.384094 92.368896 -1.000000 0.000000 0.000000 0.991400 0.361900
deep_wall06.jpg
0 100.165588 -148.384094 92.368896 -1.000000 0.000000 0.000000 0.991400 0.361900
0 100.165588 50.298298 92.368896 -1.000000 0.000000 0.000000 0.000300 0.361900
0 100.165588 50.298298 -141.650101 -1.000000 0.000000 0.000000 0.000300 -0.683800
deep_wall06.jpg
0 -100.544701 -148.384094 -22.198799 1.000000 0.000000 0.000000 0.991400 -0.150100
0 -100.544701 50.298405 -141.650101 1.000000 0.000000 0.000000 0.000300 -0.683800
0 -100.544701 50.298298 92.368896 1.000000 0.000000 0.000000 0.000300 0.361900
deep_wall06.jpg
0 -100.544701 50.298298 92.368896 1.000000 0.000000 0.000000 0.000300 0.361900
0 -100.544701 -148.384003 92.368896 1.000000 0.000000 0.000000 0.991400 0.361900
0 -100.544701 -148.384094 -22.198799 1.000000 0.000000 0.000000 0.991400 -0.150100
deep_wall06.jpg
0 100.165588 50.298298 92.368896 -1.000000 0.000000 0.000000 0.000300 0.361900
0 100.165588 -148.384094 92.368896 -1.000000 0.000000 0.000000 0.991400 0.361900
0 100.165588 -148.384094 335.182800 -1.000000 0.000000 0.000000 0.991400 1.446800
deep_wall06.jpg
0 100.165588 -148.384094 335.182800 -1.000000 0.000000 0.000000 0.991400 1.446800
0 100.165588 50.298298 335.182800 -1.000000 0.000000 0.000000 0.000300 1.446800
0 100.165588 50.298298 92.368896 -1.000000 0.000000 0.000000 0.000300 0.361900
deep_wall06.jpg
0 -100.544701 -148.384003 92.368896 1.000000 0.000000 0.000000 0.991400 0.361900
0 -100.544701 50.298298 92.368896 1.000000 0.000000 0.000000 0.000300 0.361900
0 -100.544701 50.298298 335.182800 1.000000 0.000000 0.000000 0.000300 1.446800
deep_wall06.jpg
0 -100.544701 50.298298 335.182800 1.000000 0.000000 0.000000 0.000300 1.446800
0 -100.544701 -148.384094 335.182800 1.000000 0.000000 0.000000 0.991400 1.446800
0 -100.544701 -148.384003 92.368896 1.000000 0.000000 0.000000 0.991400 0.361900
deep_wall03.jpg
0 118.494995 -230.331100 13.658400 0.000000 -0.819157 -0.573570 1.297200 0.010100
0 178.064392 -230.330994 13.658400 0.000000 -0.819157 -0.573570 1.698500 0.010100
0 178.064392 -260.337097 56.511600 0.000000 -0.819157 -0.573570 1.698500 0.201600
deep_wall03.jpg
0 178.064392 -260.337097 56.511600 0.000000 -0.819157 -0.573570 1.698500 0.201600
0 118.494995 -260.337189 56.511600 0.000000 -0.819157 -0.573570 1.297200 0.201600
0 118.494995 -230.331100 13.658400 0.000000 -0.819157 -0.573570 1.297200 0.010100
deep_wall03.jpg
0 -176.718094 -230.330902 13.658400 0.000000 -0.819157 -0.573570 -0.691500 0.010100
0 -118.874100 -230.330994 13.658500 0.000000 -0.819157 -0.573570 -0.301800 0.010100
0 -118.874100 -260.337097 56.511600 0.000000 -0.819157 -0.573570 -0.301800 0.201600
deep_wall03.jpg
0 -118.874100 -260.337097 56.511600 0.000000 -0.819157 -0.573570 -0.301800 0.201600
0 -176.718094 -260.337097 56.511600 0.000000 -0.819157 -0.573570 -0.691500 0.201600
0 -176.718094 -230.330902 13.658400 0.000000 -0.819157 -0.573570 -0.691500 0.010100
deep_wall01.jpg
0 199.692993 -148.384094 -22.198799 1.000000 0.000000 0.000000 -0.037500 -0.150100
0 199.693115 50.298298 -141.650101 1.000000 0.000000 0.000000 1.680100 -0.683800
0 199.693115 50.298298 92.368896 1.000000 0.000000 0.000000 1.680100 0.361900
deep_wall01.jpg
0 199.693115 50.298298 92.368896 1.000000 0.000000 0.000000 1.680100 0.361900
0 199.692993 -148.384094 92.368896 1.000000 0.000000 0.000000 -0.037500 0.361900
0 199.692993 -148.384094 -22.198799 1.000000 0.000000 0.000000 -0.037500 -0.150100
deep_wall01.jpg
0 -198.346603 50.298405 -141.650101 -1.000000 0.000000 0.000000 1.680100 -0.683800
0 -198.346695 -148.384003 -22.198799 -1.000000 0.000000 0.000000 -0.037500 -0.150100
0 -198.346695 -148.384003 92.368896 -1.000000 0.000000 0.000000 -0.037500 0.361900
deep_wall01.jpg
0 -198.346695 -148.384003 92.368896 -1.000000 0.000000 0.000000 -0.037500 0.361900
0 -198.346603 50.298298 92.368896 -1.000000 0.000000 0.000000 1.680100 0.361900
0 -198.346603 50.298405 -141.650101 -1.000000 0.000000 0.000000 1.680100 -0.683800
deep_wall01.jpg
0 199.692993 -148.384094 92.368896 0.000000 0.000000 1.000000 0.135200 0.409800
0 100.165588 -148.384094 92.368896 0.000000 0.000000 1.000000 0.851500 0.409800
0 100.165588 -223.139893 92.368896 0.000000 0.000000 1.000000 0.851500 0.897700
deep_wall01.jpg
0 100.165588 -223.139893 92.368896 0.000000 0.000000 1.000000 0.851500 0.897700
0 199.692993 -223.139893 92.368896 0.000000 0.000000 1.000000 0.135200 0.897700
0 199.692993 -148.384094 92.368896 0.000000 0.000000 1.000000 0.135200 0.409800
deep_wall01.jpg
0 100.165588 -148.384094 92.368896 -1.000000 0.000000 0.000000 -0.037500 0.361900
0 100.165588 -148.384094 -22.198799 -1.000000 0.000000 0.000000 -0.037500 -0.150100
0 100.165588 -223.139893 -22.198900 -1.000000 0.000000 0.000000 -0.683800 -0.150100
deep_wall01.jpg
0 100.165588 -223.139893 -22.198900 -1.000000 0.000000 0.000000 -0.683800 -0.150100
0 100.165588 -223.139893 92.368896 -1.000000 0.000000 0.000000 -0.683800 0.361900
0 100.165588 -148.384094 92.368896 -1.000000 0.000000 0.000000 -0.037500 0.361900
deep_wall01.jpg
0 199.692993 -148.384094 -22.198799 1.000000 0.000000 0.000000 -0.037500 -0.150100
0 199.692993 -148.384094 92.368896 1.000000 0.000000 0.000000 -0.037500 0.361900
0 199.692993 -223.139893 92.368896 1.000000 0.000000 0.000000 -0.683800 0.361900
deep_wall01.jpg
0 199.692993 -223.139893 92.368896 1.000000 0.000000 0.000000 -0.683800 0.361900
0 199.692993 -223.139893 -22.198900 1.000000 0.000000 0.000000 -0.683800 -0.150100
0 199.692993 -148.384094 -22.198799 1.000000 0.000000 0.000000 -0.037500 -0.150100
deep_wall01.jpg
0 -100.544701 -148.384003 92.368896 0.000000 0.000000 1.000000 0.131300 0.409800
0 -198.346695 -148.384003 92.368896 0.000000 0.000000 1.000000 0.851200 0.409800
0 -198.346695 -223.139801 92.368896 0.000000 0.000000 1.000000 0.851200 0.897700
deep_wall01.jpg
0 -198.346695 -223.139801 92.368896 0.000000 0.000000 1.000000 0.851200 0.897700
0 -100.544701 -223.139893 92.368896 0.000000 0.000000 1.000000 0.131300 0.897700
0 -100.544701 -148.384003 92.368896 0.000000 0.000000 1.000000 0.131300 0.409800
deep_wall01.jpg
0 -198.346695 -148.384003 92.368896 -1.000000 0.000000 0.000000 -0.037500 0.361900
0 -198.346695 -148.384003 -22.198799 -1.000000 0.000000 0.000000 -0.037500 -0.150100
0 -198.346695 -223.139801 -22.198900 -1.000000 0.000000 0.000000 -0.683800 -0.150100
deep_wall01.jpg
0 -198.346695 -223.139801 -22.198900 -1.000000 0.000000 0.000000 -0.683800 -0.150100
0 -198.346695 -223.139801 92.368896 -1.000000 0.000000 0.000000 -0.683800 0.361900
0 -198.346695 -148.384003 92.368896 -1.000000 0.000000 0.000000 -0.037500 0.361900
deep_wall01.jpg
0 -100.544701 -148.384094 -22.198799 1.000000 0.000000 0.000000 -0.037500 -0.150100
0 -100.544701 -148.384003 92.368896 1.000000 0.000000 0.000000 -0.037500 0.361900
0 -100.544701 -223.139893 92.368896 1.000000 0.000000 0.000000 -0.683800 0.361900
deep_wall01.jpg
0 -100.544701 -223.139893 92.368896 1.000000 0.000000 0.000000 -0.683800 0.361900
0 -100.544701 -223.139801 -22.198900 1.000000 0.000000 0.000000 -0.683800 -0.150100
0 -100.544701 -148.384094 -22.198799 1.000000 0.000000 0.000000 -0.037500 -0.150100
deep_wall01.jpg
0 100.165588 -148.384094 92.368896 0.000000 -1.000000 0.000000 1.173700 0.361900
0 199.692993 -148.384094 92.368896 0.000000 -1.000000 0.000000 1.844200 0.361900
0 199.692993 -148.384094 335.182800 0.000000 -1.000000 0.000000 1.844200 1.446800
deep_wall01.jpg
0 199.692993 -148.384094 335.182800 0.000000 -1.000000 0.000000 1.844200 1.446800
0 100.165588 -148.384094 335.182800 0.000000 -1.000000 0.000000 1.173700 1.446800
0 100.165588 -148.384094 92.368896 0.000000 -1.000000 0.000000 1.173700 0.361900
deep_wall01.jpg
0 199.692993 -148.384094 92.368896 1.000000 0.000000 0.000000 -0.037500 0.361900
0 199.693115 50.298298 92.368896 1.000000 0.000000 0.000000 1.680100 0.361900
0 199.693115 50.298298 335.182800 1.000000 0.000000 0.000000 1.680100 1.446800
deep_wall01.jpg
0 199.693115 50.298298 335.182800 1.000000 0.000000 0.000000 1.680100 1.446800
0 199.692993 -148.384094 335.182800 1.000000 0.000000 0.000000 -0.037500 1.446800
0 199.692993 -148.384094 92.368896 1.000000 0.000000 0.000000 -0.037500 0.361900
deep_wall01.jpg
0 -198.346603 50.298298 92.368896 -1.000000 0.000000 0.000000 1.680100 0.361900
0 -198.346695 -148.384003 92.368896 -1.000000 0.000000 0.000000 -0.037500 0.361900
0 -198.346695 -148.384003 335.182800 -1.000000 0.000000 0.000000 -0.037500 1.446800
deep_wall01.jpg
0 -198.346695 -148.384003 335.182800 -1.000000 0.000000 0.000000 -0.037500 1.446800
0 -198.346603 50.298298 335.182800 -1.000000 0.000000 0.000000 1.680100 1.446800
0 -198.346603 50.298298 92.368896 -1.000000 0.000000 0.000000 1.680100 0.361900
deep_wall01.jpg
0 -198.346695 -148.384003 92.368896 0.000000 -1.000000 0.000000 -0.837200 0.361900
0 -100.544701 -148.384003 92.368896 0.000000 -1.000000 0.000000 -0.178400 0.361900
0 -100.544701 -148.384094 335.182800 0.000000 -1.000000 0.000000 -0.178400 1.446800
deep_wall01.jpg
0 -100.544701 -148.384094 335.182800 0.000000 -1.000000 0.000000 -0.178400 1.446800
0 -198.346695 -148.384003 335.182800 0.000000 -1.000000 0.000000 -0.837200 1.446800
0 -198.346695 -148.384003 92.368896 0.000000 -1.000000 0.000000 -0.837200 0.361900
deep_wall01.jpg
0 -198.433502 -198.192795 388.222504 0.000000 0.000000 1.000000 1.796100 0.995000
0 198.742096 -198.192902 388.222504 0.000000 0.000000 1.000000 -0.815000 0.995000
0 198.742096 50.726002 388.222504 0.000000 0.000000 1.000000 -0.815000 0.169500
deep_wall01.jpg
0 198.742096 50.726002 388.222504 0.000000 0.000000 1.000000 -0.815000 0.169500
0 -198.433594 50.726002 388.222504 0.000000 0.000000 1.000000 1.796100 0.169500
0 -198.433502 -198.192795 388.222504 0.000000 0.000000 1.000000 1.796100 0.995000
deep_wall01.jpg
0 -244.108795 -220.785797 319.313385 0.000000 -1.000000 0.000000 -1.145500 1.375900
0 244.417297 -220.785706 319.313385 0.000000 -1.000000 0.000000 2.145500 1.375900
0 244.417297 -220.785797 372.118500 0.000000 -1.000000 0.000000 2.145500 1.611900
deep_wall01.jpg
0 244.417297 -220.785797 372.118500 0.000000 -1.000000 0.000000 2.145500 1.611900
0 -244.108795 -220.785706 372.118500 0.000000 -1.000000 0.000000 -1.145500 1.611900
0 -244.108795 -220.785797 319.313385 0.000000 -1.000000 0.000000 -1.145500 1.375900
deep_wall01.jpg
0 244.417297 -220.785706 319.313385 1.000000 0.000000 0.000000 -0.663500 1.375900
0 244.417297 50.395603 319.313385 1.000000 0.000000 0.000000 1.681000 1.375900
0 244.417297 50.395603 372.118500 1.000000 0.000000 0.000000 1.681000 1.611900
deep_wall01.jpg
0 244.417297 50.395603 372.118500 1.000000 0.000000 0.000000 1.681000 1.611900
0 244.417297 -220.785797 372.118500 1.000000 0.000000 0.000000 -0.663500 1.611900
0 244.417297 -220.785706 319.313385 1.000000 0.000000 0.000000 -0.663500 1.375900
deep_wall01.jpg
0 -244.108704 50.395603 319.313385 -1.000000 0.000000 0.000000 1.681000 1.375900
0 -244.108795 -220.785797 319.313385 -1.000000 0.000000 0.000000 -0.663500 1.375900
0 -244.108795 -220.785706 372.118500 -1.000000 0.000000 0.000000 -0.663500 1.611900
deep_wall01.jpg
0 -244.108795 -220.785706 372.118500 -1.000000 0.000000 0.000000 -0.663500 1.611900
0 -244.108704 50.395603 372.118500 -1.000000 0.000000 0.000000 1.681000 1.611900
0 -244.108704 50.395603 319.313385 -1.000000 0.000000 0.000000 1.681000 1.375900
deep_wall01.jpg
0 198.742096 -198.192902 388.222504 0.000000 -0.580415 0.814321 1.837800 1.683800
0 -198.433502 -198.192795 388.222504 0.000000 -0.580415 0.814321 -0.837800 1.683800
0 -244.108795 -220.785706 372.118500 0.000000 -0.580415 0.814321 -1.145500 1.611900
deep_wall01.jpg
0 -244.108795 -220.785706 372.118500 0.000000 -0.580415 0.814321 -1.145500 1.611900
0 244.417297 -220.785797 372.118500 0.000000 -0.580415 0.814321 2.145500 1.611900
0 198.742096 -198.192902 388.222504 0.000000 -0.580415 0.814321 1.837800 1.683800
deep_wall01.jpg
0 198.742096 50.726002 388.222504 0.332501 0.000000 0.943103 -0.498000 1.156300
0 198.742096 -198.192902 388.222504 0.332501 0.000000 0.943103 1.331900 1.156300
0 244.417297 -220.785797 372.118500 0.332501 0.000000 0.943103 1.498000 1.330200
deep_wall01.jpg
0 244.417297 -220.785797 372.118500 0.332501 0.000000 0.943103 1.498000 1.330200
0 244.417297 50.395603 372.118500 0.332501 0.000000 0.943103 -0.495600 1.330200
0 198.742096 50.726002 388.222504 0.332501 0.000000 0.943103 -0.498000 1.156300
deep_wall01.jpg
0 -198.433502 -198.192795 388.222504 -0.332501 0.000000 0.943103 1.331900 1.156600
0 -198.433594 50.726002 388.222504 -0.332501 0.000000 0.943103 -0.498000 1.156600
0 -244.108704 50.395603 372.118500 -0.332501 0.000000 0.943103 -0.495600 1.330500
deep_wall01.jpg
0 -244.108704 50.395603 372.118500 -0.332501 0.000000 0.943103 -0.495600 1.330500
0 -244.108795 -220.785706 372.118500 -0.332501 0.000000 0.943103 1.498000 1.330500
0 -198.433502 -198.192795 388.222504 -0.332501 0.000000 0.943103 1.331900 1.156600
deep_wall01.jpg
0 198.742096 50.726002 335.417511 0.007200 0.999974 0.000000 1.683800 1.447900
0 198.742096 50.726002 388.222504 0.007200 0.999974 0.000000 1.683800 1.683800
0 244.417297 50.395603 372.118500 0.007200 0.999974 0.000000 1.681000 1.611900
deep_wall01.jpg
0 244.417297 50.395603 372.118500 0.007200 0.999974 0.000000 1.681000 1.611900
0 244.417297 50.395603 319.313385 0.007200 0.999974 0.000000 1.681000 1.375900
0 198.742096 50.726002 335.417511 0.007200 0.999974 0.000000 1.683800 1.447900
deep_wall01.jpg
0 -198.433594 50.726002 388.222504 -0.007200 0.999974 0.000000 1.683800 1.683800
0 -198.433594 50.726002 335.417511 -0.007200 0.999974 0.000000 1.683800 1.447900
0 -244.108704 50.395603 319.313385 -0.007200 0.999974 0.000000 1.681000 1.375900
deep_wall01.jpg
0 -244.108704 50.395603 319.313385 -0.007200 0.999974 0.000000 1.681000 1.375900
0 -244.108704 50.395603 372.118500 -0.007200 0.999974 0.000000 1.681000 1.611900
0 -198.433594 50.726002 388.222504 -0.007200 0.999974 0.000000 1.683800 1.683800
deep_wall01.jpg
0 100.165588 -223.139893 -22.198900 0.000000 -0.980484 -0.196597 1.173700 -0.150100
0 199.692993 -223.139893 -22.198900 0.000000 -0.980484 -0.196597 1.844200 -0.150100
0 178.064392 -230.330994 13.658400 0.000000 -0.980484 -0.196597 1.698500 0.010100
deep_wall01.jpg
0 178.064392 -230.330994 13.658400 0.000000 -0.980484 -0.196597 1.698500 0.010100
0 118.494995 -230.331100 13.658400 0.000000 -0.980484 -0.196597 1.297200 0.010100
0 100.165588 -223.139893 -22.198900 0.000000 -0.980484 -0.196597 1.173700 -0.150100
deep_wall01.jpg
0 199.692993 -223.139893 92.368896 0.000000 -0.693987 0.719987 1.844200 0.361900
0 100.165588 -223.139893 92.368896 0.000000 -0.693987 0.719987 1.173700 0.361900
0 118.494995 -260.337189 56.511600 0.000000 -0.693987 0.719987 1.297200 0.201600
deep_wall01.jpg
0 118.494995 -260.337189 56.511600 0.000000 -0.693987 0.719987 1.297200 0.201600
0 178.064392 -260.337097 56.511600 0.000000 -0.693987 0.719987 1.698500 0.201600
0 199.692993 -223.139893 92.368896 0.000000 -0.693987 0.719987 1.844200 0.361900
deep_wall01.jpg
0 100.165588 -223.139893 92.368896 -0.365210 -0.930925 0.000000 1.173700 0.361900
0 100.165588 -223.139893 -22.198900 -0.365210 -0.930925 0.000000 1.173700 -0.150100
0 118.494995 -230.331100 13.658400 -0.365210 -0.930925 0.000000 1.297200 0.010100
deep_wall01.jpg
0 118.494995 -230.331100 13.658400 -0.941128 -0.276908 -0.193906 1.297200 0.010100
0 118.494995 -260.337189 56.511600 -0.941128 -0.276908 -0.193906 1.297200 0.201600
0 100.165588 -223.139893 92.368896 -0.941128 -0.276908 -0.193906 1.173700 0.361900
deep_wall01.jpg
0 -198.346695 -223.139801 -22.198900 0.000000 -0.980484 -0.196597 -0.837200 -0.150100
0 -100.544701 -223.139801 -22.198900 0.000000 -0.980484 -0.196597 -0.178400 -0.150100
0 -118.874100 -230.330994 13.658500 0.000000 -0.980484 -0.196597 -0.301800 0.010100
deep_wall01.jpg
0 -118.874100 -230.330994 13.658500 0.000000 -0.980484 -0.196597 -0.301800 0.010100
0 -176.718094 -230.330902 13.658400 0.000000 -0.980484 -0.196597 -0.691500 0.010100
0 -198.346695 -223.139801 -22.198900 0.000000 -0.980484 -0.196597 -0.837200 -0.150100
deep_wall01.jpg
0 -100.544701 -223.139893 92.368896 0.000000 -0.693987 0.719987 -0.178400 0.361900
0 -198.346695 -223.139801 92.368896 0.000000 -0.693987 0.719987 -0.837200 0.361900
0 -176.718094 -260.337097 56.511600 0.000000 -0.693987 0.719987 -0.691500 0.201600
deep_wall01.jpg
0 -176.718094 -260.337097 56.511600 0.000000 -0.693987 0.719987 -0.691500 0.201600
0 -118.874100 -260.337097 56.511600 0.000000 -0.693987 0.719987 -0.301800 0.201600
0 -100.544701 -223.139893 92.368896 0.000000 -0.693987 0.719987 -0.178400 0.361900
deep_wall01.jpg
0 -198.346695 -223.139801 92.368896 -0.315508 -0.948923 0.000000 -0.837200 0.361900
0 -198.346695 -223.139801 -22.198900 -0.315508 -0.948923 0.000000 -0.837200 -0.150100
0 -176.718094 -230.330902 13.658400 -0.315508 -0.948923 0.000000 -0.691500 0.010100
deep_wall01.jpg
0 -176.718094 -230.330902 13.658400 -0.920737 -0.319613 -0.223809 -0.691500 0.010100
0 -176.718094 -260.337097 56.511600 -0.920737 -0.319613 -0.223809 -0.691500 0.201600
0 -198.346695 -223.139801 92.368896 -0.920737 -0.319613 -0.223809 -0.837200 0.361900
deep_wall01.jpg
0 178.064392 -230.330994 13.658400 0.315508 -0.948923 0.000000 1.698500 0.010100
0 199.692993 -223.139893 -22.198900 0.315508 -0.948923 0.000000 1.844200 -0.150100
0 199.692993 -223.139893 92.368896 0.315508 -0.948923 0.000000 1.844200 0.361900
deep_wall01.jpg
0 199.692993 -223.139893 92.368896 0.920737 -0.319613 -0.223809 1.844200 0.361900
0 178.064392 -260.337097 56.511600 0.920737 -0.319613 -0.223809 1.698500 0.201600
0 178.064392 -230.330994 13.658400 0.920737 -0.319613 -0.223809 1.698500 0.010100
deep_wall01.jpg
0 -118.874100 -230.330994 13.658500 0.365210 -0.930925 0.000000 -0.301800 0.010100
0 -100.544701 -223.139801 -22.198900 0.365210 -0.930925 0.000000 -0.178400 -0.150100
0 -100.544701 -223.139893 92.368896 0.365210 -0.930925 0.000000 -0.178400 0.361900
deep_wall01.jpg
0 -100.544701 -223.139893 92.368896 0.941128 -0.276908 -0.193906 -0.178400 0.361900
0 -118.874100 -260.337097 56.511600 0.941128 -0.276908 -0.193906 -0.301800 0.201600
0 -118.874100 -230.330994 13.658500 0.941128 -0.276908 -0.193906 -0.301800 0.010100
deep_dragon.jpg
0 150.499817 -277.740387 88.009399 0.000000 -0.767294 -0.641295 0.098400 0.050300
0 157.267883 -273.991211 88.009399 0.710584 -0.451690 -0.539488 0.098400 0.050300
0 160.623108 -283.370789 100.282600 0.791788 -0.558892 -0.246396 0.088600 0.132500
deep_dragon.jpg
0 160.623108 -283.370789 100.282600 0.791788 -0.558892 -0.246396 0.088600 0.132500
0 150.499817 -287.120087 100.282600 0.000000 -0.538091 0.842887 0.086600 0.134900
0 150.499817 -277.740387 88.009399 0.000000 -0.767294 -0.641295 0.098400 0.050300
deep_dragon.jpg
0 150.499817 -290.056488 113.874702 0.000000 -0.902303 0.431102 0.000500 0.259200
0 171.820801 -290.056488 113.874802 0.620879 -0.529682 0.577881 0.000500 0.259200
0 167.027710 -276.010010 131.897797 0.724126 -0.488917 0.486417 0.086100 0.404800
deep_dragon.jpg
0 167.027710 -276.010010 131.897797 0.724126 -0.488917 0.486417 0.086100 0.404800
0 150.499817 -285.192291 139.268005 0.000000 -0.607795 0.794094 0.030100 0.464300
0 150.499817 -290.056488 113.874702 0.000000 -0.902303 0.431102 0.000500 0.259200
deep_dragon.jpg
0 178.217102 -186.522293 86.189400 0.958800 -0.138200 -0.248200 0.631500 0.035600
0 186.532196 -181.825607 123.785301 0.982022 -0.188504 -0.009900 0.660100 0.339300
0 186.532196 -222.530899 123.785301 0.946241 -0.310013 -0.092304 0.412100 0.339300
deep_dragon.jpg
0 186.532196 -222.530899 123.785301 0.946241 -0.310013 -0.092304 0.412100 0.339300
0 178.216980 -217.834106 86.189400 0.846628 -0.472016 -0.245808 0.440700 0.035600
0 178.217102 -186.522293 86.189400 0.958800 -0.138200 -0.248200 0.631500 0.035600
deep_dragon.jpg
0 186.532196 -181.825607 123.785301 0.982022 -0.188504 -0.009900 0.660100 0.339300
0 177.389587 -188.318207 167.171799 0.653905 -0.363003 0.663805 0.620600 0.689700
0 177.389709 -208.949905 170.555695 0.658667 -0.252887 0.708665 0.494800 0.717000
deep_dragon.jpg
0 177.389709 -208.949905 170.555695 0.658667 -0.252887 0.708665 0.494800 0.717000
0 186.532196 -222.530899 123.785301 0.946241 -0.310013 -0.092304 0.412100 0.339300
0 186.532196 -181.825607 123.785301 0.982022 -0.188504 -0.009900 0.660100 0.339300
deep_dragon.jpg
0 178.216980 -217.834106 86.189400 0.846628 -0.472016 -0.245808 0.440700 0.035600
0 186.532196 -222.530899 123.785301 0.946241 -0.310013 -0.092304 0.412100 0.339300
0 171.820801 -236.621902 119.650101 0.757791 -0.641293 0.120399 0.326200 0.305900
deep_dragon.jpg
0 171.820801 -236.621902 119.650101 0.757791 -0.641293 0.120399 0.326200 0.305900
0 162.489807 -234.331299 85.590797 0.917578 -0.277593 -0.284593 0.340100 0.030800
0 178.216980 -217.834106 86.189400 0.846628 -0.472016 -0.245808 0.440700 0.035600
deep_dragon.jpg
0 186.532196 -222.530899 123.785301 0.946241 -0.310013 -0.092304 0.412100 0.339300
0 177.389709 -208.949905 170.555695 0.658667 -0.252887 0.708665 0.494800 0.717000
0 167.027710 -252.453903 141.092606 0.758708 -0.435005 0.484905 0.229700 0.479000
deep_dragon.jpg
0 167.027710 -252.453903 141.092606 0.758708 -0.435005 0.484905 0.229700 0.479000
0 171.820801 -236.621902 119.650101 0.757791 -0.641293 0.120399 0.326200 0.305900
0 186.532196 -222.530899 123.785301 0.946241 -0.310013 -0.092304 0.412100 0.339300
deep_dragon.jpg
0 177.389587 -188.318207 167.171799 0.653905 -0.363003 0.663805 0.620600 0.689700
0 150.499817 -188.318100 173.563095 0.000000 -0.440200 0.897900 0.581100 0.956300
0 150.499817 -210.275208 167.482803 0.000000 -0.170493 0.985359 0.443300 0.887800
deep_dragon.jpg
0 150.499817 -210.275208 167.482803 0.000000 -0.170493 0.985359 0.443300 0.887800
0 177.389709 -208.949905 170.555695 0.658667 -0.252887 0.708665 0.494800 0.717000
0 177.389587 -188.318207 167.171799 0.653905 -0.363003 0.663805 0.620600 0.689700
deep_dragon.jpg
0 177.389709 -208.949905 170.555695 0.658667 -0.252887 0.708665 0.494800 0.717000
0 150.499817 -210.275208 167.482803 0.000000 -0.170493 0.985359 0.443300 0.887800
0 150.499817 -256.898895 147.585800 0.000000 -0.441003 0.897506 0.184800 0.579800
deep_dragon.jpg
0 150.499817 -256.898895 147.585800 0.000000 -0.441003 0.897506 0.184800 0.579800
0 167.027710 -252.453903 141.092606 0.758708 -0.435005 0.484905 0.229700 0.479000
0 177.389709 -208.949905 170.555695 0.658667 -0.252887 0.708665 0.494800 0.717000
deep_dragon.jpg
0 171.820801 -236.621902 119.650101 0.757791 -0.641293 0.120399 0.326200 0.305900
0 167.027710 -252.453903 141.092606 0.758708 -0.435005 0.484905 0.229700 0.479000
0 167.027710 -276.010010 131.897797 0.724126 -0.488917 0.486417 0.086100 0.404800
deep_dragon.jpg
0 167.027710 -276.010010 131.897797 0.724126 -0.488917 0.486417 0.086100 0.404800
0 171.820801 -290.056488 113.874802 0.620879 -0.529682 0.577881 0.000500 0.259200
0 171.820801 -236.621902 119.650101 0.757791 -0.641293 0.120399 0.326200 0.305900
deep_dragon.jpg
0 167.027710 -252.453903 141.092606 0.758708 -0.435005 0.484905 0.229700 0.479000
0 150.499817 -256.898895 147.585800 0.000000 -0.441003 0.897506 0.184800 0.579800
0 150.499817 -285.192291 139.268005 0.000000 -0.607795 0.794094 0.030100 0.464300
deep_dragon.jpg
0 150.499817 -285.192291 139.268005 0.000000 -0.607795 0.794094 0.030100 0.464300
0 167.027710 -276.010010 131.897797 0.724126 -0.488917 0.486417 0.086100 0.404800
0 167.027710 -252.453903 141.092606 0.758708 -0.435005 0.484905 0.229700 0.479000
deep_dragon.jpg
0 186.532196 -181.825607 123.785301 0.982022 -0.188504 -0.009900 0.660100 0.339300
0 178.217102 -186.522293 86.189400 0.958800 -0.138200 -0.248200 0.631500 0.035600
0 185.519104 -167.073593 91.234596 0.873020 -0.399709 -0.279406 0.750100 0.076300
deep_dragon.jpg
0 185.519104 -167.073593 91.234596 0.873020 -0.399709 -0.279406 0.750100 0.076300
0 192.900299 -168.128403 127.498596 0.940979 -0.337892 -0.019700 0.743600 0.369200
0 186.532196 -181.825607 123.785301 0.982022 -0.188504 -0.009900 0.660100 0.339300
deep_dragon.jpg
0 183.523621 -164.387802 84.843300 0.690900 -0.175600 -0.701300 0.766400 0.024700
0 185.519104 -167.073593 91.234596 0.873020 -0.399709 -0.279406 0.750100 0.076300
0 178.217102 -186.522293 86.189400 0.958800 -0.138200 -0.248200 0.631500 0.035600
deep_dragon.jpg
0 150.499817 -181.825607 123.785301 0.000000 0.992542 0.121905 0.660100 0.339300
0 150.499817 -188.318100 173.563095 0.000000 -0.440200 0.897900 0.581100 0.956300
0 182.848694 -168.239594 192.755600 -0.601509 0.504008 0.619809 0.721200 0.963900
deep_dragon.jpg
0 182.848694 -168.239594 192.755600 -0.601509 0.504008 0.619809 0.721200 0.963900
0 190.306091 -156.284302 132.165405 -0.108503 0.992229 0.060902 0.815800 0.406900
0 150.499817 -181.825607 123.785301 0.000000 0.992542 0.121905 0.660100 0.339300
deep_dragon.jpg
0 150.499817 -188.318100 173.563095 0.000000 -0.440200 0.897900 0.581100 0.956300
0 177.389587 -188.318207 167.171799 0.653905 -0.363003 0.663805 0.620600 0.689700
0 184.784698 -171.315704 182.099701 0.565406 -0.758809 0.323304 0.724200 0.810200
deep_dragon.jpg
0 184.784698 -171.315704 182.099701 0.565406 -0.758809 0.323304 0.724200 0.810200
0 182.848694 -168.239594 192.755600 -0.601509 0.504008 0.619809 0.721200 0.963900
0 150.499817 -188.318100 173.563095 0.000000 -0.440200 0.897900 0.581100 0.956300
deep_dragon.jpg
0 177.389587 -188.318207 167.171799 0.653905 -0.363003 0.663805 0.620600 0.689700
0 186.532196 -181.825607 123.785301 0.982022 -0.188504 -0.009900 0.660100 0.339300
0 192.900299 -168.128403 127.498596 0.940979 -0.337892 -0.019700 0.743600 0.369200
deep_dragon.jpg
0 192.900299 -168.128403 127.498596 0.940979 -0.337892 -0.019700 0.743600 0.369200
0 184.784698 -171.315704 182.099701 0.565406 -0.758809 0.323304 0.724200 0.810200
0 177.389587 -188.318207 167.171799 0.653905 -0.363003 0.663805 0.620600 0.689700
deep_dragon.jpg
0 192.900299 -168.128403 127.498596 0.940979 -0.337892 -0.019700 0.743600 0.369200
0 190.306091 -156.284302 132.165405 -0.108503 0.992229 0.060902 0.815800 0.406900
0 218.207581 -137.725906 205.531601 0.960866 -0.275790 0.025999 0.928900 0.999500
deep_dragon.jpg
0 190.306091 -156.284302 132.165405 -0.108503 0.992229 0.060902 0.815800 0.406900
0 182.848694 -168.239594 192.755600 -0.601509 0.504008 0.619809 0.721200 0.963900
0 218.207581 -137.725906 205.531601 0.960866 -0.275790 0.025999 0.928900 0.999500
deep_dragon.jpg
0 182.848694 -168.239594 192.755600 -0.601509 0.504008 0.619809 0.721200 0.963900
0 184.784698 -171.315704 182.099701 0.565406 -0.758809 0.323304 0.724200 0.810200
0 218.207581 -137.725906 205.531601 0.960866 -0.275790 0.025999 0.928900 0.999500
deep_dragon.jpg
0 184.784698 -171.315704 182.099701 0.565406 -0.758809 0.323304 0.724200 0.810200
0 192.900299 -168.128403 127.498596 0.940979 -0.337892 -0.019700 0.743600 0.369200
0 218.207581 -137.725906 205.531601 0.960866 -0.275790 0.025999 0.928900 0.999500
deep_dragon.jpg
0 183.523621 -164.387802 84.843300 0.690900 -0.175600 -0.701300 0.766400 0.024700
0 190.306091 -156.284302 132.165405 -0.108503 0.992229 0.060902 0.815800 0.406900
0 209.384277 -126.146408 81.844101 0.958064 -0.254291 -0.132095 0.999500 0.000500
deep_dragon.jpg
0 190.306091 -156.284302 132.165405 -0.108503 0.992229 0.060902 0.815800 0.406900
0 192.900299 -168.128403 127.498596 0.940979 -0.337892 -0.019700 0.743600 0.369200
0 209.384277 -126.146408 81.844101 0.958064 -0.254291 -0.132095 0.999500 0.000500
deep_dragon.jpg
0 192.900299 -168.128403 127.498596 0.940979 -0.337892 -0.019700 0.743600 0.369200
0 185.519104 -167.073593 91.234596 0.873020 -0.399709 -0.279406 0.750100 0.076300
0 209.384277 -126.146408 81.844101 0.958064 -0.254291 -0.132095 0.999500 0.000500
deep_dragon.jpg
0 185.519104 -167.073593 91.234596 0.873020 -0.399709 -0.279406 0.750100 0.076300
0 183.523621 -164.387802 84.843300 0.690900 -0.175600 -0.701300 0.766400 0.024700
0 209.384277 -126.146408 81.844101 0.958064 -0.254291 -0.132095 0.999500 0.000500
deep_dragon.jpg
0 162.489807 -234.331299 85.590797 0.917578 -0.277593 -0.284593 0.340100 0.030800
0 171.820801 -236.621902 119.650101 0.757791 -0.641293 0.120399 0.326200 0.305900
0 165.292206 -250.380707 104.813599 0.352981 -0.308084 0.883453 0.260100 0.164300
deep_dragon.jpg
0 171.820801 -236.621902 119.650101 0.757791 -0.641293 0.120399 0.326200 0.305900
0 150.499817 -220.533203 119.611504 0.000000 -0.747294 0.664494 0.326200 0.305900
0 150.499817 -242.801895 94.569504 0.000000 -0.411096 0.911592 0.224600 0.222300
deep_dragon.jpg
0 150.499817 -242.801895 94.569504 0.000000 -0.411096 0.911592 0.224600 0.222300
0 165.292206 -250.380707 104.813599 0.352981 -0.308084 0.883453 0.260100 0.164300
0 171.820801 -236.621902 119.650101 0.757791 -0.641293 0.120399 0.326200 0.305900
deep_dragon.jpg
0 162.489807 -234.331299 85.590797 0.917578 -0.277593 -0.284593 0.340100 0.030800
0 165.292206 -250.380707 104.813599 0.352981 -0.308084 0.883453 0.260100 0.164300
0 160.623108 -283.370789 100.282600 0.791788 -0.558892 -0.246396 0.088600 0.132500
deep_dragon.jpg
0 160.623108 -283.370789 100.282600 0.791788 -0.558892 -0.246396 0.088600 0.132500
0 157.267883 -273.991211 88.009399 0.710584 -0.451690 -0.539488 0.098400 0.050300
0 162.489807 -234.331299 85.590797 0.917578 -0.277593 -0.284593 0.340100 0.030800
deep_dragon.jpg
0 165.292206 -250.380707 104.813599 0.352981 -0.308084 0.883453 0.260100 0.164300
0 150.499817 -242.801895 94.569504 0.000000 -0.411096 0.911592 0.224600 0.222300
0 150.499817 -287.120087 100.282600 0.000000 -0.538091 0.842887 0.086600 0.134900
deep_dragon.jpg
0 150.499817 -287.120087 100.282600 0.000000 -0.538091 0.842887 0.086600 0.134900
0 160.623108 -283.370789 100.282600 0.791788 -0.558892 -0.246396 0.088600 0.132500
0 165.292206 -250.380707 104.813599 0.352981 -0.308084 0.883453 0.260100 0.164300
deep_dragon.jpg
0 150.499817 -277.740387 88.009399 0.000000 -0.767294 -0.641295 0.098400 0.050300
0 140.376404 -283.370789 100.282600 -0.791788 -0.558892 -0.246396 0.029400 0.183200
0 143.731689 -273.991089 88.009399 -0.710584 -0.451690 -0.539488 0.098400 0.050300
deep_dragon.jpg
0 140.376404 -283.370789 100.282600 -0.791788 -0.558892 -0.246396 0.029400 0.183200
0 150.499817 -277.740387 88.009399 0.000000 -0.767294 -0.641295 0.098400 0.050300
0 150.499817 -287.120087 100.282600 0.000000 -0.538091 0.842887 0.086600 0.134900
deep_dragon.jpg
0 150.499817 -290.056488 113.874702 0.000000 -0.902303 0.431102 0.000500 0.259200
0 133.971893 -276.009888 131.897797 -0.724126 -0.488917 0.486417 0.086100 0.404800
0 129.178802 -290.056396 113.874702 -0.620879 -0.529682 0.577881 0.000500 0.259200
deep_dragon.jpg
0 133.971893 -276.009888 131.897797 -0.724126 -0.488917 0.486417 0.086100 0.404800
0 150.499817 -290.056488 113.874702 0.000000 -0.902303 0.431102 0.000500 0.259200
0 150.499817 -285.192291 139.268005 0.000000 -0.607795 0.794094 0.030100 0.464300
deep_dragon.jpg
0 122.782501 -186.522293 86.189400 -0.958800 -0.138200 -0.248200 0.631500 0.035600
0 114.467285 -222.530899 123.785301 -0.946241 -0.310013 -0.092304 0.412100 0.339300
0 114.467285 -181.825607 123.785301 -0.982022 -0.188504 -0.009900 0.660100 0.339300
deep_dragon.jpg
0 114.467285 -222.530899 123.785301 -0.946241 -0.310013 -0.092304 0.412100 0.339300
0 122.782501 -186.522293 86.189400 -0.958800 -0.138200 -0.248200 0.631500 0.035600
0 122.782501 -217.834106 86.189400 -0.846628 -0.472016 -0.245808 0.440700 0.035600
deep_dragon.jpg
0 114.467285 -181.825607 123.785301 -0.982022 -0.188504 -0.009900 0.660100 0.339300
0 123.609894 -208.949799 170.555695 -0.658667 -0.252887 0.708665 0.494800 0.717000
0 123.609894 -188.318100 167.171799 -0.653905 -0.363003 0.663805 0.620600 0.689700
deep_dragon.jpg
0 123.609894 -208.949799 170.555695 -0.658667 -0.252887 0.708665 0.494800 0.717000
0 114.467285 -181.825607 123.785301 -0.982022 -0.188504 -0.009900 0.660100 0.339300
0 114.467285 -222.530899 123.785301 -0.946241 -0.310013 -0.092304 0.412100 0.339300
deep_dragon.jpg
0 122.782501 -217.834106 86.189400 -0.846628 -0.472016 -0.245808 0.440700 0.035600
0 129.178802 -236.621902 119.650101 -0.757791 -0.641293 0.120399 0.326200 0.305900
0 114.467285 -222.530899 123.785301 -0.946241 -0.310013 -0.092304 0.412100 0.339300
deep_dragon.jpg
0 129.178802 -236.621902 119.650101 -0.757791 -0.641293 0.120399 0.326200 0.305900
0 122.782501 -217.834106 86.189400 -0.846628 -0.472016 -0.245808 0.440700 0.035600
0 138.509705 -234.331299 85.590797 -0.917578 -0.277593 -0.284593 0.340100 0.030800
deep_dragon.jpg
0 114.467285 -222.530899 123.785301 -0.946241 -0.310013 -0.092304 0.412100 0.339300
0 133.971893 -252.453903 141.092606 -0.758708 -0.435005 0.484905 0.229700 0.479000
0 123.609894 -208.949799 170.555695 -0.658667 -0.252887 0.708665 0.494800 0.717000
deep_dragon.jpg
0 133.971893 -252.453903 141.092606 -0.758708 -0.435005 0.484905 0.229700 0.479000
0 114.467285 -222.530899 123.785301 -0.946241 -0.310013 -0.092304 0.412100 0.339300
0 129.178802 -236.621902 119.650101 -0.757791 -0.641293 0.120399 0.326200 0.305900
deep_dragon.jpg
0 123.609894 -188.318100 167.171799 -0.653905 -0.363003 0.663805 0.620600 0.689700
0 150.499817 -210.275208 167.482803 0.000000 -0.170493 0.985359 0.443300 0.887800
0 150.499817 -188.318100 173.563095 0.000000 -0.440200 0.897900 0.581100 0.956300
deep_dragon.jpg
0 150.499817 -210.275208 167.482803 0.000000 -0.170493 0.985359 0.443300 0.887800
0 123.609894 -188.318100 167.171799 -0.653905 -0.363003 0.663805 0.620600 0.689700
0 123.609894 -208.949799 170.555695 -0.658667 -0.252887 0.708665 0.494800 0.717000
deep_dragon.jpg
0 123.609894 -208.949799 170.555695 -0.658667 -0.252887 0.708665 0.494800 0.717000
0 150.499817 -256.898895 147.585800 0.000000 -0.441003 0.897506 0.184800 0.579800
0 150.499817 -210.275208 167.482803 0.000000 -0.170493 0.985359 0.443300 0.887800
deep_dragon.jpg
0 150.499817 -256.898895 147.585800 0.000000 -0.441003 0.897506 0.184800 0.579800
0 123.609894 -208.949799 170.555695 -0.658667 -0.252887 0.708665 0.494800 0.717000
0 133.971893 -252.453903 141.092606 -0.758708 -0.435005 0.484905 0.229700 0.479000
deep_dragon.jpg
0 129.178802 -236.621902 119.650101 -0.757791 -0.641293 0.120399 0.326200 0.305900
0 133.971893 -276.009888 131.897797 -0.724126 -0.488917 0.486417 0.086100 0.404800
0 133.971893 -252.453903 141.092606 -0.758708 -0.435005 0.484905 0.229700 0.479000
deep_dragon.jpg
0 133.971893 -276.009888 131.897797 -0.724126 -0.488917 0.486417 0.086100 0.404800
0 129.178802 -236.621902 119.650101 -0.757791 -0.641293 0.120399 0.326200 0.305900
0 129.178802 -290.056396 113.874702 -0.620879 -0.529682 0.577881 0.000500 0.259200
deep_dragon.jpg
0 133.971893 -252.453903 141.092606 -0.758708 -0.435005 0.484905 0.229700 0.479000
0 150.499817 -285.192291 139.268005 0.000000 -0.607795 0.794094 0.030100 0.464300
0 150.499817 -256.898895 147.585800 0.000000 -0.441003 0.897506 0.184800 0.579800
deep_dragon.jpg
0 150.499817 -285.192291 139.268005 0.000000 -0.607795 0.794094 0.030100 0.464300
0 133.971893 -252.453903 141.092606 -0.758708 -0.435005 0.484905 0.229700 0.479000
0 133.971893 -276.009888 131.897797 -0.724126 -0.488917 0.486417 0.086100 0.404800
deep_dragon.jpg
0 114.467285 -181.825607 123.785301 -0.982022 -0.188504 -0.009900 0.660100 0.339300
0 115.480408 -167.073593 91.234596 -0.873020 -0.399709 -0.279406 0.750100 0.076300
0 122.782501 -186.522293 86.189400 -0.958800 -0.138200 -0.248200 0.631500 0.035600
deep_dragon.jpg
0 115.480408 -167.073593 91.234596 -0.873020 -0.399709 -0.279406 0.750100 0.076300
0 114.467285 -181.825607 123.785301 -0.982022 -0.188504 -0.009900 0.660100 0.339300
0 108.099304 -168.128403 127.498596 -0.940979 -0.337892 -0.019700 0.743600 0.369200
deep_dragon.jpg
0 117.476013 -164.387802 84.843300 -0.690900 -0.175600 -0.701300 0.766400 0.024700
0 122.782501 -186.522293 86.189400 -0.958800 -0.138200 -0.248200 0.631500 0.035600
0 115.480408 -167.073593 91.234596 -0.873020 -0.399709 -0.279406 0.750100 0.076300
deep_dragon.jpg
0 150.499817 -181.825607 123.785301 0.000000 0.992542 0.121905 0.660100 0.339300
0 118.150818 -168.239594 192.755600 0.601509 0.504008 0.619809 0.721200 0.963900
0 150.499817 -188.318100 173.563095 0.000000 -0.440200 0.897900 0.581100 0.956300
deep_dragon.jpg
0 118.150818 -168.239594 192.755600 0.601509 0.504008 0.619809 0.721200 0.963900
0 150.499817 -181.825607 123.785301 0.000000 0.992542 0.121905 0.660100 0.339300
0 110.693481 -156.284302 132.165405 0.108503 0.992229 0.060902 0.815800 0.406900
deep_dragon.jpg
0 150.499817 -188.318100 173.563095 0.000000 -0.440200 0.897900 0.581100 0.956300
0 116.214783 -171.315704 182.099701 -0.565406 -0.758809 0.323304 0.724200 0.810200
0 123.609894 -188.318100 167.171799 -0.653905 -0.363003 0.663805 0.620600 0.689700
deep_dragon.jpg
0 116.214783 -171.315704 182.099701 -0.565406 -0.758809 0.323304 0.724200 0.810200
0 150.499817 -188.318100 173.563095 0.000000 -0.440200 0.897900 0.581100 0.956300
0 118.150818 -168.239594 192.755600 0.601509 0.504008 0.619809 0.721200 0.963900
deep_dragon.jpg
0 123.609894 -188.318100 167.171799 -0.653905 -0.363003 0.663805 0.620600 0.689700
0 108.099304 -168.128403 127.498596 -0.940979 -0.337892 -0.019700 0.743600 0.369200
0 114.467285 -181.825607 123.785301 -0.982022 -0.188504 -0.009900 0.660100 0.339300
deep_dragon.jpg
0 108.099304 -168.128403 127.498596 -0.940979 -0.337892 -0.019700 0.743600 0.369200
0 123.609894 -188.318100 167.171799 -0.653905 -0.363003 0.663805 0.620600 0.689700
0 116.214783 -171.315704 182.099701 -0.565406 -0.758809 0.323304 0.724200 0.810200
deep_dragon.jpg
0 108.099304 -168.128403 127.498596 -0.940979 -0.337892 -0.019700 0.743600 0.369200
0 82.791992 -137.725906 205.531601 -0.960866 -0.275790 0.025999 0.928900 0.999500
0 110.693481 -156.284302 132.165405 0.108503 0.992229 0.060902 0.815800 0.406900
deep_dragon.jpg
0 110.693481 -156.284302 132.165405 0.108503 0.992229 0.060902 0.815800 0.406900
0 82.791992 -137.725906 205.531601 -0.960866 -0.275790 0.025999 0.928900 0.999500
0 118.150818 -168.239594 192.755600 0.601509 0.504008 0.619809 0.721200 0.963900
deep_dragon.jpg
0 118.150818 -168.239594 192.755600 0.601509 0.504008 0.619809 0.721200 0.963900
0 82.791992 -137.725906 205.531601 -0.960866 -0.275790 0.025999 0.928900 0.999500
0 116.214783 -171.315704 182.099701 -0.565406 -0.758809 0.323304 0.724200 0.810200
deep_dragon.jpg
0 116.214783 -171.315704 182.099701 -0.565406 -0.758809 0.323304 0.724200 0.810200
0 82.791992 -137.725906 205.531601 -0.960866 -0.275790 0.025999 0.928900 0.999500
0 108.099304 -168.128403 127.498596 -0.940979 -0.337892 -0.019700 0.743600 0.369200
deep_dragon.jpg
0 117.476013 -164.387802 84.843300 -0.690900 -0.175600 -0.701300 0.766400 0.024700
0 91.615204 -126.146500 81.844101 -0.958064 -0.254291 -0.132095 0.999500 0.000500
0 110.693481 -156.284302 132.165405 0.108503 0.992229 0.060902 0.815800 0.406900
deep_dragon.jpg
0 110.693481 -156.284302 132.165405 0.108503 0.992229 0.060902 0.815800 0.406900
0 91.615204 -126.146500 81.844101 -0.958064 -0.254291 -0.132095 0.999500 0.000500
0 108.099304 -168.128403 127.498596 -0.940979 -0.337892 -0.019700 0.743600 0.369200
deep_dragon.jpg
0 108.099304 -168.128403 127.498596 -0.940979 -0.337892 -0.019700 0.743600 0.369200
0 91.615204 -126.146500 81.844101 -0.958064 -0.254291 -0.132095 0.999500 0.000500
0 115.480408 -167.073593 91.234596 -0.873020 -0.399709 -0.279406 0.750100 0.076300
deep_dragon.jpg
0 115.480408 -167.073593 91.234596 -0.873020 -0.399709 -0.279406 0.750100 0.076300
0 91.615204 -126.146500 81.844101 -0.958064 -0.254291 -0.132095 0.999500 0.000500
0 117.476013 -164.387802 84.843300 -0.690900 -0.175600 -0.701300 0.766400 0.024700
deep_dragon.jpg
0 138.509705 -234.331299 85.590797 -0.917578 -0.277593 -0.284593 0.340100 0.030800
0 135.707306 -250.380707 104.813599 -0.352981 -0.308084 0.883453 0.224600 0.222300
0 129.178802 -236.621902 119.650101 -0.757791 -0.641293 0.120399 0.326200 0.305900
deep_dragon.jpg
0 129.178802 -236.621902 119.650101 -0.757791 -0.641293 0.120399 0.326200 0.305900
0 150.499817 -242.801895 94.569504 0.000000 -0.411096 0.911592 0.224600 0.222300
0 150.499817 -220.533203 119.611504 0.000000 -0.747294 0.664494 0.326200 0.305900
deep_dragon.jpg
0 150.499817 -242.801895 94.569504 0.000000 -0.411096 0.911592 0.224600 0.222300
0 129.178802 -236.621902 119.650101 -0.757791 -0.641293 0.120399 0.326200 0.305900
0 135.707306 -250.380707 104.813599 -0.352981 -0.308084 0.883453 0.224600 0.222300
deep_dragon.jpg
0 138.509705 -234.331299 85.590797 -0.917578 -0.277593 -0.284593 0.340100 0.030800
0 140.376404 -283.370789 100.282600 -0.791788 -0.558892 -0.246396 0.029400 0.183200
0 135.707306 -250.380707 104.813599 -0.352981 -0.308084 0.883453 0.224600 0.222300
deep_dragon.jpg
0 140.376404 -283.370789 100.282600 -0.791788 -0.558892 -0.246396 0.029400 0.183200
0 138.509705 -234.331299 85.590797 -0.917578 -0.277593 -0.284593 0.340100 0.030800
0 143.731689 -273.991089 88.009399 -0.710584 -0.451690 -0.539488 0.098400 0.050300
deep_dragon.jpg
0 135.707306 -250.380707 104.813599 -0.352981 -0.308084 0.883453 0.224600 0.222300
0 150.499817 -287.120087 100.282600 0.000000 -0.538091 0.842887 0.086600 0.134900
0 150.499817 -242.801895 94.569504 0.000000 -0.411096 0.911592 0.224600 0.222300
deep_dragon.jpg
0 150.499817 -287.120087 100.282600 0.000000 -0.538091 0.842887 0.086600 0.134900
0 135.707306 -250.380707 104.813599 -0.352981 -0.308084 0.883453 0.224600 0.222300
0 140.376404 -283.370789 100.282600 -0.791788 -0.558892 -0.246396 0.029400 0.183200
deep_dragon.jpg
0 -149.823196 -277.740509 88.009399 0.000000 -0.767294 -0.641295 0.098400 0.050300
0 -159.946594 -283.370789 100.282600 -0.791788 -0.558892 -0.246396 0.088600 0.132500
0 -156.591293 -273.991211 88.009399 -0.710584 -0.451690 -0.539488 0.098400 0.050300
deep_dragon.jpg
0 -159.946594 -283.370789 100.282600 -0.791788 -0.558892 -0.246396 0.088600 0.132500
0 -149.823196 -277.740509 88.009399 0.000000 -0.767294 -0.641295 0.098400 0.050300
0 -149.823196 -287.120087 100.282600 0.000000 -0.538091 0.842887 0.086600 0.134900
deep_dragon.jpg
0 -149.823196 -290.056488 113.874702 0.000000 -0.902303 0.431102 0.000500 0.259200
0 -166.351105 -276.010010 131.897797 -0.724126 -0.488917 0.486417 0.086100 0.404800
0 -171.144196 -290.056488 113.874802 -0.620879 -0.529682 0.577881 0.000500 0.259200
deep_dragon.jpg
0 -166.351105 -276.010010 131.897797 -0.724126 -0.488917 0.486417 0.086100 0.404800
0 -149.823196 -290.056488 113.874702 0.000000 -0.902303 0.431102 0.000500 0.259200
0 -149.823196 -285.192291 139.268005 0.000000 -0.607795 0.794094 0.030100 0.464300
deep_dragon.jpg
0 -177.540497 -186.522293 86.189400 -0.958800 -0.138200 -0.248200 0.631500 0.035600
0 -185.855606 -222.530899 123.785301 -0.946241 -0.310013 -0.092304 0.412100 0.339300
0 -185.855698 -181.825607 123.785301 -0.982022 -0.188504 -0.009900 0.660100 0.339300
deep_dragon.jpg
0 -185.855606 -222.530899 123.785301 -0.946241 -0.310013 -0.092304 0.412100 0.339300
0 -177.540497 -186.522293 86.189400 -0.958800 -0.138200 -0.248200 0.631500 0.035600
0 -177.540497 -217.834106 86.189400 -0.846628 -0.472016 -0.245808 0.440700 0.035600
deep_dragon.jpg
0 -185.855698 -181.825607 123.785301 -0.982022 -0.188504 -0.009900 0.660100 0.339300
0 -176.713104 -208.949905 170.555695 -0.658667 -0.252887 0.708665 0.494800 0.717000
0 -176.713104 -188.318207 167.171799 -0.653905 -0.363003 0.663805 0.620600 0.689700
deep_dragon.jpg
0 -176.713104 -208.949905 170.555695 -0.658667 -0.252887 0.708665 0.494800 0.717000
0 -185.855698 -181.825607 123.785301 -0.982022 -0.188504 -0.009900 0.660100 0.339300
0 -185.855606 -222.530899 123.785301 -0.946241 -0.310013 -0.092304 0.412100 0.339300
deep_dragon.jpg
0 -177.540497 -217.834106 86.189400 -0.846628 -0.472016 -0.245808 0.440700 0.035600
0 -171.144196 -236.621902 119.650101 -0.757791 -0.641293 0.120399 0.326200 0.305900
0 -185.855606 -222.530899 123.785301 -0.946241 -0.310013 -0.092304 0.412100 0.339300
deep_dragon.jpg
0 -171.144196 -236.621902 119.650101 -0.757791 -0.641293 0.120399 0.326200 0.305900
0 -177.540497 -217.834106 86.189400 -0.846628 -0.472016 -0.245808 0.440700 0.035600
0 -161.813202 -234.331406 85.590797 -0.917578 -0.277593 -0.284593 0.340100 0.030800
deep_dragon.jpg
0 -185.855606 -222.530899 123.785301 -0.946241 -0.310013 -0.092304 0.412100 0.339300
0 -166.351105 -252.453903 141.092606 -0.758708 -0.435005 0.484905 0.229700 0.479000
0 -176.713104 -208.949905 170.555695 -0.658667 -0.252887 0.708665 0.494800 0.717000
deep_dragon.jpg
0 -166.351105 -252.453903 141.092606 -0.758708 -0.435005 0.484905 0.229700 0.479000
0 -185.855606 -222.530899 123.785301 -0.946241 -0.310013 -0.092304 0.412100 0.339300
0 -171.144196 -236.621902 119.650101 -0.757791 -0.641293 0.120399 0.326200 0.305900
deep_dragon.jpg
0 -176.713104 -188.318207 167.171799 -0.653905 -0.363003 0.663805 0.620600 0.689700
0 -149.823196 -210.275208 167.482803 0.000000 -0.170493 0.985359 0.443300 0.887800
0 -149.823196 -188.318100 173.563095 0.000000 -0.440200 0.897900 0.581100 0.956300
deep_dragon.jpg
0 -149.823196 -210.275208 167.482803 0.000000 -0.170493 0.985359 0.443300 0.887800
0 -176.713104 -188.318207 167.171799 -0.653905 -0.363003 0.663805 0.620600 0.689700
0 -176.713104 -208.949905 170.555695 -0.658667 -0.252887 0.708665 0.494800 0.717000
deep_dragon.jpg
0 -176.713104 -208.949905 170.555695 -0.658667 -0.252887 0.708665 0.494800 0.717000
0 -149.823196 -256.898987 147.585800 0.000000 -0.441003 0.897506 0.184800 0.579800
0 -149.823196 -210.275208 167.482803 0.000000 -0.170493 0.985359 0.443300 0.887800
deep_dragon.jpg
0 -149.823196 -256.898987 147.585800 0.000000 -0.441003 0.897506 0.184800 0.579800
0 -176.713104 -208.949905 170.555695 -0.658667 -0.252887 0.708665 0.494800 0.717000
0 -166.351105 -252.453903 141.092606 -0.758708 -0.435005 0.484905 0.229700 0.479000
deep_dragon.jpg
0 -171.144196 -236.621902 119.650101 -0.757791 -0.641293 0.120399 0.326200 0.305900
0 -166.351105 -276.010010 131.897797 -0.724126 -0.488917 0.486417 0.086100 0.404800
0 -166.351105 -252.453903 141.092606 -0.758708 -0.435005 0.484905 0.229700 0.479000
deep_dragon.jpg
0 -166.351105 -276.010010 131.897797 -0.724126 -0.488917 0.486417 0.086100 0.404800
0 -171.144196 -236.621902 119.650101 -0.757791 -0.641293 0.120399 0.326200 0.305900
0 -171.144196 -290.056488 113.874802 -0.620879 -0.529682 0.577881 0.000500 0.259200
deep_dragon.jpg
0 -166.351105 -252.453903 141.092606 -0.758708 -0.435005 0.484905 0.229700 0.479000
0 -149.823196 -285.192291 139.268005 0.000000 -0.607795 0.794094 0.030100 0.464300
0 -149.823196 -256.898987 147.585800 0.000000 -0.441003 0.897506 0.184800 0.579800
deep_dragon.jpg
0 -149.823196 -285.192291 139.268005 0.000000 -0.607795 0.794094 0.030100 0.464300
0 -166.351105 -252.453903 141.092606 -0.758708 -0.435005 0.484905 0.229700 0.479000
0 -166.351105 -276.010010 131.897797 -0.724126 -0.488917 0.486417 0.086100 0.404800
deep_dragon.jpg
0 -185.855698 -181.825607 123.785301 -0.982022 -0.188504 -0.009900 0.660100 0.339300
0 -184.842499 -167.073593 91.234596 -0.873020 -0.399709 -0.279406 0.750100 0.076300
0 -177.540497 -186.522293 86.189400 -0.958800 -0.138200 -0.248200 0.631500 0.035600
deep_dragon.jpg
0 -184.842499 -167.073593 91.234596 -0.873020 -0.399709 -0.279406 0.750100 0.076300
0 -185.855698 -181.825607 123.785301 -0.982022 -0.188504 -0.009900 0.660100 0.339300
0 -192.223694 -168.128403 127.498596 -0.940979 -0.337892 -0.019700 0.743600 0.369200
deep_dragon.jpg
0 -182.847000 -164.387802 84.843300 -0.690900 -0.175600 -0.701300 0.766400 0.024700
0 -177.540497 -186.522293 86.189400 -0.958800 -0.138200 -0.248200 0.631500 0.035600
0 -184.842499 -167.073593 91.234596 -0.873020 -0.399709 -0.279406 0.750100 0.076300
deep_dragon.jpg
0 -149.823196 -181.825607 123.785301 0.000000 0.992542 0.121905 0.660100 0.339300
0 -182.172104 -168.239594 192.755600 0.601509 0.504008 0.619809 0.721200 0.963900
0 -149.823196 -188.318100 173.563095 0.000000 -0.440200 0.897900 0.581100 0.956300
deep_dragon.jpg
0 -182.172104 -168.239594 192.755600 0.601509 0.504008 0.619809 0.721200 0.963900
0 -149.823196 -181.825607 123.785301 0.000000 0.992542 0.121905 0.660100 0.339300
0 -189.629501 -156.284302 132.165405 0.108503 0.992229 0.060902 0.815800 0.406900
deep_dragon.jpg
0 -149.823196 -188.318100 173.563095 0.000000 -0.440200 0.897900 0.581100 0.956300
0 -184.108093 -171.315704 182.099701 -0.565406 -0.758809 0.323304 0.724200 0.810200
0 -176.713104 -188.318207 167.171799 -0.653905 -0.363003 0.663805 0.620600 0.689700
deep_dragon.jpg
0 -184.108093 -171.315704 182.099701 -0.565406 -0.758809 0.323304 0.724200 0.810200
0 -149.823196 -188.318100 173.563095 0.000000 -0.440200 0.897900 0.581100 0.956300
0 -182.172104 -168.239594 192.755600 0.601509 0.504008 0.619809 0.721200 0.963900
deep_dragon.jpg
0 -176.713104 -188.318207 167.171799 -0.653905 -0.363003 0.663805 0.620600 0.689700
0 -192.223694 -168.128403 127.498596 -0.940979 -0.337892 -0.019700 0.743600 0.369200
0 -185.855698 -181.825607 123.785301 -0.982022 -0.188504 -0.009900 0.660100 0.339300
deep_dragon.jpg
0 -192.223694 -168.128403 127.498596 -0.940979 -0.337892 -0.019700 0.743600 0.369200
0 -176.713104 -188.318207 167.171799 -0.653905 -0.363003 0.663805 0.620600 0.689700
0 -184.108093 -171.315704 182.099701 -0.565406 -0.758809 0.323304 0.724200 0.810200
deep_dragon.jpg
0 -192.223694 -168.128403 127.498596 -0.940979 -0.337892 -0.019700 0.743600 0.369200
0 -217.531006 -137.725906 205.531601 -0.960866 -0.275790 0.025999 0.928900 0.999500
0 -189.629501 -156.284302 132.165405 0.108503 0.992229 0.060902 0.815800 0.406900
deep_dragon.jpg
0 -189.629501 -156.284302 132.165405 0.108503 0.992229 0.060902 0.815800 0.406900
0 -217.531006 -137.725906 205.531601 -0.960866 -0.275790 0.025999 0.928900 0.999500
0 -182.172104 -168.239594 192.755600 0.601509 0.504008 0.619809 0.721200 0.963900
deep_dragon.jpg
0 -182.172104 -168.239594 192.755600 0.601509 0.504008 0.619809 0.721200 0.963900
0 -217.531006 -137.725906 205.531601 -0.960866 -0.275790 0.025999 0.928900 0.999500
0 -184.108093 -171.315704 182.099701 -0.565406 -0.758809 0.323304 0.724200 0.810200
deep_dragon.jpg
0 -184.108093 -171.315704 182.099701 -0.565406 -0.758809 0.323304 0.724200 0.810200
0 -217.531006 -137.725906 205.531601 -0.960866 -0.275790 0.025999 0.928900 0.999500
0 -192.223694 -168.128403 127.498596 -0.940979 -0.337892 -0.019700 0.743600 0.369200
deep_dragon.jpg
0 -182.847000 -164.387802 84.843300 -0.690900 -0.175600 -0.701300 0.766400 0.024700
0 -208.707794 -126.146408 81.844101 -0.958064 -0.254291 -0.132095 0.999500 0.000500
0 -189.629501 -156.284302 132.165405 0.108503 0.992229 0.060902 0.815800 0.406900
deep_dragon.jpg
0 -189.629501 -156.284302 132.165405 0.108503 0.992229 0.060902 0.815800 0.406900
0 -208.707794 -126.146408 81.844101 -0.958064 -0.254291 -0.132095 0.999500 0.000500
0 -192.223694 -168.128403 127.498596 -0.940979 -0.337892 -0.019700 0.743600 0.369200
deep_dragon.jpg
0 -192.223694 -168.128403 127.498596 -0.940979 -0.337892 -0.019700 0.743600 0.369200
0 -208.707794 -126.146408 81.844101 -0.958064 -0.254291 -0.132095 0.999500 0.000500
0 -184.842499 -167.073593 91.234596 -0.873020 -0.399709 -0.279406 0.750100 0.076300
deep_dragon.jpg
0 -184.842499 -167.073593 91.234596 -0.873020 -0.399709 -0.279406 0.750100 0.076300
0 -208.707794 -126.146408 81.844101 -0.958064 -0.254291 -0.132095 0.999500 0.000500
0 -182.847000 -164.387802 84.843300 -0.690900 -0.175600 -0.701300 0.766400 0.024700
deep_dragon.jpg
0 -161.813202 -234.331406 85.590797 -0.917578 -0.277593 -0.284593 0.340100 0.030800
0 -164.615707 -250.380707 104.813599 -0.352981 -0.308084 0.883453 0.260100 0.164300
0 -171.144196 -236.621902 119.650101 -0.757791 -0.641293 0.120399 0.326200 0.305900
deep_dragon.jpg
0 -171.144196 -236.621902 119.650101 -0.757791 -0.641293 0.120399 0.326200 0.305900
0 -149.823196 -242.801895 94.569504 0.000000 -0.411096 0.911592 0.224600 0.222300
0 -149.823196 -220.533203 119.611504 0.000000 -0.747294 0.664494 0.326200 0.305900
deep_dragon.jpg
0 -149.823196 -242.801895 94.569504 0.000000 -0.411096 0.911592 0.224600 0.222300
0 -171.144196 -236.621902 119.650101 -0.757791 -0.641293 0.120399 0.326200 0.305900
0 -164.615707 -250.380707 104.813599 -0.352981 -0.308084 0.883453 0.260100 0.164300
deep_dragon.jpg
0 -161.813202 -234.331406 85.590797 -0.917578 -0.277593 -0.284593 0.340100 0.030800
0 -159.946594 -283.370789 100.282600 -0.791788 -0.558892 -0.246396 0.088600 0.132500
0 -164.615707 -250.380707 104.813599 -0.352981 -0.308084 0.883453 0.260100 0.164300
deep_dragon.jpg
0 -159.946594 -283.370789 100.282600 -0.791788 -0.558892 -0.246396 0.088600 0.132500
0 -161.813202 -234.331406 85.590797 -0.917578 -0.277593 -0.284593 0.340100 0.030800
0 -156.591293 -273.991211 88.009399 -0.710584 -0.451690 -0.539488 0.098400 0.050300
deep_dragon.jpg
0 -164.615707 -250.380707 104.813599 -0.352981 -0.308084 0.883453 0.260100 0.164300
0 -149.823196 -287.120087 100.282600 0.000000 -0.538091 0.842887 0.086600 0.134900
0 -149.823196 -242.801895 94.569504 0.000000 -0.411096 0.911592 0.224600 0.222300
deep_dragon.jpg
0 -149.823196 -287.120087 100.282600 0.000000 -0.538091 0.842887 0.086600 0.134900
0 -164.615707 -250.380707 104.813599 -0.352981 -0.308084 0.883453 0.260100 0.164300
0 -159.946594 -283.370789 100.282600 -0.791788 -0.558892 -0.246396 0.088600 0.132500
deep_dragon.jpg
0 -149.823196 -277.740509 88.009399 0.000000 -0.767294 -0.641295 0.098400 0.050300
0 -143.055099 -273.991089 88.009399 0.710584 -0.451690 -0.539488 0.098400 0.050300
0 -139.699905 -283.370789 100.282600 0.791788 -0.558892 -0.246396 0.029400 0.183200
deep_dragon.jpg
0 -139.699905 -283.370789 100.282600 0.791788 -0.558892 -0.246396 0.029400 0.183200
0 -149.823196 -287.120087 100.282600 0.000000 -0.538091 0.842887 0.086600 0.134900
0 -149.823196 -277.740509 88.009399 0.000000 -0.767294 -0.641295 0.098400 0.050300
deep_dragon.jpg
0 -149.823196 -290.056488 113.874702 0.000000 -0.902303 0.431102 0.000500 0.259200
0 -128.502304 -290.056488 113.874702 0.620879 -0.529682 0.577881 0.000500 0.259200
0 -133.295303 -276.009888 131.897797 0.724126 -0.488917 0.486417 0.086100 0.404800
deep_dragon.jpg
0 -133.295303 -276.009888 131.897797 0.724126 -0.488917 0.486417 0.086100 0.404800
0 -149.823196 -285.192291 139.268005 0.000000 -0.607795 0.794094 0.030100 0.464300
0 -149.823196 -290.056488 113.874702 0.000000 -0.902303 0.431102 0.000500 0.259200
deep_dragon.jpg
0 -122.105904 -186.522400 86.189400 0.958800 -0.138200 -0.248200 0.631500 0.035600
0 -113.790802 -181.825607 123.785301 0.982022 -0.188504 -0.009900 0.660100 0.339300
0 -113.790802 -222.530899 123.785301 0.946241 -0.310013 -0.092304 0.412100 0.339300
deep_dragon.jpg
0 -113.790802 -222.530899 123.785301 0.946241 -0.310013 -0.092304 0.412100 0.339300
0 -122.105904 -217.834106 86.189400 0.846628 -0.472016 -0.245808 0.440700 0.035600
0 -122.105904 -186.522400 86.189400 0.958800 -0.138200 -0.248200 0.631500 0.035600
deep_dragon.jpg
0 -113.790802 -181.825607 123.785301 0.982022 -0.188504 -0.009900 0.660100 0.339300
0 -122.933296 -188.318207 167.171799 0.653905 -0.363003 0.663805 0.620600 0.689700
0 -122.933296 -208.949799 170.555695 0.658667 -0.252887 0.708665 0.494800 0.717000
deep_dragon.jpg
0 -122.933296 -208.949799 170.555695 0.658667 -0.252887 0.708665 0.494800 0.717000
0 -113.790802 -222.530899 123.785301 0.946241 -0.310013 -0.092304 0.412100 0.339300
0 -113.790802 -181.825607 123.785301 0.982022 -0.188504 -0.009900 0.660100 0.339300
deep_dragon.jpg
0 -122.105904 -217.834106 86.189400 0.846628 -0.472016 -0.245808 0.440700 0.035600
0 -113.790802 -222.530899 123.785301 0.946241 -0.310013 -0.092304 0.412100 0.339300
0 -128.502197 -236.621902 119.650101 0.757791 -0.641293 0.120399 0.326200 0.305900
deep_dragon.jpg
0 -128.502197 -236.621902 119.650101 0.757791 -0.641293 0.120399 0.326200 0.305900
0 -137.833206 -234.331299 85.590797 0.917578 -0.277593 -0.284593 0.340100 0.030800
0 -122.105904 -217.834106 86.189400 0.846628 -0.472016 -0.245808 0.440700 0.035600
deep_dragon.jpg
0 -113.790802 -222.530899 123.785301 0.946241 -0.310013 -0.092304 0.412100 0.339300
0 -122.933296 -208.949799 170.555695 0.658667 -0.252887 0.708665 0.494800 0.717000
0 -133.295303 -252.453903 141.092606 0.758708 -0.435005 0.484905 0.229700 0.479000
deep_dragon.jpg
0 -133.295303 -252.453903 141.092606 0.758708 -0.435005 0.484905 0.229700 0.479000
0 -128.502197 -236.621902 119.650101 0.757791 -0.641293 0.120399 0.326200 0.305900
0 -113.790802 -222.530899 123.785301 0.946241 -0.310013 -0.092304 0.412100 0.339300
deep_dragon.jpg
0 -122.933296 -188.318207 167.171799 0.653905 -0.363003 0.663805 0.620600 0.689700
0 -149.823196 -188.318100 173.563095 0.000000 -0.440200 0.897900 0.581100 0.956300
0 -149.823196 -210.275208 167.482803 0.000000 -0.170493 0.985359 0.443300 0.887800
deep_dragon.jpg
0 -149.823196 -210.275208 167.482803 0.000000 -0.170493 0.985359 0.443300 0.887800
0 -122.933296 -208.949799 170.555695 0.658667 -0.252887 0.708665 0.494800 0.717000
0 -122.933296 -188.318207 167.171799 0.653905 -0.363003 0.663805 0.620600 0.689700
deep_dragon.jpg
0 -122.933296 -208.949799 170.555695 0.658667 -0.252887 0.708665 0.494800 0.717000
0 -149.823196 -210.275208 167.482803 0.000000 -0.170493 0.985359 0.443300 0.887800
0 -149.823196 -256.898987 147.585800 0.000000 -0.441003 0.897506 0.184800 0.579800
deep_dragon.jpg
0 -149.823196 -256.898987 147.585800 0.000000 -0.441003 0.897506 0.184800 0.579800
0 -133.295303 -252.453903 141.092606 0.758708 -0.435005 0.484905 0.229700 0.479000
0 -122.933296 -208.949799 170.555695 0.658667 -0.252887 0.708665 0.494800 0.717000
deep_dragon.jpg
0 -128.502197 -236.621902 119.650101 0.757791 -0.641293 0.120399 0.326200 0.305900
0 -133.295303 -252.453903 141.092606 0.758708 -0.435005 0.484905 0.229700 0.479000
0 -133.295303 -276.009888 131.897797 0.724126 -0.488917 0.486417 0.086100 0.404800
deep_dragon.jpg
0 -133.295303 -276.009888 131.897797 0.724126 -0.488917 0.486417 0.086100 0.404800
0 -128.502304 -290.056488 113.874702 0.620879 -0.529682 0.577881 0.000500 0.259200
0 -128.502197 -236.621902 119.650101 0.757791 -0.641293 0.120399 0.326200 0.305900
deep_dragon.jpg
0 -133.295303 -252.453903 141.092606 0.758708 -0.435005 0.484905 0.229700 0.479000
0 -149.823196 -256.898987 147.585800 0.000000 -0.441003 0.897506 0.184800 0.579800
0 -149.823196 -285.192291 139.268005 0.000000 -0.607795 0.794094 0.030100 0.464300
deep_dragon.jpg
0 -149.823196 -285.192291 139.268005 0.000000 -0.607795 0.794094 0.030100 0.464300
0 -133.295303 -276.009888 131.897797 0.724126 -0.488917 0.486417 0.086100 0.404800
0 -133.295303 -252.453903 141.092606 0.758708 -0.435005 0.484905 0.229700 0.479000
deep_dragon.jpg
0 -113.790802 -181.825607 123.785301 0.982022 -0.188504 -0.009900 0.660100 0.339300
0 -122.105904 -186.522400 86.189400 0.958800 -0.138200 -0.248200 0.631500 0.035600
0 -114.803802 -167.073593 91.234596 0.873020 -0.399709 -0.279406 0.750100 0.076300
deep_dragon.jpg
0 -114.803802 -167.073593 91.234596 0.873020 -0.399709 -0.279406 0.750100 0.076300
0 -107.422699 -168.128494 127.498596 0.940979 -0.337892 -0.019700 0.743600 0.369200
0 -113.790802 -181.825607 123.785301 0.982022 -0.188504 -0.009900 0.660100 0.339300
deep_dragon.jpg
0 -116.799400 -164.387802 84.843300 0.690900 -0.175600 -0.701300 0.766400 0.024700
0 -114.803802 -167.073593 91.234596 0.873020 -0.399709 -0.279406 0.750100 0.076300
0 -122.105904 -186.522400 86.189400 0.958800 -0.138200 -0.248200 0.631500 0.035600
deep_dragon.jpg
0 -149.823196 -181.825607 123.785301 0.000000 0.992542 0.121905 0.660100 0.339300
0 -149.823196 -188.318100 173.563095 0.000000 -0.440200 0.897900 0.581100 0.956300
0 -117.474297 -168.239594 192.755600 -0.601509 0.504008 0.619809 0.721200 0.963900
deep_dragon.jpg
0 -117.474297 -168.239594 192.755600 -0.601509 0.504008 0.619809 0.721200 0.963900
0 -110.016899 -156.284302 132.165405 -0.108503 0.992229 0.060902 0.815800 0.406900
0 -149.823196 -181.825607 123.785301 0.000000 0.992542 0.121905 0.660100 0.339300
deep_dragon.jpg
0 -149.823196 -188.318100 173.563095 0.000000 -0.440200 0.897900 0.581100 0.956300
0 -122.933296 -188.318207 167.171799 0.653905 -0.363003 0.663805 0.620600 0.689700
0 -115.538300 -171.315704 182.099701 0.565406 -0.758809 0.323304 0.724200 0.810200
deep_dragon.jpg
0 -115.538300 -171.315704 182.099701 0.565406 -0.758809 0.323304 0.724200 0.810200
0 -117.474297 -168.239594 192.755600 -0.601509 0.504008 0.619809 0.721200 0.963900
0 -149.823196 -188.318100 173.563095 0.000000 -0.440200 0.897900 0.581100 0.956300
deep_dragon.jpg
0 -122.933296 -188.318207 167.171799 0.653905 -0.363003 0.663805 0.620600 0.689700
0 -113.790802 -181.825607 123.785301 0.982022 -0.188504 -0.009900 0.660100 0.339300
0 -107.422699 -168.128494 127.498596 0.940979 -0.337892 -0.019700 0.743600 0.369200
deep_dragon.jpg
0 -107.422699 -168.128494 127.498596 0.940979 -0.337892 -0.019700 0.743600 0.369200
0 -115.538300 -171.315704 182.099701 0.565406 -0.758809 0.323304 0.724200 0.810200
0 -122.933296 -188.318207 167.171799 0.653905 -0.363003 0.663805 0.620600 0.689700
deep_dragon.jpg
0 -107.422699 -168.128494 127.498596 0.940979 -0.337892 -0.019700 0.743600 0.369200
0 -110.016899 -156.284302 132.165405 -0.108503 0.992229 0.060902 0.815800 0.406900
0 -82.115402 -137.725906 205.531601 0.960866 -0.275790 0.025999 0.928900 0.999500
deep_dragon.jpg
0 -110.016899 -156.284302 132.165405 -0.108503 0.992229 0.060902 0.815800 0.406900
0 -117.474297 -168.239594 192.755600 -0.601509 0.504008 0.619809 0.721200 0.963900
0 -82.115402 -137.725906 205.531601 0.960866 -0.275790 0.025999 0.928900 0.999500
deep_dragon.jpg
0 -117.474297 -168.239594 192.755600 -0.601509 0.504008 0.619809 0.721200 0.963900
0 -115.538300 -171.315704 182.099701 0.565406 -0.758809 0.323304 0.724200 0.810200
0 -82.115402 -137.725906 205.531601 0.960866 -0.275790 0.025999 0.928900 0.999500
deep_dragon.jpg
0 -115.538300 -171.315704 182.099701 0.565406 -0.758809 0.323304 0.724200 0.810200
0 -107.422699 -168.128494 127.498596 0.940979 -0.337892 -0.019700 0.743600 0.369200
0 -82.115402 -137.725906 205.531601 0.960866 -0.275790 0.025999 0.928900 0.999500
deep_dragon.jpg
0 -116.799400 -164.387802 84.843300 0.690900 -0.175600 -0.701300 0.766400 0.024700
0 -110.016899 -156.284302 132.165405 -0.108503 0.992229 0.060902 0.815800 0.406900
0 -90.938599 -126.146500 81.844101 0.958064 -0.254291 -0.132095 0.999500 0.000500
deep_dragon.jpg
0 -110.016899 -156.284302 132.165405 -0.108503 0.992229 0.060902 0.815800 0.406900
0 -107.422699 -168.128494 127.498596 0.940979 -0.337892 -0.019700 0.743600 0.369200
0 -90.938599 -126.146500 81.844101 0.958064 -0.254291 -0.132095 0.999500 0.000500
deep_dragon.jpg
0 -107.422699 -168.128494 127.498596 0.940979 -0.337892 -0.019700 0.743600 0.369200
0 -114.803802 -167.073593 91.234596 0.873020 -0.399709 -0.279406 0.750100 0.076300
0 -90.938599 -126.146500 81.844101 0.958064 -0.254291 -0.132095 0.999500 0.000500
deep_dragon.jpg
0 -114.803802 -167.073593 91.234596 0.873020 -0.399709 -0.279406 0.750100 0.076300
0 -116.799400 -164.387802 84.843300 0.690900 -0.175600 -0.701300 0.766400 0.024700
0 -90.938599 -126.146500 81.844101 0.958064 -0.254291 -0.132095 0.999500 0.000500
deep_dragon.jpg
0 -137.833206 -234.331299 85.590797 0.917578 -0.277593 -0.284593 0.340100 0.030800
0 -128.502197 -236.621902 119.650101 0.757791 -0.641293 0.120399 0.326200 0.305900
0 -135.030701 -250.380707 104.813599 0.352981 -0.308084 0.883453 0.224600 0.222300
deep_dragon.jpg
0 -128.502197 -236.621902 119.650101 0.757791 -0.641293 0.120399 0.326200 0.305900
0 -149.823196 -220.533203 119.611504 0.000000 -0.747294 0.664494 0.326200 0.305900
0 -149.823196 -242.801895 94.569504 0.000000 -0.411096 0.911592 0.224600 0.222300
deep_dragon.jpg
0 -149.823196 -242.801895 94.569504 0.000000 -0.411096 0.911592 0.224600 0.222300
0 -135.030701 -250.380707 104.813599 0.352981 -0.308084 0.883453 0.224600 0.222300
0 -128.502197 -236.621902 119.650101 0.757791 -0.641293 0.120399 0.326200 0.305900
deep_dragon.jpg
0 -137.833206 -234.331299 85.590797 0.917578 -0.277593 -0.284593 0.340100 0.030800
0 -135.030701 -250.380707 104.813599 0.352981 -0.308084 0.883453 0.224600 0.222300
0 -139.699905 -283.370789 100.282600 0.791788 -0.558892 -0.246396 0.029400 0.183200
deep_dragon.jpg
0 -139.699905 -283.370789 100.282600 0.791788 -0.558892 -0.246396 0.029400 0.183200
0 -143.055099 -273.991089 88.009399 0.710584 -0.451690 -0.539488 0.098400 0.050300
0 -137.833206 -234.331299 85.590797 0.917578 -0.277593 -0.284593 0.340100 0.030800
deep_dragon.jpg
0 -135.030701 -250.380707 104.813599 0.352981 -0.308084 0.883453 0.224600 0.222300
0 -149.823196 -242.801895 94.569504 0.000000 -0.411096 0.911592 0.224600 0.222300
0 -149.823196 -287.120087 100.282600 0.000000 -0.538091 0.842887 0.086600 0.134900
deep_dragon.jpg
0 -149.823196 -287.120087 100.282600 0.000000 -0.538091 0.842887 0.086600 0.134900
0 -139.699905 -283.370789 100.282600 0.791788 -0.558892 -0.246396 0.029400 0.183200
0 -135.030701 -250.380707 104.813599 0.352981 -0.308084 0.883453 0.224600 0.222300
wire_netting01.jpg
0 -252.128693 41.602200 345.654205 -0.170202 0.985409 0.000000 0.224900 0.665900
0 -252.128693 33.535900 337.587891 -0.170202 0.000000 -0.985409 0.164300 0.726500
0 -298.830902 33.535900 345.654205 -1.000000 0.000000 0.000000 0.164300 0.665900
wire_netting01.jpg
0 -252.128693 33.535900 337.587891 -0.170202 0.000000 -0.985409 0.164300 0.726500
0 -252.128693 25.469601 345.654205 -0.170202 -0.985409 0.000000 0.103700 0.665900
0 -298.830902 33.535900 345.654205 -1.000000 0.000000 0.000000 0.164300 0.665900
wire_netting01.jpg
0 -252.128693 25.469601 345.654205 -0.170202 -0.985409 0.000000 0.103700 0.665900
0 -252.128693 33.535900 353.720490 -0.170202 0.000000 0.985409 0.164300 0.605300
0 -298.830902 33.535900 345.654205 -1.000000 0.000000 0.000000 0.164300 0.665900
wire_netting01.jpg
0 -252.128693 33.535900 353.720490 -0.170202 0.000000 0.985409 0.164300 0.605300
0 -252.128693 41.602200 345.654205 -0.170202 0.985409 0.000000 0.224900 0.665900
0 -298.830902 33.535900 345.654205 -1.000000 0.000000 0.000000 0.164300 0.665900
wire_netting01.jpg
0 -252.128693 23.672596 335.752991 -1.000000 0.000000 0.000000 0.090100 0.740300
0 -252.128693 23.672504 354.765503 -1.000000 0.000000 0.000000 0.090100 0.597400
0 -252.128601 42.685101 335.752899 -1.000000 0.000000 0.000000 0.233000 0.740300
wire_netting01.jpg
0 -252.128601 42.685101 354.765503 -1.000000 0.000000 0.000000 0.233000 0.597400
0 -252.128601 42.685101 335.752899 -1.000000 0.000000 0.000000 0.233000 0.740300
0 -252.128693 23.672504 354.765503 -1.000000 0.000000 0.000000 0.090100 0.597400
wire_netting01.jpg
0 -252.128601 42.685101 354.765503 0.000000 0.000000 1.000000 1.873800 0.802300
0 -252.128693 23.672504 354.765503 0.000000 0.000000 1.000000 1.600500 0.802300
0 -244.523697 42.685001 354.765503 0.000000 0.000000 1.000000 1.873800 0.696600
wire_netting01.jpg
0 -244.523697 23.672504 354.765503 0.000000 0.000000 1.000000 1.600500 0.696600
0 -244.523697 42.685001 354.765503 0.000000 0.000000 1.000000 1.873800 0.696600
0 -252.128693 23.672504 354.765503 0.000000 0.000000 1.000000 1.600500 0.802300
wire_netting01.jpg
0 -252.128601 42.685101 335.752899 0.000000 1.000000 0.000000 1.298000 0.839000
0 -252.128601 42.685101 354.765503 0.000000 1.000000 0.000000 1.008100 0.839000
0 -244.523697 42.685001 335.752991 0.000000 1.000000 0.000000 1.298000 0.669700
wire_netting01.jpg
0 -244.523697 42.685001 354.765503 0.000000 1.000000 0.000000 1.008100 0.669700
0 -244.523697 42.685001 335.752991 0.000000 1.000000 0.000000 1.298000 0.669700
0 -252.128601 42.685101 354.765503 0.000000 1.000000 0.000000 1.008100 0.839000
wire_netting01.jpg
0 -252.128693 23.672596 335.752991 0.000000 0.000000 -1.000000 1.600500 0.802300
0 -252.128601 42.685101 335.752899 0.000000 0.000000 -1.000000 1.873800 0.802300
0 -244.523697 23.672504 335.752991 0.000000 0.000000 -1.000000 1.600500 0.696600
wire_netting01.jpg
0 -244.523697 42.685001 335.752991 0.000000 0.000000 -1.000000 1.873800 0.696600
0 -244.523697 23.672504 335.752991 0.000000 0.000000 -1.000000 1.600500 0.696600
0 -252.128601 42.685101 335.752899 0.000000 0.000000 -1.000000 1.873800 0.802300
wire_netting01.jpg
0 -252.128693 23.672504 354.765503 0.000000 -1.000000 0.000000 1.008100 0.839000
0 -252.128693 23.672596 335.752991 0.000000 -1.000000 0.000000 1.298000 0.839000
0 -244.523697 23.672504 354.765503 0.000000 -1.000000 0.000000 1.008100 0.669700
wire_netting01.jpg
0 -244.523697 23.672504 335.752991 0.000000 -1.000000 0.000000 1.298000 0.669700
0 -244.523697 23.672504 354.765503 0.000000 -1.000000 0.000000 1.008100 0.669700
0 -252.128693 23.672596 335.752991 0.000000 -1.000000 0.000000 1.298000 0.839000
wire_netting01.jpg
0 -244.998993 -227.212601 337.792694 -0.820887 0.000000 -0.571091 -1.794400 0.703200
0 -250.363403 49.596104 345.503113 -0.820887 0.000000 -0.571091 2.794400 0.777700
0 -244.998901 49.596104 337.792694 -0.820887 0.000000 -0.571091 2.794400 0.703200
wire_netting01.jpg
0 -244.998993 -227.212601 337.792694 -0.820887 0.000000 -0.571091 -1.794400 0.703200
0 -250.363495 -227.212601 345.502899 -0.820887 0.000000 -0.571091 -1.794400 0.777800
0 -250.363403 49.596104 345.503113 -0.820887 0.000000 -0.571091 2.794400 0.777700
wire_netting01.jpg
0 -250.363495 -227.212601 345.502899 -0.809850 0.000000 0.586636 -1.794400 0.777800
0 -244.944504 49.596104 352.983612 -0.809850 0.000000 0.586636 2.794400 0.702400
0 -250.363403 49.596104 345.503113 -0.809850 0.000000 0.586636 2.794400 0.777700
wire_netting01.jpg
0 -250.363495 -227.212601 345.502899 -0.809850 0.000000 0.586636 -1.794400 0.777800
0 -244.944595 -227.212601 352.983612 -0.809850 0.000000 0.586636 -1.794400 0.702400
0 -244.944504 49.596104 352.983612 -0.809850 0.000000 0.586636 2.794400 0.702400
wire_netting01.jpg
0 -252.128601 -43.807201 345.654205 -0.170202 0.985409 0.000000 0.224900 0.665900
0 -252.128693 -51.873501 337.587799 -0.170202 0.000000 -0.985409 0.164300 0.726500
0 -298.830994 -51.873600 345.654205 -1.000000 0.000000 0.000000 0.164300 0.665900
wire_netting01.jpg
0 -252.128693 -51.873501 337.587799 -0.170202 0.000000 -0.985409 0.164300 0.726500
0 -252.128799 -59.939899 345.654205 -0.170202 -0.985409 0.000000 0.103700 0.665900
0 -298.830994 -51.873600 345.654205 -1.000000 0.000000 0.000000 0.164300 0.665900
wire_netting01.jpg
0 -252.128799 -59.939899 345.654205 -0.170202 -0.985409 0.000000 0.103700 0.665900
0 -252.128693 -51.873501 353.720490 -0.170202 0.000000 0.985409 0.164300 0.605300
0 -298.830994 -51.873600 345.654205 -1.000000 0.000000 0.000000 0.164300 0.665900
wire_netting01.jpg
0 -252.128693 -51.873501 353.720490 -0.170202 0.000000 0.985409 0.164300 0.605300
0 -252.128601 -43.807201 345.654205 -0.170202 0.985409 0.000000 0.224900 0.665900
0 -298.830994 -51.873600 345.654205 -1.000000 0.000000 0.000000 0.164300 0.665900
wire_netting01.jpg
0 -252.128693 -61.736900 335.752899 -1.000000 0.000000 0.000000 0.090100 0.740300
0 -252.128799 -61.736900 354.765503 -1.000000 0.000000 0.000000 0.090100 0.597400
0 -252.128693 -42.724400 335.752991 -1.000000 0.000000 0.000000 0.233000 0.740300
wire_netting01.jpg
0 -252.128693 -42.724400 354.765503 -1.000000 0.000000 0.000000 0.233000 0.597400
0 -252.128693 -42.724400 335.752991 -1.000000 0.000000 0.000000 0.233000 0.740300
0 -252.128799 -61.736900 354.765503 -1.000000 0.000000 0.000000 0.090100 0.597400
wire_netting01.jpg
0 -252.128693 -42.724400 354.765503 0.000000 0.000000 1.000000 1.873800 0.802300
0 -252.128799 -61.736900 354.765503 0.000000 0.000000 1.000000 1.600500 0.802300
0 -244.523697 -42.724400 354.765503 0.000000 0.000000 1.000000 1.873800 0.696600
wire_netting01.jpg
0 -244.523697 -61.736900 354.765503 0.000000 0.000000 1.000000 1.600500 0.696600
0 -244.523697 -42.724400 354.765503 0.000000 0.000000 1.000000 1.873800 0.696600
0 -252.128799 -61.736900 354.765503 0.000000 0.000000 1.000000 1.600500 0.802300
wire_netting01.jpg
0 -252.128693 -42.724400 335.752991 0.000000 1.000000 0.000000 1.298000 0.839000
0 -252.128693 -42.724400 354.765503 0.000000 1.000000 0.000000 1.008100 0.839000
0 -244.523697 -42.724400 335.752991 0.000000 1.000000 0.000000 1.298000 0.669700
wire_netting01.jpg
0 -244.523697 -42.724400 354.765503 0.000000 1.000000 0.000000 1.008100 0.669700
0 -244.523697 -42.724400 335.752991 0.000000 1.000000 0.000000 1.298000 0.669700
0 -252.128693 -42.724400 354.765503 0.000000 1.000000 0.000000 1.008100 0.839000
wire_netting01.jpg
0 -252.128693 -61.736900 335.752899 0.000000 0.000000 -1.000000 1.600500 0.802300
0 -252.128693 -42.724400 335.752991 0.000000 0.000000 -1.000000 1.873800 0.802300
0 -244.523697 -61.736900 335.752899 0.000000 0.000000 -1.000000 1.600500 0.696600
wire_netting01.jpg
0 -244.523697 -42.724400 335.752991 0.000000 0.000000 -1.000000 1.873800 0.696600
0 -244.523697 -61.736900 335.752899 0.000000 0.000000 -1.000000 1.600500 0.696600
0 -252.128693 -42.724400 335.752991 0.000000 0.000000 -1.000000 1.873800 0.802300
wire_netting01.jpg
0 -252.128799 -61.736900 354.765503 0.000000 -1.000000 0.000000 1.008100 0.839000
0 -252.128693 -61.736900 335.752899 0.000000 -1.000000 0.000000 1.298000 0.839000
0 -244.523697 -61.736900 354.765503 0.000000 -1.000000 0.000000 1.008100 0.669700
wire_netting01.jpg
0 -244.523697 -61.736900 335.752899 0.000000 -1.000000 0.000000 1.298000 0.669700
0 -244.523697 -61.736900 354.765503 0.000000 -1.000000 0.000000 1.008100 0.669700
0 -252.128693 -61.736900 335.752899 0.000000 -1.000000 0.000000 1.298000 0.839000
wire_netting01.jpg
0 -252.128693 -130.411896 345.654114 -0.170202 0.985409 0.000000 0.224900 0.665900
0 -252.128693 -138.478195 337.587799 -0.170202 0.000000 -0.985409 0.164300 0.726500
0 -298.830902 -138.478195 345.654205 -1.000000 0.000000 0.000000 0.164300 0.665900
wire_netting01.jpg
0 -252.128693 -138.478195 337.587799 -0.170202 0.000000 -0.985409 0.164300 0.726500
0 -252.128693 -146.544495 345.654114 -0.170202 -0.985409 0.000000 0.103700 0.665900
0 -298.830902 -138.478195 345.654205 -1.000000 0.000000 0.000000 0.164300 0.665900
wire_netting01.jpg
0 -252.128693 -146.544495 345.654114 -0.170202 -0.985409 0.000000 0.103700 0.665900
0 -252.128693 -138.478195 353.720490 -0.170202 0.000000 0.985409 0.164300 0.605300
0 -298.830902 -138.478195 345.654205 -1.000000 0.000000 0.000000 0.164300 0.665900
wire_netting01.jpg
0 -252.128693 -138.478195 353.720490 -0.170202 0.000000 0.985409 0.164300 0.605300
0 -252.128693 -130.411896 345.654114 -0.170202 0.985409 0.000000 0.224900 0.665900
0 -298.830902 -138.478195 345.654205 -1.000000 0.000000 0.000000 0.164300 0.665900
wire_netting01.jpg
0 -252.128693 -148.341507 335.752899 -1.000000 0.000000 0.000000 0.090100 0.740300
0 -252.128693 -148.341507 354.765411 -1.000000 0.000000 0.000000 0.090100 0.597400
0 -252.128693 -129.328995 335.752899 -1.000000 0.000000 0.000000 0.233000 0.740300
wire_netting01.jpg
0 -252.128693 -129.328995 354.765411 -1.000000 0.000000 0.000000 0.233000 0.597400
0 -252.128693 -129.328995 335.752899 -1.000000 0.000000 0.000000 0.233000 0.740300
0 -252.128693 -148.341507 354.765411 -1.000000 0.000000 0.000000 0.090100 0.597400
wire_netting01.jpg
0 -252.128693 -129.328995 354.765411 0.000000 0.000000 1.000000 1.873800 0.802300
0 -252.128693 -148.341507 354.765411 0.000000 0.000000 1.000000 1.600500 0.802300
0 -244.523697 -129.328995 354.765411 0.000000 0.000000 1.000000 1.873800 0.696600
wire_netting01.jpg
0 -244.523697 -148.341507 354.765411 0.000000 0.000000 1.000000 1.600500 0.696600
0 -244.523697 -129.328995 354.765411 0.000000 0.000000 1.000000 1.873800 0.696600
0 -252.128693 -148.341507 354.765411 0.000000 0.000000 1.000000 1.600500 0.802300
wire_netting01.jpg
0 -252.128693 -129.328995 335.752899 0.000000 1.000000 0.000000 1.298000 0.839000
0 -252.128693 -129.328995 354.765411 0.000000 1.000000 0.000000 1.008100 0.839000
0 -244.523697 -129.328995 335.752899 0.000000 1.000000 0.000000 1.298000 0.669700
wire_netting01.jpg
0 -244.523697 -129.328995 354.765411 0.000000 1.000000 0.000000 1.008100 0.669700
0 -244.523697 -129.328995 335.752899 0.000000 1.000000 0.000000 1.298000 0.669700
0 -252.128693 -129.328995 354.765411 0.000000 1.000000 0.000000 1.008100 0.839000
wire_netting01.jpg
0 -252.128693 -148.341507 335.752899 0.000000 0.000000 -1.000000 1.600500 0.802300
0 -252.128693 -129.328995 335.752899 0.000000 0.000000 -1.000000 1.873800 0.802300
0 -244.523697 -148.341507 335.752899 0.000000 0.000000 -1.000000 1.600500 0.696600
wire_netting01.jpg
0 -244.523697 -129.328995 335.752899 0.000000 0.000000 -1.000000 1.873800 0.696600
0 -244.523697 -148.341507 335.752899 0.000000 0.000000 -1.000000 1.600500 0.696600
0 -252.128693 -129.328995 335.752899 0.000000 0.000000 -1.000000 1.873800 0.802300
wire_netting01.jpg
0 -252.128693 -148.341507 354.765411 0.000000 -1.000000 0.000000 1.008100 0.839000
0 -252.128693 -148.341507 335.752899 0.000000 -1.000000 0.000000 1.298000 0.839000
0 -244.523697 -148.341507 354.765411 0.000000 -1.000000 0.000000 1.008100 0.669700
wire_netting01.jpg
0 -244.523697 -148.341507 335.752899 0.000000 -1.000000 0.000000 1.298000 0.669700
0 -244.523697 -148.341507 354.765411 0.000000 -1.000000 0.000000 1.008100 0.669700
0 -252.128693 -148.341507 335.752899 0.000000 -1.000000 0.000000 1.298000 0.839000
wire_netting01.jpg
0 -93.835999 -228.141006 345.783295 -0.986956 -0.160993 0.000000 0.224900 0.665900
0 -85.769699 -228.141006 337.716888 0.000000 -0.160993 -0.986956 0.164300 0.726500
0 -85.769699 -277.602203 345.783295 0.000000 -1.000000 0.000000 0.164300 0.665900
wire_netting01.jpg
0 -85.769699 -228.141006 337.716888 0.000000 -0.160993 -0.986956 0.164300 0.726500
0 -77.703300 -228.141006 345.783295 0.986956 -0.160993 0.000000 0.103700 0.665900
0 -85.769699 -277.602203 345.783295 0.000000 -1.000000 0.000000 0.164300 0.665900
wire_netting01.jpg
0 -77.703300 -228.141006 345.783295 0.986956 -0.160993 0.000000 0.103700 0.665900
0 -85.769699 -228.141006 353.849609 0.000000 -0.160993 0.986956 0.164300 0.605300
0 -85.769699 -277.602203 345.783295 0.000000 -1.000000 0.000000 0.164300 0.665900
wire_netting01.jpg
0 -85.769699 -228.141006 353.849609 0.000000 -0.160993 0.986956 0.164300 0.605300
0 -93.835999 -228.141006 345.783295 -0.986956 -0.160993 0.000000 0.224900 0.665900
0 -85.769699 -277.602203 345.783295 0.000000 -1.000000 0.000000 0.164300 0.665900
wire_netting01.jpg
0 -75.906303 -228.141006 335.882111 0.000000 -1.000000 0.000000 0.090100 0.740300
0 -75.906303 -228.141006 354.894592 0.000000 -1.000000 0.000000 0.090100 0.597400
0 -94.918800 -228.141006 335.882111 0.000000 -1.000000 0.000000 0.233000 0.740300
wire_netting01.jpg
0 -94.918800 -228.141006 354.894592 0.000000 -1.000000 0.000000 0.233000 0.597400
0 -94.918800 -228.141006 335.882111 0.000000 -1.000000 0.000000 0.233000 0.740300
0 -75.906303 -228.141006 354.894592 0.000000 -1.000000 0.000000 0.090100 0.597400
wire_netting01.jpg
0 -94.918800 -228.141006 354.894592 0.000000 0.000000 1.000000 1.873800 0.802300
0 -75.906303 -228.141006 354.894592 0.000000 0.000000 1.000000 1.600500 0.802300
0 -94.918800 -220.535995 354.894592 0.000000 0.000000 1.000000 1.873800 0.696600
wire_netting01.jpg
0 -75.906303 -220.535995 354.894592 0.000000 0.000000 1.000000 1.600500 0.696600
0 -94.918800 -220.535995 354.894592 0.000000 0.000000 1.000000 1.873800 0.696600
0 -75.906303 -228.141006 354.894592 0.000000 0.000000 1.000000 1.600500 0.802300
wire_netting01.jpg
0 -94.918800 -228.141006 335.882111 -1.000000 0.000000 0.000000 1.298000 0.839000
0 -94.918800 -228.141006 354.894592 -1.000000 0.000000 0.000000 1.008100 0.839000
0 -94.918800 -220.535995 335.882111 -1.000000 0.000000 0.000000 1.298000 0.669700
wire_netting01.jpg
0 -94.918800 -220.535995 354.894592 -1.000000 0.000000 0.000000 1.008100 0.669700
0 -94.918800 -220.535995 335.882111 -1.000000 0.000000 0.000000 1.298000 0.669700
0 -94.918800 -228.141006 354.894592 -1.000000 0.000000 0.000000 1.008100 0.839000
wire_netting01.jpg
0 -75.906303 -228.141006 335.882111 0.000000 0.000000 -1.000000 1.600500 0.802300
0 -94.918800 -228.141006 335.882111 0.000000 0.000000 -1.000000 1.873800 0.802300
0 -75.906303 -220.535995 335.882111 0.000000 0.000000 -1.000000 1.600500 0.696600
wire_netting01.jpg
0 -94.918800 -220.535995 335.882111 0.000000 0.000000 -1.000000 1.873800 0.696600
0 -75.906303 -220.535995 335.882111 0.000000 0.000000 -1.000000 1.600500 0.696600
0 -94.918800 -228.141006 335.882111 0.000000 0.000000 -1.000000 1.873800 0.802300
wire_netting01.jpg
0 -75.906303 -228.141006 354.894592 1.000000 0.000000 0.000000 1.008100 0.839000
0 -75.906303 -228.141006 335.882111 1.000000 0.000000 0.000000 1.298000 0.839000
0 -75.906303 -220.535995 354.894592 1.000000 0.000000 0.000000 1.008100 0.669700
wire_netting01.jpg
0 -75.906303 -220.535995 335.882111 1.000000 0.000000 0.000000 1.298000 0.669700
0 -75.906303 -220.535995 354.894592 1.000000 0.000000 0.000000 1.008100 0.669700
0 -75.906303 -228.141006 335.882111 1.000000 0.000000 0.000000 1.298000 0.839000
wire_netting01.jpg
0 246.453613 -221.011307 337.921692 0.000000 -0.820887 -0.571091 -1.794400 0.703200
0 -245.153000 -226.375793 345.632111 0.000000 -0.820887 -0.571091 2.794400 0.777700
0 -245.153000 -221.011200 337.921814 0.000000 -0.820887 -0.571091 2.794400 0.703200
wire_netting01.jpg
0 246.453613 -221.011307 337.921692 0.000000 -0.820887 -0.571091 -1.794400 0.703200
0 246.453613 -226.375793 345.631989 0.000000 -0.820887 -0.571091 -1.794400 0.777800
0 -245.153000 -226.375793 345.632111 0.000000 -0.820887 -0.571091 2.794400 0.777700
wire_netting01.jpg
0 246.453613 -226.375793 345.631989 0.000000 -0.809850 0.586636 -1.794400 0.777800
0 -245.152893 -220.956894 353.112793 0.000000 -0.809850 0.586636 2.794400 0.702400
0 -245.153000 -226.375793 345.632111 0.000000 -0.809850 0.586636 2.794400 0.777700
wire_netting01.jpg
0 246.453613 -226.375793 345.631989 0.000000 -0.809850 0.586636 -1.794400 0.777800
0 246.453613 -220.956894 353.112701 0.000000 -0.809850 0.586636 -1.794400 0.702400
0 -245.152893 -220.956894 353.112793 0.000000 -0.809850 0.586636 2.794400 0.702400
wire_netting01.jpg
0 -8.426498 -228.141006 345.783295 -0.986956 -0.160993 0.000000 0.224900 0.665900
0 -0.360199 -228.141006 337.717010 0.000000 -0.160993 -0.986956 0.164300 0.726500
0 -0.360199 -277.602203 345.783295 0.000000 -1.000000 0.000000 0.164300 0.665900
wire_netting01.jpg
0 -0.360199 -228.141006 337.717010 0.000000 -0.160993 -0.986956 0.164300 0.726500
0 7.706100 -228.141006 345.783295 0.986956 -0.160993 0.000000 0.103700 0.665900
0 -0.360199 -277.602203 345.783295 0.000000 -1.000000 0.000000 0.164300 0.665900
wire_netting01.jpg
0 7.706100 -228.141006 345.783295 0.986956 -0.160993 0.000000 0.103700 0.665900
0 -0.360199 -228.141006 353.849609 0.000000 -0.160993 0.986956 0.164300 0.605300
0 -0.360199 -277.602203 345.783295 0.000000 -1.000000 0.000000 0.164300 0.665900
wire_netting01.jpg
0 -0.360199 -228.141006 353.849609 0.000000 -0.160993 0.986956 0.164300 0.605300
0 -8.426498 -228.141006 345.783295 -0.986956 -0.160993 0.000000 0.224900 0.665900
0 -0.360199 -277.602203 345.783295 0.000000 -1.000000 0.000000 0.164300 0.665900
wire_netting01.jpg
0 9.503098 -228.141006 335.881989 0.000000 -1.000000 0.000000 0.090100 0.740300
0 9.503098 -228.141006 354.894592 0.000000 -1.000000 0.000000 0.090100 0.597400
0 -9.509399 -228.141006 335.881989 0.000000 -1.000000 0.000000 0.233000 0.740300
wire_netting01.jpg
0 -9.509399 -228.141006 354.894592 0.000000 -1.000000 0.000000 0.233000 0.597400
0 -9.509399 -228.141006 335.881989 0.000000 -1.000000 0.000000 0.233000 0.740300
0 9.503098 -228.141006 354.894592 0.000000 -1.000000 0.000000 0.090100 0.597400
wire_netting01.jpg
0 -9.509399 -228.141006 354.894592 0.000000 0.000000 1.000000 1.873800 0.802300
0 9.503098 -228.141006 354.894592 0.000000 0.000000 1.000000 1.600500 0.802300
0 -9.509399 -220.535995 354.894592 0.000000 0.000000 1.000000 1.873800 0.696600
wire_netting01.jpg
0 9.503098 -220.535995 354.894592 0.000000 0.000000 1.000000 1.600500 0.696600
0 -9.509399 -220.535995 354.894592 0.000000 0.000000 1.000000 1.873800 0.696600
0 9.503098 -228.141006 354.894592 0.000000 0.000000 1.000000 1.600500 0.802300
wire_netting01.jpg
0 -9.509399 -228.141006 335.881989 -1.000000 0.000000 0.000000 1.298000 0.839000
0 -9.509399 -228.141006 354.894592 -1.000000 0.000000 0.000000 1.008100 0.839000
0 -9.509399 -220.535995 335.881989 -1.000000 0.000000 0.000000 1.298000 0.669700
wire_netting01.jpg
0 -9.509399 -220.535995 354.894592 -1.000000 0.000000 0.000000 1.008100 0.669700
0 -9.509399 -220.535995 335.881989 -1.000000 0.000000 0.000000 1.298000 0.669700
0 -9.509399 -228.141006 354.894592 -1.000000 0.000000 0.000000 1.008100 0.839000
wire_netting01.jpg
0 9.503098 -228.141006 335.881989 0.000000 0.000000 -1.000000 1.600500 0.802300
0 -9.509399 -228.141006 335.881989 0.000000 0.000000 -1.000000 1.873800 0.802300
0 9.503098 -220.535995 335.881989 0.000000 0.000000 -1.000000 1.600500 0.696600
wire_netting01.jpg
0 -9.509399 -220.535995 335.881989 0.000000 0.000000 -1.000000 1.873800 0.696600
0 9.503098 -220.535995 335.881989 0.000000 0.000000 -1.000000 1.600500 0.696600
0 -9.509399 -228.141006 335.881989 0.000000 0.000000 -1.000000 1.873800 0.802300
wire_netting01.jpg
0 9.503098 -228.141006 354.894592 1.000000 0.000000 0.000000 1.008100 0.839000
0 9.503098 -228.141006 335.881989 1.000000 0.000000 0.000000 1.298000 0.839000
0 9.503098 -220.535995 354.894592 1.000000 0.000000 0.000000 1.008100 0.669700
wire_netting01.jpg
0 9.503098 -220.535995 335.881989 1.000000 0.000000 0.000000 1.298000 0.669700
0 9.503098 -220.535995 354.894592 1.000000 0.000000 0.000000 1.008100 0.669700
0 9.503098 -228.141006 335.881989 1.000000 0.000000 0.000000 1.298000 0.839000
wire_netting01.jpg
0 78.178009 -228.141006 345.783295 -0.986956 -0.160993 0.000000 0.224900 0.665900
0 86.244400 -228.141006 337.716888 0.000000 -0.160993 -0.986956 0.164300 0.726500
0 86.244400 -277.602203 345.783295 0.000000 -1.000000 0.000000 0.164300 0.665900
wire_netting01.jpg
0 86.244400 -228.141006 337.716888 0.000000 -0.160993 -0.986956 0.164300 0.726500
0 94.310699 -228.141006 345.783295 0.986956 -0.160993 0.000000 0.103700 0.665900
0 86.244400 -277.602203 345.783295 0.000000 -1.000000 0.000000 0.164300 0.665900
wire_netting01.jpg
0 94.310699 -228.141006 345.783295 0.986956 -0.160993 0.000000 0.103700 0.665900
0 86.244400 -228.141006 353.849609 0.000000 -0.160993 0.986956 0.164300 0.605300
0 86.244400 -277.602203 345.783295 0.000000 -1.000000 0.000000 0.164300 0.665900
wire_netting01.jpg
0 86.244400 -228.141006 353.849609 0.000000 -0.160993 0.986956 0.164300 0.605300
0 78.178009 -228.141006 345.783295 -0.986956 -0.160993 0.000000 0.224900 0.665900
0 86.244400 -277.602203 345.783295 0.000000 -1.000000 0.000000 0.164300 0.665900
wire_netting01.jpg
0 96.107697 -228.141006 335.881989 0.000000 -1.000000 0.000000 0.090100 0.740300
0 96.107697 -228.141006 354.894592 0.000000 -1.000000 0.000000 0.090100 0.597400
0 77.095200 -228.141006 335.882111 0.000000 -1.000000 0.000000 0.233000 0.740300
wire_netting01.jpg
0 77.095200 -228.141006 354.894592 0.000000 -1.000000 0.000000 0.233000 0.597400
0 77.095200 -228.141006 335.882111 0.000000 -1.000000 0.000000 0.233000 0.740300
0 96.107697 -228.141006 354.894592 0.000000 -1.000000 0.000000 0.090100 0.597400
wire_netting01.jpg
0 77.095200 -228.141006 354.894592 0.000000 0.000000 1.000000 1.873800 0.802300
0 96.107697 -228.141006 354.894592 0.000000 0.000000 1.000000 1.600500 0.802300
0 77.095200 -220.535995 354.894592 0.000000 0.000000 1.000000 1.873800 0.696600
wire_netting01.jpg
0 96.107697 -220.535995 354.894592 0.000000 0.000000 1.000000 1.600500 0.696600
0 77.095200 -220.535995 354.894592 0.000000 0.000000 1.000000 1.873800 0.696600
0 96.107697 -228.141006 354.894592 0.000000 0.000000 1.000000 1.600500 0.802300
wire_netting01.jpg
0 77.095200 -228.141006 335.882111 -1.000000 0.000000 0.000000 1.298000 0.839000
0 77.095200 -228.141006 354.894592 -1.000000 0.000000 0.000000 1.008100 0.839000
0 77.095200 -220.535995 335.882111 -1.000000 0.000000 0.000000 1.298000 0.669700
wire_netting01.jpg
0 77.095200 -220.535995 354.894592 -1.000000 0.000000 0.000000 1.008100 0.669700
0 77.095200 -220.535995 335.882111 -1.000000 0.000000 0.000000 1.298000 0.669700
0 77.095200 -228.141006 354.894592 -1.000000 0.000000 0.000000 1.008100 0.839000
wire_netting01.jpg
0 96.107697 -228.141006 335.881989 0.000000 0.000000 -1.000000 1.600500 0.802300
0 77.095200 -228.141006 335.882111 0.000000 0.000000 -1.000000 1.873800 0.802300
0 96.107697 -220.535995 335.881989 0.000000 0.000000 -1.000000 1.600500 0.696600
wire_netting01.jpg
0 77.095200 -220.535995 335.882111 0.000000 0.000000 -1.000000 1.873800 0.696600
0 96.107697 -220.535995 335.881989 0.000000 0.000000 -1.000000 1.600500 0.696600
0 77.095200 -228.141006 335.882111 0.000000 0.000000 -1.000000 1.873800 0.802300
wire_netting01.jpg
0 96.107697 -228.141006 354.894592 1.000000 0.000000 0.000000 1.008100 0.839000
0 96.107697 -228.141006 335.881989 1.000000 0.000000 0.000000 1.298000 0.839000
0 96.107697 -220.535995 354.894592 1.000000 0.000000 0.000000 1.008100 0.669700
wire_netting01.jpg
0 96.107697 -220.535995 335.881989 1.000000 0.000000 0.000000 1.298000 0.669700
0 96.107697 -220.535995 354.894592 1.000000 0.000000 0.000000 1.008100 0.669700
0 96.107697 -228.141006 335.881989 1.000000 0.000000 0.000000 1.298000 0.839000
wire_netting01.jpg
0 251.666992 -146.627106 345.654205 0.170202 -0.985409 0.000000 0.224900 0.665900
0 251.666992 -138.560806 337.587799 0.170202 0.000000 -0.985409 0.164300 0.726500
0 298.369202 -138.560806 345.654205 1.000000 0.000000 0.000000 0.164300 0.665900
wire_netting01.jpg
0 251.666992 -138.560806 337.587799 0.170202 0.000000 -0.985409 0.164300 0.726500
0 251.666992 -130.494400 345.654205 0.170202 0.985409 0.000000 0.103700 0.665900
0 298.369202 -138.560806 345.654205 1.000000 0.000000 0.000000 0.164300 0.665900
wire_netting01.jpg
0 251.666992 -130.494400 345.654205 0.170202 0.985409 0.000000 0.103700 0.665900
0 251.666992 -138.560806 353.720490 0.170202 0.000000 0.985409 0.164300 0.605300
0 298.369202 -138.560806 345.654205 1.000000 0.000000 0.000000 0.164300 0.665900
wire_netting01.jpg
0 251.666992 -138.560806 353.720490 0.170202 0.000000 0.985409 0.164300 0.605300
0 251.666992 -146.627106 345.654205 0.170202 -0.985409 0.000000 0.224900 0.665900
0 298.369202 -138.560806 345.654205 1.000000 0.000000 0.000000 0.164300 0.665900
wire_netting01.jpg
0 251.666992 -128.697495 335.752991 1.000000 0.000000 0.000000 0.090100 0.740300
0 251.666992 -128.697403 354.765503 1.000000 0.000000 0.000000 0.090100 0.597400
0 251.666992 -147.710007 335.752991 1.000000 0.000000 0.000000 0.233000 0.740300
wire_netting01.jpg
0 251.666992 -147.710007 354.765503 1.000000 0.000000 0.000000 0.233000 0.597400
0 251.666992 -147.710007 335.752991 1.000000 0.000000 0.000000 0.233000 0.740300
0 251.666992 -128.697403 354.765503 1.000000 0.000000 0.000000 0.090100 0.597400
wire_netting01.jpg
0 251.666992 -147.710007 354.765503 0.000000 0.000000 1.000000 1.873800 0.802300
0 251.666992 -128.697403 354.765503 0.000000 0.000000 1.000000 1.600500 0.802300
0 244.062012 -147.710007 354.765503 0.000000 0.000000 1.000000 1.873800 0.696600
wire_netting01.jpg
0 244.062012 -128.697403 354.765503 0.000000 0.000000 1.000000 1.600500 0.696600
0 244.062012 -147.710007 354.765503 0.000000 0.000000 1.000000 1.873800 0.696600
0 251.666992 -128.697403 354.765503 0.000000 0.000000 1.000000 1.600500 0.802300
wire_netting01.jpg
0 251.666992 -147.710007 335.752991 0.000000 -1.000000 0.000000 1.298000 0.839000
0 251.666992 -147.710007 354.765503 0.000000 -1.000000 0.000000 1.008100 0.839000
0 244.062012 -147.710007 335.752991 0.000000 -1.000000 0.000000 1.298000 0.669700
wire_netting01.jpg
0 244.062012 -147.710007 354.765503 0.000000 -1.000000 0.000000 1.008100 0.669700
0 244.062012 -147.710007 335.752991 0.000000 -1.000000 0.000000 1.298000 0.669700
0 251.666992 -147.710007 354.765503 0.000000 -1.000000 0.000000 1.008100 0.839000
wire_netting01.jpg
0 251.666992 -128.697495 335.752991 0.000000 0.000000 -1.000000 1.600500 0.802300
0 251.666992 -147.710007 335.752991 0.000000 0.000000 -1.000000 1.873800 0.802300
0 244.062012 -128.697403 335.752991 0.000000 0.000000 -1.000000 1.600500 0.696600
wire_netting01.jpg
0 244.062012 -147.710007 335.752991 0.000000 0.000000 -1.000000 1.873800 0.696600
0 244.062012 -128.697403 335.752991 0.000000 0.000000 -1.000000 1.600500 0.696600
0 251.666992 -147.710007 335.752991 0.000000 0.000000 -1.000000 1.873800 0.802300
wire_netting01.jpg
0 251.666992 -128.697403 354.765503 0.000000 1.000000 0.000000 1.008100 0.839000
0 251.666992 -128.697495 335.752991 0.000000 1.000000 0.000000 1.298000 0.839000
0 244.062012 -128.697403 354.765503 0.000000 1.000000 0.000000 1.008100 0.669700
wire_netting01.jpg
0 244.062012 -128.697403 335.752991 0.000000 1.000000 0.000000 1.298000 0.669700
0 244.062012 -128.697403 354.765503 0.000000 1.000000 0.000000 1.008100 0.669700
0 251.666992 -128.697495 335.752991 0.000000 1.000000 0.000000 1.298000 0.839000
wire_netting01.jpg
0 244.537201 50.339497 337.792603 0.820887 0.000000 -0.571091 -1.794400 0.703200
0 249.901703 -226.469299 345.503113 0.820887 0.000000 -0.571091 2.794400 0.777700
0 244.537109 -226.469299 337.792694 0.820887 0.000000 -0.571091 2.794400 0.703200
wire_netting01.jpg
0 244.537201 50.339497 337.792603 0.820887 0.000000 -0.571091 -1.794400 0.703200
0 249.901794 50.339497 345.502899 0.820887 0.000000 -0.571091 -1.794400 0.777800
0 249.901703 -226.469299 345.503113 0.820887 0.000000 -0.571091 2.794400 0.777700
wire_netting01.jpg
0 249.901794 50.339497 345.502899 0.809850 0.000000 0.586636 -1.794400 0.777800
0 244.482788 -226.469299 352.983704 0.809850 0.000000 0.586636 2.794400 0.702400
0 249.901703 -226.469299 345.503113 0.809850 0.000000 0.586636 2.794400 0.777700
wire_netting01.jpg
0 249.901794 50.339497 345.502899 0.809850 0.000000 0.586636 -1.794400 0.777800
0 244.482910 50.339497 352.983612 0.809850 0.000000 0.586636 -1.794400 0.702400
0 244.482788 -226.469299 352.983704 0.809850 0.000000 0.586636 2.794400 0.702400
wire_netting01.jpg
0 251.666992 -61.217701 345.654205 0.170202 -0.985409 0.000000 0.224900 0.665900
0 251.666992 -53.151402 337.587799 0.170202 0.000000 -0.985409 0.164300 0.726500
0 298.369293 -53.151402 345.654205 1.000000 0.000000 0.000000 0.164300 0.665900
wire_netting01.jpg
0 251.666992 -53.151402 337.587799 0.170202 0.000000 -0.985409 0.164300 0.726500
0 251.666992 -45.084999 345.654205 0.170202 0.985409 0.000000 0.103700 0.665900
0 298.369293 -53.151402 345.654205 1.000000 0.000000 0.000000 0.164300 0.665900
wire_netting01.jpg
0 251.666992 -45.084999 345.654205 0.170202 0.985409 0.000000 0.103700 0.665900
0 251.666992 -53.151402 353.720490 0.170202 0.000000 0.985409 0.164300 0.605300
0 298.369293 -53.151402 345.654205 1.000000 0.000000 0.000000 0.164300 0.665900
wire_netting01.jpg
0 251.666992 -53.151402 353.720490 0.170202 0.000000 0.985409 0.164300 0.605300
0 251.666992 -61.217701 345.654205 0.170202 -0.985409 0.000000 0.224900 0.665900
0 298.369293 -53.151402 345.654205 1.000000 0.000000 0.000000 0.164300 0.665900
wire_netting01.jpg
0 251.666992 -43.287899 335.752899 1.000000 0.000000 0.000000 0.090100 0.740300
0 251.666992 -43.287998 354.765411 1.000000 0.000000 0.000000 0.090100 0.597400
0 251.666992 -62.300499 335.752899 1.000000 0.000000 0.000000 0.233000 0.740300
wire_netting01.jpg
0 251.666992 -62.300499 354.765411 1.000000 0.000000 0.000000 0.233000 0.597400
0 251.666992 -62.300499 335.752899 1.000000 0.000000 0.000000 0.233000 0.740300
0 251.666992 -43.287998 354.765411 1.000000 0.000000 0.000000 0.090100 0.597400
wire_netting01.jpg
0 251.666992 -62.300499 354.765411 0.000000 0.000000 1.000000 1.873800 0.802300
0 251.666992 -43.287998 354.765411 0.000000 0.000000 1.000000 1.600500 0.802300
0 244.062012 -62.300499 354.765411 0.000000 0.000000 1.000000 1.873800 0.696600
wire_netting01.jpg
0 244.062012 -43.287998 354.765411 0.000000 0.000000 1.000000 1.600500 0.696600
0 244.062012 -62.300499 354.765411 0.000000 0.000000 1.000000 1.873800 0.696600
0 251.666992 -43.287998 354.765411 0.000000 0.000000 1.000000 1.600500 0.802300
wire_netting01.jpg
0 251.666992 -62.300499 335.752899 0.000000 -1.000000 0.000000 1.298000 0.839000
0 251.666992 -62.300499 354.765411 0.000000 -1.000000 0.000000 1.008100 0.839000
0 244.062012 -62.300499 335.752899 0.000000 -1.000000 0.000000 1.298000 0.669700
wire_netting01.jpg
0 244.062012 -62.300499 354.765411 0.000000 -1.000000 0.000000 1.008100 0.669700
0 244.062012 -62.300499 335.752899 0.000000 -1.000000 0.000000 1.298000 0.669700
0 251.666992 -62.300499 354.765411 0.000000 -1.000000 0.000000 1.008100 0.839000
wire_netting01.jpg
0 251.666992 -43.287899 335.752899 0.000000 0.000000 -1.000000 1.600500 0.802300
0 251.666992 -62.300499 335.752899 0.000000 0.000000 -1.000000 1.873800 0.802300
0 244.062012 -43.287899 335.752899 0.000000 0.000000 -1.000000 1.600500 0.696600
wire_netting01.jpg
0 244.062012 -62.300499 335.752899 0.000000 0.000000 -1.000000 1.873800 0.696600
0 244.062012 -43.287899 335.752899 0.000000 0.000000 -1.000000 1.600500 0.696600
0 251.666992 -62.300499 335.752899 0.000000 0.000000 -1.000000 1.873800 0.802300
wire_netting01.jpg
0 251.666992 -43.287998 354.765411 0.000000 1.000000 0.000000 1.008100 0.839000
0 251.666992 -43.287899 335.752899 0.000000 1.000000 0.000000 1.298000 0.839000
0 244.062012 -43.287998 354.765411 0.000000 1.000000 0.000000 1.008100 0.669700
wire_netting01.jpg
0 244.062012 -43.287899 335.752899 0.000000 1.000000 0.000000 1.298000 0.669700
0 244.062012 -43.287998 354.765411 0.000000 1.000000 0.000000 1.008100 0.669700
0 251.666992 -43.287899 335.752899 0.000000 1.000000 0.000000 1.298000 0.839000
wire_netting01.jpg
0 251.666992 25.386997 345.654205 0.170202 -0.985409 0.000000 0.224900 0.665900
0 251.666992 33.453297 337.587799 0.170202 0.000000 -0.985409 0.164300 0.726500
0 298.369293 33.453297 345.654205 1.000000 0.000000 0.000000 0.164300 0.665900
wire_netting01.jpg
0 251.666992 33.453297 337.587799 0.170202 0.000000 -0.985409 0.164300 0.726500
0 251.666992 41.519596 345.654114 0.170202 0.985409 0.000000 0.103700 0.665900
0 298.369293 33.453297 345.654205 1.000000 0.000000 0.000000 0.164300 0.665900
wire_netting01.jpg
0 251.666992 41.519596 345.654114 0.170202 0.985409 0.000000 0.103700 0.665900
0 251.666992 33.453297 353.720490 0.170202 0.000000 0.985409 0.164300 0.605300
0 298.369293 33.453297 345.654205 1.000000 0.000000 0.000000 0.164300 0.665900
wire_netting01.jpg
0 251.666992 33.453297 353.720490 0.170202 0.000000 0.985409 0.164300 0.605300
0 251.666992 25.386997 345.654205 0.170202 -0.985409 0.000000 0.224900 0.665900
0 298.369293 33.453297 345.654205 1.000000 0.000000 0.000000 0.164300 0.665900
wire_netting01.jpg
0 251.666992 43.316601 335.752899 1.000000 0.000000 0.000000 0.090100 0.740300
0 251.666992 43.316601 354.765411 1.000000 0.000000 0.000000 0.090100 0.597400
0 251.666992 24.304096 335.752899 1.000000 0.000000 0.000000 0.233000 0.740300
wire_netting01.jpg
0 251.666992 24.304096 354.765411 1.000000 0.000000 0.000000 0.233000 0.597400
0 251.666992 24.304096 335.752899 1.000000 0.000000 0.000000 0.233000 0.740300
0 251.666992 43.316601 354.765411 1.000000 0.000000 0.000000 0.090100 0.597400
wire_netting01.jpg
0 251.666992 24.304096 354.765411 0.000000 0.000000 1.000000 1.873800 0.802300
0 251.666992 43.316601 354.765411 0.000000 0.000000 1.000000 1.600500 0.802300
0 244.062012 24.304203 354.765411 0.000000 0.000000 1.000000 1.873800 0.696600
wire_netting01.jpg
0 244.062012 43.316700 354.765411 0.000000 0.000000 1.000000 1.600500 0.696600
0 244.062012 24.304203 354.765411 0.000000 0.000000 1.000000 1.873800 0.696600
0 251.666992 43.316601 354.765411 0.000000 0.000000 1.000000 1.600500 0.802300
wire_netting01.jpg
0 251.666992 24.304096 335.752899 0.000000 -1.000000 0.000000 1.298000 0.839000
0 251.666992 24.304096 354.765411 0.000000 -1.000000 0.000000 1.008100 0.839000
0 244.062012 24.304096 335.752899 0.000000 -1.000000 0.000000 1.298000 0.669700
wire_netting01.jpg
0 244.062012 24.304203 354.765411 0.000000 -1.000000 0.000000 1.008100 0.669700
0 244.062012 24.304096 335.752899 0.000000 -1.000000 0.000000 1.298000 0.669700
0 251.666992 24.304096 354.765411 0.000000 -1.000000 0.000000 1.008100 0.839000
wire_netting01.jpg
0 251.666992 43.316601 335.752899 0.000000 0.000000 -1.000000 1.600500 0.802300
0 251.666992 24.304096 335.752899 0.000000 0.000000 -1.000000 1.873800 0.802300
0 244.062012 43.316700 335.752899 0.000000 0.000000 -1.000000 1.600500 0.696600
wire_netting01.jpg
0 244.062012 24.304096 335.752899 0.000000 0.000000 -1.000000 1.873800 0.696600
0 244.062012 43.316700 335.752899 0.000000 0.000000 -1.000000 1.600500 0.696600
0 251.666992 24.304096 335.752899 0.000000 0.000000 -1.000000 1.873800 0.802300
wire_netting01.jpg
0 251.666992 43.316601 354.765411 0.000000 1.000000 0.000000 1.008100 0.839000
0 251.666992 43.316601 335.752899 0.000000 1.000000 0.000000 1.298000 0.839000
0 244.062012 43.316700 354.765411 0.000000 1.000000 0.000000 1.008100 0.669700
wire_netting01.jpg
0 244.062012 43.316700 335.752899 0.000000 1.000000 0.000000 1.298000 0.669700
0 244.062012 43.316700 354.765411 0.000000 1.000000 0.000000 1.008100 0.669700
0 251.666992 43.316601 335.752899 0.000000 1.000000 0.000000 1.298000 0.839000
wire_netting01.jpg
0 169.880981 -228.141006 345.783295 -0.986956 -0.160993 0.000000 0.224900 0.665900
0 177.947296 -228.141006 337.716888 0.000000 -0.160993 -0.986956 0.164300 0.726500
0 177.947296 -277.602203 345.783295 0.000000 -1.000000 0.000000 0.164300 0.665900
wire_netting01.jpg
0 177.947296 -228.141006 337.716888 0.000000 -0.160993 -0.986956 0.164300 0.726500
0 186.013611 -228.141006 345.783295 0.986956 -0.160993 0.000000 0.103700 0.665900
0 177.947296 -277.602203 345.783295 0.000000 -1.000000 0.000000 0.164300 0.665900
wire_netting01.jpg
0 186.013611 -228.141006 345.783295 0.986956 -0.160993 0.000000 0.103700 0.665900
0 177.947205 -228.141006 353.849609 0.000000 -0.160993 0.986956 0.164300 0.605300
0 177.947296 -277.602203 345.783295 0.000000 -1.000000 0.000000 0.164300 0.665900
wire_netting01.jpg
0 177.947205 -228.141006 353.849609 0.000000 -0.160993 0.986956 0.164300 0.605300
0 169.880981 -228.141006 345.783295 -0.986956 -0.160993 0.000000 0.224900 0.665900
0 177.947296 -277.602203 345.783295 0.000000 -1.000000 0.000000 0.164300 0.665900
wire_netting01.jpg
0 187.810608 -228.141006 335.882111 0.000000 -1.000000 0.000000 0.090100 0.740300
0 187.810608 -228.141006 354.894592 0.000000 -1.000000 0.000000 0.090100 0.597400
0 168.798096 -228.141006 335.882111 0.000000 -1.000000 0.000000 0.233000 0.740300
wire_netting01.jpg
0 168.798096 -228.141006 354.894592 0.000000 -1.000000 0.000000 0.233000 0.597400
0 168.798096 -228.141006 335.882111 0.000000 -1.000000 0.000000 0.233000 0.740300
0 187.810608 -228.141006 354.894592 0.000000 -1.000000 0.000000 0.090100 0.597400
wire_netting01.jpg
0 168.798096 -228.141006 354.894592 0.000000 0.000000 1.000000 1.873800 0.802300
0 187.810608 -228.141006 354.894592 0.000000 0.000000 1.000000 1.600500 0.802300
0 168.798096 -220.535995 354.894592 0.000000 0.000000 1.000000 1.873800 0.696600
wire_netting01.jpg
0 187.810608 -220.535995 354.894592 0.000000 0.000000 1.000000 1.600500 0.696600
0 168.798096 -220.535995 354.894592 0.000000 0.000000 1.000000 1.873800 0.696600
0 187.810608 -228.141006 354.894592 0.000000 0.000000 1.000000 1.600500 0.802300
wire_netting01.jpg
0 168.798096 -228.141006 335.882111 -1.000000 0.000000 0.000000 1.298000 0.839000
0 168.798096 -228.141006 354.894592 -1.000000 0.000000 0.000000 1.008100 0.839000
0 168.798096 -220.535995 335.882111 -1.000000 0.000000 0.000000 1.298000 0.669700
wire_netting01.jpg
0 168.798096 -220.535995 354.894592 -1.000000 0.000000 0.000000 1.008100 0.669700
0 168.798096 -220.535995 335.882111 -1.000000 0.000000 0.000000 1.298000 0.669700
0 168.798096 -228.141006 354.894592 -1.000000 0.000000 0.000000 1.008100 0.839000
wire_netting01.jpg
0 187.810608 -228.141006 335.882111 0.000000 0.000000 -1.000000 1.600500 0.802300
0 168.798096 -228.141006 335.882111 0.000000 0.000000 -1.000000 1.873800 0.802300
0 187.810608 -220.535995 335.882111 0.000000 0.000000 -1.000000 1.600500 0.696600
wire_netting01.jpg
0 168.798096 -220.535995 335.882111 0.000000 0.000000 -1.000000 1.873800 0.696600
0 187.810608 -220.535995 335.882111 0.000000 0.000000 -1.000000 1.600500 0.696600
0 168.798096 -228.141006 335.882111 0.000000 0.000000 -1.000000 1.873800 0.802300
wire_netting01.jpg
0 187.810608 -228.141006 354.894592 1.000000 0.000000 0.000000 1.008100 0.839000
0 187.810608 -228.141006 335.882111 1.000000 0.000000 0.000000 1.298000 0.839000
0 187.810608 -220.535995 354.894592 1.000000 0.000000 0.000000 1.008100 0.669700
wire_netting01.jpg
0 187.810608 -220.535995 335.882111 1.000000 0.000000 0.000000 1.298000 0.669700
0 187.810608 -220.535995 354.894592 1.000000 0.000000 0.000000 1.008100 0.669700
0 187.810608 -228.141006 335.882111 1.000000 0.000000 0.000000 1.298000 0.839000
wire_netting01.jpg
0 -177.556503 -228.141006 345.783295 -0.986956 -0.160993 0.000000 0.224900 0.665900
0 -169.490204 -228.141006 337.717010 0.000000 -0.160993 -0.986956 0.164300 0.726500
0 -169.490204 -277.602203 345.783295 0.000000 -1.000000 0.000000 0.164300 0.665900
wire_netting01.jpg
0 -169.490204 -228.141006 337.717010 0.000000 -0.160993 -0.986956 0.164300 0.726500
0 -161.423904 -228.141006 345.783295 0.986956 -0.160993 0.000000 0.103700 0.665900
0 -169.490204 -277.602203 345.783295 0.000000 -1.000000 0.000000 0.164300 0.665900
wire_netting01.jpg
0 -161.423904 -228.141006 345.783295 0.986956 -0.160993 0.000000 0.103700 0.665900
0 -169.490204 -228.141006 353.849609 0.000000 -0.160993 0.986956 0.164300 0.605300
0 -169.490204 -277.602203 345.783295 0.000000 -1.000000 0.000000 0.164300 0.665900
wire_netting01.jpg
0 -169.490204 -228.141006 353.849609 0.000000 -0.160993 0.986956 0.164300 0.605300
0 -177.556503 -228.141006 345.783295 -0.986956 -0.160993 0.000000 0.224900 0.665900
0 -169.490204 -277.602203 345.783295 0.000000 -1.000000 0.000000 0.164300 0.665900
wire_netting01.jpg
0 -159.626801 -228.141006 335.881989 0.000000 -1.000000 0.000000 0.090100 0.740300
0 -159.626801 -228.141006 354.894592 0.000000 -1.000000 0.000000 0.090100 0.597400
0 -178.639404 -228.141006 335.882111 0.000000 -1.000000 0.000000 0.233000 0.740300
wire_netting01.jpg
0 -178.639404 -228.141006 354.894592 0.000000 -1.000000 0.000000 0.233000 0.597400
0 -178.639404 -228.141006 335.882111 0.000000 -1.000000 0.000000 0.233000 0.740300
0 -159.626801 -228.141006 354.894592 0.000000 -1.000000 0.000000 0.090100 0.597400
wire_netting01.jpg
0 -178.639404 -228.141006 354.894592 0.000000 0.000000 1.000000 1.873800 0.802300
0 -159.626801 -228.141006 354.894592 0.000000 0.000000 1.000000 1.600500 0.802300
0 -178.639404 -220.535995 354.894592 0.000000 0.000000 1.000000 1.873800 0.696600
wire_netting01.jpg
0 -159.626801 -220.535995 354.894592 0.000000 0.000000 1.000000 1.600500 0.696600
0 -178.639404 -220.535995 354.894592 0.000000 0.000000 1.000000 1.873800 0.696600
0 -159.626801 -228.141006 354.894592 0.000000 0.000000 1.000000 1.600500 0.802300
wire_netting01.jpg
0 -178.639404 -228.141006 335.882111 -1.000000 0.000000 0.000000 1.298000 0.839000
0 -178.639404 -228.141006 354.894592 -1.000000 0.000000 0.000000 1.008100 0.839000
0 -178.639404 -220.535995 335.882111 -1.000000 0.000000 0.000000 1.298000 0.669700
wire_netting01.jpg
0 -178.639404 -220.535995 354.894592 -1.000000 0.000000 0.000000 1.008100 0.669700
0 -178.639404 -220.535995 335.882111 -1.000000 0.000000 0.000000 1.298000 0.669700
0 -178.639404 -228.141006 354.894592 -1.000000 0.000000 0.000000 1.008100 0.839000
wire_netting01.jpg
0 -159.626801 -228.141006 335.881989 0.000000 0.000000 -1.000000 1.600500 0.802300
0 -178.639404 -228.141006 335.882111 0.000000 0.000000 -1.000000 1.873800 0.802300
0 -159.626801 -220.535995 335.881989 0.000000 0.000000 -1.000000 1.600500 0.696600
wire_netting01.jpg
0 -178.639404 -220.535995 335.882111 0.000000 0.000000 -1.000000 1.873800 0.696600
0 -159.626801 -220.535995 335.881989 0.000000 0.000000 -1.000000 1.600500 0.696600
0 -178.639404 -228.141006 335.882111 0.000000 0.000000 -1.000000 1.873800 0.802300
wire_netting01.jpg
0 -159.626801 -228.141006 354.894592 1.000000 0.000000 0.000000 1.008100 0.839000
0 -159.626801 -228.141006 335.881989 1.000000 0.000000 0.000000 1.298000 0.839000
0 -159.626801 -220.535995 354.894592 1.000000 0.000000 0.000000 1.008100 0.669700
wire_netting01.jpg
0 -159.626801 -220.535995 335.881989 1.000000 0.000000 0.000000 1.298000 0.669700
0 -159.626801 -220.535995 354.894592 1.000000 0.000000 0.000000 1.008100 0.669700
0 -159.626801 -228.141006 335.881989 1.000000 0.000000 0.000000 1.298000 0.839000
wire_netting01.jpg
0 -257.775085 -225.228302 345.783295 -0.859516 0.511109 0.000000 0.224900 0.665900
0 -251.595993 -230.413300 337.717010 -0.103496 -0.123295 -0.986958 0.164300 0.726500
0 -283.389008 -268.302795 345.783295 -0.642817 -0.766020 0.000000 0.164300 0.665900
wire_netting01.jpg
0 -251.595993 -230.413300 337.717010 -0.103496 -0.123295 -0.986958 0.164300 0.726500
0 -245.416794 -235.598206 345.783295 0.652601 -0.757702 0.000000 0.103700 0.665900
0 -283.389008 -268.302795 345.783295 -0.642817 -0.766020 0.000000 0.164300 0.665900
wire_netting01.jpg
0 -245.416794 -235.598206 345.783295 0.652601 -0.757702 0.000000 0.103700 0.665900
0 -251.595993 -230.413300 353.849701 -0.103496 -0.123295 0.986958 0.164300 0.605300
0 -283.389008 -268.302795 345.783295 -0.642817 -0.766020 0.000000 0.164300 0.665900
wire_netting01.jpg
0 -251.595993 -230.413300 353.849701 -0.103496 -0.123295 0.986958 0.164300 0.605300
0 -257.775085 -225.228302 345.783295 -0.859516 0.511109 0.000000 0.224900 0.665900
0 -283.389008 -268.302795 345.783295 -0.642817 -0.766020 0.000000 0.164300 0.665900
wire_netting01.jpg
0 -244.040207 -236.753403 335.882111 -0.642817 -0.766020 0.000000 0.090100 0.740300
0 -244.040207 -236.753403 354.894592 -0.642817 -0.766020 0.000000 0.090100 0.597400
0 -258.604614 -224.532303 335.882111 -0.642817 -0.766020 0.000000 0.233000 0.740300
wire_netting01.jpg
0 -258.604614 -224.532303 354.894592 -0.642817 -0.766020 0.000000 0.233000 0.597400
0 -258.604614 -224.532303 335.882111 -0.642817 -0.766020 0.000000 0.233000 0.740300
0 -244.040207 -236.753403 354.894592 -0.642817 -0.766020 0.000000 0.090100 0.597400
wire_netting01.jpg
0 -258.604614 -224.532303 354.894592 0.000000 0.000000 1.000000 1.873800 0.802300
0 -244.040207 -236.753403 354.894592 0.000000 0.000000 1.000000 1.600500 0.802300
0 -238.540100 -200.620499 354.894592 0.000000 0.000000 1.000000 1.873800 0.696600
wire_netting01.jpg
0 -223.975693 -212.841507 354.894592 0.000000 0.000000 1.000000 1.600500 0.696600
0 -238.540100 -200.620499 354.894592 0.000000 0.000000 1.000000 1.873800 0.696600
0 -244.040207 -236.753403 354.894592 0.000000 0.000000 1.000000 1.600500 0.802300
wire_netting01.jpg
0 -258.604614 -224.532303 335.882111 -0.766020 0.642817 0.000000 1.298000 0.839000
0 -258.604614 -224.532303 354.894592 -0.766020 0.642817 0.000000 1.008100 0.839000
0 -238.540100 -200.620499 335.882111 -0.766020 0.642817 0.000000 1.298000 0.669700
wire_netting01.jpg
0 -238.540100 -200.620499 354.894592 -0.766020 0.642817 0.000000 1.008100 0.669700
0 -238.540100 -200.620499 335.882111 -0.766020 0.642817 0.000000 1.298000 0.669700
0 -258.604614 -224.532303 354.894592 -0.766020 0.642817 0.000000 1.008100 0.839000
wire_netting01.jpg
0 -244.040207 -236.753403 335.882111 0.000000 0.000000 -1.000000 1.600500 0.802300
0 -258.604614 -224.532303 335.882111 0.000000 0.000000 -1.000000 1.873800 0.802300
0 -223.975693 -212.841507 335.882111 0.000000 0.000000 -1.000000 1.600500 0.696600
wire_netting01.jpg
0 -238.540100 -200.620499 335.882111 0.000000 0.000000 -1.000000 1.873800 0.696600
0 -223.975693 -212.841507 335.882111 0.000000 0.000000 -1.000000 1.600500 0.696600
0 -258.604614 -224.532303 335.882111 0.000000 0.000000 -1.000000 1.873800 0.802300
wire_netting01.jpg
0 -244.040207 -236.753403 354.894592 0.766020 -0.642817 0.000000 1.008100 0.839000
0 -244.040207 -236.753403 335.882111 0.766020 -0.642817 0.000000 1.298000 0.839000
0 -223.975693 -212.841507 354.894592 0.766020 -0.642817 0.000000 1.008100 0.669700
wire_netting01.jpg
0 -223.975693 -212.841507 335.882111 0.766020 -0.642817 0.000000 1.298000 0.669700
0 -223.975693 -212.841507 354.894592 0.766020 -0.642817 0.000000 1.008100 0.669700
0 -244.040207 -236.753403 335.882111 0.766020 -0.642817 0.000000 1.298000 0.839000
wire_netting01.jpg
0 245.416687 -234.519806 345.783295 -0.584091 -0.811688 0.000000 0.224900 0.665900
0 251.120422 -228.815994 337.716888 0.113796 -0.113796 -0.986966 0.164300 0.726500
0 286.094696 -263.790314 345.783295 0.707107 -0.707107 0.000000 0.164300 0.665900
wire_netting01.jpg
0 251.120422 -228.815994 337.716888 0.113796 -0.113796 -0.986966 0.164300 0.726500
0 256.824188 -223.112198 345.783295 0.811688 0.584091 0.000000 0.103700 0.665900
0 286.094696 -263.790314 345.783295 0.707107 -0.707107 0.000000 0.164300 0.665900
wire_netting01.jpg
0 256.824188 -223.112198 345.783295 0.811688 0.584091 0.000000 0.103700 0.665900
0 251.120422 -228.815994 353.849609 0.113796 -0.113796 0.986966 0.164300 0.605300
0 286.094696 -263.790314 345.783295 0.707107 -0.707107 0.000000 0.164300 0.665900
wire_netting01.jpg
0 251.120422 -228.815994 353.849609 0.113796 -0.113796 0.986966 0.164300 0.605300
0 245.416687 -234.519806 345.783295 -0.584091 -0.811688 0.000000 0.224900 0.665900
0 286.094696 -263.790314 345.783295 0.707107 -0.707107 0.000000 0.164300 0.665900
wire_netting01.jpg
0 258.094788 -221.841599 335.882111 0.707107 -0.707107 0.000000 0.090100 0.740300
0 258.094910 -221.841507 354.894592 0.707107 -0.707107 0.000000 0.090100 0.597400
0 244.651001 -235.285400 335.882111 0.707107 -0.707107 0.000000 0.233000 0.740300
wire_netting01.jpg
0 244.651001 -235.285400 354.894592 0.707107 -0.707107 0.000000 0.233000 0.597400
0 244.651001 -235.285400 335.882111 0.707107 -0.707107 0.000000 0.233000 0.740300
0 258.094910 -221.841507 354.894592 0.707107 -0.707107 0.000000 0.090100 0.597400
wire_netting01.jpg
0 244.651001 -235.285400 354.894592 0.000000 0.000000 1.000000 1.873800 0.802300
0 258.094910 -221.841507 354.894592 0.000000 0.000000 1.000000 1.600500 0.802300
0 222.578796 -213.213303 354.894592 0.000000 0.000000 1.000000 1.873800 0.696600
wire_netting01.jpg
0 236.022705 -199.769394 354.894592 0.000000 0.000000 1.000000 1.600500 0.696600
0 222.578796 -213.213303 354.894592 0.000000 0.000000 1.000000 1.873800 0.696600
0 258.094910 -221.841507 354.894592 0.000000 0.000000 1.000000 1.600500 0.802300
wire_netting01.jpg
0 244.651001 -235.285400 335.882111 -0.707107 -0.707107 0.000000 1.298000 0.839000
0 244.651001 -235.285400 354.894592 -0.707107 -0.707107 0.000000 1.008100 0.839000
0 222.578796 -213.213303 335.882111 -0.707107 -0.707107 0.000000 1.298000 0.669700
wire_netting01.jpg
0 222.578796 -213.213303 354.894592 -0.707107 -0.707107 0.000000 1.008100 0.669700
0 222.578796 -213.213303 335.882111 -0.707107 -0.707107 0.000000 1.298000 0.669700
0 244.651001 -235.285400 354.894592 -0.707107 -0.707107 0.000000 1.008100 0.839000
wire_netting01.jpg
0 258.094788 -221.841599 335.882111 0.000000 0.000000 -1.000000 1.600500 0.802300
0 244.651001 -235.285400 335.882111 0.000000 0.000000 -1.000000 1.873800 0.802300
0 236.022583 -199.769394 335.882111 0.000000 0.000000 -1.000000 1.600500 0.696600
wire_netting01.jpg
0 222.578796 -213.213303 335.882111 0.000000 0.000000 -1.000000 1.873800 0.696600
0 236.022583 -199.769394 335.882111 0.000000 0.000000 -1.000000 1.600500 0.696600
0 244.651001 -235.285400 335.882111 0.000000 0.000000 -1.000000 1.873800 0.802300
wire_netting01.jpg
0 258.094910 -221.841507 354.894592 0.707107 0.707107 0.000000 1.008100 0.839000
0 258.094788 -221.841599 335.882111 0.707107 0.707107 0.000000 1.298000 0.839000
0 236.022705 -199.769394 354.894592 0.707107 0.707107 0.000000 1.008100 0.669700
wire_netting01.jpg
0 236.022583 -199.769394 335.882111 0.707107 0.707107 0.000000 1.298000 0.669700
0 236.022705 -199.769394 354.894592 0.707107 0.707107 0.000000 1.008100 0.669700
0 258.094788 -221.841599 335.882111 0.707107 0.707107 0.000000 1.298000 0.839000
end
