version 1
nodes
0 "Cylinder01" -1
1 "Box12" -1
end
skeleton
time 0
0 243.110260 -120.239769 61.773434 1.570796 0.000000 1.570796
1 159.821838 17.739933 -129.287704 0.000000 0.000000 3.141593
end
triangles
deep_wall06.jpg
1 100.098389 50.298298 -141.650101 -1.000000 -0.000000 0.000000 0.000300 -0.683800
1 100.098404 -148.384094 -22.198799 -1.000000 -0.000000 0.000000 0.991400 -0.150100
1 100.098404 -148.384094 92.368896 -1.000000 -0.000000 0.000000 0.991400 0.361900
deep_wall06.jpg
1 100.098404 -148.384094 92.368896 -1.000000 -0.000000 0.000000 0.991400 0.361900
1 100.098389 50.298298 92.368896 -1.000000 -0.000000 0.000000 0.000300 0.361900
1 100.098389 50.298298 -141.650101 -1.000000 -0.000000 0.000000 0.000300 -0.683800
deep_wall06.jpg
1 -100.611877 -148.384125 -22.198799 1.000000 0.000000 0.000000 0.991400 -0.150100
1 -100.611908 50.298382 -141.650101 1.000000 0.000000 0.000000 0.000300 -0.683800
1 -100.611908 50.298283 92.368896 1.000000 0.000000 0.000000 0.000300 0.361900
deep_wall06.jpg
1 -100.611908 50.298283 92.368896 1.000000 0.000000 0.000000 0.000300 0.361900
1 -100.611877 -148.384033 92.368896 1.000000 0.000000 0.000000 0.991400 0.361900
1 -100.611877 -148.384125 -22.198799 1.000000 0.000000 0.000000 0.991400 -0.150100
deep_wall06.jpg
1 100.098389 50.298298 92.368896 -1.000000 -0.000000 0.000000 0.000300 0.361900
1 100.098404 -148.384094 92.368896 -1.000000 -0.000000 0.000000 0.991400 0.361900
1 100.098404 -148.384094 335.182800 -1.000000 -0.000000 0.000000 0.991400 1.446800
deep_wall06.jpg
1 100.098404 -148.384094 335.182800 -1.000000 -0.000000 0.000000 0.991400 1.446800
1 100.098389 50.298298 335.182800 -1.000000 -0.000000 0.000000 0.000300 1.446800
1 100.098389 50.298298 92.368896 -1.000000 -0.000000 0.000000 0.000300 0.361900
deep_wall06.jpg
1 -100.611877 -148.384033 92.368896 1.000000 0.000000 0.000000 0.991400 0.361900
1 -100.611908 50.298283 92.368896 1.000000 0.000000 0.000000 0.000300 0.361900
1 -100.611908 50.298283 335.182800 1.000000 0.000000 0.000000 0.000300 1.446800
deep_wall06.jpg
1 -100.611908 50.298283 335.182800 1.000000 0.000000 0.000000 0.000300 1.446800
1 -100.611877 -148.384125 335.182800 1.000000 0.000000 0.000000 0.991400 1.446800
1 -100.611877 -148.384033 92.368896 1.000000 0.000000 0.000000 0.991400 0.361900
deep_wall06.jpg
1 -101.046478 -149.142731 -17.151596 0.000000 0.000000 1.000000 0.990100 0.079300
1 100.098404 -149.142700 -17.151596 0.000000 0.000000 1.000000 0.990100 0.920700
1 100.098404 -115.917908 -17.151596 0.000000 0.000000 1.000000 0.826800 0.920700
deep_wall06.jpg
1 100.098404 -115.917908 -17.151596 0.000000 0.000000 1.000000 0.826800 0.920700
1 -101.046509 -115.917938 -17.151596 0.000000 0.000000 1.000000 0.826800 0.079300
1 -101.046478 -149.142731 -17.151596 0.000000 0.000000 1.000000 0.990100 0.079300
deep_wall06.jpg
1 -101.046509 -115.917938 -37.086502 0.000000 0.000000 1.000000 0.826800 0.079300
1 100.098404 -115.917908 -37.086502 0.000000 0.000000 1.000000 0.826800 0.920700
1 100.098404 -82.693100 -37.086502 0.000000 0.000000 1.000000 0.663400 0.920700
deep_wall06.jpg
1 100.098404 -82.693100 -37.086502 0.000000 0.000000 1.000000 0.663400 0.920700
1 -101.046509 -82.693115 -37.086502 0.000000 0.000000 1.000000 0.663400 0.079300
1 -101.046509 -115.917938 -37.086502 0.000000 0.000000 1.000000 0.826800 0.079300
deep_wall06.jpg
1 -101.046509 -82.693115 -57.021400 0.000000 0.000000 1.000000 0.663400 0.079300
1 100.098404 -82.693100 -57.021400 0.000000 0.000000 1.000000 0.663400 0.920700
1 100.098404 -49.468311 -57.021400 0.000000 0.000000 1.000000 0.500000 0.920700
deep_wall06.jpg
1 100.098404 -49.468311 -57.021400 0.000000 0.000000 1.000000 0.500000 0.920700
1 -101.046509 -49.468327 -57.021400 0.000000 0.000000 1.000000 0.500000 0.079300
1 -101.046509 -82.693115 -57.021400 0.000000 0.000000 1.000000 0.663400 0.079300
deep_wall06.jpg
1 -101.046509 -49.468327 -76.956200 0.000000 0.000000 1.000000 0.500000 0.079300
1 100.098404 -49.468311 -76.956200 0.000000 0.000000 1.000000 0.500000 0.920700
1 100.098404 -16.243504 -76.956299 0.000000 0.000000 1.000000 0.336600 0.920700
deep_wall06.jpg
1 100.098404 -16.243504 -76.956299 0.000000 0.000000 1.000000 0.336600 0.920700
1 -101.046509 -16.243519 -76.956299 0.000000 0.000000 1.000000 0.336600 0.079300
1 -101.046509 -49.468327 -76.956200 0.000000 0.000000 1.000000 0.500000 0.079300
deep_wall06.jpg
1 -101.046509 -16.243519 -96.891098 0.000000 0.000000 1.000000 0.336600 0.079300
1 100.098404 -16.243504 -96.891098 0.000000 0.000000 1.000000 0.336600 0.920700
1 100.098396 16.981295 -96.891098 0.000000 0.000000 1.000000 0.173200 0.920700
deep_wall06.jpg
1 100.098396 16.981295 -96.891098 0.000000 0.000000 1.000000 0.173200 0.920700
1 -101.046509 16.981279 -96.891098 0.000000 0.000000 1.000000 0.173200 0.079300
1 -101.046509 -16.243519 -96.891098 0.000000 0.000000 1.000000 0.336600 0.079300
deep_wall06.jpg
1 -101.046509 16.981279 -116.825996 0.000000 0.000000 1.000000 0.173200 0.079300
1 100.098396 16.981295 -116.825996 0.000000 0.000000 1.000000 0.173200 0.920700
1 100.098389 50.206097 -116.825996 0.000000 0.000000 1.000000 0.009900 0.920700
deep_wall06.jpg
1 100.098389 50.206097 -116.825996 0.000000 0.000000 1.000000 0.009900 0.920700
1 -101.046509 50.206081 -116.825996 0.000000 0.000000 1.000000 0.009900 0.079300
1 -101.046509 16.981279 -116.825996 0.000000 0.000000 1.000000 0.173200 0.079300
deep_wall03.jpg
1 118.427719 -230.331100 13.658401 0.000000 -0.819157 -0.573570 1.297200 0.010100
1 177.997116 -230.330994 13.658401 0.000000 -0.819157 -0.573570 1.698500 0.010100
1 177.997131 -260.337097 56.511597 0.000000 -0.819157 -0.573570 1.698500 0.201600
deep_wall03.jpg
1 177.997131 -260.337097 56.511597 0.000000 -0.819157 -0.573570 1.698500 0.201600
1 118.427826 -260.337189 56.511597 0.000000 -0.819157 -0.573570 1.297200 0.201600
1 118.427719 -230.331100 13.658401 0.000000 -0.819157 -0.573570 1.297200 0.010100
deep_wall03.jpg
1 -176.785248 -230.330933 13.658493 0.000000 -0.819157 -0.573570 -0.691500 0.010100
1 -118.941254 -230.331024 13.658493 0.000000 -0.819157 -0.573570 -0.301800 0.010100
1 -118.941254 -260.337128 56.511597 0.000000 -0.819157 -0.573570 -0.301800 0.201600
deep_wall03.jpg
1 -118.941254 -260.337128 56.511597 0.000000 -0.819157 -0.573570 -0.301800 0.201600
1 -176.785248 -260.337128 56.511597 0.000000 -0.819157 -0.573570 -0.691500 0.201600
1 -176.785248 -230.330933 13.658493 0.000000 -0.819157 -0.573570 -0.691500 0.010100
deep_wall01.jpg
1 199.625809 -148.384094 -22.198799 1.000000 0.000000 0.000000 -0.037500 -0.150100
1 199.625793 50.298302 -141.650101 1.000000 0.000000 0.000000 1.680100 -0.683800
1 199.625793 50.298302 92.368896 1.000000 0.000000 0.000000 1.680100 0.361900
deep_wall01.jpg
1 199.625793 50.298302 92.368896 1.000000 0.000000 0.000000 1.680100 0.361900
1 199.625809 -148.384094 92.368896 1.000000 0.000000 0.000000 -0.037500 0.361900
1 199.625809 -148.384094 -22.198799 1.000000 0.000000 0.000000 -0.037500 -0.150100
deep_wall01.jpg
1 -198.413818 50.298370 -141.650101 -1.000000 -0.000000 0.000000 1.680100 -0.683800
1 -198.413849 -148.384033 -22.198799 -1.000000 -0.000000 0.000000 -0.037500 -0.150100
1 -198.413849 -148.384033 92.368896 -1.000000 -0.000000 0.000000 -0.037500 0.361900
deep_wall01.jpg
1 -198.413849 -148.384033 92.368896 -1.000000 -0.000000 0.000000 -0.037500 0.361900
1 -198.413818 50.298271 92.368896 -1.000000 -0.000000 0.000000 1.680100 0.361900
1 -198.413818 50.298370 -141.650101 -1.000000 -0.000000 0.000000 1.680100 -0.683800
deep_wall01.jpg
1 199.625809 -148.384094 92.368896 0.000000 0.000000 1.000000 0.135200 0.409800
1 100.098404 -148.384094 92.368896 0.000000 0.000000 1.000000 0.851500 0.409800
1 100.098419 -223.139893 92.368896 0.000000 0.000000 1.000000 0.851500 0.897700
deep_wall01.jpg
1 100.098419 -223.139893 92.368896 0.000000 0.000000 1.000000 0.851500 0.897700
1 199.625824 -223.139893 92.368896 0.000000 0.000000 1.000000 0.135200 0.897700
1 199.625809 -148.384094 92.368896 0.000000 0.000000 1.000000 0.135200 0.409800
deep_wall01.jpg
1 100.098404 -148.384094 92.368896 -1.000000 -0.000000 0.000000 -0.037500 0.361900
1 100.098404 -148.384094 -22.198799 -1.000000 -0.000000 0.000000 -0.037500 -0.150100
1 100.098419 -223.139893 -22.198898 -1.000000 -0.000000 0.000000 -0.683800 -0.150100
deep_wall01.jpg
1 100.098419 -223.139893 -22.198898 -1.000000 -0.000000 0.000000 -0.683800 -0.150100
1 100.098419 -223.139893 92.368896 -1.000000 -0.000000 0.000000 -0.683800 0.361900
1 100.098404 -148.384094 92.368896 -1.000000 -0.000000 0.000000 -0.037500 0.361900
deep_wall01.jpg
1 199.625809 -148.384094 -22.198799 1.000000 0.000000 0.000000 -0.037500 -0.150100
1 199.625809 -148.384094 92.368896 1.000000 0.000000 0.000000 -0.037500 0.361900
1 199.625824 -223.139893 92.368896 1.000000 0.000000 0.000000 -0.683800 0.361900
deep_wall01.jpg
1 199.625824 -223.139893 92.368896 1.000000 0.000000 0.000000 -0.683800 0.361900
1 199.625824 -223.139893 -22.198898 1.000000 0.000000 0.000000 -0.683800 -0.150100
1 199.625809 -148.384094 -22.198799 1.000000 0.000000 0.000000 -0.037500 -0.150100
deep_wall01.jpg
1 -100.611877 -148.384033 92.368896 0.000000 0.000000 1.000000 0.131300 0.409800
1 -198.413849 -148.384033 92.368896 0.000000 0.000000 1.000000 0.851200 0.409800
1 -198.413849 -223.139832 92.368896 0.000000 0.000000 1.000000 0.851200 0.897700
deep_wall01.jpg
1 -198.413849 -223.139832 92.368896 0.000000 0.000000 1.000000 0.851200 0.897700
1 -100.611877 -223.139923 92.368896 0.000000 0.000000 1.000000 0.131300 0.897700
1 -100.611877 -148.384033 92.368896 0.000000 0.000000 1.000000 0.131300 0.409800
deep_wall01.jpg
1 -198.413849 -148.384033 92.368896 -1.000000 -0.000000 0.000000 -0.037500 0.361900
1 -198.413849 -148.384033 -22.198799 -1.000000 -0.000000 0.000000 -0.037500 -0.150100
1 -198.413849 -223.139832 -22.198898 -1.000000 -0.000000 0.000000 -0.683800 -0.150100
deep_wall01.jpg
1 -198.413849 -223.139832 -22.198898 -1.000000 -0.000000 0.000000 -0.683800 -0.150100
1 -198.413849 -223.139832 92.368896 -1.000000 -0.000000 0.000000 -0.683800 0.361900
1 -198.413849 -148.384033 92.368896 -1.000000 -0.000000 0.000000 -0.037500 0.361900
deep_wall01.jpg
1 -100.611877 -148.384125 -22.198799 1.000000 0.000000 0.000000 -0.037500 -0.150100
1 -100.611877 -148.384033 92.368896 1.000000 0.000000 0.000000 -0.037500 0.361900
1 -100.611877 -223.139923 92.368896 1.000000 0.000000 0.000000 -0.683800 0.361900
deep_wall01.jpg
1 -100.611877 -223.139923 92.368896 1.000000 0.000000 0.000000 -0.683800 0.361900
1 -100.611877 -223.139832 -22.198898 1.000000 0.000000 0.000000 -0.683800 -0.150100
1 -100.611877 -148.384125 -22.198799 1.000000 0.000000 0.000000 -0.037500 -0.150100
deep_wall01.jpg
1 100.098404 -148.384094 92.368896 0.000000 -1.000000 0.000000 1.173700 0.361900
1 199.625809 -148.384094 92.368896 0.000000 -1.000000 0.000000 1.844200 0.361900
1 199.625809 -148.384094 335.182800 0.000000 -1.000000 0.000000 1.844200 1.446800
deep_wall01.jpg
1 199.625809 -148.384094 335.182800 0.000000 -1.000000 0.000000 1.844200 1.446800
1 100.098404 -148.384094 335.182800 0.000000 -1.000000 0.000000 1.173700 1.446800
1 100.098404 -148.384094 92.368896 0.000000 -1.000000 0.000000 1.173700 0.361900
deep_wall01.jpg
1 199.625809 -148.384094 92.368896 1.000000 0.000000 0.000000 -0.037500 0.361900
1 199.625793 50.298302 92.368896 1.000000 0.000000 0.000000 1.680100 0.361900
1 199.625793 50.298302 335.182800 1.000000 0.000000 0.000000 1.680100 1.446800
deep_wall01.jpg
1 199.625793 50.298302 335.182800 1.000000 0.000000 0.000000 1.680100 1.446800
1 199.625809 -148.384094 335.182800 1.000000 0.000000 0.000000 -0.037500 1.446800
1 199.625809 -148.384094 92.368896 1.000000 0.000000 0.000000 -0.037500 0.361900
deep_wall01.jpg
1 -198.413818 50.298271 92.368896 -1.000000 -0.000000 0.000000 1.680100 0.361900
1 -198.413849 -148.384033 92.368896 -1.000000 -0.000000 0.000000 -0.037500 0.361900
1 -198.413849 -148.384033 335.182800 -1.000000 -0.000000 0.000000 -0.037500 1.446800
deep_wall01.jpg
1 -198.413849 -148.384033 335.182800 -1.000000 -0.000000 0.000000 -0.037500 1.446800
1 -198.413818 50.298271 335.182800 -1.000000 -0.000000 0.000000 1.680100 1.446800
1 -198.413818 50.298271 92.368896 -1.000000 -0.000000 0.000000 1.680100 0.361900
deep_wall01.jpg
1 -198.413849 -148.384033 92.368896 0.000000 -1.000000 0.000000 -0.837200 0.361900
1 -100.611877 -148.384033 92.368896 0.000000 -1.000000 0.000000 -0.178400 0.361900
1 -100.611877 -148.384125 335.182800 0.000000 -1.000000 0.000000 -0.178400 1.446800
deep_wall01.jpg
1 -100.611877 -148.384125 335.182800 0.000000 -1.000000 0.000000 -0.178400 1.446800
1 -198.413849 -148.384033 335.182800 0.000000 -1.000000 0.000000 -0.837200 1.446800
1 -198.413849 -148.384033 92.368896 0.000000 -1.000000 0.000000 -0.837200 0.361900
deep_wall01.jpg
1 -198.500702 -198.192825 388.222473 0.000000 0.000000 1.000000 1.796100 0.995000
1 198.674911 -198.192902 388.222473 0.000000 0.000000 1.000000 -0.815000 0.995000
1 198.674896 50.726006 388.222473 0.000000 0.000000 1.000000 -0.815000 0.169500
deep_wall01.jpg
1 198.674896 50.726006 388.222473 0.000000 0.000000 1.000000 -0.815000 0.169500
1 -198.500793 50.725971 388.222473 0.000000 0.000000 1.000000 1.796100 0.169500
1 -198.500702 -198.192825 388.222473 0.000000 0.000000 1.000000 1.796100 0.995000
deep_wall01.jpg
1 -244.175964 -220.785751 319.313354 0.000000 -1.000000 0.000000 -1.145500 1.375900
1 244.350113 -220.785690 319.313354 0.000000 -1.000000 0.000000 2.145500 1.375900
1 244.350113 -220.785782 372.118469 0.000000 -1.000000 0.000000 2.145500 1.611900
deep_wall01.jpg
1 244.350113 -220.785782 372.118469 0.000000 -1.000000 0.000000 2.145500 1.611900
1 -244.175964 -220.785751 372.118469 0.000000 -1.000000 0.000000 -1.145500 1.611900
1 -244.175964 -220.785751 319.313354 0.000000 -1.000000 0.000000 -1.145500 1.375900
deep_wall01.jpg
1 244.350113 -220.785690 319.313354 1.000000 0.000000 0.000000 -0.663500 1.375900
1 244.350098 50.395607 319.313354 1.000000 0.000000 0.000000 1.681000 1.375900
1 244.350098 50.395607 372.118469 1.000000 0.000000 0.000000 1.681000 1.611900
deep_wall01.jpg
1 244.350098 50.395607 372.118469 1.000000 0.000000 0.000000 1.681000 1.611900
1 244.350113 -220.785782 372.118469 1.000000 0.000000 0.000000 -0.663500 1.611900
1 244.350113 -220.785690 319.313354 1.000000 0.000000 0.000000 -0.663500 1.375900
deep_wall01.jpg
1 -244.175903 50.395565 319.313354 -1.000000 -0.000000 0.000000 1.681000 1.375900
1 -244.175964 -220.785751 319.313354 -1.000000 -0.000000 0.000000 -0.663500 1.375900
1 -244.175964 -220.785751 372.118469 -1.000000 -0.000000 0.000000 -0.663500 1.611900
deep_wall01.jpg
1 -244.175964 -220.785751 372.118469 -1.000000 -0.000000 0.000000 -0.663500 1.611900
1 -244.175903 50.395565 372.118469 -1.000000 -0.000000 0.000000 1.681000 1.611900
1 -244.175903 50.395565 319.313354 -1.000000 -0.000000 0.000000 1.681000 1.375900
deep_wall01.jpg
1 198.674911 -198.192902 388.222473 0.000000 -0.580415 0.814321 1.837800 1.683800
1 -198.500702 -198.192825 388.222473 0.000000 -0.580415 0.814321 -0.837800 1.683800
1 -244.175964 -220.785751 372.118469 0.000000 -0.580415 0.814321 -1.145500 1.611900
deep_wall01.jpg
1 -244.175964 -220.785751 372.118469 0.000000 -0.580415 0.814321 -1.145500 1.611900
1 244.350113 -220.785782 372.118469 0.000000 -0.580415 0.814321 2.145500 1.611900
1 198.674911 -198.192902 388.222473 0.000000 -0.580415 0.814321 1.837800 1.683800
deep_wall01.jpg
1 198.674896 50.726006 388.222473 0.389098 0.000000 0.921196 -0.498000 1.156300
1 198.674911 -198.192902 388.222473 0.389098 0.000000 0.921196 1.331900 1.156300
1 244.350113 -220.785782 372.118469 0.389098 0.000000 0.921196 1.498000 1.330200
deep_wall01.jpg
1 244.350113 -220.785782 372.118469 0.389098 0.000000 0.921196 1.498000 1.330200
1 244.350098 50.395607 372.118469 0.389098 0.000000 0.921196 -0.495600 1.330200
1 198.674896 50.726006 388.222473 0.389098 0.000000 0.921196 -0.498000 1.156300
deep_wall01.jpg
1 -198.500702 -198.192825 388.222473 -0.389098 -0.000000 0.921196 1.331900 1.156600
1 -198.500793 50.725971 388.222473 -0.389098 -0.000000 0.921196 -0.498000 1.156600
1 -244.175903 50.395565 372.118469 -0.389098 -0.000000 0.921196 -0.495600 1.330500
deep_wall01.jpg
1 -244.175903 50.395565 372.118469 -0.389098 -0.000000 0.921196 -0.495600 1.330500
1 -244.175964 -220.785751 372.118469 -0.389098 -0.000000 0.921196 1.498000 1.330500
1 -198.500702 -198.192825 388.222473 -0.389098 -0.000000 0.921196 1.331900 1.156600
deep_wall01.jpg
1 198.674896 50.726006 335.417480 0.008700 0.999962 0.000000 1.683800 1.447900
1 198.674896 50.726006 388.222473 0.008700 0.999962 0.000000 1.683800 1.683800
1 244.350098 50.395607 372.118469 0.008700 0.999962 0.000000 1.681000 1.611900
deep_wall01.jpg
1 244.350098 50.395607 372.118469 0.008700 0.999962 0.000000 1.681000 1.611900
1 244.350098 50.395607 319.313354 0.008700 0.999962 0.000000 1.681000 1.375900
1 198.674896 50.726006 335.417480 0.008700 0.999962 0.000000 1.683800 1.447900
deep_wall01.jpg
1 -198.500793 50.725971 388.222473 -0.008700 0.999962 0.000000 1.683800 1.683800
1 -198.500793 50.725971 335.417480 -0.008700 0.999962 0.000000 1.683800 1.447900
1 -244.175903 50.395565 319.313354 -0.008700 0.999962 0.000000 1.681000 1.375900
deep_wall01.jpg
1 -244.175903 50.395565 319.313354 -0.008700 0.999962 0.000000 1.681000 1.375900
1 -244.175903 50.395565 372.118469 -0.008700 0.999962 0.000000 1.681000 1.611900
1 -198.500793 50.725971 388.222473 -0.008700 0.999962 0.000000 1.683800 1.683800
deep_wall01.jpg
1 100.098419 -223.139893 -22.198898 0.000000 -0.980484 -0.196597 1.173700 -0.150100
1 199.625824 -223.139893 -22.198898 0.000000 -0.980484 -0.196597 1.844200 -0.150100
1 177.997116 -230.330994 13.658401 0.000000 -0.980484 -0.196597 1.698500 0.010100
deep_wall01.jpg
1 177.997116 -230.330994 13.658401 0.000000 -0.980484 -0.196597 1.698500 0.010100
1 118.427719 -230.331100 13.658401 0.000000 -0.980484 -0.196597 1.297200 0.010100
1 100.098419 -223.139893 -22.198898 0.000000 -0.980484 -0.196597 1.173700 -0.150100
deep_wall01.jpg
1 199.625824 -223.139893 92.368896 0.000000 -0.693987 0.719987 1.844200 0.361900
1 100.098419 -223.139893 92.368896 0.000000 -0.693987 0.719987 1.173700 0.361900
1 118.427826 -260.337189 56.511597 0.000000 -0.693987 0.719987 1.297200 0.201600
deep_wall01.jpg
1 118.427826 -260.337189 56.511597 0.000000 -0.693987 0.719987 1.297200 0.201600
1 177.997131 -260.337097 56.511597 0.000000 -0.693987 0.719987 1.698500 0.201600
1 199.625824 -223.139893 92.368896 0.000000 -0.693987 0.719987 1.844200 0.361900
deep_wall01.jpg
1 100.098419 -223.139893 92.368896 -0.425402 -0.905005 0.000000 1.173700 0.361900
1 100.098419 -223.139893 -22.198898 -0.425402 -0.905005 0.000000 1.173700 -0.150100
1 118.427719 -230.331100 13.658401 -0.425402 -0.905005 0.000000 1.297200 0.010100
deep_wall01.jpg
1 118.427719 -230.331100 13.658401 -0.957892 -0.235198 -0.164699 1.297200 0.010100
1 118.427826 -260.337189 56.511597 -0.957892 -0.235198 -0.164699 1.297200 0.201600
1 100.098419 -223.139893 92.368896 -0.957892 -0.235198 -0.164699 1.173700 0.361900
deep_wall01.jpg
1 -198.413849 -223.139832 -22.198898 0.000000 -0.980484 -0.196597 -0.837200 -0.150100
1 -100.611877 -223.139832 -22.198898 0.000000 -0.980484 -0.196597 -0.178400 -0.150100
1 -118.941254 -230.331024 13.658493 0.000000 -0.980484 -0.196597 -0.301800 0.010100
deep_wall01.jpg
1 -118.941254 -230.331024 13.658493 0.000000 -0.980484 -0.196597 -0.301800 0.010100
1 -176.785248 -230.330933 13.658493 0.000000 -0.980484 -0.196597 -0.691500 0.010100
1 -198.413849 -223.139832 -22.198898 0.000000 -0.980484 -0.196597 -0.837200 -0.150100
deep_wall01.jpg
1 -100.611877 -223.139923 92.368896 0.000000 -0.693987 0.719987 -0.178400 0.361900
1 -198.413849 -223.139832 92.368896 0.000000 -0.693987 0.719987 -0.837200 0.361900
1 -176.785248 -260.337128 56.511597 0.000000 -0.693987 0.719987 -0.691500 0.201600
deep_wall01.jpg
1 -176.785248 -260.337128 56.511597 0.000000 -0.693987 0.719987 -0.691500 0.201600
1 -118.941254 -260.337128 56.511597 0.000000 -0.693987 0.719987 -0.301800 0.201600
1 -100.611877 -223.139923 92.368896 0.000000 -0.693987 0.719987 -0.178400 0.361900
deep_wall01.jpg
1 -198.413849 -223.139832 92.368896 -0.370011 -0.929027 0.000000 -0.837200 0.361900
1 -198.413849 -223.139832 -22.198898 -0.370011 -0.929027 0.000000 -0.837200 -0.150100
1 -176.785248 -230.330933 13.658493 -0.370011 -0.929027 0.000000 -0.691500 0.010100
deep_wall01.jpg
1 -176.785248 -230.330933 13.658493 -0.942750 -0.273186 -0.191290 -0.691500 0.010100
1 -176.785248 -260.337128 56.511597 -0.942750 -0.273186 -0.191290 -0.691500 0.201600
1 -198.413849 -223.139832 92.368896 -0.942750 -0.273186 -0.191290 -0.837200 0.361900
deep_wall01.jpg
1 177.997116 -230.330994 13.658401 0.370011 -0.929027 0.000000 1.698500 0.010100
1 199.625824 -223.139893 -22.198898 0.370011 -0.929027 0.000000 1.844200 -0.150100
1 199.625824 -223.139893 92.368896 0.370011 -0.929027 0.000000 1.844200 0.361900
deep_wall01.jpg
1 199.625824 -223.139893 92.368896 0.942750 -0.273186 -0.191290 1.844200 0.361900
1 177.997131 -260.337097 56.511597 0.942750 -0.273186 -0.191290 1.698500 0.201600
1 177.997116 -230.330994 13.658401 0.942750 -0.273186 -0.191290 1.698500 0.010100
deep_wall01.jpg
1 -118.941254 -230.331024 13.658493 0.425402 -0.905004 0.000000 -0.301800 0.010100
1 -100.611877 -223.139832 -22.198898 0.425402 -0.905004 0.000000 -0.178400 -0.150100
1 -100.611877 -223.139923 92.368896 0.425402 -0.905004 0.000000 -0.178400 0.361900
deep_wall01.jpg
1 -100.611877 -223.139923 92.368896 0.957892 -0.235198 -0.164699 -0.178400 0.361900
1 -118.941254 -260.337128 56.511597 0.957892 -0.235198 -0.164699 -0.301800 0.201600
1 -118.941254 -230.331024 13.658493 0.957892 -0.235198 -0.164699 -0.301800 0.010100
deep_dragon.jpg
1 150.432632 -277.740387 88.009399 0.000000 -0.767475 -0.641079 0.098400 0.050300
1 157.200729 -273.991211 88.009399 0.753708 -0.427805 -0.498906 0.098400 0.050300
1 160.555923 -283.370789 100.282608 0.823613 -0.527908 -0.207303 0.088600 0.132500
deep_dragon.jpg
1 160.555923 -283.370789 100.282608 0.823613 -0.527908 -0.207303 0.088600 0.132500
1 150.432632 -287.120087 100.282608 0.000000 -0.546481 0.837471 0.086600 0.134900
1 150.432632 -277.740387 88.009399 0.000000 -0.767475 -0.641079 0.098400 0.050300
deep_dragon.jpg
1 150.432632 -290.056488 113.874710 0.000000 -0.899313 0.437306 0.000500 0.259200
1 171.753632 -290.056488 113.874802 0.636533 -0.533428 0.557029 0.000500 0.259200
1 166.960526 -276.010010 131.897781 0.758168 -0.467480 0.454581 0.086100 0.404800
deep_dragon.jpg
1 166.960526 -276.010010 131.897781 0.758168 -0.467480 0.454581 0.086100 0.404800
1 150.432632 -285.192291 139.268021 0.000000 -0.605124 0.796131 0.030100 0.464300
1 150.432632 -290.056488 113.874710 0.000000 -0.899313 0.437306 0.000500 0.259200
deep_dragon.jpg
1 178.149918 -186.522293 86.189407 0.970513 -0.117802 -0.210303 0.631500 0.035600
1 186.465012 -181.825592 123.785294 0.987079 -0.159997 -0.008700 0.660100 0.339300
1 186.465012 -222.530884 123.785294 0.958627 -0.272808 -0.081302 0.412100 0.339300
deep_dragon.jpg
1 186.465012 -222.530884 123.785294 0.958627 -0.272808 -0.081302 0.412100 0.339300
1 178.149811 -217.834106 86.189407 0.880592 -0.422296 -0.214998 0.440700 0.035600
1 178.149918 -186.522293 86.189407 0.970513 -0.117802 -0.210303 0.631500 0.035600
deep_dragon.jpg
1 186.465012 -181.825592 123.785294 0.987079 -0.159997 -0.008700 0.660100 0.339300
1 177.322418 -188.318207 167.171799 0.682404 -0.337102 0.648604 0.620600 0.689700
1 177.322510 -208.949905 170.555679 0.683339 -0.241114 0.689139 0.494800 0.717000
deep_dragon.jpg
1 177.322510 -208.949905 170.555679 0.683339 -0.241114 0.689139 0.494800 0.717000
1 186.465012 -222.530884 123.785294 0.958627 -0.272808 -0.081302 0.412100 0.339300
1 186.465012 -181.825592 123.785294 0.987079 -0.159997 -0.008700 0.660100 0.339300
deep_dragon.jpg
1 178.149811 -217.834106 86.189407 0.880592 -0.422296 -0.214998 0.440700 0.035600
1 186.465012 -222.530884 123.785294 0.958627 -0.272808 -0.081302 0.412100 0.339300
1 171.753616 -236.621902 119.650101 0.792169 -0.599177 0.115996 0.326200 0.305900
deep_dragon.jpg
1 171.753616 -236.621902 119.650101 0.792169 -0.599177 0.115996 0.326200 0.305900
1 162.422623 -234.331299 85.590805 0.938707 -0.243902 -0.243602 0.340100 0.030800
1 178.149811 -217.834106 86.189407 0.880592 -0.422296 -0.214998 0.440700 0.035600
deep_dragon.jpg
1 186.465012 -222.530884 123.785294 0.958627 -0.272808 -0.081302 0.412100 0.339300
1 177.322510 -208.949905 170.555679 0.683339 -0.241114 0.689139 0.494800 0.717000
1 166.960510 -252.453918 141.092606 0.801287 -0.394494 0.449793 0.229700 0.479000
deep_dragon.jpg
1 166.960510 -252.453918 141.092606 0.801287 -0.394494 0.449793 0.229700 0.479000
1 171.753616 -236.621902 119.650101 0.792169 -0.599177 0.115996 0.326200 0.305900
1 186.465012 -222.530884 123.785294 0.958627 -0.272808 -0.081302 0.412100 0.339300
deep_dragon.jpg
1 177.322418 -188.318207 167.171799 0.682404 -0.337102 0.648604 0.620600 0.689700
1 150.432617 -188.318100 173.563095 0.000000 -0.453004 0.891508 0.581100 0.956300
1 150.432617 -210.275101 167.482803 0.000000 -0.170299 0.985393 0.443300 0.887800
deep_dragon.jpg
1 150.432617 -210.275101 167.482803 0.000000 -0.170299 0.985393 0.443300 0.887800
1 177.322510 -208.949905 170.555679 0.683339 -0.241114 0.689139 0.494800 0.717000
1 177.322418 -188.318207 167.171799 0.682404 -0.337102 0.648604 0.620600 0.689700
deep_dragon.jpg
1 177.322510 -208.949905 170.555679 0.683339 -0.241114 0.689139 0.494800 0.717000
1 150.432617 -210.275101 167.482803 0.000000 -0.170299 0.985393 0.443300 0.887800
1 150.432617 -256.898895 147.585800 0.000000 -0.440200 0.897900 0.184800 0.579800
deep_dragon.jpg
1 150.432617 -256.898895 147.585800 0.000000 -0.440200 0.897900 0.184800 0.579800
1 166.960510 -252.453918 141.092606 0.801287 -0.394494 0.449793 0.229700 0.479000
1 177.322510 -208.949905 170.555679 0.683339 -0.241114 0.689139 0.494800 0.717000
deep_dragon.jpg
1 171.753616 -236.621902 119.650101 0.792169 -0.599177 0.115996 0.326200 0.305900
1 166.960510 -252.453918 141.092606 0.801287 -0.394494 0.449793 0.229700 0.479000
1 166.960526 -276.010010 131.897781 0.758168 -0.467480 0.454581 0.086100 0.404800
deep_dragon.jpg
1 166.960526 -276.010010 131.897781 0.758168 -0.467480 0.454581 0.086100 0.404800
1 171.753632 -290.056488 113.874802 0.636533 -0.533428 0.557029 0.000500 0.259200
1 171.753616 -236.621902 119.650101 0.792169 -0.599177 0.115996 0.326200 0.305900
deep_dragon.jpg
1 166.960510 -252.453918 141.092606 0.801287 -0.394494 0.449793 0.229700 0.479000
1 150.432617 -256.898895 147.585800 0.000000 -0.440200 0.897900 0.184800 0.579800
1 150.432632 -285.192291 139.268021 0.000000 -0.605124 0.796131 0.030100 0.464300
deep_dragon.jpg
1 150.432632 -285.192291 139.268021 0.000000 -0.605124 0.796131 0.030100 0.464300
1 166.960526 -276.010010 131.897781 0.758168 -0.467480 0.454581 0.086100 0.404800
1 166.960510 -252.453918 141.092606 0.801287 -0.394494 0.449793 0.229700 0.479000
deep_dragon.jpg
1 186.465012 -181.825592 123.785294 0.987079 -0.159997 -0.008700 0.660100 0.339300
1 178.149918 -186.522293 86.189407 0.970513 -0.117802 -0.210303 0.631500 0.035600
1 185.451920 -167.073578 91.234604 0.905159 -0.348284 -0.243689 0.750100 0.076300
deep_dragon.jpg
1 185.451920 -167.073578 91.234604 0.905159 -0.348284 -0.243689 0.750100 0.076300
1 192.833115 -168.128403 127.498611 0.956778 -0.290293 -0.017500 0.743600 0.369200
1 186.465012 -181.825592 123.785294 0.987079 -0.159997 -0.008700 0.660100 0.339300
deep_dragon.jpg
1 183.456421 -164.387787 84.843307 0.751548 -0.166810 -0.638240 0.766400 0.024700
1 185.451920 -167.073578 91.234604 0.905159 -0.348284 -0.243689 0.750100 0.076300
1 178.149918 -186.522293 86.189407 0.970513 -0.117802 -0.210303 0.631500 0.035600
deep_dragon.jpg
1 150.432617 -181.825607 123.785294 -0.000000 0.992542 0.121905 0.660100 0.339300
1 150.432617 -188.318100 173.563095 0.000000 -0.453004 0.891508 0.581100 0.956300
1 182.781509 -168.239594 192.755600 -0.664226 0.446917 0.599223 0.721200 0.963900
deep_dragon.jpg
1 182.781509 -168.239594 192.755600 -0.664226 0.446917 0.599223 0.721200 0.963900
1 190.238922 -156.284286 132.165421 -0.168103 0.984014 0.058801 0.815800 0.406900
1 150.432617 -181.825607 123.785294 -0.000000 0.992542 0.121905 0.660100 0.339300
deep_dragon.jpg
1 150.432617 -188.318100 173.563095 0.000000 -0.453004 0.891508 0.581100 0.956300
1 177.322418 -188.318207 167.171799 0.682404 -0.337102 0.648604 0.620600 0.689700
1 184.717514 -171.315689 182.099686 0.622084 -0.717581 0.313192 0.724200 0.810200
deep_dragon.jpg
1 184.717514 -171.315689 182.099686 0.622084 -0.717581 0.313192 0.724200 0.810200
1 182.781509 -168.239594 192.755600 -0.664226 0.446917 0.599223 0.721200 0.963900
1 150.432617 -188.318100 173.563095 0.000000 -0.453004 0.891508 0.581100 0.956300
deep_dragon.jpg
1 177.322418 -188.318207 167.171799 0.682404 -0.337102 0.648604 0.620600 0.689700
1 186.465012 -181.825592 123.785294 0.987079 -0.159997 -0.008700 0.660100 0.339300
1 192.833115 -168.128403 127.498611 0.956778 -0.290293 -0.017500 0.743600 0.369200
deep_dragon.jpg
1 192.833115 -168.128403 127.498611 0.956778 -0.290293 -0.017500 0.743600 0.369200
1 184.717514 -171.315689 182.099686 0.622084 -0.717581 0.313192 0.724200 0.810200
1 177.322418 -188.318207 167.171799 0.682404 -0.337102 0.648604 0.620600 0.689700
deep_dragon.jpg
1 192.833115 -168.128403 127.498611 0.956778 -0.290293 -0.017500 0.743600 0.369200
1 190.238922 -156.284286 132.165421 -0.168103 0.984014 0.058801 0.815800 0.406900
1 218.140411 -137.725906 205.531601 0.966139 -0.255210 0.038002 0.928900 0.999500
deep_dragon.jpg
1 190.238922 -156.284286 132.165421 -0.168103 0.984014 0.058801 0.815800 0.406900
1 182.781509 -168.239594 192.755600 -0.664226 0.446917 0.599223 0.721200 0.963900
1 218.140411 -137.725906 205.531601 0.966139 -0.255210 0.038002 0.928900 0.999500
deep_dragon.jpg
1 182.781509 -168.239594 192.755600 -0.664226 0.446917 0.599223 0.721200 0.963900
1 184.717514 -171.315689 182.099686 0.622084 -0.717581 0.313192 0.724200 0.810200
1 218.140411 -137.725906 205.531601 0.966139 -0.255210 0.038002 0.928900 0.999500
deep_dragon.jpg
1 184.717514 -171.315689 182.099686 0.622084 -0.717581 0.313192 0.724200 0.810200
1 192.833115 -168.128403 127.498611 0.956778 -0.290293 -0.017500 0.743600 0.369200
1 218.140411 -137.725906 205.531601 0.966139 -0.255210 0.038002 0.928900 0.999500
deep_dragon.jpg
1 183.456421 -164.387787 84.843307 0.751548 -0.166810 -0.638240 0.766400 0.024700
1 190.238922 -156.284286 132.165421 -0.168103 0.984014 0.058801 0.815800 0.406900
1 209.317215 -126.146408 81.844101 0.967154 -0.222612 -0.122707 0.999500 0.000500
deep_dragon.jpg
1 190.238922 -156.284286 132.165421 -0.168103 0.984014 0.058801 0.815800 0.406900
1 192.833115 -168.128403 127.498611 0.956778 -0.290293 -0.017500 0.743600 0.369200
1 209.317215 -126.146408 81.844101 0.967154 -0.222612 -0.122707 0.999500 0.000500
deep_dragon.jpg
1 192.833115 -168.128403 127.498611 0.956778 -0.290293 -0.017500 0.743600 0.369200
1 185.451920 -167.073578 91.234604 0.905159 -0.348284 -0.243689 0.750100 0.076300
1 209.317215 -126.146408 81.844101 0.967154 -0.222612 -0.122707 0.999500 0.000500
deep_dragon.jpg
1 185.451920 -167.073578 91.234604 0.905159 -0.348284 -0.243689 0.750100 0.076300
1 183.456421 -164.387787 84.843307 0.751548 -0.166810 -0.638240 0.766400 0.024700
1 209.317215 -126.146408 81.844101 0.967154 -0.222612 -0.122707 0.999500 0.000500
deep_dragon.jpg
1 162.422623 -234.331299 85.590805 0.938707 -0.243902 -0.243602 0.340100 0.030800
1 171.753616 -236.621902 119.650101 0.792169 -0.599177 0.115996 0.326200 0.305900
1 165.225021 -250.380707 104.813599 0.318693 -0.287893 0.903079 0.260100 0.164300
deep_dragon.jpg
1 171.753616 -236.621902 119.650101 0.792169 -0.599177 0.115996 0.326200 0.305900
1 150.432617 -220.533203 119.611496 0.000000 -0.747294 0.664494 0.326200 0.305900
1 150.432617 -242.801910 94.569504 0.000000 -0.411179 0.911554 0.224600 0.222300
deep_dragon.jpg
1 150.432617 -242.801910 94.569504 0.000000 -0.411179 0.911554 0.224600 0.222300
1 165.225021 -250.380707 104.813599 0.318693 -0.287893 0.903079 0.260100 0.164300
1 171.753616 -236.621902 119.650101 0.792169 -0.599177 0.115996 0.326200 0.305900
deep_dragon.jpg
1 162.422623 -234.331299 85.590805 0.938707 -0.243902 -0.243602 0.340100 0.030800
1 165.225021 -250.380707 104.813599 0.318693 -0.287893 0.903079 0.260100 0.164300
1 160.555923 -283.370789 100.282608 0.823613 -0.527908 -0.207303 0.088600 0.132500
deep_dragon.jpg
1 160.555923 -283.370789 100.282608 0.823613 -0.527908 -0.207303 0.088600 0.132500
1 157.200729 -273.991211 88.009399 0.753708 -0.427805 -0.498906 0.098400 0.050300
1 162.422623 -234.331299 85.590805 0.938707 -0.243902 -0.243602 0.340100 0.030800
deep_dragon.jpg
1 165.225021 -250.380707 104.813599 0.318693 -0.287893 0.903079 0.260100 0.164300
1 150.432617 -242.801910 94.569504 0.000000 -0.411179 0.911554 0.224600 0.222300
1 150.432632 -287.120087 100.282608 0.000000 -0.546481 0.837471 0.086600 0.134900
deep_dragon.jpg
1 150.432632 -287.120087 100.282608 0.000000 -0.546481 0.837471 0.086600 0.134900
1 160.555923 -283.370789 100.282608 0.823613 -0.527908 -0.207303 0.088600 0.132500
1 165.225021 -250.380707 104.813599 0.318693 -0.287893 0.903079 0.260100 0.164300
deep_dragon.jpg
1 150.432632 -277.740387 88.009399 0.000000 -0.767475 -0.641079 0.098400 0.050300
1 140.309235 -283.370789 100.282608 -0.823613 -0.527908 -0.207303 0.029400 0.183200
1 143.664536 -273.991089 88.009399 -0.753708 -0.427805 -0.498906 0.098400 0.050300
deep_dragon.jpg
1 140.309235 -283.370789 100.282608 -0.823613 -0.527908 -0.207303 0.029400 0.183200
1 150.432632 -277.740387 88.009399 0.000000 -0.767475 -0.641079 0.098400 0.050300
1 150.432632 -287.120087 100.282608 0.000000 -0.546481 0.837471 0.086600 0.134900
deep_dragon.jpg
1 150.432632 -290.056488 113.874710 0.000000 -0.899313 0.437306 0.000500 0.259200
1 133.904724 -276.009888 131.897781 -0.758168 -0.467480 0.454581 0.086100 0.404800
1 129.111633 -290.056488 113.874710 -0.636533 -0.533428 0.557029 0.000500 0.259200
deep_dragon.jpg
1 133.904724 -276.009888 131.897781 -0.758168 -0.467480 0.454581 0.086100 0.404800
1 150.432632 -290.056488 113.874710 0.000000 -0.899313 0.437306 0.000500 0.259200
1 150.432632 -285.192291 139.268021 0.000000 -0.605124 0.796131 0.030100 0.464300
deep_dragon.jpg
1 122.715317 -186.522293 86.189407 -0.970513 -0.117802 -0.210303 0.631500 0.035600
1 114.400124 -222.530899 123.785294 -0.958627 -0.272808 -0.081302 0.412100 0.339300
1 114.400116 -181.825607 123.785294 -0.987079 -0.159997 -0.008700 0.660100 0.339300
deep_dragon.jpg
1 114.400124 -222.530899 123.785294 -0.958627 -0.272808 -0.081302 0.412100 0.339300
1 122.715317 -186.522293 86.189407 -0.970513 -0.117802 -0.210303 0.631500 0.035600
1 122.715317 -217.834106 86.189407 -0.880592 -0.422296 -0.214998 0.440700 0.035600
deep_dragon.jpg
1 114.400116 -181.825607 123.785294 -0.987079 -0.159997 -0.008700 0.660100 0.339300
1 123.542725 -208.949799 170.555679 -0.683339 -0.241114 0.689139 0.494800 0.717000
1 123.542725 -188.318100 167.171799 -0.682404 -0.337102 0.648604 0.620600 0.689700
deep_dragon.jpg
1 123.542725 -208.949799 170.555679 -0.683339 -0.241114 0.689139 0.494800 0.717000
1 114.400116 -181.825607 123.785294 -0.987079 -0.159997 -0.008700 0.660100 0.339300
1 114.400124 -222.530899 123.785294 -0.958627 -0.272808 -0.081302 0.412100 0.339300
deep_dragon.jpg
1 122.715317 -217.834106 86.189407 -0.880592 -0.422296 -0.214998 0.440700 0.035600
1 129.111618 -236.621918 119.650101 -0.792169 -0.599177 0.115996 0.326200 0.305900
1 114.400124 -222.530899 123.785294 -0.958627 -0.272808 -0.081302 0.412100 0.339300
deep_dragon.jpg
1 129.111618 -236.621918 119.650101 -0.792169 -0.599177 0.115996 0.326200 0.305900
1 122.715317 -217.834106 86.189407 -0.880592 -0.422296 -0.214998 0.440700 0.035600
1 138.442612 -234.331299 85.590805 -0.938707 -0.243902 -0.243602 0.340100 0.030800
deep_dragon.jpg
1 114.400124 -222.530899 123.785294 -0.958627 -0.272808 -0.081302 0.412100 0.339300
1 133.904724 -252.453918 141.092606 -0.801287 -0.394494 0.449793 0.229700 0.479000
1 123.542725 -208.949799 170.555679 -0.683339 -0.241114 0.689139 0.494800 0.717000
deep_dragon.jpg
1 133.904724 -252.453918 141.092606 -0.801287 -0.394494 0.449793 0.229700 0.479000
1 114.400124 -222.530899 123.785294 -0.958627 -0.272808 -0.081302 0.412100 0.339300
1 129.111618 -236.621918 119.650101 -0.792169 -0.599177 0.115996 0.326200 0.305900
deep_dragon.jpg
1 123.542725 -188.318100 167.171799 -0.682404 -0.337102 0.648604 0.620600 0.689700
1 150.432617 -210.275101 167.482803 0.000000 -0.170299 0.985393 0.443300 0.887800
1 150.432617 -188.318100 173.563095 0.000000 -0.453004 0.891508 0.581100 0.956300
deep_dragon.jpg
1 150.432617 -210.275101 167.482803 0.000000 -0.170299 0.985393 0.443300 0.887800
1 123.542725 -188.318100 167.171799 -0.682404 -0.337102 0.648604 0.620600 0.689700
1 123.542725 -208.949799 170.555679 -0.683339 -0.241114 0.689139 0.494800 0.717000
deep_dragon.jpg
1 123.542725 -208.949799 170.555679 -0.683339 -0.241114 0.689139 0.494800 0.717000
1 150.432617 -256.898895 147.585800 0.000000 -0.440200 0.897900 0.184800 0.579800
1 150.432617 -210.275101 167.482803 0.000000 -0.170299 0.985393 0.443300 0.887800
deep_dragon.jpg
1 150.432617 -256.898895 147.585800 0.000000 -0.440200 0.897900 0.184800 0.579800
1 123.542725 -208.949799 170.555679 -0.683339 -0.241114 0.689139 0.494800 0.717000
1 133.904724 -252.453918 141.092606 -0.801287 -0.394494 0.449793 0.229700 0.479000
deep_dragon.jpg
1 129.111618 -236.621918 119.650101 -0.792169 -0.599177 0.115996 0.326200 0.305900
1 133.904724 -276.009888 131.897781 -0.758168 -0.467480 0.454581 0.086100 0.404800
1 133.904724 -252.453918 141.092606 -0.801287 -0.394494 0.449793 0.229700 0.479000
deep_dragon.jpg
1 133.904724 -276.009888 131.897781 -0.758168 -0.467480 0.454581 0.086100 0.404800
1 129.111618 -236.621918 119.650101 -0.792169 -0.599177 0.115996 0.326200 0.305900
1 129.111633 -290.056488 113.874710 -0.636533 -0.533428 0.557029 0.000500 0.259200
deep_dragon.jpg
1 133.904724 -252.453918 141.092606 -0.801287 -0.394494 0.449793 0.229700 0.479000
1 150.432632 -285.192291 139.268021 0.000000 -0.605124 0.796131 0.030100 0.464300
1 150.432617 -256.898895 147.585800 0.000000 -0.440200 0.897900 0.184800 0.579800
deep_dragon.jpg
1 150.432632 -285.192291 139.268021 0.000000 -0.605124 0.796131 0.030100 0.464300
1 133.904724 -252.453918 141.092606 -0.801287 -0.394494 0.449793 0.229700 0.479000
1 133.904724 -276.009888 131.897781 -0.758168 -0.467480 0.454581 0.086100 0.404800
deep_dragon.jpg
1 114.400116 -181.825607 123.785294 -0.987079 -0.159997 -0.008700 0.660100 0.339300
1 115.413216 -167.073593 91.234604 -0.905159 -0.348285 -0.243689 0.750100 0.076300
1 122.715317 -186.522293 86.189407 -0.970513 -0.117802 -0.210303 0.631500 0.035600
deep_dragon.jpg
1 115.413216 -167.073593 91.234604 -0.905159 -0.348285 -0.243689 0.750100 0.076300
1 114.400116 -181.825607 123.785294 -0.987079 -0.159997 -0.008700 0.660100 0.339300
1 108.032112 -168.128403 127.498611 -0.956778 -0.290293 -0.017500 0.743600 0.369200
deep_dragon.jpg
1 117.408813 -164.387802 84.843307 -0.751547 -0.166811 -0.638240 0.766400 0.024700
1 122.715317 -186.522293 86.189407 -0.970513 -0.117802 -0.210303 0.631500 0.035600
1 115.413216 -167.073593 91.234604 -0.905159 -0.348285 -0.243689 0.750100 0.076300
deep_dragon.jpg
1 150.432617 -181.825607 123.785294 -0.000000 0.992542 0.121905 0.660100 0.339300
1 118.083618 -168.239594 192.755600 0.664226 0.446918 0.599223 0.721200 0.963900
1 150.432617 -188.318100 173.563095 0.000000 -0.453004 0.891508 0.581100 0.956300
deep_dragon.jpg
1 118.083618 -168.239594 192.755600 0.664226 0.446918 0.599223 0.721200 0.963900
1 150.432617 -181.825607 123.785294 -0.000000 0.992542 0.121905 0.660100 0.339300
1 110.626312 -156.284302 132.165421 0.168102 0.984014 0.058801 0.815800 0.406900
deep_dragon.jpg
1 150.432617 -188.318100 173.563095 0.000000 -0.453004 0.891508 0.581100 0.956300
1 116.147713 -171.315704 182.099686 -0.622084 -0.717581 0.313192 0.724200 0.810200
1 123.542725 -188.318100 167.171799 -0.682404 -0.337102 0.648604 0.620600 0.689700
deep_dragon.jpg
1 116.147713 -171.315704 182.099686 -0.622084 -0.717581 0.313192 0.724200 0.810200
1 150.432617 -188.318100 173.563095 0.000000 -0.453004 0.891508 0.581100 0.956300
1 118.083618 -168.239594 192.755600 0.664226 0.446918 0.599223 0.721200 0.963900
deep_dragon.jpg
1 123.542725 -188.318100 167.171799 -0.682404 -0.337102 0.648604 0.620600 0.689700
1 108.032112 -168.128403 127.498611 -0.956778 -0.290293 -0.017500 0.743600 0.369200
1 114.400116 -181.825607 123.785294 -0.987079 -0.159997 -0.008700 0.660100 0.339300
deep_dragon.jpg
1 108.032112 -168.128403 127.498611 -0.956778 -0.290293 -0.017500 0.743600 0.369200
1 123.542725 -188.318100 167.171799 -0.682404 -0.337102 0.648604 0.620600 0.689700
1 116.147713 -171.315704 182.099686 -0.622084 -0.717581 0.313192 0.724200 0.810200
deep_dragon.jpg
1 108.032112 -168.128403 127.498611 -0.956778 -0.290293 -0.017500 0.743600 0.369200
1 82.724815 -137.725922 205.531601 -0.966139 -0.255210 0.038002 0.928900 0.999500
1 110.626312 -156.284302 132.165421 0.168102 0.984014 0.058801 0.815800 0.406900
deep_dragon.jpg
1 110.626312 -156.284302 132.165421 0.168102 0.984014 0.058801 0.815800 0.406900
1 82.724815 -137.725922 205.531601 -0.966139 -0.255210 0.038002 0.928900 0.999500
1 118.083618 -168.239594 192.755600 0.664226 0.446918 0.599223 0.721200 0.963900
deep_dragon.jpg
1 118.083618 -168.239594 192.755600 0.664226 0.446918 0.599223 0.721200 0.963900
1 82.724815 -137.725922 205.531601 -0.966139 -0.255210 0.038002 0.928900 0.999500
1 116.147713 -171.315704 182.099686 -0.622084 -0.717581 0.313192 0.724200 0.810200
deep_dragon.jpg
1 116.147713 -171.315704 182.099686 -0.622084 -0.717581 0.313192 0.724200 0.810200
1 82.724815 -137.725922 205.531601 -0.966139 -0.255210 0.038002 0.928900 0.999500
1 108.032112 -168.128403 127.498611 -0.956778 -0.290293 -0.017500 0.743600 0.369200
deep_dragon.jpg
1 117.408813 -164.387802 84.843307 -0.751547 -0.166811 -0.638240 0.766400 0.024700
1 91.548004 -126.146500 81.844101 -0.967154 -0.222612 -0.122707 0.999500 0.000500
1 110.626312 -156.284302 132.165421 0.168102 0.984014 0.058801 0.815800 0.406900
deep_dragon.jpg
1 110.626312 -156.284302 132.165421 0.168102 0.984014 0.058801 0.815800 0.406900
1 91.548004 -126.146500 81.844101 -0.967154 -0.222612 -0.122707 0.999500 0.000500
1 108.032112 -168.128403 127.498611 -0.956778 -0.290293 -0.017500 0.743600 0.369200
deep_dragon.jpg
1 108.032112 -168.128403 127.498611 -0.956778 -0.290293 -0.017500 0.743600 0.369200
1 91.548004 -126.146500 81.844101 -0.967154 -0.222612 -0.122707 0.999500 0.000500
1 115.413216 -167.073593 91.234604 -0.905159 -0.348285 -0.243689 0.750100 0.076300
deep_dragon.jpg
1 115.413216 -167.073593 91.234604 -0.905159 -0.348285 -0.243689 0.750100 0.076300
1 91.548004 -126.146500 81.844101 -0.967154 -0.222612 -0.122707 0.999500 0.000500
1 117.408813 -164.387802 84.843307 -0.751547 -0.166811 -0.638240 0.766400 0.024700
deep_dragon.jpg
1 138.442612 -234.331299 85.590805 -0.938707 -0.243902 -0.243602 0.340100 0.030800
1 135.640137 -250.380707 104.813599 -0.318693 -0.287893 0.903079 0.224600 0.222300
1 129.111618 -236.621918 119.650101 -0.792169 -0.599177 0.115996 0.326200 0.305900
deep_dragon.jpg
1 129.111618 -236.621918 119.650101 -0.792169 -0.599177 0.115996 0.326200 0.305900
1 150.432617 -242.801910 94.569504 0.000000 -0.411179 0.911554 0.224600 0.222300
1 150.432617 -220.533203 119.611496 0.000000 -0.747294 0.664494 0.326200 0.305900
deep_dragon.jpg
1 150.432617 -242.801910 94.569504 0.000000 -0.411179 0.911554 0.224600 0.222300
1 129.111618 -236.621918 119.650101 -0.792169 -0.599177 0.115996 0.326200 0.305900
1 135.640137 -250.380707 104.813599 -0.318693 -0.287893 0.903079 0.224600 0.222300
deep_dragon.jpg
1 138.442612 -234.331299 85.590805 -0.938707 -0.243902 -0.243602 0.340100 0.030800
1 140.309235 -283.370789 100.282608 -0.823613 -0.527908 -0.207303 0.029400 0.183200
1 135.640137 -250.380707 104.813599 -0.318693 -0.287893 0.903079 0.224600 0.222300
deep_dragon.jpg
1 140.309235 -283.370789 100.282608 -0.823613 -0.527908 -0.207303 0.029400 0.183200
1 138.442612 -234.331299 85.590805 -0.938707 -0.243902 -0.243602 0.340100 0.030800
1 143.664536 -273.991089 88.009399 -0.753708 -0.427805 -0.498906 0.098400 0.050300
deep_dragon.jpg
1 135.640137 -250.380707 104.813599 -0.318693 -0.287893 0.903079 0.224600 0.222300
1 150.432632 -287.120087 100.282608 0.000000 -0.546481 0.837471 0.086600 0.134900
1 150.432617 -242.801910 94.569504 0.000000 -0.411179 0.911554 0.224600 0.222300
deep_dragon.jpg
1 150.432632 -287.120087 100.282608 0.000000 -0.546481 0.837471 0.086600 0.134900
1 135.640137 -250.380707 104.813599 -0.318693 -0.287893 0.903079 0.224600 0.222300
1 140.309235 -283.370789 100.282608 -0.823613 -0.527908 -0.207303 0.029400 0.183200
deep_dragon.jpg
1 -149.890350 -277.740540 88.009399 0.000000 -0.767475 -0.641079 0.098400 0.050300
1 -160.013763 -283.370789 100.282608 -0.823613 -0.527908 -0.207303 0.088600 0.132500
1 -156.658478 -273.991211 88.009399 -0.753708 -0.427805 -0.498906 0.098400 0.050300
deep_dragon.jpg
1 -160.013763 -283.370789 100.282608 -0.823613 -0.527908 -0.207303 0.088600 0.132500
1 -149.890350 -277.740540 88.009399 0.000000 -0.767475 -0.641079 0.098400 0.050300
1 -149.890350 -287.120117 100.282608 0.000000 -0.546481 0.837471 0.086600 0.134900
deep_dragon.jpg
1 -149.890350 -290.056519 113.874710 0.000000 -0.899313 0.437306 0.000500 0.259200
1 -166.418274 -276.010010 131.897781 -0.758168 -0.467480 0.454581 0.086100 0.404800
1 -171.211365 -290.056519 113.874802 -0.636533 -0.533428 0.557029 0.000500 0.259200
deep_dragon.jpg
1 -166.418274 -276.010010 131.897781 -0.758168 -0.467480 0.454581 0.086100 0.404800
1 -149.890350 -290.056519 113.874710 0.000000 -0.899313 0.437306 0.000500 0.259200
1 -149.890350 -285.192322 139.268021 0.000000 -0.605124 0.796131 0.030100 0.464300
deep_dragon.jpg
1 -177.607697 -186.522324 86.189407 -0.970513 -0.117802 -0.210303 0.631500 0.035600
1 -185.922760 -222.530930 123.785294 -0.958627 -0.272808 -0.081302 0.412100 0.339300
1 -185.922913 -181.825638 123.785294 -0.987079 -0.159997 -0.008700 0.660100 0.339300
deep_dragon.jpg
1 -185.922760 -222.530930 123.785294 -0.958627 -0.272808 -0.081302 0.412100 0.339300
1 -177.607697 -186.522324 86.189407 -0.970513 -0.117802 -0.210303 0.631500 0.035600
1 -177.607666 -217.834137 86.189407 -0.880592 -0.422296 -0.214998 0.440700 0.035600
deep_dragon.jpg
1 -185.922913 -181.825638 123.785294 -0.987079 -0.159997 -0.008700 0.660100 0.339300
1 -176.780304 -208.949936 170.555679 -0.683339 -0.241114 0.689139 0.494800 0.717000
1 -176.780304 -188.318237 167.171799 -0.682404 -0.337102 0.648604 0.620600 0.689700
deep_dragon.jpg
1 -176.780304 -208.949936 170.555679 -0.683339 -0.241114 0.689139 0.494800 0.717000
1 -185.922913 -181.825638 123.785294 -0.987079 -0.159997 -0.008700 0.660100 0.339300
1 -185.922760 -222.530930 123.785294 -0.958627 -0.272808 -0.081302 0.412100 0.339300
deep_dragon.jpg
1 -177.607666 -217.834137 86.189407 -0.880592 -0.422296 -0.214998 0.440700 0.035600
1 -171.211365 -236.621933 119.650101 -0.792169 -0.599177 0.115996 0.326200 0.305900
1 -185.922760 -222.530930 123.785294 -0.958627 -0.272808 -0.081302 0.412100 0.339300
deep_dragon.jpg
1 -171.211365 -236.621933 119.650101 -0.792169 -0.599177 0.115996 0.326200 0.305900
1 -177.607666 -217.834137 86.189407 -0.880592 -0.422296 -0.214998 0.440700 0.035600
1 -161.880371 -234.331329 85.590805 -0.938707 -0.243902 -0.243602 0.340100 0.030800
deep_dragon.jpg
1 -185.922760 -222.530930 123.785294 -0.958627 -0.272808 -0.081302 0.412100 0.339300
1 -166.418274 -252.453918 141.092606 -0.801287 -0.394494 0.449793 0.229700 0.479000
1 -176.780304 -208.949936 170.555679 -0.683339 -0.241114 0.689139 0.494800 0.717000
deep_dragon.jpg
1 -166.418274 -252.453918 141.092606 -0.801287 -0.394494 0.449793 0.229700 0.479000
1 -185.922760 -222.530930 123.785294 -0.958627 -0.272808 -0.081302 0.412100 0.339300
1 -171.211365 -236.621933 119.650101 -0.792169 -0.599177 0.115996 0.326200 0.305900
deep_dragon.jpg
1 -176.780304 -188.318237 167.171799 -0.682404 -0.337102 0.648604 0.620600 0.689700
1 -149.890381 -210.275238 167.482803 0.000000 -0.170299 0.985393 0.443300 0.887800
1 -149.890381 -188.318130 173.563095 0.000000 -0.453004 0.891508 0.581100 0.956300
deep_dragon.jpg
1 -149.890381 -210.275238 167.482803 0.000000 -0.170299 0.985393 0.443300 0.887800
1 -176.780304 -188.318237 167.171799 -0.682404 -0.337102 0.648604 0.620600 0.689700
1 -176.780304 -208.949936 170.555679 -0.683339 -0.241114 0.689139 0.494800 0.717000
deep_dragon.jpg
1 -176.780304 -208.949936 170.555679 -0.683339 -0.241114 0.689139 0.494800 0.717000
1 -149.890350 -256.899017 147.585800 0.000000 -0.440200 0.897900 0.184800 0.579800
1 -149.890381 -210.275238 167.482803 0.000000 -0.170299 0.985393 0.443300 0.887800
deep_dragon.jpg
1 -149.890350 -256.899017 147.585800 0.000000 -0.440200 0.897900 0.184800 0.579800
1 -176.780304 -208.949936 170.555679 -0.683339 -0.241114 0.689139 0.494800 0.717000
1 -166.418274 -252.453918 141.092606 -0.801287 -0.394494 0.449793 0.229700 0.479000
deep_dragon.jpg
1 -171.211365 -236.621933 119.650101 -0.792169 -0.599177 0.115996 0.326200 0.305900
1 -166.418274 -276.010010 131.897781 -0.758168 -0.467480 0.454581 0.086100 0.404800
1 -166.418274 -252.453918 141.092606 -0.801287 -0.394494 0.449793 0.229700 0.479000
deep_dragon.jpg
1 -166.418274 -276.010010 131.897781 -0.758168 -0.467480 0.454581 0.086100 0.404800
1 -171.211365 -236.621933 119.650101 -0.792169 -0.599177 0.115996 0.326200 0.305900
1 -171.211365 -290.056519 113.874802 -0.636533 -0.533428 0.557029 0.000500 0.259200
deep_dragon.jpg
1 -166.418274 -252.453918 141.092606 -0.801287 -0.394494 0.449793 0.229700 0.479000
1 -149.890350 -285.192322 139.268021 0.000000 -0.605124 0.796131 0.030100 0.464300
1 -149.890350 -256.899017 147.585800 0.000000 -0.440200 0.897900 0.184800 0.579800
deep_dragon.jpg
1 -149.890350 -285.192322 139.268021 0.000000 -0.605124 0.796131 0.030100 0.464300
1 -166.418274 -252.453918 141.092606 -0.801287 -0.394494 0.449793 0.229700 0.479000
1 -166.418274 -276.010010 131.897781 -0.758168 -0.467480 0.454581 0.086100 0.404800
deep_dragon.jpg
1 -185.922913 -181.825638 123.785294 -0.987079 -0.159997 -0.008700 0.660100 0.339300
1 -184.909668 -167.073624 91.234604 -0.905159 -0.348285 -0.243689 0.750100 0.076300
1 -177.607697 -186.522324 86.189407 -0.970513 -0.117802 -0.210303 0.631500 0.035600
deep_dragon.jpg
1 -184.909668 -167.073624 91.234604 -0.905159 -0.348285 -0.243689 0.750100 0.076300
1 -185.922913 -181.825638 123.785294 -0.987079 -0.159997 -0.008700 0.660100 0.339300
1 -192.290863 -168.128433 127.498611 -0.956778 -0.290293 -0.017500 0.743600 0.369200
deep_dragon.jpg
1 -182.914154 -164.387833 84.843307 -0.751547 -0.166811 -0.638240 0.766400 0.024700
1 -177.607697 -186.522324 86.189407 -0.970513 -0.117802 -0.210303 0.631500 0.035600
1 -184.909668 -167.073624 91.234604 -0.905159 -0.348285 -0.243689 0.750100 0.076300
deep_dragon.jpg
1 -149.890381 -181.825638 123.785294 -0.000000 0.992542 0.121905 0.660100 0.339300
1 -182.239288 -168.239624 192.755600 0.664226 0.446918 0.599223 0.721200 0.963900
1 -149.890381 -188.318130 173.563095 0.000000 -0.453004 0.891508 0.581100 0.956300
deep_dragon.jpg
1 -182.239288 -168.239624 192.755600 0.664226 0.446918 0.599223 0.721200 0.963900
1 -149.890381 -181.825638 123.785294 -0.000000 0.992542 0.121905 0.660100 0.339300
1 -189.696686 -156.284317 132.165421 0.168102 0.984014 0.058801 0.815800 0.406900
deep_dragon.jpg
1 -149.890381 -188.318130 173.563095 0.000000 -0.453004 0.891508 0.581100 0.956300
1 -184.175262 -171.315735 182.099686 -0.622084 -0.717581 0.313192 0.724200 0.810200
1 -176.780304 -188.318237 167.171799 -0.682404 -0.337102 0.648604 0.620600 0.689700
deep_dragon.jpg
1 -184.175262 -171.315735 182.099686 -0.622084 -0.717581 0.313192 0.724200 0.810200
1 -149.890381 -188.318130 173.563095 0.000000 -0.453004 0.891508 0.581100 0.956300
1 -182.239288 -168.239624 192.755600 0.664226 0.446918 0.599223 0.721200 0.963900
deep_dragon.jpg
1 -176.780304 -188.318237 167.171799 -0.682404 -0.337102 0.648604 0.620600 0.689700
1 -192.290863 -168.128433 127.498611 -0.956778 -0.290293 -0.017500 0.743600 0.369200
1 -185.922913 -181.825638 123.785294 -0.987079 -0.159997 -0.008700 0.660100 0.339300
deep_dragon.jpg
1 -192.290863 -168.128433 127.498611 -0.956778 -0.290293 -0.017500 0.743600 0.369200
1 -176.780304 -188.318237 167.171799 -0.682404 -0.337102 0.648604 0.620600 0.689700
1 -184.175262 -171.315735 182.099686 -0.622084 -0.717581 0.313192 0.724200 0.810200
deep_dragon.jpg
1 -192.290863 -168.128433 127.498611 -0.956778 -0.290293 -0.017500 0.743600 0.369200
1 -217.598175 -137.725937 205.531601 -0.966139 -0.255210 0.038002 0.928900 0.999500
1 -189.696686 -156.284317 132.165421 0.168102 0.984014 0.058801 0.815800 0.406900
deep_dragon.jpg
1 -189.696686 -156.284317 132.165421 0.168102 0.984014 0.058801 0.815800 0.406900
1 -217.598175 -137.725937 205.531601 -0.966139 -0.255210 0.038002 0.928900 0.999500
1 -182.239288 -168.239624 192.755600 0.664226 0.446918 0.599223 0.721200 0.963900
deep_dragon.jpg
1 -182.239288 -168.239624 192.755600 0.664226 0.446918 0.599223 0.721200 0.963900
1 -217.598175 -137.725937 205.531601 -0.966139 -0.255210 0.038002 0.928900 0.999500
1 -184.175262 -171.315735 182.099686 -0.622084 -0.717581 0.313192 0.724200 0.810200
deep_dragon.jpg
1 -184.175262 -171.315735 182.099686 -0.622084 -0.717581 0.313192 0.724200 0.810200
1 -217.598175 -137.725937 205.531601 -0.966139 -0.255210 0.038002 0.928900 0.999500
1 -192.290863 -168.128433 127.498611 -0.956778 -0.290293 -0.017500 0.743600 0.369200
deep_dragon.jpg
1 -182.914154 -164.387833 84.843307 -0.751547 -0.166811 -0.638240 0.766400 0.024700
1 -208.774963 -126.146439 81.844101 -0.967154 -0.222612 -0.122707 0.999500 0.000500
1 -189.696686 -156.284317 132.165421 0.168102 0.984014 0.058801 0.815800 0.406900
deep_dragon.jpg
1 -189.696686 -156.284317 132.165421 0.168102 0.984014 0.058801 0.815800 0.406900
1 -208.774963 -126.146439 81.844101 -0.967154 -0.222612 -0.122707 0.999500 0.000500
1 -192.290863 -168.128433 127.498611 -0.956778 -0.290293 -0.017500 0.743600 0.369200
deep_dragon.jpg
1 -192.290863 -168.128433 127.498611 -0.956778 -0.290293 -0.017500 0.743600 0.369200
1 -208.774963 -126.146439 81.844101 -0.967154 -0.222612 -0.122707 0.999500 0.000500
1 -184.909668 -167.073624 91.234604 -0.905159 -0.348285 -0.243689 0.750100 0.076300
deep_dragon.jpg
1 -184.909668 -167.073624 91.234604 -0.905159 -0.348285 -0.243689 0.750100 0.076300
1 -208.774963 -126.146439 81.844101 -0.967154 -0.222612 -0.122707 0.999500 0.000500
1 -182.914154 -164.387833 84.843307 -0.751547 -0.166811 -0.638240 0.766400 0.024700
deep_dragon.jpg
1 -161.880371 -234.331329 85.590805 -0.938707 -0.243902 -0.243602 0.340100 0.030800
1 -164.682892 -250.380707 104.813599 -0.318693 -0.287893 0.903079 0.260100 0.164300
1 -171.211365 -236.621933 119.650101 -0.792169 -0.599177 0.115996 0.326200 0.305900
deep_dragon.jpg
1 -171.211365 -236.621933 119.650101 -0.792169 -0.599177 0.115996 0.326200 0.305900
1 -149.890350 -242.801941 94.569504 0.000000 -0.411179 0.911554 0.224600 0.222300
1 -149.890472 -220.533234 119.611496 0.000000 -0.747294 0.664494 0.326200 0.305900
deep_dragon.jpg
1 -149.890350 -242.801941 94.569504 0.000000 -0.411179 0.911554 0.224600 0.222300
1 -171.211365 -236.621933 119.650101 -0.792169 -0.599177 0.115996 0.326200 0.305900
1 -164.682892 -250.380707 104.813599 -0.318693 -0.287893 0.903079 0.260100 0.164300
deep_dragon.jpg
1 -161.880371 -234.331329 85.590805 -0.938707 -0.243902 -0.243602 0.340100 0.030800
1 -160.013763 -283.370789 100.282608 -0.823613 -0.527908 -0.207303 0.088600 0.132500
1 -164.682892 -250.380707 104.813599 -0.318693 -0.287893 0.903079 0.260100 0.164300
deep_dragon.jpg
1 -160.013763 -283.370789 100.282608 -0.823613 -0.527908 -0.207303 0.088600 0.132500
1 -161.880371 -234.331329 85.590805 -0.938707 -0.243902 -0.243602 0.340100 0.030800
1 -156.658478 -273.991211 88.009399 -0.753708 -0.427805 -0.498906 0.098400 0.050300
deep_dragon.jpg
1 -164.682892 -250.380707 104.813599 -0.318693 -0.287893 0.903079 0.260100 0.164300
1 -149.890350 -287.120117 100.282608 0.000000 -0.546481 0.837471 0.086600 0.134900
1 -149.890350 -242.801941 94.569504 0.000000 -0.411179 0.911554 0.224600 0.222300
deep_dragon.jpg
1 -149.890350 -287.120117 100.282608 0.000000 -0.546481 0.837471 0.086600 0.134900
1 -164.682892 -250.380707 104.813599 -0.318693 -0.287893 0.903079 0.260100 0.164300
1 -160.013763 -283.370789 100.282608 -0.823613 -0.527908 -0.207303 0.088600 0.132500
deep_dragon.jpg
1 -149.890350 -277.740540 88.009399 0.000000 -0.767475 -0.641079 0.098400 0.050300
1 -143.122284 -273.991119 88.009399 0.753708 -0.427805 -0.498906 0.098400 0.050300
1 -139.766968 -283.370819 100.282608 0.823613 -0.527908 -0.207303 0.029400 0.183200
deep_dragon.jpg
1 -139.766968 -283.370819 100.282608 0.823613 -0.527908 -0.207303 0.029400 0.183200
1 -149.890350 -287.120117 100.282608 0.000000 -0.546481 0.837471 0.086600 0.134900
1 -149.890350 -277.740540 88.009399 0.000000 -0.767475 -0.641079 0.098400 0.050300
deep_dragon.jpg
1 -149.890350 -290.056519 113.874710 0.000000 -0.899313 0.437306 0.000500 0.259200
1 -128.569489 -290.056519 113.874710 0.636533 -0.533428 0.557029 0.000500 0.259200
1 -133.362457 -276.009918 131.897781 0.758168 -0.467480 0.454581 0.086100 0.404800
deep_dragon.jpg
1 -133.362457 -276.009918 131.897781 0.758168 -0.467480 0.454581 0.086100 0.404800
1 -149.890350 -285.192322 139.268021 0.000000 -0.605124 0.796131 0.030100 0.464300
1 -149.890350 -290.056519 113.874710 0.000000 -0.899313 0.437306 0.000500 0.259200
deep_dragon.jpg
1 -122.173096 -186.522430 86.189407 0.970513 -0.117802 -0.210303 0.631500 0.035600
1 -113.858002 -181.825638 123.785294 0.987079 -0.159997 -0.008700 0.660100 0.339300
1 -113.857880 -222.530930 123.785294 0.958627 -0.272808 -0.081302 0.412100 0.339300
deep_dragon.jpg
1 -113.857880 -222.530930 123.785294 0.958627 -0.272808 -0.081302 0.412100 0.339300
1 -122.173065 -217.834137 86.189407 0.880592 -0.422296 -0.214998 0.440700 0.035600
1 -122.173096 -186.522430 86.189407 0.970513 -0.117802 -0.210303 0.631500 0.035600
deep_dragon.jpg
1 -113.858002 -181.825638 123.785294 0.987079 -0.159997 -0.008700 0.660100 0.339300
1 -123.000488 -188.318130 167.171799 0.682404 -0.337102 0.648604 0.620600 0.689700
1 -123.000488 -208.949829 170.555679 0.683339 -0.241114 0.689139 0.494800 0.717000
deep_dragon.jpg
1 -123.000488 -208.949829 170.555679 0.683339 -0.241114 0.689139 0.494800 0.717000
1 -113.857880 -222.530930 123.785294 0.958627 -0.272808 -0.081302 0.412100 0.339300
1 -113.858002 -181.825638 123.785294 0.987079 -0.159997 -0.008700 0.660100 0.339300
deep_dragon.jpg
1 -122.173065 -217.834137 86.189407 0.880592 -0.422296 -0.214998 0.440700 0.035600
1 -113.857880 -222.530930 123.785294 0.958627 -0.272808 -0.081302 0.412100 0.339300
1 -128.569366 -236.621918 119.650101 0.792169 -0.599177 0.115996 0.326200 0.305900
deep_dragon.jpg
1 -128.569366 -236.621918 119.650101 0.792169 -0.599177 0.115996 0.326200 0.305900
1 -137.900360 -234.331314 85.590805 0.938707 -0.243902 -0.243602 0.340100 0.030800
1 -122.173065 -217.834137 86.189407 0.880592 -0.422296 -0.214998 0.440700 0.035600
deep_dragon.jpg
1 -113.857880 -222.530930 123.785294 0.958627 -0.272808 -0.081302 0.412100 0.339300
1 -123.000488 -208.949829 170.555679 0.683339 -0.241114 0.689139 0.494800 0.717000
1 -133.362457 -252.453949 141.092606 0.801287 -0.394494 0.449793 0.229700 0.479000
deep_dragon.jpg
1 -133.362457 -252.453949 141.092606 0.801287 -0.394494 0.449793 0.229700 0.479000
1 -128.569366 -236.621918 119.650101 0.792169 -0.599177 0.115996 0.326200 0.305900
1 -113.857880 -222.530930 123.785294 0.958627 -0.272808 -0.081302 0.412100 0.339300
deep_dragon.jpg
1 -123.000488 -188.318130 167.171799 0.682404 -0.337102 0.648604 0.620600 0.689700
1 -149.890381 -188.318130 173.563095 0.000000 -0.453004 0.891508 0.581100 0.956300
1 -149.890381 -210.275238 167.482803 0.000000 -0.170299 0.985393 0.443300 0.887800
deep_dragon.jpg
1 -149.890381 -210.275238 167.482803 0.000000 -0.170299 0.985393 0.443300 0.887800
1 -123.000488 -208.949829 170.555679 0.683339 -0.241114 0.689139 0.494800 0.717000
1 -123.000488 -188.318130 167.171799 0.682404 -0.337102 0.648604 0.620600 0.689700
deep_dragon.jpg
1 -123.000488 -208.949829 170.555679 0.683339 -0.241114 0.689139 0.494800 0.717000
1 -149.890381 -210.275238 167.482803 0.000000 -0.170299 0.985393 0.443300 0.887800
1 -149.890350 -256.899017 147.585800 0.000000 -0.440200 0.897900 0.184800 0.579800
deep_dragon.jpg
1 -149.890350 -256.899017 147.585800 0.000000 -0.440200 0.897900 0.184800 0.579800
1 -133.362457 -252.453949 141.092606 0.801287 -0.394494 0.449793 0.229700 0.479000
1 -123.000488 -208.949829 170.555679 0.683339 -0.241114 0.689139 0.494800 0.717000
deep_dragon.jpg
1 -128.569366 -236.621918 119.650101 0.792169 -0.599177 0.115996 0.326200 0.305900
1 -133.362457 -252.453949 141.092606 0.801287 -0.394494 0.449793 0.229700 0.479000
1 -133.362457 -276.009918 131.897781 0.758168 -0.467480 0.454581 0.086100 0.404800
deep_dragon.jpg
1 -133.362457 -276.009918 131.897781 0.758168 -0.467480 0.454581 0.086100 0.404800
1 -128.569489 -290.056519 113.874710 0.636533 -0.533428 0.557029 0.000500 0.259200
1 -128.569366 -236.621918 119.650101 0.792169 -0.599177 0.115996 0.326200 0.305900
deep_dragon.jpg
1 -133.362457 -252.453949 141.092606 0.801287 -0.394494 0.449793 0.229700 0.479000
1 -149.890350 -256.899017 147.585800 0.000000 -0.440200 0.897900 0.184800 0.579800
1 -149.890350 -285.192322 139.268021 0.000000 -0.605124 0.796131 0.030100 0.464300
deep_dragon.jpg
1 -149.890350 -285.192322 139.268021 0.000000 -0.605124 0.796131 0.030100 0.464300
1 -133.362457 -276.009918 131.897781 0.758168 -0.467480 0.454581 0.086100 0.404800
1 -133.362457 -252.453949 141.092606 0.801287 -0.394494 0.449793 0.229700 0.479000
deep_dragon.jpg
1 -113.858002 -181.825638 123.785294 0.987079 -0.159997 -0.008700 0.660100 0.339300
1 -122.173096 -186.522430 86.189407 0.970513 -0.117802 -0.210303 0.631500 0.035600
1 -114.870972 -167.073624 91.234604 0.905159 -0.348284 -0.243689 0.750100 0.076300
deep_dragon.jpg
1 -114.870972 -167.073624 91.234604 0.905159 -0.348284 -0.243689 0.750100 0.076300
1 -107.489868 -168.128525 127.498611 0.956778 -0.290293 -0.017500 0.743600 0.369200
1 -113.858002 -181.825638 123.785294 0.987079 -0.159997 -0.008700 0.660100 0.339300
deep_dragon.jpg
1 -116.866577 -164.387833 84.843307 0.751548 -0.166810 -0.638240 0.766400 0.024700
1 -114.870972 -167.073624 91.234604 0.905159 -0.348284 -0.243689 0.750100 0.076300
1 -122.173096 -186.522430 86.189407 0.970513 -0.117802 -0.210303 0.631500 0.035600
deep_dragon.jpg
1 -149.890381 -181.825638 123.785294 -0.000000 0.992542 0.121905 0.660100 0.339300
1 -149.890381 -188.318130 173.563095 0.000000 -0.453004 0.891508 0.581100 0.956300
1 -117.541473 -168.239624 192.755600 -0.664226 0.446917 0.599223 0.721200 0.963900
deep_dragon.jpg
1 -117.541473 -168.239624 192.755600 -0.664226 0.446917 0.599223 0.721200 0.963900
1 -110.084076 -156.284332 132.165421 -0.168103 0.984014 0.058801 0.815800 0.406900
1 -149.890381 -181.825638 123.785294 -0.000000 0.992542 0.121905 0.660100 0.339300
deep_dragon.jpg
1 -149.890381 -188.318130 173.563095 0.000000 -0.453004 0.891508 0.581100 0.956300
1 -123.000488 -188.318130 167.171799 0.682404 -0.337102 0.648604 0.620600 0.689700
1 -115.605469 -171.315735 182.099686 0.622084 -0.717581 0.313192 0.724200 0.810200
deep_dragon.jpg
1 -115.605469 -171.315735 182.099686 0.622084 -0.717581 0.313192 0.724200 0.810200
1 -117.541473 -168.239624 192.755600 -0.664226 0.446917 0.599223 0.721200 0.963900
1 -149.890381 -188.318130 173.563095 0.000000 -0.453004 0.891508 0.581100 0.956300
deep_dragon.jpg
1 -123.000488 -188.318130 167.171799 0.682404 -0.337102 0.648604 0.620600 0.689700
1 -113.858002 -181.825638 123.785294 0.987079 -0.159997 -0.008700 0.660100 0.339300
1 -107.489868 -168.128525 127.498611 0.956778 -0.290293 -0.017500 0.743600 0.369200
deep_dragon.jpg
1 -107.489868 -168.128525 127.498611 0.956778 -0.290293 -0.017500 0.743600 0.369200
1 -115.605469 -171.315735 182.099686 0.622084 -0.717581 0.313192 0.724200 0.810200
1 -123.000488 -188.318130 167.171799 0.682404 -0.337102 0.648604 0.620600 0.689700
deep_dragon.jpg
1 -107.489868 -168.128525 127.498611 0.956778 -0.290293 -0.017500 0.743600 0.369200
1 -110.084076 -156.284332 132.165421 -0.168103 0.984014 0.058801 0.815800 0.406900
1 -82.182587 -137.725922 205.531601 0.966139 -0.255210 0.038002 0.928900 0.999500
deep_dragon.jpg
1 -110.084076 -156.284332 132.165421 -0.168103 0.984014 0.058801 0.815800 0.406900
1 -117.541473 -168.239624 192.755600 -0.664226 0.446917 0.599223 0.721200 0.963900
1 -82.182587 -137.725922 205.531601 0.966139 -0.255210 0.038002 0.928900 0.999500
deep_dragon.jpg
1 -117.541473 -168.239624 192.755600 -0.664226 0.446917 0.599223 0.721200 0.963900
1 -115.605469 -171.315735 182.099686 0.622084 -0.717581 0.313192 0.724200 0.810200
1 -82.182587 -137.725922 205.531601 0.966139 -0.255210 0.038002 0.928900 0.999500
deep_dragon.jpg
1 -115.605469 -171.315735 182.099686 0.622084 -0.717581 0.313192 0.724200 0.810200
1 -107.489868 -168.128525 127.498611 0.956778 -0.290293 -0.017500 0.743600 0.369200
1 -82.182587 -137.725922 205.531601 0.966139 -0.255210 0.038002 0.928900 0.999500
deep_dragon.jpg
1 -116.866577 -164.387833 84.843307 0.751548 -0.166810 -0.638240 0.766400 0.024700
1 -110.084076 -156.284332 132.165421 -0.168103 0.984014 0.058801 0.815800 0.406900
1 -91.005783 -126.146515 81.844101 0.967154 -0.222612 -0.122707 0.999500 0.000500
deep_dragon.jpg
1 -110.084076 -156.284332 132.165421 -0.168103 0.984014 0.058801 0.815800 0.406900
1 -107.489868 -168.128525 127.498611 0.956778 -0.290293 -0.017500 0.743600 0.369200
1 -91.005783 -126.146515 81.844101 0.967154 -0.222612 -0.122707 0.999500 0.000500
deep_dragon.jpg
1 -107.489868 -168.128525 127.498611 0.956778 -0.290293 -0.017500 0.743600 0.369200
1 -114.870972 -167.073624 91.234604 0.905159 -0.348284 -0.243689 0.750100 0.076300
1 -91.005783 -126.146515 81.844101 0.967154 -0.222612 -0.122707 0.999500 0.000500
deep_dragon.jpg
1 -114.870972 -167.073624 91.234604 0.905159 -0.348284 -0.243689 0.750100 0.076300
1 -116.866577 -164.387833 84.843307 0.751548 -0.166810 -0.638240 0.766400 0.024700
1 -91.005783 -126.146515 81.844101 0.967154 -0.222612 -0.122707 0.999500 0.000500
deep_dragon.jpg
1 -137.900360 -234.331314 85.590805 0.938707 -0.243902 -0.243602 0.340100 0.030800
1 -128.569366 -236.621918 119.650101 0.792169 -0.599177 0.115996 0.326200 0.305900
1 -135.097870 -250.380737 104.813599 0.318693 -0.287893 0.903079 0.224600 0.222300
deep_dragon.jpg
1 -128.569366 -236.621918 119.650101 0.792169 -0.599177 0.115996 0.326200 0.305900
1 -149.890472 -220.533234 119.611496 0.000000 -0.747294 0.664494 0.326200 0.305900
1 -149.890350 -242.801941 94.569504 0.000000 -0.411179 0.911554 0.224600 0.222300
deep_dragon.jpg
1 -149.890350 -242.801941 94.569504 0.000000 -0.411179 0.911554 0.224600 0.222300
1 -135.097870 -250.380737 104.813599 0.318693 -0.287893 0.903079 0.224600 0.222300
1 -128.569366 -236.621918 119.650101 0.792169 -0.599177 0.115996 0.326200 0.305900
deep_dragon.jpg
1 -137.900360 -234.331314 85.590805 0.938707 -0.243902 -0.243602 0.340100 0.030800
1 -135.097870 -250.380737 104.813599 0.318693 -0.287893 0.903079 0.224600 0.222300
1 -139.766968 -283.370819 100.282608 0.823613 -0.527908 -0.207303 0.029400 0.183200
deep_dragon.jpg
1 -139.766968 -283.370819 100.282608 0.823613 -0.527908 -0.207303 0.029400 0.183200
1 -143.122284 -273.991119 88.009399 0.753708 -0.427805 -0.498906 0.098400 0.050300
1 -137.900360 -234.331314 85.590805 0.938707 -0.243902 -0.243602 0.340100 0.030800
deep_dragon.jpg
1 -135.097870 -250.380737 104.813599 0.318693 -0.287893 0.903079 0.224600 0.222300
1 -149.890350 -242.801941 94.569504 0.000000 -0.411179 0.911554 0.224600 0.222300
1 -149.890350 -287.120117 100.282608 0.000000 -0.546481 0.837471 0.086600 0.134900
deep_dragon.jpg
1 -149.890350 -287.120117 100.282608 0.000000 -0.546481 0.837471 0.086600 0.134900
1 -139.766968 -283.370819 100.282608 0.823613 -0.527908 -0.207303 0.029400 0.183200
1 -135.097870 -250.380737 104.813599 0.318693 -0.287893 0.903079 0.224600 0.222300
wire_netting01.jpg
1 -251.708893 41.602165 345.654175 -0.202592 0.979263 0.000000 0.224900 0.665900
1 -251.708801 33.535866 337.587891 -0.202592 -0.000000 -0.979263 0.164300 0.726500
1 -298.411102 33.535862 345.654175 -1.000000 -0.000000 0.000000 0.164300 0.665900
wire_netting01.jpg
1 -251.708801 33.535866 337.587891 -0.202592 -0.000000 -0.979263 0.164300 0.726500
1 -251.708801 25.469566 345.654175 -0.202592 -0.979263 0.000000 0.103700 0.665900
1 -298.411102 33.535862 345.654175 -1.000000 -0.000000 0.000000 0.164300 0.665900
wire_netting01.jpg
1 -251.708801 25.469566 345.654175 -0.202592 -0.979263 0.000000 0.103700 0.665900
1 -251.708801 33.535866 353.720459 -0.202592 -0.000000 0.979263 0.164300 0.605300
1 -298.411102 33.535862 345.654175 -1.000000 -0.000000 0.000000 0.164300 0.665900
wire_netting01.jpg
1 -251.708801 33.535866 353.720459 -0.202592 -0.000000 0.979263 0.164300 0.605300
1 -251.708893 41.602165 345.654175 -0.202592 0.979263 0.000000 0.224900 0.665900
1 -298.411102 33.535862 345.654175 -1.000000 -0.000000 0.000000 0.164300 0.665900
wire_netting01.jpg
1 -251.708893 23.672565 335.752991 -1.000000 -0.000000 0.000000 0.090100 0.740300
1 -251.708801 23.672466 354.765503 -1.000000 -0.000000 0.000000 0.090100 0.597400
1 -251.708801 42.685066 335.752869 -1.000000 -0.000000 0.000000 0.233000 0.740300
wire_netting01.jpg
1 -251.708801 42.685066 354.765503 -1.000000 -0.000000 0.000000 0.233000 0.597400
1 -251.708801 42.685066 335.752869 -1.000000 -0.000000 0.000000 0.233000 0.740300
1 -251.708801 23.672466 354.765503 -1.000000 -0.000000 0.000000 0.090100 0.597400
wire_netting01.jpg
1 -251.708801 42.685066 354.765503 0.000000 0.000000 1.000000 1.873800 0.802300
1 -251.708801 23.672466 354.765503 0.000000 0.000000 1.000000 1.600500 0.802300
1 -244.103882 42.684967 354.765503 0.000000 0.000000 1.000000 1.873800 0.696600
wire_netting01.jpg
1 -244.103882 23.672466 354.765503 0.000000 0.000000 1.000000 1.600500 0.696600
1 -244.103882 42.684967 354.765503 0.000000 0.000000 1.000000 1.873800 0.696600
1 -251.708801 23.672466 354.765503 0.000000 0.000000 1.000000 1.600500 0.802300
wire_netting01.jpg
1 -251.708801 42.685066 335.752869 -0.000000 1.000000 0.000000 1.298000 0.839000
1 -251.708801 42.685066 354.765503 -0.000000 1.000000 0.000000 1.008100 0.839000
1 -244.103882 42.684967 335.752991 -0.000000 1.000000 0.000000 1.298000 0.669700
wire_netting01.jpg
1 -244.103882 42.684967 354.765503 -0.000000 1.000000 0.000000 1.008100 0.669700
1 -244.103882 42.684967 335.752991 -0.000000 1.000000 0.000000 1.298000 0.669700
1 -251.708801 42.685066 354.765503 -0.000000 1.000000 0.000000 1.008100 0.839000
wire_netting01.jpg
1 -251.708893 23.672565 335.752991 0.000000 -0.000000 -1.000000 1.600500 0.802300
1 -251.708801 42.685066 335.752869 0.000000 -0.000000 -1.000000 1.873800 0.802300
1 -244.103821 23.672466 335.752991 0.000000 -0.000000 -1.000000 1.600500 0.696600
wire_netting01.jpg
1 -244.103882 42.684967 335.752991 0.000000 -0.000000 -1.000000 1.873800 0.696600
1 -244.103821 23.672466 335.752991 0.000000 -0.000000 -1.000000 1.600500 0.696600
1 -251.708801 42.685066 335.752869 0.000000 -0.000000 -1.000000 1.873800 0.802300
wire_netting01.jpg
1 -251.708801 23.672466 354.765503 0.000000 -1.000000 0.000000 1.008100 0.839000
1 -251.708893 23.672565 335.752991 0.000000 -1.000000 0.000000 1.298000 0.839000
1 -244.103882 23.672466 354.765503 0.000000 -1.000000 0.000000 1.008100 0.669700
wire_netting01.jpg
1 -244.103821 23.672466 335.752991 0.000000 -1.000000 0.000000 1.298000 0.669700
1 -244.103882 23.672466 354.765503 0.000000 -1.000000 0.000000 1.008100 0.669700
1 -251.708893 23.672565 335.752991 0.000000 -1.000000 0.000000 1.298000 0.839000
wire_netting01.jpg
1 -244.579071 -227.212646 337.792664 -0.864739 -0.000000 -0.502222 -1.794400 0.703200
1 -249.943604 49.596066 345.503113 -0.864739 -0.000000 -0.502222 2.794400 0.777700
1 -244.578979 49.596066 337.792664 -0.864739 -0.000000 -0.502222 2.794400 0.703200
wire_netting01.jpg
1 -244.579071 -227.212646 337.792664 -0.864739 -0.000000 -0.502222 -1.794400 0.703200
1 -249.943573 -227.212646 345.502869 -0.864739 -0.000000 -0.502222 -1.794400 0.777800
1 -249.943604 49.596066 345.503113 -0.864739 -0.000000 -0.502222 2.794400 0.777700
wire_netting01.jpg
1 -249.943573 -227.212646 345.502869 -0.855732 -0.000000 0.517419 -1.794400 0.777800
1 -244.524719 49.596066 352.983582 -0.855732 -0.000000 0.517419 2.794400 0.702400
1 -249.943604 49.596066 345.503113 -0.855732 -0.000000 0.517419 2.794400 0.777700
wire_netting01.jpg
1 -249.943573 -227.212646 345.502869 -0.855732 -0.000000 0.517419 -1.794400 0.777800
1 -244.524750 -227.212646 352.983582 -0.855732 -0.000000 0.517419 -1.794400 0.702400
1 -244.524719 49.596066 352.983582 -0.855732 -0.000000 0.517419 2.794400 0.702400
wire_netting01.jpg
1 -251.708771 -43.807236 345.654175 -0.202592 0.979263 0.000000 0.224900 0.665900
1 -251.708801 -51.873539 337.587769 -0.202592 -0.000000 -0.979263 0.164300 0.726500
1 -298.411102 -51.873638 345.654175 -1.000000 -0.000000 0.000000 0.164300 0.665900
wire_netting01.jpg
1 -251.708801 -51.873539 337.587769 -0.202592 -0.000000 -0.979263 0.164300 0.726500
1 -251.708893 -59.939938 345.654175 -0.202592 -0.979263 0.000000 0.103700 0.665900
1 -298.411102 -51.873638 345.654175 -1.000000 -0.000000 0.000000 0.164300 0.665900
wire_netting01.jpg
1 -251.708893 -59.939938 345.654175 -0.202592 -0.979263 0.000000 0.103700 0.665900
1 -251.708801 -51.873539 353.720459 -0.202592 -0.000000 0.979263 0.164300 0.605300
1 -298.411102 -51.873638 345.654175 -1.000000 -0.000000 0.000000 0.164300 0.665900
wire_netting01.jpg
1 -251.708801 -51.873539 353.720459 -0.202592 -0.000000 0.979263 0.164300 0.605300
1 -251.708771 -43.807236 345.654175 -0.202592 0.979263 0.000000 0.224900 0.665900
1 -298.411102 -51.873638 345.654175 -1.000000 -0.000000 0.000000 0.164300 0.665900
wire_netting01.jpg
1 -251.708801 -61.736942 335.752869 -1.000000 -0.000000 0.000000 0.090100 0.740300
1 -251.708893 -61.736942 354.765503 -1.000000 -0.000000 0.000000 0.090100 0.597400
1 -251.708862 -42.724434 335.752991 -1.000000 -0.000000 0.000000 0.233000 0.740300
wire_netting01.jpg
1 -251.708862 -42.724434 354.765503 -1.000000 -0.000000 0.000000 0.233000 0.597400
1 -251.708862 -42.724434 335.752991 -1.000000 -0.000000 0.000000 0.233000 0.740300
1 -251.708893 -61.736942 354.765503 -1.000000 -0.000000 0.000000 0.090100 0.597400
wire_netting01.jpg
1 -251.708862 -42.724434 354.765503 0.000000 0.000000 1.000000 1.873800 0.802300
1 -251.708893 -61.736942 354.765503 0.000000 0.000000 1.000000 1.600500 0.802300
1 -244.103851 -42.724434 354.765503 0.000000 0.000000 1.000000 1.873800 0.696600
wire_netting01.jpg
1 -244.103821 -61.736935 354.765503 0.000000 0.000000 1.000000 1.600500 0.696600
1 -244.103851 -42.724434 354.765503 0.000000 0.000000 1.000000 1.873800 0.696600
1 -251.708893 -61.736942 354.765503 0.000000 0.000000 1.000000 1.600500 0.802300
wire_netting01.jpg
1 -251.708862 -42.724434 335.752991 -0.000000 1.000000 0.000000 1.298000 0.839000
1 -251.708862 -42.724434 354.765503 -0.000000 1.000000 0.000000 1.008100 0.839000
1 -244.103851 -42.724434 335.752991 -0.000000 1.000000 0.000000 1.298000 0.669700
wire_netting01.jpg
1 -244.103851 -42.724434 354.765503 -0.000000 1.000000 0.000000 1.008100 0.669700
1 -244.103851 -42.724434 335.752991 -0.000000 1.000000 0.000000 1.298000 0.669700
1 -251.708862 -42.724434 354.765503 -0.000000 1.000000 0.000000 1.008100 0.839000
wire_netting01.jpg
1 -251.708801 -61.736942 335.752869 0.000000 -0.000000 -1.000000 1.600500 0.802300
1 -251.708862 -42.724434 335.752991 0.000000 -0.000000 -1.000000 1.873800 0.802300
1 -244.103882 -61.736935 335.752869 0.000000 -0.000000 -1.000000 1.600500 0.696600
wire_netting01.jpg
1 -244.103851 -42.724434 335.752991 0.000000 -0.000000 -1.000000 1.873800 0.696600
1 -244.103882 -61.736935 335.752869 0.000000 -0.000000 -1.000000 1.600500 0.696600
1 -251.708862 -42.724434 335.752991 0.000000 -0.000000 -1.000000 1.873800 0.802300
wire_netting01.jpg
1 -251.708893 -61.736942 354.765503 0.000000 -1.000000 0.000000 1.008100 0.839000
1 -251.708801 -61.736942 335.752869 0.000000 -1.000000 0.000000 1.298000 0.839000
1 -244.103821 -61.736935 354.765503 0.000000 -1.000000 0.000000 1.008100 0.669700
wire_netting01.jpg
1 -244.103882 -61.736935 335.752869 0.000000 -1.000000 0.000000 1.298000 0.669700
1 -244.103821 -61.736935 354.765503 0.000000 -1.000000 0.000000 1.008100 0.669700
1 -251.708801 -61.736942 335.752869 0.000000 -1.000000 0.000000 1.298000 0.839000
wire_netting01.jpg
1 -251.708771 -130.411926 345.654114 -0.202592 0.979263 0.000000 0.224900 0.665900
1 -251.708771 -138.478226 337.587769 -0.202592 -0.000000 -0.979263 0.164300 0.726500
1 -298.411072 -138.478241 345.654175 -1.000000 -0.000000 0.000000 0.164300 0.665900
wire_netting01.jpg
1 -251.708771 -138.478226 337.587769 -0.202592 -0.000000 -0.979263 0.164300 0.726500
1 -251.708771 -146.544525 345.654114 -0.202592 -0.979263 0.000000 0.103700 0.665900
1 -298.411072 -138.478241 345.654175 -1.000000 -0.000000 0.000000 0.164300 0.665900
wire_netting01.jpg
1 -251.708771 -146.544525 345.654114 -0.202592 -0.979263 0.000000 0.103700 0.665900
1 -251.708771 -138.478226 353.720459 -0.202592 -0.000000 0.979263 0.164300 0.605300
1 -298.411072 -138.478241 345.654175 -1.000000 -0.000000 0.000000 0.164300 0.665900
wire_netting01.jpg
1 -251.708771 -138.478226 353.720459 -0.202592 -0.000000 0.979263 0.164300 0.605300
1 -251.708771 -130.411926 345.654114 -0.202592 0.979263 0.000000 0.224900 0.665900
1 -298.411072 -138.478241 345.654175 -1.000000 -0.000000 0.000000 0.164300 0.665900
wire_netting01.jpg
1 -251.708771 -148.341537 335.752869 -1.000000 -0.000000 0.000000 0.090100 0.740300
1 -251.708771 -148.341537 354.765381 -1.000000 -0.000000 0.000000 0.090100 0.597400
1 -251.708771 -129.329025 335.752869 -1.000000 -0.000000 0.000000 0.233000 0.740300
wire_netting01.jpg
1 -251.708771 -129.329025 354.765381 -1.000000 -0.000000 0.000000 0.233000 0.597400
1 -251.708771 -129.329025 335.752869 -1.000000 -0.000000 0.000000 0.233000 0.740300
1 -251.708771 -148.341537 354.765381 -1.000000 -0.000000 0.000000 0.090100 0.597400
wire_netting01.jpg
1 -251.708771 -129.329025 354.765381 0.000000 0.000000 1.000000 1.873800 0.802300
1 -251.708771 -148.341537 354.765381 0.000000 0.000000 1.000000 1.600500 0.802300
1 -244.103851 -129.329041 354.765381 0.000000 0.000000 1.000000 1.873800 0.696600
wire_netting01.jpg
1 -244.103851 -148.341553 354.765381 0.000000 0.000000 1.000000 1.600500 0.696600
1 -244.103851 -129.329041 354.765381 0.000000 0.000000 1.000000 1.873800 0.696600
1 -251.708771 -148.341537 354.765381 0.000000 0.000000 1.000000 1.600500 0.802300
wire_netting01.jpg
1 -251.708771 -129.329025 335.752869 -0.000000 1.000000 0.000000 1.298000 0.839000
1 -251.708771 -129.329025 354.765381 -0.000000 1.000000 0.000000 1.008100 0.839000
1 -244.103851 -129.329041 335.752869 -0.000000 1.000000 0.000000 1.298000 0.669700
wire_netting01.jpg
1 -244.103851 -129.329041 354.765381 -0.000000 1.000000 0.000000 1.008100 0.669700
1 -244.103851 -129.329041 335.752869 -0.000000 1.000000 0.000000 1.298000 0.669700
1 -251.708771 -129.329025 354.765381 -0.000000 1.000000 0.000000 1.008100 0.839000
wire_netting01.jpg
1 -251.708771 -148.341537 335.752869 0.000000 -0.000000 -1.000000 1.600500 0.802300
1 -251.708771 -129.329025 335.752869 0.000000 -0.000000 -1.000000 1.873800 0.802300
1 -244.103790 -148.341553 335.752869 0.000000 -0.000000 -1.000000 1.600500 0.696600
wire_netting01.jpg
1 -244.103851 -129.329041 335.752869 0.000000 -0.000000 -1.000000 1.873800 0.696600
1 -244.103790 -148.341553 335.752869 0.000000 -0.000000 -1.000000 1.600500 0.696600
1 -251.708771 -129.329025 335.752869 0.000000 -0.000000 -1.000000 1.873800 0.802300
wire_netting01.jpg
1 -251.708771 -148.341537 354.765381 0.000000 -1.000000 0.000000 1.008100 0.839000
1 -251.708771 -148.341537 335.752869 0.000000 -1.000000 0.000000 1.298000 0.839000
1 -244.103851 -148.341553 354.765381 0.000000 -1.000000 0.000000 1.008100 0.669700
wire_netting01.jpg
1 -244.103790 -148.341553 335.752869 0.000000 -1.000000 0.000000 1.298000 0.669700
1 -244.103851 -148.341553 354.765381 0.000000 -1.000000 0.000000 1.008100 0.669700
1 -251.708771 -148.341537 335.752869 0.000000 -1.000000 0.000000 1.298000 0.839000
wire_netting01.jpg
1 -93.416183 -228.141022 345.783264 -0.990860 -0.134895 0.000000 0.224900 0.665900
1 -85.349884 -228.141022 337.716858 0.000000 -0.160993 -0.986956 0.164300 0.726500
1 -85.349777 -277.602234 345.783264 0.000000 -1.000000 0.000000 0.164300 0.665900
wire_netting01.jpg
1 -85.349884 -228.141022 337.716858 0.000000 -0.160993 -0.986956 0.164300 0.726500
1 -77.283493 -228.141022 345.783264 0.990860 -0.134894 0.000000 0.103700 0.665900
1 -85.349777 -277.602234 345.783264 0.000000 -1.000000 0.000000 0.164300 0.665900
wire_netting01.jpg
1 -77.283493 -228.141022 345.783264 0.990860 -0.134894 0.000000 0.103700 0.665900
1 -85.349884 -228.141022 353.849609 0.000000 -0.160993 0.986956 0.164300 0.605300
1 -85.349777 -277.602234 345.783264 0.000000 -1.000000 0.000000 0.164300 0.665900
wire_netting01.jpg
1 -85.349884 -228.141022 353.849609 0.000000 -0.160993 0.986956 0.164300 0.605300
1 -93.416183 -228.141022 345.783264 -0.990860 -0.134895 0.000000 0.224900 0.665900
1 -85.349777 -277.602234 345.783264 0.000000 -1.000000 0.000000 0.164300 0.665900
wire_netting01.jpg
1 -75.486496 -228.141022 335.882080 0.000000 -1.000000 0.000000 0.090100 0.740300
1 -75.486496 -228.141022 354.894592 0.000000 -1.000000 0.000000 0.090100 0.597400
1 -94.498978 -228.141022 335.882080 0.000000 -1.000000 0.000000 0.233000 0.740300
wire_netting01.jpg
1 -94.498978 -228.141022 354.894592 0.000000 -1.000000 0.000000 0.233000 0.597400
1 -94.498978 -228.141022 335.882080 0.000000 -1.000000 0.000000 0.233000 0.740300
1 -75.486496 -228.141022 354.894592 0.000000 -1.000000 0.000000 0.090100 0.597400
wire_netting01.jpg
1 -94.498978 -228.141022 354.894592 0.000000 0.000000 1.000000 1.873800 0.802300
1 -75.486496 -228.141022 354.894592 0.000000 0.000000 1.000000 1.600500 0.802300
1 -94.498978 -220.536011 354.894592 0.000000 0.000000 1.000000 1.873800 0.696600
wire_netting01.jpg
1 -75.486496 -220.536011 354.894592 0.000000 0.000000 1.000000 1.600500 0.696600
1 -94.498978 -220.536011 354.894592 0.000000 0.000000 1.000000 1.873800 0.696600
1 -75.486496 -228.141022 354.894592 0.000000 0.000000 1.000000 1.600500 0.802300
wire_netting01.jpg
1 -94.498978 -228.141022 335.882080 -1.000000 -0.000000 0.000000 1.298000 0.839000
1 -94.498978 -228.141022 354.894592 -1.000000 -0.000000 0.000000 1.008100 0.839000
1 -94.498978 -220.536011 335.882080 -1.000000 -0.000000 0.000000 1.298000 0.669700
wire_netting01.jpg
1 -94.498978 -220.536011 354.894592 -1.000000 -0.000000 0.000000 1.008100 0.669700
1 -94.498978 -220.536011 335.882080 -1.000000 -0.000000 0.000000 1.298000 0.669700
1 -94.498978 -228.141022 354.894592 -1.000000 -0.000000 0.000000 1.008100 0.839000
wire_netting01.jpg
1 -75.486496 -228.141022 335.882080 0.000000 -0.000000 -1.000000 1.600500 0.802300
1 -94.498978 -228.141022 335.882080 0.000000 -0.000000 -1.000000 1.873800 0.802300
1 -75.486496 -220.536011 335.882080 0.000000 -0.000000 -1.000000 1.600500 0.696600
wire_netting01.jpg
1 -94.498978 -220.536011 335.882080 0.000000 -0.000000 -1.000000 1.873800 0.696600
1 -75.486496 -220.536011 335.882080 0.000000 -0.000000 -1.000000 1.600500 0.696600
1 -94.498978 -228.141022 335.882080 0.000000 -0.000000 -1.000000 1.873800 0.802300
wire_netting01.jpg
1 -75.486496 -228.141022 354.894592 1.000000 0.000000 0.000000 1.008100 0.839000
1 -75.486496 -228.141022 335.882080 1.000000 0.000000 0.000000 1.298000 0.839000
1 -75.486496 -220.536011 354.894592 1.000000 0.000000 0.000000 1.008100 0.669700
wire_netting01.jpg
1 -75.486496 -220.536011 335.882080 1.000000 0.000000 0.000000 1.298000 0.669700
1 -75.486496 -220.536011 354.894592 1.000000 0.000000 0.000000 1.008100 0.669700
1 -75.486496 -228.141022 335.882080 1.000000 0.000000 0.000000 1.298000 0.839000
wire_netting01.jpg
1 246.873413 -221.011292 337.921692 0.000000 -0.820887 -0.571091 -1.794400 0.703200
1 -244.733063 -226.375839 345.632080 0.000000 -0.820887 -0.571091 2.794400 0.777700
1 -244.733185 -221.011246 337.921814 0.000000 -0.820887 -0.571091 2.794400 0.703200
wire_netting01.jpg
1 246.873413 -221.011292 337.921692 0.000000 -0.820887 -0.571091 -1.794400 0.703200
1 246.873413 -226.375778 345.631958 0.000000 -0.820887 -0.571091 -1.794400 0.777800
1 -244.733063 -226.375839 345.632080 0.000000 -0.820887 -0.571091 2.794400 0.777700
wire_netting01.jpg
1 246.873413 -226.375778 345.631958 0.000000 -0.809850 0.586636 -1.794400 0.777800
1 -244.733063 -220.956940 353.112793 0.000000 -0.809850 0.586636 2.794400 0.702400
1 -244.733063 -226.375839 345.632080 0.000000 -0.809850 0.586636 2.794400 0.777700
wire_netting01.jpg
1 246.873413 -226.375778 345.631958 0.000000 -0.809850 0.586636 -1.794400 0.777800
1 246.873413 -220.956879 353.112671 0.000000 -0.809850 0.586636 -1.794400 0.702400
1 -244.733063 -220.956940 353.112793 0.000000 -0.809850 0.586636 2.794400 0.702400
wire_netting01.jpg
1 -8.006683 -228.141022 345.783264 -0.990860 -0.134895 0.000000 0.224900 0.665900
1 0.059616 -228.141006 337.716980 0.000000 -0.160993 -0.986956 0.164300 0.726500
1 0.059616 -277.602234 345.783264 0.000000 -1.000000 0.000000 0.164300 0.665900
wire_netting01.jpg
1 0.059616 -228.141006 337.716980 0.000000 -0.160993 -0.986956 0.164300 0.726500
1 8.126022 -228.141022 345.783264 0.990860 -0.134894 0.000000 0.103700 0.665900
1 0.059616 -277.602234 345.783264 0.000000 -1.000000 0.000000 0.164300 0.665900
wire_netting01.jpg
1 8.126022 -228.141022 345.783264 0.990860 -0.134894 0.000000 0.103700 0.665900
1 0.059616 -228.141006 353.849609 0.000000 -0.160993 0.986956 0.164300 0.605300
1 0.059616 -277.602234 345.783264 0.000000 -1.000000 0.000000 0.164300 0.665900
wire_netting01.jpg
1 0.059616 -228.141006 353.849609 0.000000 -0.160993 0.986956 0.164300 0.605300
1 -8.006683 -228.141022 345.783264 -0.990860 -0.134895 0.000000 0.224900 0.665900
1 0.059616 -277.602234 345.783264 0.000000 -1.000000 0.000000 0.164300 0.665900
wire_netting01.jpg
1 9.922913 -228.141022 335.881958 0.000000 -1.000000 0.000000 0.090100 0.740300
1 9.923019 -228.141022 354.894592 0.000000 -1.000000 0.000000 0.090100 0.597400
1 -9.089584 -228.141022 335.881958 0.000000 -1.000000 0.000000 0.233000 0.740300
wire_netting01.jpg
1 -9.089584 -228.141022 354.894592 0.000000 -1.000000 0.000000 0.233000 0.597400
1 -9.089584 -228.141022 335.881958 0.000000 -1.000000 0.000000 0.233000 0.740300
1 9.923019 -228.141022 354.894592 0.000000 -1.000000 0.000000 0.090100 0.597400
wire_netting01.jpg
1 -9.089584 -228.141022 354.894592 0.000000 0.000000 1.000000 1.873800 0.802300
1 9.923019 -228.141022 354.894592 0.000000 0.000000 1.000000 1.600500 0.802300
1 -9.089584 -220.536011 354.894592 0.000000 0.000000 1.000000 1.873800 0.696600
wire_netting01.jpg
1 9.923019 -220.536011 354.894592 0.000000 0.000000 1.000000 1.600500 0.696600
1 -9.089584 -220.536011 354.894592 0.000000 0.000000 1.000000 1.873800 0.696600
1 9.923019 -228.141022 354.894592 0.000000 0.000000 1.000000 1.600500 0.802300
wire_netting01.jpg
1 -9.089584 -228.141022 335.881958 -1.000000 -0.000000 0.000000 1.298000 0.839000
1 -9.089584 -228.141022 354.894592 -1.000000 -0.000000 0.000000 1.008100 0.839000
1 -9.089584 -220.536011 335.881958 -1.000000 -0.000000 0.000000 1.298000 0.669700
wire_netting01.jpg
1 -9.089584 -220.536011 354.894592 -1.000000 -0.000000 0.000000 1.008100 0.669700
1 -9.089584 -220.536011 335.881958 -1.000000 -0.000000 0.000000 1.298000 0.669700
1 -9.089584 -228.141022 354.894592 -1.000000 -0.000000 0.000000 1.008100 0.839000
wire_netting01.jpg
1 9.922913 -228.141022 335.881958 0.000000 -0.000000 -1.000000 1.600500 0.802300
1 -9.089584 -228.141022 335.881958 0.000000 -0.000000 -1.000000 1.873800 0.802300
1 9.923019 -220.536011 335.881958 0.000000 -0.000000 -1.000000 1.600500 0.696600
wire_netting01.jpg
1 -9.089584 -220.536011 335.881958 0.000000 -0.000000 -1.000000 1.873800 0.696600
1 9.923019 -220.536011 335.881958 0.000000 -0.000000 -1.000000 1.600500 0.696600
1 -9.089584 -228.141022 335.881958 0.000000 -0.000000 -1.000000 1.873800 0.802300
wire_netting01.jpg
1 9.923019 -228.141022 354.894592 1.000000 0.000000 0.000000 1.008100 0.839000
1 9.922913 -228.141022 335.881958 1.000000 0.000000 0.000000 1.298000 0.839000
1 9.923019 -220.536011 354.894592 1.000000 0.000000 0.000000 1.008100 0.669700
wire_netting01.jpg
1 9.923019 -220.536011 335.881958 1.000000 0.000000 0.000000 1.298000 0.669700
1 9.923019 -220.536011 354.894592 1.000000 0.000000 0.000000 1.008100 0.669700
1 9.922913 -228.141022 335.881958 1.000000 0.000000 0.000000 1.298000 0.839000
wire_netting01.jpg
1 78.597923 -228.141022 345.783264 -0.990860 -0.134895 0.000000 0.224900 0.665900
1 86.664223 -228.141022 337.716858 0.000000 -0.160993 -0.986956 0.164300 0.726500
1 86.664230 -277.602203 345.783264 0.000000 -1.000000 0.000000 0.164300 0.665900
wire_netting01.jpg
1 86.664223 -228.141022 337.716858 0.000000 -0.160993 -0.986956 0.164300 0.726500
1 94.730522 -228.141006 345.783264 0.990860 -0.134894 0.000000 0.103700 0.665900
1 86.664230 -277.602203 345.783264 0.000000 -1.000000 0.000000 0.164300 0.665900
wire_netting01.jpg
1 94.730522 -228.141006 345.783264 0.990860 -0.134894 0.000000 0.103700 0.665900
1 86.664223 -228.141022 353.849609 0.000000 -0.160993 0.986956 0.164300 0.605300
1 86.664230 -277.602203 345.783264 0.000000 -1.000000 0.000000 0.164300 0.665900
wire_netting01.jpg
1 86.664223 -228.141022 353.849609 0.000000 -0.160993 0.986956 0.164300 0.605300
1 78.597923 -228.141022 345.783264 -0.990860 -0.134895 0.000000 0.224900 0.665900
1 86.664230 -277.602203 345.783264 0.000000 -1.000000 0.000000 0.164300 0.665900
wire_netting01.jpg
1 96.527618 -228.141006 335.881958 0.000000 -1.000000 0.000000 0.090100 0.740300
1 96.527618 -228.141006 354.894592 0.000000 -1.000000 0.000000 0.090100 0.597400
1 77.515022 -228.141022 335.882080 0.000000 -1.000000 0.000000 0.233000 0.740300
wire_netting01.jpg
1 77.515022 -228.141022 354.894592 0.000000 -1.000000 0.000000 0.233000 0.597400
1 77.515022 -228.141022 335.882080 0.000000 -1.000000 0.000000 0.233000 0.740300
1 96.527618 -228.141006 354.894592 0.000000 -1.000000 0.000000 0.090100 0.597400
wire_netting01.jpg
1 77.515022 -228.141022 354.894592 0.000000 0.000000 1.000000 1.873800 0.802300
1 96.527618 -228.141006 354.894592 0.000000 0.000000 1.000000 1.600500 0.802300
1 77.515015 -220.536011 354.894592 0.000000 0.000000 1.000000 1.873800 0.696600
wire_netting01.jpg
1 96.527618 -220.535995 354.894592 0.000000 0.000000 1.000000 1.600500 0.696600
1 77.515015 -220.536011 354.894592 0.000000 0.000000 1.000000 1.873800 0.696600
1 96.527618 -228.141006 354.894592 0.000000 0.000000 1.000000 1.600500 0.802300
wire_netting01.jpg
1 77.515022 -228.141022 335.882080 -1.000000 -0.000000 0.000000 1.298000 0.839000
1 77.515022 -228.141022 354.894592 -1.000000 -0.000000 0.000000 1.008100 0.839000
1 77.515015 -220.536011 335.882080 -1.000000 -0.000000 0.000000 1.298000 0.669700
wire_netting01.jpg
1 77.515015 -220.536011 354.894592 -1.000000 -0.000000 0.000000 1.008100 0.669700
1 77.515015 -220.536011 335.882080 -1.000000 -0.000000 0.000000 1.298000 0.669700
1 77.515022 -228.141022 354.894592 -1.000000 -0.000000 0.000000 1.008100 0.839000
wire_netting01.jpg
1 96.527618 -228.141006 335.881958 0.000000 -0.000000 -1.000000 1.600500 0.802300
1 77.515022 -228.141022 335.882080 0.000000 -0.000000 -1.000000 1.873800 0.802300
1 96.527618 -220.535995 335.881958 0.000000 -0.000000 -1.000000 1.600500 0.696600
wire_netting01.jpg
1 77.515015 -220.536011 335.882080 0.000000 -0.000000 -1.000000 1.873800 0.696600
1 96.527618 -220.535995 335.881958 0.000000 -0.000000 -1.000000 1.600500 0.696600
1 77.515022 -228.141022 335.882080 0.000000 -0.000000 -1.000000 1.873800 0.802300
wire_netting01.jpg
1 96.527618 -228.141006 354.894592 1.000000 0.000000 0.000000 1.008100 0.839000
1 96.527618 -228.141006 335.881958 1.000000 0.000000 0.000000 1.298000 0.839000
1 96.527618 -220.535995 354.894592 1.000000 0.000000 0.000000 1.008100 0.669700
wire_netting01.jpg
1 96.527618 -220.535995 335.881958 1.000000 0.000000 0.000000 1.298000 0.669700
1 96.527618 -220.535995 354.894592 1.000000 0.000000 0.000000 1.008100 0.669700
1 96.527618 -228.141006 335.881958 1.000000 0.000000 0.000000 1.298000 0.839000
wire_netting01.jpg
1 252.086823 -146.627090 345.654175 0.202592 -0.979263 0.000000 0.224900 0.665900
1 252.086823 -138.560791 337.587769 0.202592 0.000000 -0.979263 0.164300 0.726500
1 298.789124 -138.560791 345.654175 1.000000 0.000000 0.000000 0.164300 0.665900
wire_netting01.jpg
1 252.086823 -138.560791 337.587769 0.202592 0.000000 -0.979263 0.164300 0.726500
1 252.086823 -130.494385 345.654175 0.202592 0.979263 0.000000 0.103700 0.665900
1 298.789124 -138.560791 345.654175 1.000000 0.000000 0.000000 0.164300 0.665900
wire_netting01.jpg
1 252.086823 -130.494385 345.654175 0.202592 0.979263 0.000000 0.103700 0.665900
1 252.086823 -138.560791 353.720459 0.202592 0.000000 0.979263 0.164300 0.605300
1 298.789124 -138.560791 345.654175 1.000000 0.000000 0.000000 0.164300 0.665900
wire_netting01.jpg
1 252.086823 -138.560791 353.720459 0.202592 0.000000 0.979263 0.164300 0.605300
1 252.086823 -146.627090 345.654175 0.202592 -0.979263 0.000000 0.224900 0.665900
1 298.789124 -138.560791 345.654175 1.000000 0.000000 0.000000 0.164300 0.665900
wire_netting01.jpg
1 252.086823 -128.697479 335.752991 1.000000 0.000000 0.000000 0.090100 0.740300
1 252.086823 -128.697388 354.765503 1.000000 0.000000 0.000000 0.090100 0.597400
1 252.086823 -147.709991 335.752991 1.000000 0.000000 0.000000 0.233000 0.740300
wire_netting01.jpg
1 252.086823 -147.709991 354.765503 1.000000 0.000000 0.000000 0.233000 0.597400
1 252.086823 -147.709991 335.752991 1.000000 0.000000 0.000000 0.233000 0.740300
1 252.086823 -128.697388 354.765503 1.000000 0.000000 0.000000 0.090100 0.597400
wire_netting01.jpg
1 252.086823 -147.709991 354.765503 0.000000 0.000000 1.000000 1.873800 0.802300
1 252.086823 -128.697388 354.765503 0.000000 0.000000 1.000000 1.600500 0.802300
1 244.481812 -147.709991 354.765503 0.000000 0.000000 1.000000 1.873800 0.696600
wire_netting01.jpg
1 244.481812 -128.697388 354.765503 0.000000 0.000000 1.000000 1.600500 0.696600
1 244.481812 -147.709991 354.765503 0.000000 0.000000 1.000000 1.873800 0.696600
1 252.086823 -128.697388 354.765503 0.000000 0.000000 1.000000 1.600500 0.802300
wire_netting01.jpg
1 252.086823 -147.709991 335.752991 0.000000 -1.000000 0.000000 1.298000 0.839000
1 252.086823 -147.709991 354.765503 0.000000 -1.000000 0.000000 1.008100 0.839000
1 244.481812 -147.709991 335.752991 0.000000 -1.000000 0.000000 1.298000 0.669700
wire_netting01.jpg
1 244.481812 -147.709991 354.765503 0.000000 -1.000000 0.000000 1.008100 0.669700
1 244.481812 -147.709991 335.752991 0.000000 -1.000000 0.000000 1.298000 0.669700
1 252.086823 -147.709991 354.765503 0.000000 -1.000000 0.000000 1.008100 0.839000
wire_netting01.jpg
1 252.086823 -128.697479 335.752991 0.000000 -0.000000 -1.000000 1.600500 0.802300
1 252.086823 -147.709991 335.752991 0.000000 -0.000000 -1.000000 1.873800 0.802300
1 244.481812 -128.697388 335.752991 0.000000 -0.000000 -1.000000 1.600500 0.696600
wire_netting01.jpg
1 244.481812 -147.709991 335.752991 0.000000 -0.000000 -1.000000 1.873800 0.696600
1 244.481812 -128.697388 335.752991 0.000000 -0.000000 -1.000000 1.600500 0.696600
1 252.086823 -147.709991 335.752991 0.000000 -0.000000 -1.000000 1.873800 0.802300
wire_netting01.jpg
1 252.086823 -128.697388 354.765503 -0.000000 1.000000 0.000000 1.008100 0.839000
1 252.086823 -128.697479 335.752991 -0.000000 1.000000 0.000000 1.298000 0.839000
1 244.481812 -128.697388 354.765503 -0.000000 1.000000 0.000000 1.008100 0.669700
wire_netting01.jpg
1 244.481812 -128.697388 335.752991 -0.000000 1.000000 0.000000 1.298000 0.669700
1 244.481812 -128.697388 354.765503 -0.000000 1.000000 0.000000 1.008100 0.669700
1 252.086823 -128.697479 335.752991 -0.000000 1.000000 0.000000 1.298000 0.839000
wire_netting01.jpg
1 244.957001 50.339508 337.792603 0.864739 0.000000 -0.502222 -1.794400 0.703200
1 250.321518 -226.469284 345.503113 0.864739 0.000000 -0.502222 2.794400 0.777700
1 244.957016 -226.469284 337.792664 0.864739 0.000000 -0.502222 2.794400 0.703200
wire_netting01.jpg
1 244.957001 50.339508 337.792603 0.864739 0.000000 -0.502222 -1.794400 0.703200
1 250.321594 50.339508 345.502869 0.864739 0.000000 -0.502222 -1.794400 0.777800
1 250.321518 -226.469284 345.503113 0.864739 0.000000 -0.502222 2.794400 0.777700
wire_netting01.jpg
1 250.321594 50.339508 345.502869 0.855732 0.000000 0.517419 -1.794400 0.777800
1 244.902710 -226.469284 352.983704 0.855732 0.000000 0.517419 2.794400 0.702400
1 250.321518 -226.469284 345.503113 0.855732 0.000000 0.517419 2.794400 0.777700
wire_netting01.jpg
1 250.321594 50.339508 345.502869 0.855732 0.000000 0.517419 -1.794400 0.777800
1 244.902695 50.339508 352.983582 0.855732 0.000000 0.517419 -1.794400 0.702400
1 244.902710 -226.469284 352.983704 0.855732 0.000000 0.517419 2.794400 0.702400
wire_netting01.jpg
1 252.086807 -61.217693 345.654175 0.202592 -0.979263 0.000000 0.224900 0.665900
1 252.086823 -53.151394 337.587769 0.202592 0.000000 -0.979263 0.164300 0.726500
1 298.789124 -53.151386 345.654175 1.000000 0.000000 0.000000 0.164300 0.665900
wire_netting01.jpg
1 252.086823 -53.151394 337.587769 0.202592 0.000000 -0.979263 0.164300 0.726500
1 252.086823 -45.084991 345.654175 0.202592 0.979263 0.000000 0.103700 0.665900
1 298.789124 -53.151386 345.654175 1.000000 0.000000 0.000000 0.164300 0.665900
wire_netting01.jpg
1 252.086823 -45.084991 345.654175 0.202592 0.979263 0.000000 0.103700 0.665900
1 252.086823 -53.151394 353.720459 0.202592 0.000000 0.979263 0.164300 0.605300
1 298.789124 -53.151386 345.654175 1.000000 0.000000 0.000000 0.164300 0.665900
wire_netting01.jpg
1 252.086823 -53.151394 353.720459 0.202592 0.000000 0.979263 0.164300 0.605300
1 252.086807 -61.217693 345.654175 0.202592 -0.979263 0.000000 0.224900 0.665900
1 298.789124 -53.151386 345.654175 1.000000 0.000000 0.000000 0.164300 0.665900
wire_netting01.jpg
1 252.086823 -43.287891 335.752869 1.000000 0.000000 0.000000 0.090100 0.740300
1 252.086823 -43.287991 354.765381 1.000000 0.000000 0.000000 0.090100 0.597400
1 252.086807 -62.300495 335.752869 1.000000 0.000000 0.000000 0.233000 0.740300
wire_netting01.jpg
1 252.086807 -62.300495 354.765381 1.000000 0.000000 0.000000 0.233000 0.597400
1 252.086807 -62.300495 335.752869 1.000000 0.000000 0.000000 0.233000 0.740300
1 252.086823 -43.287991 354.765381 1.000000 0.000000 0.000000 0.090100 0.597400
wire_netting01.jpg
1 252.086807 -62.300495 354.765381 0.000000 0.000000 1.000000 1.873800 0.802300
1 252.086823 -43.287991 354.765381 0.000000 0.000000 1.000000 1.600500 0.802300
1 244.481796 -62.300495 354.765381 0.000000 0.000000 1.000000 1.873800 0.696600
wire_netting01.jpg
1 244.481812 -43.287991 354.765381 0.000000 0.000000 1.000000 1.600500 0.696600
1 244.481796 -62.300495 354.765381 0.000000 0.000000 1.000000 1.873800 0.696600
1 252.086823 -43.287991 354.765381 0.000000 0.000000 1.000000 1.600500 0.802300
wire_netting01.jpg
1 252.086807 -62.300495 335.752869 0.000000 -1.000000 0.000000 1.298000 0.839000
1 252.086807 -62.300495 354.765381 0.000000 -1.000000 0.000000 1.008100 0.839000
1 244.481796 -62.300495 335.752869 0.000000 -1.000000 0.000000 1.298000 0.669700
wire_netting01.jpg
1 244.481796 -62.300495 354.765381 0.000000 -1.000000 0.000000 1.008100 0.669700
1 244.481796 -62.300495 335.752869 0.000000 -1.000000 0.000000 1.298000 0.669700
1 252.086807 -62.300495 354.765381 0.000000 -1.000000 0.000000 1.008100 0.839000
wire_netting01.jpg
1 252.086823 -43.287891 335.752869 0.000000 -0.000000 -1.000000 1.600500 0.802300
1 252.086807 -62.300495 335.752869 0.000000 -0.000000 -1.000000 1.873800 0.802300
1 244.481812 -43.287891 335.752869 0.000000 -0.000000 -1.000000 1.600500 0.696600
wire_netting01.jpg
1 244.481796 -62.300495 335.752869 0.000000 -0.000000 -1.000000 1.873800 0.696600
1 244.481812 -43.287891 335.752869 0.000000 -0.000000 -1.000000 1.600500 0.696600
1 252.086807 -62.300495 335.752869 0.000000 -0.000000 -1.000000 1.873800 0.802300
wire_netting01.jpg
1 252.086823 -43.287991 354.765381 -0.000000 1.000000 0.000000 1.008100 0.839000
1 252.086823 -43.287891 335.752869 -0.000000 1.000000 0.000000 1.298000 0.839000
1 244.481812 -43.287991 354.765381 -0.000000 1.000000 0.000000 1.008100 0.669700
wire_netting01.jpg
1 244.481812 -43.287891 335.752869 -0.000000 1.000000 0.000000 1.298000 0.669700
1 244.481812 -43.287991 354.765381 -0.000000 1.000000 0.000000 1.008100 0.669700
1 252.086823 -43.287891 335.752869 -0.000000 1.000000 0.000000 1.298000 0.839000
wire_netting01.jpg
1 252.086807 25.387007 345.654175 0.202592 -0.979263 0.000000 0.224900 0.665900
1 252.086792 33.453308 337.587769 0.202592 0.000000 -0.979263 0.164300 0.726500
1 298.789093 33.453312 345.654175 1.000000 0.000000 0.000000 0.164300 0.665900
wire_netting01.jpg
1 252.086792 33.453308 337.587769 0.202592 0.000000 -0.979263 0.164300 0.726500
1 252.086807 41.519608 345.654114 0.202592 0.979263 0.000000 0.103700 0.665900
1 298.789093 33.453312 345.654175 1.000000 0.000000 0.000000 0.164300 0.665900
wire_netting01.jpg
1 252.086807 41.519608 345.654114 0.202592 0.979263 0.000000 0.103700 0.665900
1 252.086792 33.453308 353.720459 0.202592 0.000000 0.979263 0.164300 0.605300
1 298.789093 33.453312 345.654175 1.000000 0.000000 0.000000 0.164300 0.665900
wire_netting01.jpg
1 252.086792 33.453308 353.720459 0.202592 0.000000 0.979263 0.164300 0.605300
1 252.086807 25.387007 345.654175 0.202592 -0.979263 0.000000 0.224900 0.665900
1 298.789093 33.453312 345.654175 1.000000 0.000000 0.000000 0.164300 0.665900
wire_netting01.jpg
1 252.086807 43.316608 335.752869 1.000000 0.000000 0.000000 0.090100 0.740300
1 252.086807 43.316608 354.765381 1.000000 0.000000 0.000000 0.090100 0.597400
1 252.086807 24.304108 335.752869 1.000000 0.000000 0.000000 0.233000 0.740300
wire_netting01.jpg
1 252.086807 24.304108 354.765381 1.000000 0.000000 0.000000 0.233000 0.597400
1 252.086807 24.304108 335.752869 1.000000 0.000000 0.000000 0.233000 0.740300
1 252.086807 43.316608 354.765381 1.000000 0.000000 0.000000 0.090100 0.597400
wire_netting01.jpg
1 252.086807 24.304108 354.765381 0.000000 0.000000 1.000000 1.873800 0.802300
1 252.086807 43.316608 354.765381 0.000000 0.000000 1.000000 1.600500 0.802300
1 244.481796 24.304207 354.765381 0.000000 0.000000 1.000000 1.873800 0.696600
wire_netting01.jpg
1 244.481796 43.316704 354.765381 0.000000 0.000000 1.000000 1.600500 0.696600
1 244.481796 24.304207 354.765381 0.000000 0.000000 1.000000 1.873800 0.696600
1 252.086807 43.316608 354.765381 0.000000 0.000000 1.000000 1.600500 0.802300
wire_netting01.jpg
1 252.086807 24.304108 335.752869 0.000000 -1.000000 0.000000 1.298000 0.839000
1 252.086807 24.304108 354.765381 0.000000 -1.000000 0.000000 1.008100 0.839000
1 244.481796 24.304108 335.752869 0.000000 -1.000000 0.000000 1.298000 0.669700
wire_netting01.jpg
1 244.481796 24.304207 354.765381 0.000000 -1.000000 0.000000 1.008100 0.669700
1 244.481796 24.304108 335.752869 0.000000 -1.000000 0.000000 1.298000 0.669700
1 252.086807 24.304108 354.765381 0.000000 -1.000000 0.000000 1.008100 0.839000
wire_netting01.jpg
1 252.086807 43.316608 335.752869 0.000000 -0.000000 -1.000000 1.600500 0.802300
1 252.086807 24.304108 335.752869 0.000000 -0.000000 -1.000000 1.873800 0.802300
1 244.481796 43.316704 335.752869 0.000000 -0.000000 -1.000000 1.600500 0.696600
wire_netting01.jpg
1 244.481796 24.304108 335.752869 0.000000 -0.000000 -1.000000 1.873800 0.696600
1 244.481796 43.316704 335.752869 0.000000 -0.000000 -1.000000 1.600500 0.696600
1 252.086807 24.304108 335.752869 0.000000 -0.000000 -1.000000 1.873800 0.802300
wire_netting01.jpg
1 252.086807 43.316608 354.765381 -0.000000 1.000000 0.000000 1.008100 0.839000
1 252.086807 43.316608 335.752869 -0.000000 1.000000 0.000000 1.298000 0.839000
1 244.481796 43.316704 354.765381 -0.000000 1.000000 0.000000 1.008100 0.669700
wire_netting01.jpg
1 244.481796 43.316704 335.752869 -0.000000 1.000000 0.000000 1.298000 0.669700
1 244.481796 43.316704 354.765381 -0.000000 1.000000 0.000000 1.008100 0.669700
1 252.086807 43.316608 335.752869 -0.000000 1.000000 0.000000 1.298000 0.839000
wire_netting01.jpg
1 170.300812 -228.141006 345.783264 -0.990860 -0.134895 0.000000 0.224900 0.665900
1 178.367111 -228.141006 337.716858 0.000000 -0.160993 -0.986956 0.164300 0.726500
1 178.367126 -277.602203 345.783264 0.000000 -1.000000 0.000000 0.164300 0.665900
wire_netting01.jpg
1 178.367111 -228.141006 337.716858 0.000000 -0.160993 -0.986956 0.164300 0.726500
1 186.433411 -228.140991 345.783264 0.990860 -0.134894 0.000000 0.103700 0.665900
1 178.367126 -277.602203 345.783264 0.000000 -1.000000 0.000000 0.164300 0.665900
wire_netting01.jpg
1 186.433411 -228.140991 345.783264 0.990860 -0.134894 0.000000 0.103700 0.665900
1 178.367111 -228.141006 353.849609 0.000000 -0.160993 0.986956 0.164300 0.605300
1 178.367126 -277.602203 345.783264 0.000000 -1.000000 0.000000 0.164300 0.665900
wire_netting01.jpg
1 178.367111 -228.141006 353.849609 0.000000 -0.160993 0.986956 0.164300 0.605300
1 170.300812 -228.141006 345.783264 -0.990860 -0.134895 0.000000 0.224900 0.665900
1 178.367126 -277.602203 345.783264 0.000000 -1.000000 0.000000 0.164300 0.665900
wire_netting01.jpg
1 188.230515 -228.140991 335.882080 0.000000 -1.000000 0.000000 0.090100 0.740300
1 188.230515 -228.140991 354.894592 0.000000 -1.000000 0.000000 0.090100 0.597400
1 169.217911 -228.141006 335.882080 0.000000 -1.000000 0.000000 0.233000 0.740300
wire_netting01.jpg
1 169.217911 -228.141006 354.894592 0.000000 -1.000000 0.000000 0.233000 0.597400
1 169.217911 -228.141006 335.882080 0.000000 -1.000000 0.000000 0.233000 0.740300
1 188.230515 -228.140991 354.894592 0.000000 -1.000000 0.000000 0.090100 0.597400
wire_netting01.jpg
1 169.217911 -228.141006 354.894592 0.000000 0.000000 1.000000 1.873800 0.802300
1 188.230515 -228.140991 354.894592 0.000000 0.000000 1.000000 1.600500 0.802300
1 169.217911 -220.535995 354.894592 0.000000 0.000000 1.000000 1.873800 0.696600
wire_netting01.jpg
1 188.230515 -220.535980 354.894592 0.000000 0.000000 1.000000 1.600500 0.696600
1 169.217911 -220.535995 354.894592 0.000000 0.000000 1.000000 1.873800 0.696600
1 188.230515 -228.140991 354.894592 0.000000 0.000000 1.000000 1.600500 0.802300
wire_netting01.jpg
1 169.217911 -228.141006 335.882080 -1.000000 -0.000000 0.000000 1.298000 0.839000
1 169.217911 -228.141006 354.894592 -1.000000 -0.000000 0.000000 1.008100 0.839000
1 169.217911 -220.535995 335.882080 -1.000000 -0.000000 0.000000 1.298000 0.669700
wire_netting01.jpg
1 169.217911 -220.535995 354.894592 -1.000000 -0.000000 0.000000 1.008100 0.669700
1 169.217911 -220.535995 335.882080 -1.000000 -0.000000 0.000000 1.298000 0.669700
1 169.217911 -228.141006 354.894592 -1.000000 -0.000000 0.000000 1.008100 0.839000
wire_netting01.jpg
1 188.230515 -228.140991 335.882080 0.000000 -0.000000 -1.000000 1.600500 0.802300
1 169.217911 -228.141006 335.882080 0.000000 -0.000000 -1.000000 1.873800 0.802300
1 188.230515 -220.535980 335.882080 0.000000 -0.000000 -1.000000 1.600500 0.696600
wire_netting01.jpg
1 169.217911 -220.535995 335.882080 0.000000 -0.000000 -1.000000 1.873800 0.696600
1 188.230515 -220.535980 335.882080 0.000000 -0.000000 -1.000000 1.600500 0.696600
1 169.217911 -228.141006 335.882080 0.000000 -0.000000 -1.000000 1.873800 0.802300
wire_netting01.jpg
1 188.230515 -228.140991 354.894592 1.000000 0.000000 0.000000 1.008100 0.839000
1 188.230515 -228.140991 335.882080 1.000000 0.000000 0.000000 1.298000 0.839000
1 188.230515 -220.535980 354.894592 1.000000 0.000000 0.000000 1.008100 0.669700
wire_netting01.jpg
1 188.230515 -220.535980 335.882080 1.000000 0.000000 0.000000 1.298000 0.669700
1 188.230515 -220.535980 354.894592 1.000000 0.000000 0.000000 1.008100 0.669700
1 188.230515 -228.140991 335.882080 1.000000 0.000000 0.000000 1.298000 0.839000
wire_netting01.jpg
1 -177.136688 -228.141037 345.783264 -0.990860 -0.134895 0.000000 0.224900 0.665900
1 -169.070374 -228.141037 337.716980 0.000000 -0.160993 -0.986956 0.164300 0.726500
1 -169.070374 -277.602234 345.783264 0.000000 -1.000000 0.000000 0.164300 0.665900
wire_netting01.jpg
1 -169.070374 -228.141037 337.716980 0.000000 -0.160993 -0.986956 0.164300 0.726500
1 -161.004059 -228.141037 345.783264 0.990860 -0.134894 0.000000 0.103700 0.665900
1 -169.070374 -277.602234 345.783264 0.000000 -1.000000 0.000000 0.164300 0.665900
wire_netting01.jpg
1 -161.004059 -228.141037 345.783264 0.990860 -0.134894 0.000000 0.103700 0.665900
1 -169.070374 -228.141037 353.849609 0.000000 -0.160993 0.986956 0.164300 0.605300
1 -169.070374 -277.602234 345.783264 0.000000 -1.000000 0.000000 0.164300 0.665900
wire_netting01.jpg
1 -169.070374 -228.141037 353.849609 0.000000 -0.160993 0.986956 0.164300 0.605300
1 -177.136688 -228.141037 345.783264 -0.990860 -0.134895 0.000000 0.224900 0.665900
1 -169.070374 -277.602234 345.783264 0.000000 -1.000000 0.000000 0.164300 0.665900
wire_netting01.jpg
1 -159.206970 -228.141037 335.881958 0.000000 -1.000000 0.000000 0.090100 0.740300
1 -159.206970 -228.141037 354.894592 0.000000 -1.000000 0.000000 0.090100 0.597400
1 -178.219452 -228.141037 335.882080 0.000000 -1.000000 0.000000 0.233000 0.740300
wire_netting01.jpg
1 -178.219452 -228.141037 354.894592 0.000000 -1.000000 0.000000 0.233000 0.597400
1 -178.219452 -228.141037 335.882080 0.000000 -1.000000 0.000000 0.233000 0.740300
1 -159.206970 -228.141037 354.894592 0.000000 -1.000000 0.000000 0.090100 0.597400
wire_netting01.jpg
1 -178.219452 -228.141037 354.894592 0.000000 0.000000 1.000000 1.873800 0.802300
1 -159.206970 -228.141037 354.894592 0.000000 0.000000 1.000000 1.600500 0.802300
1 -178.219452 -220.536026 354.894592 0.000000 0.000000 1.000000 1.873800 0.696600
wire_netting01.jpg
1 -159.206970 -220.536026 354.894592 0.000000 0.000000 1.000000 1.600500 0.696600
1 -178.219452 -220.536026 354.894592 0.000000 0.000000 1.000000 1.873800 0.696600
1 -159.206970 -228.141037 354.894592 0.000000 0.000000 1.000000 1.600500 0.802300
wire_netting01.jpg
1 -178.219452 -228.141037 335.882080 -1.000000 -0.000000 0.000000 1.298000 0.839000
1 -178.219452 -228.141037 354.894592 -1.000000 -0.000000 0.000000 1.008100 0.839000
1 -178.219452 -220.536026 335.882080 -1.000000 -0.000000 0.000000 1.298000 0.669700
wire_netting01.jpg
1 -178.219452 -220.536026 354.894592 -1.000000 -0.000000 0.000000 1.008100 0.669700
1 -178.219452 -220.536026 335.882080 -1.000000 -0.000000 0.000000 1.298000 0.669700
1 -178.219452 -228.141037 354.894592 -1.000000 -0.000000 0.000000 1.008100 0.839000
wire_netting01.jpg
1 -159.206970 -228.141037 335.881958 0.000000 -0.000000 -1.000000 1.600500 0.802300
1 -178.219452 -228.141037 335.882080 0.000000 -0.000000 -1.000000 1.873800 0.802300
1 -159.206970 -220.536026 335.881958 0.000000 -0.000000 -1.000000 1.600500 0.696600
wire_netting01.jpg
1 -178.219452 -220.536026 335.882080 0.000000 -0.000000 -1.000000 1.873800 0.696600
1 -159.206970 -220.536026 335.881958 0.000000 -0.000000 -1.000000 1.600500 0.696600
1 -178.219452 -228.141037 335.882080 0.000000 -0.000000 -1.000000 1.873800 0.802300
wire_netting01.jpg
1 -159.206970 -228.141037 354.894592 1.000000 0.000000 0.000000 1.008100 0.839000
1 -159.206970 -228.141037 335.881958 1.000000 0.000000 0.000000 1.298000 0.839000
1 -159.206970 -220.536026 354.894592 1.000000 0.000000 0.000000 1.008100 0.669700
wire_netting01.jpg
1 -159.206970 -220.536026 335.881958 1.000000 0.000000 0.000000 1.298000 0.669700
1 -159.206970 -220.536026 354.894592 1.000000 0.000000 0.000000 1.008100 0.669700
1 -159.206970 -228.141037 335.881958 1.000000 0.000000 0.000000 1.298000 0.839000
wire_netting01.jpg
1 -257.355255 -225.228333 345.783264 -0.895723 0.444612 0.000000 0.224900 0.665900
1 -251.176056 -230.413330 337.716980 -0.109905 -0.132706 -0.985043 0.164300 0.726500
1 -282.969177 -268.302826 345.783264 -0.637693 -0.770291 0.000000 0.164300 0.665900
wire_netting01.jpg
1 -251.176056 -230.413330 337.716980 -0.109905 -0.132706 -0.985043 0.164300 0.726500
1 -244.996979 -235.598251 345.783264 0.718120 -0.695919 0.000000 0.103700 0.665900
1 -282.969177 -268.302826 345.783264 -0.637693 -0.770291 0.000000 0.164300 0.665900
wire_netting01.jpg
1 -244.996979 -235.598251 345.783264 0.718120 -0.695919 0.000000 0.103700 0.665900
1 -251.176056 -230.413330 353.849670 -0.109905 -0.132706 0.985043 0.164300 0.605300
1 -282.969177 -268.302826 345.783264 -0.637693 -0.770291 0.000000 0.164300 0.665900
wire_netting01.jpg
1 -251.176056 -230.413330 353.849670 -0.109905 -0.132706 0.985043 0.164300 0.605300
1 -257.355255 -225.228333 345.783264 -0.895723 0.444612 0.000000 0.224900 0.665900
1 -282.969177 -268.302826 345.783264 -0.637693 -0.770291 0.000000 0.164300 0.665900
wire_netting01.jpg
1 -243.620270 -236.753448 335.882080 -0.708954 -0.705255 0.000000 0.090100 0.740300
1 -243.620392 -236.753448 354.894592 -0.708954 -0.705255 0.000000 0.090100 0.597400
1 -258.184784 -224.532333 335.882080 -0.708954 -0.705255 0.000000 0.233000 0.740300
wire_netting01.jpg
1 -258.184784 -224.532333 354.894592 -0.708954 -0.705255 0.000000 0.233000 0.597400
1 -258.184784 -224.532333 335.882080 -0.708954 -0.705255 0.000000 0.233000 0.740300
1 -243.620392 -236.753448 354.894592 -0.708954 -0.705255 0.000000 0.090100 0.597400
wire_netting01.jpg
1 -258.184784 -224.532333 354.894592 0.000000 0.000000 1.000000 1.873800 0.802300
1 -243.620392 -236.753448 354.894592 0.000000 0.000000 1.000000 1.600500 0.802300
1 -238.120300 -200.620529 354.894592 0.000000 0.000000 1.000000 1.873800 0.696600
wire_netting01.jpg
1 -223.555908 -212.841537 354.894592 0.000000 0.000000 1.000000 1.600500 0.696600
1 -238.120300 -200.620529 354.894592 0.000000 0.000000 1.000000 1.873800 0.696600
1 -243.620392 -236.753448 354.894592 0.000000 0.000000 1.000000 1.600500 0.802300
wire_netting01.jpg
1 -258.184784 -224.532333 335.882080 -0.819077 0.573684 0.000000 1.298000 0.839000
1 -258.184784 -224.532333 354.894592 -0.819077 0.573684 0.000000 1.008100 0.839000
1 -238.120300 -200.620529 335.882080 -0.819077 0.573684 0.000000 1.298000 0.669700
wire_netting01.jpg
1 -238.120300 -200.620529 354.894592 -0.819077 0.573684 0.000000 1.008100 0.669700
1 -238.120300 -200.620529 335.882080 -0.819077 0.573684 0.000000 1.298000 0.669700
1 -258.184784 -224.532333 354.894592 -0.819077 0.573684 0.000000 1.008100 0.839000
wire_netting01.jpg
1 -243.620270 -236.753448 335.882080 0.000000 -0.000000 -1.000000 1.600500 0.802300
1 -258.184784 -224.532333 335.882080 0.000000 -0.000000 -1.000000 1.873800 0.802300
1 -223.555908 -212.841537 335.882080 0.000000 -0.000000 -1.000000 1.600500 0.696600
wire_netting01.jpg
1 -238.120300 -200.620529 335.882080 0.000000 -0.000000 -1.000000 1.873800 0.696600
1 -223.555908 -212.841537 335.882080 0.000000 -0.000000 -1.000000 1.600500 0.696600
1 -258.184784 -224.532333 335.882080 0.000000 -0.000000 -1.000000 1.873800 0.802300
wire_netting01.jpg
1 -243.620392 -236.753448 354.894592 0.819077 -0.573684 0.000000 1.008100 0.839000
1 -243.620270 -236.753448 335.882080 0.819077 -0.573684 0.000000 1.298000 0.839000
1 -223.555908 -212.841537 354.894592 0.819077 -0.573684 0.000000 1.008100 0.669700
wire_netting01.jpg
1 -223.555908 -212.841537 335.882080 0.819077 -0.573684 0.000000 1.298000 0.669700
1 -223.555908 -212.841537 354.894592 0.819077 -0.573684 0.000000 1.008100 0.669700
1 -243.620270 -236.753448 335.882080 0.819077 -0.573684 0.000000 1.298000 0.839000
wire_netting01.jpg
1 245.836517 -234.519791 345.783264 -0.652922 -0.757425 0.000000 0.224900 0.665900
1 251.540222 -228.815979 337.716858 0.122897 -0.124497 -0.984579 0.164300 0.726500
1 286.514618 -263.790405 345.783264 0.702341 -0.711841 0.000000 0.164300 0.665900
wire_netting01.jpg
1 251.540222 -228.815979 337.716858 0.122897 -0.124497 -0.984579 0.164300 0.726500
1 257.244019 -223.112198 345.783264 0.857263 0.514878 0.000000 0.103700 0.665900
1 286.514618 -263.790405 345.783264 0.702341 -0.711841 0.000000 0.164300 0.665900
wire_netting01.jpg
1 257.244019 -223.112198 345.783264 0.857263 0.514878 0.000000 0.103700 0.665900
1 251.540222 -228.815979 353.849609 0.122897 -0.124497 0.984579 0.164300 0.605300
1 286.514618 -263.790405 345.783264 0.702341 -0.711841 0.000000 0.164300 0.665900
wire_netting01.jpg
1 251.540222 -228.815979 353.849609 0.122897 -0.124497 0.984579 0.164300 0.605300
1 245.836517 -234.519791 345.783264 -0.652922 -0.757425 0.000000 0.224900 0.665900
1 286.514618 -263.790405 345.783264 0.702341 -0.711841 0.000000 0.164300 0.665900
wire_netting01.jpg
1 258.514709 -221.841599 335.882080 0.767705 -0.640804 0.000000 0.090100 0.740300
1 258.514709 -221.841507 354.894592 0.767705 -0.640804 0.000000 0.090100 0.597400
1 245.070831 -235.285385 335.882080 0.767705 -0.640804 0.000000 0.233000 0.740300
wire_netting01.jpg
1 245.070831 -235.285385 354.894592 0.767705 -0.640804 0.000000 0.233000 0.597400
1 245.070831 -235.285385 335.882080 0.767705 -0.640804 0.000000 0.233000 0.740300
1 258.514709 -221.841507 354.894592 0.767705 -0.640804 0.000000 0.090100 0.597400
wire_netting01.jpg
1 245.070831 -235.285385 354.894592 0.000000 0.000000 1.000000 1.873800 0.802300
1 258.514709 -221.841507 354.894592 0.000000 0.000000 1.000000 1.600500 0.802300
1 222.998611 -213.213303 354.894592 0.000000 0.000000 1.000000 1.873800 0.696600
wire_netting01.jpg
1 236.442520 -199.769379 354.894592 0.000000 0.000000 1.000000 1.600500 0.696600
1 222.998611 -213.213303 354.894592 0.000000 0.000000 1.000000 1.873800 0.696600
1 258.514709 -221.841507 354.894592 0.000000 0.000000 1.000000 1.600500 0.802300
wire_netting01.jpg
1 245.070831 -235.285385 335.882080 -0.767705 -0.640804 0.000000 1.298000 0.839000
1 245.070831 -235.285385 354.894592 -0.767705 -0.640804 0.000000 1.008100 0.839000
1 222.998611 -213.213303 335.882080 -0.767705 -0.640804 0.000000 1.298000 0.669700
wire_netting01.jpg
1 222.998611 -213.213303 354.894592 -0.767705 -0.640804 0.000000 1.008100 0.669700
1 222.998611 -213.213303 335.882080 -0.767705 -0.640804 0.000000 1.298000 0.669700
1 245.070831 -235.285385 354.894592 -0.767705 -0.640804 0.000000 1.008100 0.839000
wire_netting01.jpg
1 258.514709 -221.841599 335.882080 0.000000 -0.000000 -1.000000 1.600500 0.802300
1 245.070831 -235.285385 335.882080 0.000000 -0.000000 -1.000000 1.873800 0.802300
1 236.442520 -199.769379 335.882080 0.000000 -0.000000 -1.000000 1.600500 0.696600
wire_netting01.jpg
1 222.998611 -213.213303 335.882080 0.000000 -0.000000 -1.000000 1.873800 0.696600
1 236.442520 -199.769379 335.882080 0.000000 -0.000000 -1.000000 1.600500 0.696600
1 245.070831 -235.285385 335.882080 0.000000 -0.000000 -1.000000 1.873800 0.802300
wire_netting01.jpg
1 258.514709 -221.841507 354.894592 0.767705 0.640804 0.000000 1.008100 0.839000
1 258.514709 -221.841599 335.882080 0.767705 0.640804 0.000000 1.298000 0.839000
1 236.442520 -199.769379 354.894592 0.767705 0.640804 0.000000 1.008100 0.669700
wire_netting01.jpg
1 236.442520 -199.769379 335.882080 0.767705 0.640804 0.000000 1.298000 0.669700
1 236.442520 -199.769379 354.894592 0.767705 0.640804 0.000000 1.008100 0.669700
1 258.514709 -221.841599 335.882080 0.767705 0.640804 0.000000 1.298000 0.839000
end
