version 1
nodes
0 "Box02" -1
end
skeleton
time 0
0 -3.396972 25.170824 0.000000 0.000000 -0.000000 0.000000
end
triangles
drum.jpg
0 -76.014999 -40.912003 0.088447 -0.577350 -0.577350 -0.577350 0.020744 0.087440
0 -76.264999 -40.662003 0.088447 -0.577350 -0.577350 -0.577350 0.022461 0.088338
0 -76.014999 -40.662003 -0.161553 -0.577350 -0.577350 -0.577350 0.024732 0.088886
drum.jpg
0 -46.278999 -40.912003 0.088447 0.577350 -0.577350 -0.577350 0.020000 0.551114
0 -46.278999 -40.662003 -0.161553 0.577350 -0.577350 -0.577350 0.024732 0.551114
0 -46.028999 -40.662003 0.088447 0.577350 -0.577350 -0.577350 0.024732 0.555000
drum.jpg
0 -76.264999 -31.652998 0.088447 -0.577350 0.577350 -0.577350 0.195268 0.085000
0 -76.014999 -31.402998 0.088447 -0.577350 0.577350 -0.577350 0.200000 0.088886
0 -76.014999 -31.652998 -0.161553 -0.577350 0.577350 -0.577350 0.195268 0.088886
drum.jpg
0 -46.278999 -31.402998 0.088447 0.577350 0.577350 -0.577350 0.200000 0.551114
0 -46.028999 -31.652998 0.088447 0.577350 0.577350 -0.577350 0.195268 0.555000
0 -46.278999 -31.652998 -0.161553 0.577350 0.577350 -0.577350 0.195268 0.551114
drum.jpg
0 -76.264999 -40.662003 117.899956 -0.544387 -0.675140 0.497823 0.020000 0.093704
0 -76.014999 -40.912003 117.834297 -0.544387 -0.675140 0.497823 0.021488 0.085000
0 -76.014999 -40.673172 118.158195 -0.544387 -0.675140 0.497823 0.021488 0.096805
drum.jpg
0 -46.278999 -40.912003 117.834297 0.544398 -0.675129 0.497827 0.198512 0.085000
0 -46.028999 -40.662003 117.899956 0.544398 -0.675129 0.497827 0.200000 0.093704
0 -46.278999 -40.673172 118.158195 0.544398 -0.675129 0.497827 0.198512 0.096805
drum.jpg
0 -76.264999 -31.652998 120.687485 -0.660688 0.445490 0.604177 0.020000 0.538991
0 -76.014999 -31.641829 120.952637 -0.660688 0.445490 0.604177 0.021488 0.543195
0 -76.014999 -31.402998 120.776535 -0.660688 0.445490 0.604177 0.021488 0.553255
drum.jpg
0 -46.028999 -31.652998 120.687485 0.660688 0.445490 0.604177 0.198691 0.546740
0 -46.278999 -31.402998 120.776535 0.660688 0.445490 0.604177 0.199070 0.552185
0 -46.278999 -31.641829 120.952637 0.660688 0.445490 0.604177 0.198512 0.543195
drum.jpg
0 -76.014999 -40.662003 -0.161553 0.000000 -0.707103 -0.707111 0.024732 0.088886
0 -46.278999 -40.912003 0.088447 0.000000 -0.707103 -0.707111 0.020000 0.551114
0 -76.014999 -40.912003 0.088447 0.000000 -0.707103 -0.707111 0.020744 0.087440
drum.jpg
0 -76.264999 -40.662003 0.088447 -0.707107 0.000000 -0.707107 0.022461 0.088338
0 -76.014999 -31.652998 -0.161553 -0.707107 0.000000 -0.707107 0.195268 0.088886
0 -76.014999 -40.662003 -0.161553 -0.707107 0.000000 -0.707107 0.024732 0.088886
drum.jpg
0 -76.014999 -31.402998 0.088447 0.000000 0.707109 -0.707105 0.200000 0.088886
0 -46.278999 -31.652998 -0.161553 0.000000 0.707109 -0.707105 0.195268 0.551114
0 -76.014999 -31.652998 -0.161553 0.000000 0.707109 -0.707105 0.195268 0.088886
drum.jpg
0 -46.278999 -40.662003 -0.161553 0.707107 0.000000 -0.707107 0.024732 0.551114
0 -46.028999 -31.652998 0.088447 0.707107 0.000000 -0.707107 0.195268 0.555000
0 -46.028999 -40.662003 0.088447 0.707107 0.000000 -0.707107 0.024732 0.555000
drum.jpg
0 -76.014999 -40.673172 118.158195 -0.707116 -0.209016 0.675499 0.021488 0.096805
0 -76.264999 -31.652998 120.687485 -0.707116 -0.209016 0.675499 0.020000 0.538991
0 -76.264999 -40.662003 117.899956 -0.707116 -0.209016 0.675499 0.020000 0.093704
drum.jpg
0 -76.014999 -40.912003 117.834297 0.000000 -0.804848 0.593481 0.021488 0.085000
0 -46.278999 -40.673172 118.158195 0.000000 -0.804848 0.593481 0.198512 0.096805
0 -76.014999 -40.673172 118.158195 0.000000 -0.804848 0.593481 0.021488 0.096805
drum.jpg
0 -46.028999 -40.662003 117.899956 0.707082 -0.209020 0.675533 0.200000 0.093704
0 -46.278999 -31.641829 120.952637 0.707082 -0.209020 0.675533 0.198512 0.543195
0 -46.278999 -40.673172 118.158195 0.707082 -0.209020 0.675533 0.198512 0.096805
drum.jpg
0 -76.014999 -31.641829 120.952637 0.000000 0.593467 0.804858 0.021488 0.543195
0 -46.278999 -31.402998 120.776535 0.000000 0.593467 0.804858 0.199070 0.552185
0 -76.014999 -31.402998 120.776535 0.000000 0.593467 0.804858 0.021488 0.553255
drum.jpg
0 -76.014999 -40.912003 0.088447 -0.707104 -0.707110 0.000000 0.020744 0.087440
0 -76.264999 -40.662003 117.899956 -0.707104 -0.707110 0.000000 0.020000 0.554267
0 -76.264999 -40.662003 0.088447 -0.707104 -0.707110 0.000000 0.022461 0.088338
drum.jpg
0 -46.028999 -40.662003 0.088447 0.707106 -0.707108 0.000000 0.200000 0.085994
0 -46.278999 -40.912003 117.834297 0.707106 -0.707108 0.000000 0.198512 0.554006
0 -46.278999 -40.912003 0.088447 0.707106 -0.707108 0.000000 0.198512 0.085994
drum.jpg
0 -76.264999 -31.652998 0.088447 -0.707108 0.707105 0.000000 0.020371 0.085000
0 -76.014999 -31.402998 120.776535 -0.707108 0.707105 0.000000 0.199629 0.088886
0 -76.014999 -31.402998 0.088447 -0.707108 0.707105 0.000000 0.020371 0.088886
drum.jpg
0 -46.278999 -31.402998 0.088447 0.707111 0.707103 0.000000 0.020371 0.551114
0 -46.028999 -31.652998 120.687485 0.707111 0.707103 0.000000 0.198691 0.546740
0 -46.028999 -31.652998 0.088447 0.707111 0.707103 0.000000 0.020371 0.555000
drum.jpg
0 -76.014999 -40.912003 0.088447 0.000000 -1.000000 0.000000 0.020744 0.087440
0 -46.278999 -40.912003 117.834297 0.000000 -1.000000 0.000000 0.198512 0.554006
0 -76.014999 -40.912003 117.834297 0.000000 -1.000000 0.000000 0.021488 0.554006
drum.jpg
0 -76.014999 -40.662003 -0.161553 0.000000 0.000000 -1.000000 0.024732 0.088886
0 -46.278999 -31.652998 -0.161553 0.000000 0.000000 -1.000000 0.195268 0.551114
0 -46.278999 -40.662003 -0.161553 0.000000 0.000000 -1.000000 0.024732 0.551114
drum.jpg
0 -76.264999 -40.662003 0.088447 -1.000000 0.000000 0.000000 0.022461 0.088338
0 -76.264999 -31.652998 120.687485 -1.000000 0.000000 0.000000 0.199609 0.542643
0 -76.264999 -31.652998 0.088447 -1.000000 0.000000 0.000000 0.020374 0.542643
drum.jpg
0 -46.028999 -40.662003 0.088447 1.000000 0.000001 0.000000 0.024732 0.085987
0 -46.028999 -31.652998 120.687485 1.000000 0.000001 0.000000 0.198691 0.546740
0 -46.028999 -40.662003 117.899956 1.000000 0.000001 0.000000 0.024732 0.553970
drum.jpg
0 -76.014999 -31.402998 0.088447 0.000000 1.000000 0.000000 0.020371 0.088886
0 -46.278999 -31.402998 120.776535 0.000000 1.000000 0.000000 0.199070 0.552185
0 -46.278999 -31.402998 0.088447 0.000000 1.000000 0.000000 0.020371 0.551114
drum.jpg
0 -76.014999 -40.673172 118.158195 0.000000 -0.295590 0.955315 0.021488 0.096805
0 -46.278999 -31.641829 120.952637 0.000000 -0.295590 0.955315 0.198512 0.543195
0 -76.014999 -31.641829 120.952637 0.000000 -0.295590 0.955315 0.021488 0.543195
drum.jpg
0 -76.014999 -40.662003 -0.161553 0.000000 -0.707114 -0.707099 0.024732 0.088886
0 -46.278999 -40.662003 -0.161553 0.000000 -0.707114 -0.707099 0.024732 0.551114
0 -46.278999 -40.912003 0.088447 0.000000 -0.707114 -0.707099 0.020000 0.551114
drum.jpg
0 -76.264999 -40.662003 0.088447 -0.707107 0.000000 -0.707107 0.022461 0.088338
0 -76.264999 -31.652998 0.088447 -0.707107 0.000000 -0.707107 0.195268 0.085000
0 -76.014999 -31.652998 -0.161553 -0.707107 0.000000 -0.707107 0.195268 0.088886
drum.jpg
0 -76.014999 -31.402998 0.088447 0.000000 0.707109 -0.707105 0.200000 0.088886
0 -46.278999 -31.402998 0.088447 0.000000 0.707109 -0.707105 0.200000 0.551114
0 -46.278999 -31.652998 -0.161553 0.000000 0.707109 -0.707105 0.195268 0.551114
drum.jpg
0 -46.278999 -40.662003 -0.161553 0.707107 0.000000 -0.707107 0.024732 0.551114
0 -46.278999 -31.652998 -0.161553 0.707107 0.000000 -0.707107 0.195268 0.551114
0 -46.028999 -31.652998 0.088447 0.707107 0.000000 -0.707107 0.195268 0.555000
drum.jpg
0 -76.014999 -40.673172 118.158195 -0.707122 -0.209006 0.675496 0.021488 0.096805
0 -76.014999 -31.641829 120.952637 -0.707122 -0.209006 0.675496 0.021488 0.543195
0 -76.264999 -31.652998 120.687485 -0.707122 -0.209006 0.675496 0.020000 0.538991
drum.jpg
0 -76.014999 -40.912003 117.834297 0.000000 -0.804858 0.593467 0.021488 0.085000
0 -46.278999 -40.912003 117.834297 0.000000 -0.804858 0.593467 0.198512 0.085000
0 -46.278999 -40.673172 118.158195 0.000000 -0.804858 0.593467 0.198512 0.096805
drum.jpg
0 -46.028999 -40.662003 117.899956 0.707157 -0.208995 0.675463 0.200000 0.093704
0 -46.028999 -31.652998 120.687485 0.707157 -0.208995 0.675463 0.198691 0.546740
0 -46.278999 -31.641829 120.952637 0.707157 -0.208995 0.675463 0.198512 0.543195
drum.jpg
0 -76.014999 -31.641829 120.952637 0.000000 0.593467 0.804858 0.021488 0.543195
0 -46.278999 -31.641829 120.952637 0.000000 0.593467 0.804858 0.198512 0.543195
0 -46.278999 -31.402998 120.776535 0.000000 0.593467 0.804858 0.199070 0.552185
drum.jpg
0 -76.014999 -40.912003 0.088447 -0.707123 -0.707090 0.000000 0.020744 0.087440
0 -76.014999 -40.912003 117.834297 -0.707123 -0.707090 0.000000 0.021488 0.554006
0 -76.264999 -40.662003 117.899956 -0.707123 -0.707090 0.000000 0.020000 0.554267
drum.jpg
0 -46.028999 -40.662003 0.088447 0.707101 -0.707113 0.000000 0.200000 0.085994
0 -46.028999 -40.662003 117.899956 0.707101 -0.707113 0.000000 0.200000 0.554267
0 -46.278999 -40.912003 117.834297 0.707101 -0.707113 0.000000 0.198512 0.554006
drum.jpg
0 -76.264999 -31.652998 0.088447 -0.707099 0.707115 0.000000 0.020371 0.085000
0 -76.264999 -31.652998 120.687485 -0.707099 0.707115 0.000000 0.199496 0.085000
0 -76.014999 -31.402998 120.776535 -0.707099 0.707115 0.000000 0.199629 0.088886
drum.jpg
0 -46.278999 -31.402998 0.088447 0.707112 0.707101 0.000000 0.020371 0.551114
0 -46.278999 -31.402998 120.776535 0.707112 0.707101 0.000000 0.199070 0.552185
0 -46.028999 -31.652998 120.687485 0.707112 0.707101 0.000000 0.198691 0.546740
drum.jpg
0 -76.014999 -40.912003 0.088447 0.000000 -1.000000 0.000000 0.020744 0.087440
0 -46.278999 -40.912003 0.088447 0.000000 -1.000000 0.000000 0.198512 0.085994
0 -46.278999 -40.912003 117.834297 0.000000 -1.000000 0.000000 0.198512 0.554006
drum.jpg
0 -76.014999 -40.662003 -0.161553 0.000000 0.000000 -1.000000 0.024732 0.088886
0 -76.014999 -31.652998 -0.161553 0.000000 0.000000 -1.000000 0.195268 0.088886
0 -46.278999 -31.652998 -0.161553 0.000000 0.000000 -1.000000 0.195268 0.551114
drum.jpg
0 -76.264999 -40.662003 0.088447 -1.000000 0.000000 0.000000 0.022461 0.088338
0 -76.264999 -40.662003 117.899956 -1.000000 0.000000 0.000000 0.199606 0.097357
0 -76.264999 -31.652998 120.687485 -1.000000 0.000000 0.000000 0.199609 0.542643
drum.jpg
0 -46.028999 -40.662003 0.088447 1.000000 0.000000 0.000000 0.024732 0.085987
0 -46.028999 -31.652998 0.088447 1.000000 0.000000 0.000000 0.195268 0.085976
0 -46.028999 -31.652998 120.687485 1.000000 0.000000 0.000000 0.198691 0.546740
drum.jpg
0 -76.014999 -31.402998 0.088447 0.000000 1.000000 0.000000 0.020371 0.088886
0 -76.014999 -31.402998 120.776535 0.000000 1.000000 0.000000 0.199629 0.088886
0 -46.278999 -31.402998 120.776535 0.000000 1.000000 0.000000 0.199070 0.552185
drum.jpg
0 -76.014999 -40.673172 118.158195 0.000000 -0.295590 0.955315 0.021488 0.096805
0 -46.278999 -40.673172 118.158195 0.000000 -0.295590 0.955315 0.198512 0.096805
0 -46.278999 -31.641829 120.952637 0.000000 -0.295590 0.955315 0.198512 0.543195
drum.jpg
0 -45.539001 -40.912003 0.088447 -0.577350 -0.577350 -0.577350 0.210744 0.087440
0 -45.789001 -40.662003 0.088447 -0.577350 -0.577350 -0.577350 0.212461 0.088338
0 -45.539001 -40.662003 -0.161553 -0.577350 -0.577350 -0.577350 0.214732 0.088886
drum.jpg
0 -15.803000 -40.912003 0.088447 0.577350 -0.577350 -0.577350 0.210000 0.551114
0 -15.803000 -40.662003 -0.161553 0.577350 -0.577350 -0.577350 0.214732 0.551114
0 -15.553000 -40.662003 0.088447 0.577350 -0.577350 -0.577350 0.214732 0.555000
drum.jpg
0 -45.789001 -31.652998 0.088447 -0.577350 0.577350 -0.577350 0.385268 0.085000
0 -45.539001 -31.402998 0.088447 -0.577350 0.577350 -0.577350 0.390000 0.088886
0 -45.539001 -31.652998 -0.161553 -0.577350 0.577350 -0.577350 0.385268 0.088886
drum.jpg
0 -15.803000 -31.402998 0.088447 0.577350 0.577350 -0.577350 0.390000 0.551114
0 -15.553000 -31.652998 0.088447 0.577350 0.577350 -0.577350 0.385268 0.555000
0 -15.803000 -31.652998 -0.161553 0.577350 0.577350 -0.577350 0.385268 0.551114
drum.jpg
0 -45.789001 -40.662003 117.899956 -0.544387 -0.675140 0.497823 0.210000 0.093704
0 -45.539001 -40.912003 117.834297 -0.544387 -0.675140 0.497823 0.211488 0.085000
0 -45.539001 -40.673172 118.158195 -0.544387 -0.675140 0.497823 0.211488 0.096805
drum.jpg
0 -15.803000 -40.912003 117.834297 0.544393 -0.675137 0.497821 0.388512 0.085000
0 -15.553000 -40.662003 117.899956 0.544393 -0.675137 0.497821 0.390000 0.093704
0 -15.803000 -40.673172 118.158195 0.544393 -0.675137 0.497821 0.388512 0.096805
drum.jpg
0 -45.789001 -31.652998 120.687485 -0.660688 0.445490 0.604177 0.210000 0.538991
0 -45.539001 -31.641829 120.952637 -0.660688 0.445490 0.604177 0.211488 0.543195
0 -45.539001 -31.402998 120.776535 -0.660688 0.445490 0.604177 0.211488 0.553255
drum.jpg
0 -15.553000 -31.652998 120.687485 0.660690 0.445486 0.604178 0.388691 0.546740
0 -15.803000 -31.402998 120.776535 0.660690 0.445486 0.604178 0.389070 0.552185
0 -15.803000 -31.641829 120.952637 0.660690 0.445486 0.604178 0.388512 0.543195
drum.jpg
0 -45.539001 -40.662003 -0.161553 0.000000 -0.707103 -0.707111 0.214732 0.088886
0 -15.803000 -40.912003 0.088447 0.000000 -0.707103 -0.707111 0.210000 0.551114
0 -45.539001 -40.912003 0.088447 0.000000 -0.707103 -0.707111 0.210744 0.087440
drum.jpg
0 -45.789001 -40.662003 0.088447 -0.707107 0.000000 -0.707107 0.212461 0.088338
0 -45.539001 -31.652998 -0.161553 -0.707107 0.000000 -0.707107 0.385268 0.088886
0 -45.539001 -40.662003 -0.161553 -0.707107 0.000000 -0.707107 0.214732 0.088886
drum.jpg
0 -45.539001 -31.402998 0.088447 0.000000 0.707109 -0.707105 0.390000 0.088886
0 -15.803000 -31.652998 -0.161553 0.000000 0.707109 -0.707105 0.385268 0.551114
0 -45.539001 -31.652998 -0.161553 0.000000 0.707109 -0.707105 0.385268 0.088886
drum.jpg
0 -15.803000 -40.662003 -0.161553 0.707107 0.000000 -0.707107 0.214732 0.551114
0 -15.553000 -31.652998 0.088447 0.707107 0.000000 -0.707107 0.385268 0.555000
0 -15.553000 -40.662003 0.088447 0.707107 0.000000 -0.707107 0.214732 0.555000
drum.jpg
0 -45.539001 -40.673172 118.158195 -0.707117 -0.209011 0.675500 0.211488 0.096805
0 -45.789001 -31.652998 120.687485 -0.707117 -0.209011 0.675500 0.210000 0.538991
0 -45.789001 -40.662003 117.899956 -0.707117 -0.209011 0.675500 0.210000 0.093704
drum.jpg
0 -45.539001 -40.912003 117.834297 0.000000 -0.804848 0.593481 0.211488 0.085000
0 -15.803000 -40.673172 118.158195 0.000000 -0.804848 0.593481 0.388512 0.096805
0 -45.539001 -40.673172 118.158195 0.000000 -0.804848 0.593481 0.211488 0.096805
drum.jpg
0 -15.553000 -40.662003 117.899956 0.707082 -0.209022 0.675533 0.390000 0.093704
0 -15.803000 -31.641829 120.952637 0.707082 -0.209022 0.675533 0.388512 0.543195
0 -15.803000 -40.673172 118.158195 0.707082 -0.209022 0.675533 0.388512 0.096805
drum.jpg
0 -45.539001 -31.641829 120.952637 0.000000 0.593467 0.804858 0.211488 0.543195
0 -15.803000 -31.402998 120.776535 0.000000 0.593467 0.804858 0.389070 0.552185
0 -45.539001 -31.402998 120.776535 0.000000 0.593467 0.804858 0.211488 0.553255
drum.jpg
0 -45.539001 -40.912003 0.088447 -0.707115 -0.707098 0.000000 0.210744 0.087440
0 -45.789001 -40.662003 117.899956 -0.707115 -0.707098 0.000000 0.210000 0.554267
0 -45.789001 -40.662003 0.088447 -0.707115 -0.707098 0.000000 0.212461 0.088338
drum.jpg
0 -15.553000 -40.662003 0.088447 0.707109 -0.707105 0.000000 0.390000 0.085994
0 -15.803000 -40.912003 117.834297 0.707109 -0.707105 0.000000 0.388512 0.554006
0 -15.803000 -40.912003 0.088447 0.707109 -0.707105 0.000000 0.388512 0.085994
drum.jpg
0 -45.789001 -31.652998 0.088447 -0.707108 0.707105 0.000000 0.210371 0.085000
0 -45.539001 -31.402998 120.776535 -0.707108 0.707105 0.000000 0.389629 0.088886
0 -45.539001 -31.402998 0.088447 -0.707108 0.707105 0.000000 0.210371 0.088886
drum.jpg
0 -15.803000 -31.402998 0.088447 0.707108 0.707106 0.000000 0.210371 0.551114
0 -15.553000 -31.652998 120.687485 0.707108 0.707106 0.000000 0.388691 0.546740
0 -15.553000 -31.652998 0.088447 0.707108 0.707106 0.000000 0.210371 0.555000
drum.jpg
0 -45.539001 -40.912003 0.088447 0.000000 -1.000000 0.000000 0.210744 0.087440
0 -15.803000 -40.912003 117.834297 0.000000 -1.000000 0.000000 0.388512 0.554006
0 -45.539001 -40.912003 117.834297 0.000000 -1.000000 0.000000 0.211488 0.554006
drum.jpg
0 -45.539001 -40.662003 -0.161553 0.000000 0.000000 -1.000000 0.214732 0.088886
0 -15.803000 -31.652998 -0.161553 0.000000 0.000000 -1.000000 0.385268 0.551114
0 -15.803000 -40.662003 -0.161553 0.000000 0.000000 -1.000000 0.214732 0.551114
drum.jpg
0 -45.789001 -40.662003 0.088447 -1.000000 0.000000 0.000000 0.212461 0.088338
0 -45.789001 -31.652998 120.687485 -1.000000 0.000000 0.000000 0.389609 0.542643
0 -45.789001 -31.652998 0.088447 -1.000000 0.000000 0.000000 0.210374 0.542643
drum.jpg
0 -15.553000 -40.662003 0.088447 1.000000 0.000000 0.000000 0.214732 0.085987
0 -15.553000 -31.652998 120.687485 1.000000 0.000000 0.000000 0.388691 0.546740
0 -15.553000 -40.662003 117.899956 1.000000 0.000000 0.000000 0.214732 0.553970
drum.jpg
0 -45.539001 -31.402998 0.088447 0.000000 1.000000 0.000000 0.210371 0.088886
0 -15.803000 -31.402998 120.776535 0.000000 1.000000 0.000000 0.389070 0.552185
0 -15.803000 -31.402998 0.088447 0.000000 1.000000 0.000000 0.210371 0.551114
drum.jpg
0 -45.539001 -40.673172 118.158195 0.000000 -0.295590 0.955315 0.211488 0.096805
0 -15.803000 -31.641829 120.952637 0.000000 -0.295590 0.955315 0.388512 0.543195
0 -45.539001 -31.641829 120.952637 0.000000 -0.295590 0.955315 0.211488 0.543195
drum.jpg
0 -45.539001 -40.662003 -0.161553 0.000000 -0.707115 -0.707099 0.214732 0.088886
0 -15.803000 -40.662003 -0.161553 0.000000 -0.707115 -0.707099 0.214732 0.551114
0 -15.803000 -40.912003 0.088447 0.000000 -0.707115 -0.707099 0.210000 0.551114
drum.jpg
0 -45.789001 -40.662003 0.088447 -0.707107 0.000000 -0.707107 0.212461 0.088338
0 -45.789001 -31.652998 0.088447 -0.707107 0.000000 -0.707107 0.385268 0.085000
0 -45.539001 -31.652998 -0.161553 -0.707107 0.000000 -0.707107 0.385268 0.088886
drum.jpg
0 -45.539001 -31.402998 0.088447 0.000000 0.707109 -0.707105 0.390000 0.088886
0 -15.803000 -31.402998 0.088447 0.000000 0.707109 -0.707105 0.390000 0.551114
0 -15.803000 -31.652998 -0.161553 0.000000 0.707109 -0.707105 0.385268 0.551114
drum.jpg
0 -15.803000 -40.662003 -0.161553 0.707107 0.000000 -0.707107 0.214732 0.551114
0 -15.803000 -31.652998 -0.161553 0.707107 0.000000 -0.707107 0.385268 0.551114
0 -15.553000 -31.652998 0.088447 0.707107 0.000000 -0.707107 0.385268 0.555000
drum.jpg
0 -45.539001 -40.673172 118.158195 -0.707122 -0.209008 0.675496 0.211488 0.096805
0 -45.539001 -31.641829 120.952637 -0.707122 -0.209008 0.675496 0.211488 0.543195
0 -45.789001 -31.652998 120.687485 -0.707122 -0.209008 0.675496 0.210000 0.538991
drum.jpg
0 -45.539001 -40.912003 117.834297 0.000000 -0.804858 0.593467 0.211488 0.085000
0 -15.803000 -40.912003 117.834297 0.000000 -0.804858 0.593467 0.388512 0.085000
0 -15.803000 -40.673172 118.158195 0.000000 -0.804858 0.593467 0.388512 0.096805
drum.jpg
0 -15.553000 -40.662003 117.899956 0.707156 -0.208998 0.675462 0.390000 0.093704
0 -15.553000 -31.652998 120.687485 0.707156 -0.208998 0.675462 0.388691 0.546740
0 -15.803000 -31.641829 120.952637 0.707156 -0.208998 0.675462 0.388512 0.543195
drum.jpg
0 -45.539001 -31.641829 120.952637 0.000000 0.593467 0.804858 0.211488 0.543195
0 -15.803000 -31.641829 120.952637 0.000000 0.593467 0.804858 0.388512 0.543195
0 -15.803000 -31.402998 120.776535 0.000000 0.593467 0.804858 0.389070 0.552185
drum.jpg
0 -45.539001 -40.912003 0.088447 -0.707099 -0.707115 0.000000 0.210744 0.087440
0 -45.539001 -40.912003 117.834297 -0.707099 -0.707115 0.000000 0.211488 0.554006
0 -45.789001 -40.662003 117.899956 -0.707099 -0.707115 0.000000 0.210000 0.554267
drum.jpg
0 -15.553000 -40.662003 0.088447 0.707104 -0.707109 0.000000 0.390000 0.085994
0 -15.553000 -40.662003 117.899956 0.707104 -0.707109 0.000000 0.390000 0.554267
0 -15.803000 -40.912003 117.834297 0.707104 -0.707109 0.000000 0.388512 0.554006
drum.jpg
0 -45.789001 -31.652998 0.088447 -0.707111 0.707102 0.000000 0.210371 0.085000
0 -45.789001 -31.652998 120.687485 -0.707111 0.707102 0.000000 0.389496 0.085000
0 -45.539001 -31.402998 120.776535 -0.707111 0.707102 0.000000 0.389629 0.088886
drum.jpg
0 -15.803000 -31.402998 0.088447 0.707106 0.707108 0.000000 0.210371 0.551114
0 -15.803000 -31.402998 120.776535 0.707106 0.707108 0.000000 0.389070 0.552185
0 -15.553000 -31.652998 120.687485 0.707106 0.707108 0.000000 0.388691 0.546740
drum.jpg
0 -45.539001 -40.912003 0.088447 0.000000 -1.000000 0.000000 0.210744 0.087440
0 -15.803000 -40.912003 0.088447 0.000000 -1.000000 0.000000 0.388512 0.085994
0 -15.803000 -40.912003 117.834297 0.000000 -1.000000 0.000000 0.388512 0.554006
drum.jpg
0 -45.539001 -40.662003 -0.161553 0.000000 0.000000 -1.000000 0.214732 0.088886
0 -45.539001 -31.652998 -0.161553 0.000000 0.000000 -1.000000 0.385268 0.088886
0 -15.803000 -31.652998 -0.161553 0.000000 0.000000 -1.000000 0.385268 0.551114
drum.jpg
0 -45.789001 -40.662003 0.088447 -1.000000 0.000000 0.000000 0.212461 0.088338
0 -45.789001 -40.662003 117.899956 -1.000000 0.000000 0.000000 0.389605 0.097357
0 -45.789001 -31.652998 120.687485 -1.000000 0.000000 0.000000 0.389609 0.542643
drum.jpg
0 -15.553000 -40.662003 0.088447 1.000000 0.000000 0.000000 0.214732 0.085987
0 -15.553000 -31.652998 0.088447 1.000000 0.000000 0.000000 0.385268 0.085976
0 -15.553000 -31.652998 120.687485 1.000000 0.000000 0.000000 0.388691 0.546740
drum.jpg
0 -45.539001 -31.402998 0.088447 0.000000 1.000000 0.000000 0.210371 0.088886
0 -45.539001 -31.402998 120.776535 0.000000 1.000000 0.000000 0.389629 0.088886
0 -15.803000 -31.402998 120.776535 0.000000 1.000000 0.000000 0.389070 0.552185
drum.jpg
0 -45.539001 -40.673172 118.158195 0.000000 -0.295590 0.955315 0.211488 0.096805
0 -15.803000 -40.673172 118.158195 0.000000 -0.295590 0.955315 0.388512 0.096805
0 -15.803000 -31.641829 120.952637 0.000000 -0.295590 0.955315 0.388512 0.543195
drum.jpg
0 -15.063000 -40.912003 0.088447 -0.577350 -0.577350 -0.577350 0.400744 0.087440
0 -15.313000 -40.662003 0.088447 -0.577350 -0.577350 -0.577350 0.402461 0.088338
0 -15.063000 -40.662003 -0.161553 -0.577350 -0.577350 -0.577350 0.404732 0.088886
drum.jpg
0 14.673001 -40.912003 0.088447 0.577350 -0.577350 -0.577350 0.400000 0.551114
0 14.673001 -40.662003 -0.161553 0.577350 -0.577350 -0.577350 0.404732 0.551114
0 14.923001 -40.662003 0.088447 0.577350 -0.577350 -0.577350 0.404732 0.555000
drum.jpg
0 -15.313000 -31.652998 0.088447 -0.577350 0.577350 -0.577350 0.575268 0.085000
0 -15.063000 -31.402998 0.088447 -0.577350 0.577350 -0.577350 0.580000 0.088886
0 -15.063000 -31.652998 -0.161553 -0.577350 0.577350 -0.577350 0.575268 0.088886
drum.jpg
0 14.673001 -31.402998 0.088447 0.577350 0.577350 -0.577350 0.580000 0.551114
0 14.923001 -31.652998 0.088447 0.577350 0.577350 -0.577350 0.575268 0.555000
0 14.673001 -31.652998 -0.161553 0.577350 0.577350 -0.577350 0.575268 0.551114
drum.jpg
0 -15.313000 -40.662003 117.899956 -0.544387 -0.675140 0.497823 0.400000 0.093704
0 -15.063000 -40.912003 117.834297 -0.544387 -0.675140 0.497823 0.401488 0.085000
0 -15.063000 -40.673172 118.158195 -0.544387 -0.675140 0.497823 0.401488 0.096805
drum.jpg
0 14.673001 -40.912003 117.834297 0.544393 -0.675137 0.497821 0.578512 0.085000
0 14.923001 -40.662003 117.899956 0.544393 -0.675137 0.497821 0.580000 0.093704
0 14.673001 -40.673172 118.158195 0.544393 -0.675137 0.497821 0.578512 0.096805
drum.jpg
0 -15.313000 -31.652998 120.687485 -0.660687 0.445494 0.604176 0.400000 0.538991
0 -15.063000 -31.641829 120.952637 -0.660687 0.445494 0.604176 0.401488 0.543195
0 -15.063000 -31.402998 120.776535 -0.660687 0.445494 0.604176 0.401488 0.553255
drum.jpg
0 14.923001 -31.652998 120.687485 0.660688 0.445490 0.604177 0.578691 0.546740
0 14.673001 -31.402998 120.776535 0.660688 0.445490 0.604177 0.579070 0.552185
0 14.673001 -31.641829 120.952637 0.660688 0.445490 0.604177 0.578512 0.543195
drum.jpg
0 -15.063000 -40.662003 -0.161553 0.000000 -0.707103 -0.707111 0.404732 0.088886
0 14.673001 -40.912003 0.088447 0.000000 -0.707103 -0.707111 0.400000 0.551114
0 -15.063000 -40.912003 0.088447 0.000000 -0.707103 -0.707111 0.400744 0.087440
drum.jpg
0 -15.313000 -40.662003 0.088447 -0.707107 0.000000 -0.707107 0.402461 0.088338
0 -15.063000 -31.652998 -0.161553 -0.707107 0.000000 -0.707107 0.575268 0.088886
0 -15.063000 -40.662003 -0.161553 -0.707107 0.000000 -0.707107 0.404732 0.088886
drum.jpg
0 -15.063000 -31.402998 0.088447 0.000000 0.707109 -0.707105 0.580000 0.088886
0 14.673001 -31.652998 -0.161553 0.000000 0.707109 -0.707105 0.575268 0.551114
0 -15.063000 -31.652998 -0.161553 0.000000 0.707109 -0.707105 0.575268 0.088886
drum.jpg
0 14.673001 -40.662003 -0.161553 0.707107 0.000000 -0.707107 0.404732 0.551114
0 14.923001 -31.652998 0.088447 0.707107 0.000000 -0.707107 0.575268 0.555000
0 14.923001 -40.662003 0.088447 0.707107 0.000000 -0.707107 0.404732 0.555000
drum.jpg
0 -15.063000 -40.673172 118.158195 -0.707117 -0.209011 0.675500 0.401488 0.096805
0 -15.313000 -31.652998 120.687485 -0.707117 -0.209011 0.675500 0.400000 0.538991
0 -15.313000 -40.662003 117.899956 -0.707117 -0.209011 0.675500 0.400000 0.093704
drum.jpg
0 -15.063000 -40.912003 117.834297 0.000000 -0.804848 0.593481 0.401488 0.085000
0 14.673001 -40.673172 118.158195 0.000000 -0.804848 0.593481 0.578512 0.096805
0 -15.063000 -40.673172 118.158195 0.000000 -0.804848 0.593481 0.401488 0.096805
drum.jpg
0 14.923001 -40.662003 117.899956 0.707082 -0.209020 0.675533 0.580000 0.093704
0 14.673001 -31.641829 120.952637 0.707082 -0.209020 0.675533 0.578512 0.543195
0 14.673001 -40.673172 118.158195 0.707082 -0.209020 0.675533 0.578512 0.096805
drum.jpg
0 -15.063000 -31.641829 120.952637 0.000000 0.593467 0.804858 0.401488 0.543195
0 14.673001 -31.402998 120.776535 0.000000 0.593467 0.804858 0.579070 0.552185
0 -15.063000 -31.402998 120.776535 0.000000 0.593467 0.804858 0.401488 0.553255
drum.jpg
0 -15.063000 -40.912003 0.088447 -0.707107 -0.707107 0.000000 0.400744 0.087440
0 -15.313000 -40.662003 117.899956 -0.707107 -0.707107 0.000000 0.400000 0.554267
0 -15.313000 -40.662003 0.088447 -0.707107 -0.707107 0.000000 0.402461 0.088338
drum.jpg
0 14.923001 -40.662003 0.088447 0.707109 -0.707105 0.000000 0.580000 0.085994
0 14.673001 -40.912003 117.834297 0.707109 -0.707105 0.000000 0.578512 0.554006
0 14.673001 -40.912003 0.088447 0.707109 -0.707105 0.000000 0.578512 0.085994
drum.jpg
0 -15.313000 -31.652998 0.088447 -0.707108 0.707105 0.000000 0.400371 0.085000
0 -15.063000 -31.402998 120.776535 -0.707108 0.707105 0.000000 0.579629 0.088886
0 -15.063000 -31.402998 0.088447 -0.707108 0.707105 0.000000 0.400371 0.088886
drum.jpg
0 14.673001 -31.402998 0.088447 0.707108 0.707106 0.000000 0.400371 0.551114
0 14.923001 -31.652998 120.687485 0.707108 0.707106 0.000000 0.578691 0.546740
0 14.923001 -31.652998 0.088447 0.707108 0.707106 0.000000 0.400371 0.555000
drum.jpg
0 -15.063000 -40.912003 0.088447 0.000000 -1.000000 0.000000 0.400744 0.087440
0 14.673001 -40.912003 117.834297 0.000000 -1.000000 0.000000 0.578512 0.554006
0 -15.063000 -40.912003 117.834297 0.000000 -1.000000 0.000000 0.401488 0.554006
drum.jpg
0 -15.063000 -40.662003 -0.161553 0.000000 0.000000 -1.000000 0.404732 0.088886
0 14.673001 -31.652998 -0.161553 0.000000 0.000000 -1.000000 0.575268 0.551114
0 14.673001 -40.662003 -0.161553 0.000000 0.000000 -1.000000 0.404732 0.551114
drum.jpg
0 -15.313000 -40.662003 0.088447 -1.000000 0.000000 0.000000 0.402461 0.088338
0 -15.313000 -31.652998 120.687485 -1.000000 0.000000 0.000000 0.579610 0.542643
0 -15.313000 -31.652998 0.088447 -1.000000 0.000000 0.000000 0.400374 0.542643
drum.jpg
0 14.923001 -40.662003 0.088447 1.000000 0.000000 0.000000 0.404732 0.085987
0 14.923001 -31.652998 120.687485 1.000000 0.000000 0.000000 0.578691 0.546740
0 14.923001 -40.662003 117.899956 1.000000 0.000000 0.000000 0.404732 0.553970
drum.jpg
0 -15.063000 -31.402998 0.088447 0.000000 1.000000 0.000000 0.400371 0.088886
0 14.673001 -31.402998 120.776535 0.000000 1.000000 0.000000 0.579070 0.552185
0 14.673001 -31.402998 0.088447 0.000000 1.000000 0.000000 0.400371 0.551114
drum.jpg
0 -15.063000 -40.673172 118.158195 0.000000 -0.295590 0.955315 0.401488 0.096805
0 14.673001 -31.641829 120.952637 0.000000 -0.295590 0.955315 0.578512 0.543195
0 -15.063000 -31.641829 120.952637 0.000000 -0.295590 0.955315 0.401488 0.543195
drum.jpg
0 -15.063000 -40.662003 -0.161553 0.000000 -0.707114 -0.707099 0.404732 0.088886
0 14.673001 -40.662003 -0.161553 0.000000 -0.707114 -0.707099 0.404732 0.551114
0 14.673001 -40.912003 0.088447 0.000000 -0.707114 -0.707099 0.400000 0.551114
drum.jpg
0 -15.313000 -40.662003 0.088447 -0.707107 0.000000 -0.707107 0.402461 0.088338
0 -15.313000 -31.652998 0.088447 -0.707107 0.000000 -0.707107 0.575268 0.085000
0 -15.063000 -31.652998 -0.161553 -0.707107 0.000000 -0.707107 0.575268 0.088886
drum.jpg
0 -15.063000 -31.402998 0.088447 0.000000 0.707109 -0.707105 0.580000 0.088886
0 14.673001 -31.402998 0.088447 0.000000 0.707109 -0.707105 0.580000 0.551114
0 14.673001 -31.652998 -0.161553 0.000000 0.707109 -0.707105 0.575268 0.551114
drum.jpg
0 14.673001 -40.662003 -0.161553 0.707107 0.000000 -0.707107 0.404732 0.551114
0 14.673001 -31.652998 -0.161553 0.707107 0.000000 -0.707107 0.575268 0.551114
0 14.923001 -31.652998 0.088447 0.707107 0.000000 -0.707107 0.575268 0.555000
drum.jpg
0 -15.063000 -40.673172 118.158195 -0.707121 -0.209010 0.675496 0.401488 0.096805
0 -15.063000 -31.641829 120.952637 -0.707121 -0.209010 0.675496 0.401488 0.543195
0 -15.313000 -31.652998 120.687485 -0.707121 -0.209010 0.675496 0.400000 0.538991
drum.jpg
0 -15.063000 -40.912003 117.834297 0.000000 -0.804858 0.593467 0.401488 0.085000
0 14.673001 -40.912003 117.834297 0.000000 -0.804858 0.593467 0.578512 0.085000
0 14.673001 -40.673172 118.158195 0.000000 -0.804858 0.593467 0.578512 0.096805
drum.jpg
0 14.923001 -40.662003 117.899956 0.707156 -0.209000 0.675462 0.580000 0.093704
0 14.923001 -31.652998 120.687485 0.707156 -0.209000 0.675462 0.578691 0.546740
0 14.673001 -31.641829 120.952637 0.707156 -0.209000 0.675462 0.578512 0.543195
drum.jpg
0 -15.063000 -31.641829 120.952637 0.000000 0.593467 0.804858 0.401488 0.543195
0 14.673001 -31.641829 120.952637 0.000000 0.593467 0.804858 0.578512 0.543195
0 14.673001 -31.402998 120.776535 0.000000 0.593467 0.804858 0.579070 0.552185
drum.jpg
0 -15.063000 -40.912003 0.088447 -0.707107 -0.707107 0.000000 0.400744 0.087440
0 -15.063000 -40.912003 117.834297 -0.707107 -0.707107 0.000000 0.401488 0.554006
0 -15.313000 -40.662003 117.899956 -0.707107 -0.707107 0.000000 0.400000 0.554267
drum.jpg
0 14.923001 -40.662003 0.088447 0.707105 -0.707108 0.000000 0.580000 0.085994
0 14.923001 -40.662003 117.899956 0.707105 -0.707108 0.000000 0.580000 0.554267
0 14.673001 -40.912003 117.834297 0.707105 -0.707108 0.000000 0.578512 0.554006
drum.jpg
0 -15.313000 -31.652998 0.088447 -0.707106 0.707107 0.000000 0.400371 0.085000
0 -15.313000 -31.652998 120.687485 -0.707106 0.707107 0.000000 0.579496 0.085000
0 -15.063000 -31.402998 120.776535 -0.707106 0.707107 0.000000 0.579629 0.088886
drum.jpg
0 14.673001 -31.402998 0.088447 0.707105 0.707108 0.000000 0.400371 0.551114
0 14.673001 -31.402998 120.776535 0.707105 0.707108 0.000000 0.579070 0.552185
0 14.923001 -31.652998 120.687485 0.707105 0.707108 0.000000 0.578691 0.546740
drum.jpg
0 -15.063000 -40.912003 0.088447 0.000000 -1.000000 0.000000 0.400744 0.087440
0 14.673001 -40.912003 0.088447 0.000000 -1.000000 0.000000 0.578512 0.085994
0 14.673001 -40.912003 117.834297 0.000000 -1.000000 0.000000 0.578512 0.554006
drum.jpg
0 -15.063000 -40.662003 -0.161553 0.000000 0.000000 -1.000000 0.404732 0.088886
0 -15.063000 -31.652998 -0.161553 0.000000 0.000000 -1.000000 0.575268 0.088886
0 14.673001 -31.652998 -0.161553 0.000000 0.000000 -1.000000 0.575268 0.551114
drum.jpg
0 -15.313000 -40.662003 0.088447 -1.000000 0.000000 0.000000 0.402461 0.088338
0 -15.313000 -40.662003 117.899956 -1.000000 0.000000 0.000000 0.579606 0.097357
0 -15.313000 -31.652998 120.687485 -1.000000 0.000000 0.000000 0.579610 0.542643
drum.jpg
0 14.923001 -40.662003 0.088447 1.000000 0.000000 0.000000 0.404732 0.085987
0 14.923001 -31.652998 0.088447 1.000000 0.000000 0.000000 0.575268 0.085976
0 14.923001 -31.652998 120.687485 1.000000 0.000000 0.000000 0.578691 0.546740
drum.jpg
0 -15.063000 -31.402998 0.088447 0.000000 1.000000 0.000000 0.400371 0.088886
0 -15.063000 -31.402998 120.776535 0.000000 1.000000 0.000000 0.579629 0.088886
0 14.673001 -31.402998 120.776535 0.000000 1.000000 0.000000 0.579070 0.552185
drum.jpg
0 -15.063000 -40.673172 118.158195 0.000000 -0.295590 0.955315 0.401488 0.096805
0 14.673001 -40.673172 118.158195 0.000000 -0.295590 0.955315 0.578512 0.096805
0 14.673001 -31.641829 120.952637 0.000000 -0.295590 0.955315 0.578512 0.543195
drum.jpg
0 15.413001 -40.912003 0.088447 -0.577350 -0.577350 -0.577350 0.590744 0.087440
0 15.163001 -40.662003 0.088447 -0.577350 -0.577350 -0.577350 0.592461 0.088338
0 15.413001 -40.662003 -0.161553 -0.577350 -0.577350 -0.577350 0.594732 0.088886
drum.jpg
0 45.148998 -40.912003 0.088447 0.577350 -0.577350 -0.577350 0.590000 0.551114
0 45.148998 -40.662003 -0.161553 0.577350 -0.577350 -0.577350 0.594732 0.551114
0 45.398998 -40.662003 0.088447 0.577350 -0.577350 -0.577350 0.594732 0.555000
drum.jpg
0 15.163001 -31.652998 0.088447 -0.577350 0.577350 -0.577350 0.765268 0.085000
0 15.413001 -31.402998 0.088447 -0.577350 0.577350 -0.577350 0.770000 0.088886
0 15.413001 -31.652998 -0.161553 -0.577350 0.577350 -0.577350 0.765268 0.088886
drum.jpg
0 45.148998 -31.402998 0.088447 0.577350 0.577350 -0.577350 0.770000 0.551114
0 45.398998 -31.652998 0.088447 0.577350 0.577350 -0.577350 0.765268 0.555000
0 45.148998 -31.652998 -0.161553 0.577350 0.577350 -0.577350 0.765268 0.551114
drum.jpg
0 15.163001 -40.662003 117.899956 -0.544387 -0.675140 0.497823 0.590000 0.093704
0 15.413001 -40.912003 117.834297 -0.544387 -0.675140 0.497823 0.591488 0.085000
0 15.413001 -40.673172 118.158195 -0.544387 -0.675140 0.497823 0.591488 0.096805
drum.jpg
0 45.148998 -40.912003 117.834297 0.544398 -0.675129 0.497827 0.768512 0.085000
0 45.398998 -40.662003 117.899956 0.544398 -0.675129 0.497827 0.770000 0.093704
0 45.148998 -40.673172 118.158195 0.544398 -0.675129 0.497827 0.768512 0.096805
drum.jpg
0 15.163001 -31.652998 120.687485 -0.660687 0.445494 0.604176 0.590000 0.538991
0 15.413001 -31.641829 120.952637 -0.660687 0.445494 0.604176 0.591488 0.543195
0 15.413001 -31.402998 120.776535 -0.660687 0.445494 0.604176 0.591488 0.553255
drum.jpg
0 45.398998 -31.652998 120.687485 0.660691 0.445482 0.604180 0.768691 0.546740
0 45.148998 -31.402998 120.776535 0.660691 0.445482 0.604180 0.769070 0.552185
0 45.148998 -31.641829 120.952637 0.660691 0.445482 0.604180 0.768512 0.543195
drum.jpg
0 15.413001 -40.662003 -0.161553 0.000000 -0.707114 -0.707099 0.594732 0.088886
0 45.148998 -40.912003 0.088447 0.000000 -0.707114 -0.707099 0.590000 0.551114
0 15.413001 -40.912003 0.088447 0.000000 -0.707114 -0.707099 0.590744 0.087440
drum.jpg
0 15.163001 -40.662003 0.088447 -0.707107 0.000000 -0.707107 0.592461 0.088338
0 15.413001 -31.652998 -0.161553 -0.707107 0.000000 -0.707107 0.765268 0.088886
0 15.413001 -40.662003 -0.161553 -0.707107 0.000000 -0.707107 0.594732 0.088886
drum.jpg
0 15.413001 -31.402998 0.088447 0.000000 0.707109 -0.707105 0.770000 0.088886
0 45.148998 -31.652998 -0.161553 0.000000 0.707109 -0.707105 0.765268 0.551114
0 15.413001 -31.652998 -0.161553 0.000000 0.707109 -0.707105 0.765268 0.088886
drum.jpg
0 45.148998 -40.662003 -0.161553 0.707107 0.000000 -0.707107 0.594732 0.551114
0 45.398998 -31.652998 0.088447 0.707107 0.000000 -0.707107 0.765268 0.555000
0 45.398998 -40.662003 0.088447 0.707107 0.000000 -0.707107 0.594732 0.555000
drum.jpg
0 15.413001 -40.673172 118.158195 -0.707117 -0.209009 0.675500 0.591488 0.096805
0 15.163001 -31.652998 120.687485 -0.707117 -0.209009 0.675500 0.590000 0.538991
0 15.163001 -40.662003 117.899956 -0.707117 -0.209009 0.675500 0.590000 0.093704
drum.jpg
0 15.413001 -40.912003 117.834297 0.000000 -0.804858 0.593467 0.591488 0.085000
0 45.148998 -40.673172 118.158195 0.000000 -0.804858 0.593467 0.768512 0.096805
0 15.413001 -40.673172 118.158195 0.000000 -0.804858 0.593467 0.591488 0.096805
drum.jpg
0 45.398998 -40.662003 117.899956 0.707082 -0.209025 0.675533 0.770000 0.093704
0 45.148998 -31.641829 120.952637 0.707082 -0.209025 0.675533 0.768512 0.543195
0 45.148998 -40.673172 118.158195 0.707082 -0.209025 0.675533 0.768512 0.096805
drum.jpg
0 15.413001 -31.641829 120.952637 0.000000 0.593467 0.804858 0.591488 0.543195
0 45.148998 -31.402998 120.776535 0.000000 0.593467 0.804858 0.769070 0.552185
0 15.413001 -31.402998 120.776535 0.000000 0.593467 0.804858 0.591488 0.553255
drum.jpg
0 15.413001 -40.912003 0.088447 -0.707107 -0.707107 0.000000 0.590744 0.087440
0 15.163001 -40.662003 117.899956 -0.707107 -0.707107 0.000000 0.590000 0.554267
0 15.163001 -40.662003 0.088447 -0.707107 -0.707107 0.000000 0.592461 0.088338
drum.jpg
0 45.398998 -40.662003 0.088447 0.707106 -0.707108 0.000000 0.770000 0.085994
0 45.148998 -40.912003 117.834297 0.707106 -0.707108 0.000000 0.768512 0.554006
0 45.148998 -40.912003 0.088447 0.707106 -0.707108 0.000000 0.768512 0.085994
drum.jpg
0 15.163001 -31.652998 0.088447 -0.707106 0.707108 0.000000 0.590371 0.085000
0 15.413001 -31.402998 120.776535 -0.707106 0.707108 0.000000 0.769629 0.088886
0 15.413001 -31.402998 0.088447 -0.707106 0.707108 0.000000 0.590371 0.088886
drum.jpg
0 45.148998 -31.402998 0.088447 0.707099 0.707114 0.000000 0.590371 0.551114
0 45.398998 -31.652998 120.687485 0.707099 0.707114 0.000000 0.768691 0.546740
0 45.398998 -31.652998 0.088447 0.707099 0.707114 0.000000 0.590371 0.555000
drum.jpg
0 15.413001 -40.912003 0.088447 0.000000 -1.000000 0.000000 0.590744 0.087440
0 45.148998 -40.912003 117.834297 0.000000 -1.000000 0.000000 0.768512 0.554006
0 15.413001 -40.912003 117.834297 0.000000 -1.000000 0.000000 0.591488 0.554006
drum.jpg
0 15.413001 -40.662003 -0.161553 0.000000 0.000000 -1.000000 0.594732 0.088886
0 45.148998 -31.652998 -0.161553 0.000000 0.000000 -1.000000 0.765268 0.551114
0 45.148998 -40.662003 -0.161553 0.000000 0.000000 -1.000000 0.594732 0.551114
drum.jpg
0 15.163001 -40.662003 0.088447 -1.000000 0.000000 0.000000 0.592461 0.088338
0 15.163001 -31.652998 120.687485 -1.000000 0.000000 0.000000 0.769609 0.542643
0 15.163001 -31.652998 0.088447 -1.000000 0.000000 0.000000 0.590374 0.542643
drum.jpg
0 45.398998 -40.662003 0.088447 1.000000 0.000000 0.000000 0.594732 0.085987
0 45.398998 -31.652998 120.687485 1.000000 0.000000 0.000000 0.768691 0.546740
0 45.398998 -40.662003 117.899956 1.000000 0.000000 0.000000 0.594732 0.553970
drum.jpg
0 15.413001 -31.402998 0.088447 0.000000 1.000000 0.000000 0.590371 0.088886
0 45.148998 -31.402998 120.776535 0.000000 1.000000 0.000000 0.769070 0.552185
0 45.148998 -31.402998 0.088447 0.000000 1.000000 0.000000 0.590371 0.551114
drum.jpg
0 15.413001 -40.673172 118.158195 0.000000 -0.295590 0.955315 0.591488 0.096805
0 45.148998 -31.641829 120.952637 0.000000 -0.295590 0.955315 0.768512 0.543195
0 15.413001 -31.641829 120.952637 0.000000 -0.295590 0.955315 0.591488 0.543195
drum.jpg
0 15.413001 -40.662003 -0.161553 0.000000 -0.707103 -0.707111 0.594732 0.088886
0 45.148998 -40.662003 -0.161553 0.000000 -0.707103 -0.707111 0.594732 0.551114
0 45.148998 -40.912003 0.088447 0.000000 -0.707103 -0.707111 0.590000 0.551114
drum.jpg
0 15.163001 -40.662003 0.088447 -0.707107 0.000000 -0.707107 0.592461 0.088338
0 15.163001 -31.652998 0.088447 -0.707107 0.000000 -0.707107 0.765268 0.085000
0 15.413001 -31.652998 -0.161553 -0.707107 0.000000 -0.707107 0.765268 0.088886
drum.jpg
0 15.413001 -31.402998 0.088447 0.000000 0.707109 -0.707105 0.770000 0.088886
0 45.148998 -31.402998 0.088447 0.000000 0.707109 -0.707105 0.770000 0.551114
0 45.148998 -31.652998 -0.161553 0.000000 0.707109 -0.707105 0.765268 0.551114
drum.jpg
0 45.148998 -40.662003 -0.161553 0.707107 0.000000 -0.707107 0.594732 0.551114
0 45.148998 -31.652998 -0.161553 0.707107 0.000000 -0.707107 0.765268 0.551114
0 45.398998 -31.652998 0.088447 0.707107 0.000000 -0.707107 0.765268 0.555000
drum.jpg
0 15.413001 -40.673172 118.158195 -0.707121 -0.209010 0.675496 0.591488 0.096805
0 15.413001 -31.641829 120.952637 -0.707121 -0.209010 0.675496 0.591488 0.543195
0 15.163001 -31.652998 120.687485 -0.707121 -0.209010 0.675496 0.590000 0.538991
drum.jpg
0 15.413001 -40.912003 117.834297 0.000000 -0.804858 0.593467 0.591488 0.085000
0 45.148998 -40.912003 117.834297 0.000000 -0.804858 0.593467 0.768512 0.085000
0 45.148998 -40.673172 118.158195 0.000000 -0.804858 0.593467 0.768512 0.096805
drum.jpg
0 45.398998 -40.662003 117.899956 0.707157 -0.208997 0.675463 0.770000 0.093704
0 45.398998 -31.652998 120.687485 0.707157 -0.208997 0.675463 0.768691 0.546740
0 45.148998 -31.641829 120.952637 0.707157 -0.208997 0.675463 0.768512 0.543195
drum.jpg
0 15.413001 -31.641829 120.952637 0.000000 0.593467 0.804858 0.591488 0.543195
0 45.148998 -31.641829 120.952637 0.000000 0.593467 0.804858 0.768512 0.543195
0 45.148998 -31.402998 120.776535 0.000000 0.593467 0.804858 0.769070 0.552185
drum.jpg
0 15.413001 -40.912003 0.088447 -0.707106 -0.707108 0.000000 0.590744 0.087440
0 15.413001 -40.912003 117.834297 -0.707106 -0.707108 0.000000 0.591488 0.554006
0 15.163001 -40.662003 117.899956 -0.707106 -0.707108 0.000000 0.590000 0.554267
drum.jpg
0 45.398998 -40.662003 0.088447 0.707103 -0.707110 0.000000 0.770000 0.085994
0 45.398998 -40.662003 117.899956 0.707103 -0.707110 0.000000 0.770000 0.554267
0 45.148998 -40.912003 117.834297 0.707103 -0.707110 0.000000 0.768512 0.554006
drum.jpg
0 15.163001 -31.652998 0.088447 -0.707107 0.707107 0.000000 0.590371 0.085000
0 15.163001 -31.652998 120.687485 -0.707107 0.707107 0.000000 0.769496 0.085000
0 15.413001 -31.402998 120.776535 -0.707107 0.707107 0.000000 0.769629 0.088886
drum.jpg
0 45.148998 -31.402998 0.088447 0.707110 0.707103 0.000000 0.590371 0.551114
0 45.148998 -31.402998 120.776535 0.707110 0.707103 0.000000 0.769070 0.552185
0 45.398998 -31.652998 120.687485 0.707110 0.707103 0.000000 0.768691 0.546740
drum.jpg
0 15.413001 -40.912003 0.088447 0.000000 -1.000000 0.000000 0.590744 0.087440
0 45.148998 -40.912003 0.088447 0.000000 -1.000000 0.000000 0.768512 0.085994
0 45.148998 -40.912003 117.834297 0.000000 -1.000000 0.000000 0.768512 0.554006
drum.jpg
0 15.413001 -40.662003 -0.161553 0.000000 0.000000 -1.000000 0.594732 0.088886
0 15.413001 -31.652998 -0.161553 0.000000 0.000000 -1.000000 0.765268 0.088886
0 45.148998 -31.652998 -0.161553 0.000000 0.000000 -1.000000 0.765268 0.551114
drum.jpg
0 15.163001 -40.662003 0.088447 -1.000000 0.000000 0.000000 0.592461 0.088338
0 15.163001 -40.662003 117.899956 -1.000000 0.000000 0.000000 0.769605 0.097357
0 15.163001 -31.652998 120.687485 -1.000000 0.000000 0.000000 0.769609 0.542643
drum.jpg
0 45.398998 -40.662003 0.088447 1.000000 0.000000 0.000000 0.594732 0.085987
0 45.398998 -31.652998 0.088447 1.000000 0.000000 0.000000 0.765268 0.085976
0 45.398998 -31.652998 120.687485 1.000000 0.000000 0.000000 0.768691 0.546740
drum.jpg
0 15.413001 -31.402998 0.088447 0.000000 1.000000 0.000000 0.590371 0.088886
0 15.413001 -31.402998 120.776535 0.000000 1.000000 0.000000 0.769629 0.088886
0 45.148998 -31.402998 120.776535 0.000000 1.000000 0.000000 0.769070 0.552185
drum.jpg
0 15.413001 -40.673172 118.158195 0.000000 -0.295590 0.955315 0.591488 0.096805
0 45.148998 -40.673172 118.158195 0.000000 -0.295590 0.955315 0.768512 0.096805
0 45.148998 -31.641829 120.952637 0.000000 -0.295590 0.955315 0.768512 0.543195
drum.jpg
0 45.889000 -40.912003 0.088447 -0.577350 -0.577350 -0.577350 0.780744 0.087440
0 45.639000 -40.662003 0.088447 -0.577350 -0.577350 -0.577350 0.782461 0.088338
0 45.889000 -40.662003 -0.161553 -0.577350 -0.577350 -0.577350 0.784732 0.088886
drum.jpg
0 75.625000 -40.912003 0.088447 0.577350 -0.577350 -0.577350 0.780000 0.551114
0 75.625000 -40.662003 -0.161553 0.577350 -0.577350 -0.577350 0.784732 0.551114
0 75.875000 -40.662003 0.088447 0.577350 -0.577350 -0.577350 0.784732 0.555000
drum.jpg
0 45.639000 -31.652998 0.088447 -0.577350 0.577350 -0.577350 0.955268 0.085000
0 45.889000 -31.402998 0.088447 -0.577350 0.577350 -0.577350 0.960000 0.088886
0 45.889000 -31.652998 -0.161553 -0.577350 0.577350 -0.577350 0.955268 0.088886
drum.jpg
0 75.625000 -31.402998 0.088447 0.577350 0.577350 -0.577350 0.960000 0.551114
0 75.875000 -31.652998 0.088447 0.577350 0.577350 -0.577350 0.955268 0.555000
0 75.625000 -31.652998 -0.161553 0.577350 0.577350 -0.577350 0.955268 0.551114
drum.jpg
0 45.639000 -40.662003 117.899956 -0.544387 -0.675140 0.497823 0.780000 0.093704
0 45.889000 -40.912003 117.834297 -0.544387 -0.675140 0.497823 0.781488 0.085000
0 45.889000 -40.673172 118.158195 -0.544387 -0.675140 0.497823 0.781488 0.096805
drum.jpg
0 75.625000 -40.912003 117.834297 0.544393 -0.675137 0.497821 0.958512 0.085000
0 75.875000 -40.662003 117.899956 0.544393 -0.675137 0.497821 0.960000 0.093704
0 75.625000 -40.673172 118.158195 0.544393 -0.675137 0.497821 0.958512 0.096805
drum.jpg
0 45.639000 -31.652998 120.687485 -0.660683 0.445505 0.604172 0.780000 0.538991
0 45.889000 -31.641829 120.952637 -0.660683 0.445505 0.604172 0.781488 0.543195
0 45.889000 -31.402998 120.776535 -0.660683 0.445505 0.604172 0.781488 0.553255
drum.jpg
0 75.875000 -31.652998 120.687485 0.660688 0.445490 0.604177 0.958691 0.546740
0 75.625000 -31.402998 120.776535 0.660688 0.445490 0.604177 0.959070 0.552185
0 75.625000 -31.641829 120.952637 0.660688 0.445490 0.604177 0.958512 0.543195
drum.jpg
0 45.889000 -40.662003 -0.161553 0.000000 -0.707103 -0.707111 0.784732 0.088886
0 75.625000 -40.912003 0.088447 0.000000 -0.707103 -0.707111 0.780000 0.551114
0 45.889000 -40.912003 0.088447 0.000000 -0.707103 -0.707111 0.780744 0.087440
drum.jpg
0 45.639000 -40.662003 0.088447 -0.707107 0.000000 -0.707107 0.782461 0.088338
0 45.889000 -31.652998 -0.161553 -0.707107 0.000000 -0.707107 0.955268 0.088886
0 45.889000 -40.662003 -0.161553 -0.707107 0.000000 -0.707107 0.784732 0.088886
drum.jpg
0 45.889000 -31.402998 0.088447 0.000000 0.707109 -0.707105 0.960000 0.088886
0 75.625000 -31.652998 -0.161553 0.000000 0.707109 -0.707105 0.955268 0.551114
0 45.889000 -31.652998 -0.161553 0.000000 0.707109 -0.707105 0.955268 0.088886
drum.jpg
0 75.625000 -40.662003 -0.161553 0.707107 0.000000 -0.707107 0.784732 0.551114
0 75.875000 -31.652998 0.088447 0.707107 0.000000 -0.707107 0.955268 0.555000
0 75.875000 -40.662003 0.088447 0.707107 0.000000 -0.707107 0.784732 0.555000
drum.jpg
0 45.889000 -40.673172 118.158195 -0.707117 -0.209011 0.675500 0.781488 0.096805
0 45.639000 -31.652998 120.687485 -0.707117 -0.209011 0.675500 0.780000 0.538991
0 45.639000 -40.662003 117.899956 -0.707117 -0.209011 0.675500 0.780000 0.093704
drum.jpg
0 45.889000 -40.912003 117.834297 0.000000 -0.804848 0.593481 0.781488 0.085000
0 75.625000 -40.673172 118.158195 0.000000 -0.804848 0.593481 0.958512 0.096805
0 45.889000 -40.673172 118.158195 0.000000 -0.804848 0.593481 0.781488 0.096805
drum.jpg
0 75.875000 -40.662003 117.899956 0.707082 -0.209020 0.675533 0.960000 0.093704
0 75.625000 -31.641829 120.952637 0.707082 -0.209020 0.675533 0.958512 0.543195
0 75.625000 -40.673172 118.158195 0.707082 -0.209020 0.675533 0.958512 0.096805
drum.jpg
0 45.889000 -31.641829 120.952637 0.000000 0.593467 0.804858 0.781488 0.543195
0 75.625000 -31.402998 120.776535 0.000000 0.593467 0.804858 0.959070 0.552185
0 45.889000 -31.402998 120.776535 0.000000 0.593467 0.804858 0.781488 0.553255
drum.jpg
0 45.889000 -40.912003 0.088447 -0.707104 -0.707110 0.000000 0.780744 0.087440
0 45.639000 -40.662003 117.899956 -0.707104 -0.707110 0.000000 0.780000 0.554267
0 45.639000 -40.662003 0.088447 -0.707104 -0.707110 0.000000 0.782461 0.088338
drum.jpg
0 75.875000 -40.662003 0.088447 0.707118 -0.707096 0.000000 0.960000 0.085994
0 75.625000 -40.912003 117.834297 0.707118 -0.707096 0.000000 0.958512 0.554006
0 75.625000 -40.912003 0.088447 0.707118 -0.707096 0.000000 0.958512 0.085994
drum.jpg
0 45.639000 -31.652998 0.088447 -0.707097 0.707117 0.000000 0.780371 0.085000
0 45.889000 -31.402998 120.776535 -0.707097 0.707117 0.000000 0.959629 0.088886
0 45.889000 -31.402998 0.088447 -0.707097 0.707117 0.000000 0.780371 0.088886
drum.jpg
0 75.625000 -31.402998 0.088447 0.707099 0.707114 0.000000 0.780371 0.551114
0 75.875000 -31.652998 120.687485 0.707099 0.707114 0.000000 0.958691 0.546740
0 75.875000 -31.652998 0.088447 0.707099 0.707114 0.000000 0.780371 0.555000
drum.jpg
0 45.889000 -40.912003 0.088447 0.000000 -1.000000 0.000000 0.780744 0.087440
0 75.625000 -40.912003 117.834297 0.000000 -1.000000 0.000000 0.958512 0.554006
0 45.889000 -40.912003 117.834297 0.000000 -1.000000 0.000000 0.781488 0.554006
drum.jpg
0 45.889000 -40.662003 -0.161553 0.000000 0.000000 -1.000000 0.784732 0.088886
0 75.625000 -31.652998 -0.161553 0.000000 0.000000 -1.000000 0.955268 0.551114
0 75.625000 -40.662003 -0.161553 0.000000 0.000000 -1.000000 0.784732 0.551114
drum.jpg
0 45.639000 -40.662003 0.088447 -1.000000 0.000000 0.000000 0.782461 0.088338
0 45.639000 -31.652998 120.687485 -1.000000 0.000000 0.000000 0.959609 0.542643
0 45.639000 -31.652998 0.088447 -1.000000 0.000000 0.000000 0.780374 0.542643
drum.jpg
0 75.875000 -40.662003 0.088447 1.000000 0.000000 0.000000 0.784732 0.085987
0 75.875000 -31.652998 120.687485 1.000000 0.000000 0.000000 0.958691 0.546740
0 75.875000 -40.662003 117.899956 1.000000 0.000000 0.000000 0.784732 0.553970
drum.jpg
0 45.889000 -31.402998 0.088447 0.000000 1.000000 0.000000 0.780371 0.088886
0 75.625000 -31.402998 120.776535 0.000000 1.000000 0.000000 0.959070 0.552185
0 75.625000 -31.402998 0.088447 0.000000 1.000000 0.000000 0.780371 0.551114
drum.jpg
0 45.889000 -40.673172 118.158195 0.000000 -0.295590 0.955315 0.781488 0.096805
0 75.625000 -31.641829 120.952637 0.000000 -0.295590 0.955315 0.958512 0.543195
0 45.889000 -31.641829 120.952637 0.000000 -0.295590 0.955315 0.781488 0.543195
drum.jpg
0 45.889000 -40.662003 -0.161553 0.000000 -0.707114 -0.707099 0.784732 0.088886
0 75.625000 -40.662003 -0.161553 0.000000 -0.707114 -0.707099 0.784732 0.551114
0 75.625000 -40.912003 0.088447 0.000000 -0.707114 -0.707099 0.780000 0.551114
drum.jpg
0 45.639000 -40.662003 0.088447 -0.707107 0.000000 -0.707107 0.782461 0.088338
0 45.639000 -31.652998 0.088447 -0.707107 0.000000 -0.707107 0.955268 0.085000
0 45.889000 -31.652998 -0.161553 -0.707107 0.000000 -0.707107 0.955268 0.088886
drum.jpg
0 45.889000 -31.402998 0.088447 0.000000 0.707109 -0.707105 0.960000 0.088886
0 75.625000 -31.402998 0.088447 0.000000 0.707109 -0.707105 0.960000 0.551114
0 75.625000 -31.652998 -0.161553 0.000000 0.707109 -0.707105 0.955268 0.551114
drum.jpg
0 75.625000 -40.662003 -0.161553 0.707107 0.000000 -0.707107 0.784732 0.551114
0 75.625000 -31.652998 -0.161553 0.707107 0.000000 -0.707107 0.955268 0.551114
0 75.875000 -31.652998 0.088447 0.707107 0.000000 -0.707107 0.955268 0.555000
drum.jpg
0 45.889000 -40.673172 118.158195 -0.707121 -0.209013 0.675495 0.781488 0.096805
0 45.889000 -31.641829 120.952637 -0.707121 -0.209013 0.675495 0.781488 0.543195
0 45.639000 -31.652998 120.687485 -0.707121 -0.209013 0.675495 0.780000 0.538991
drum.jpg
0 45.889000 -40.912003 117.834297 0.000000 -0.804858 0.593467 0.781488 0.085000
0 75.625000 -40.912003 117.834297 0.000000 -0.804858 0.593467 0.958512 0.085000
0 75.625000 -40.673172 118.158195 0.000000 -0.804858 0.593467 0.958512 0.096805
drum.jpg
0 75.875000 -40.662003 117.899956 0.707156 -0.209002 0.675462 0.960000 0.093704
0 75.875000 -31.652998 120.687485 0.707156 -0.209002 0.675462 0.958691 0.546740
0 75.625000 -31.641829 120.952637 0.707156 -0.209002 0.675462 0.958512 0.543195
drum.jpg
0 45.889000 -31.641829 120.952637 0.000000 0.593467 0.804858 0.781488 0.543195
0 75.625000 -31.641829 120.952637 0.000000 0.593467 0.804858 0.958512 0.543195
0 75.625000 -31.402998 120.776535 0.000000 0.593467 0.804858 0.959070 0.552185
drum.jpg
0 45.889000 -40.912003 0.088447 -0.707108 -0.707106 0.000000 0.780744 0.087440
0 45.889000 -40.912003 117.834297 -0.707108 -0.707106 0.000000 0.781488 0.554006
0 45.639000 -40.662003 117.899956 -0.707108 -0.707106 0.000000 0.780000 0.554267
drum.jpg
0 75.875000 -40.662003 0.088447 0.707104 -0.707110 0.000000 0.960000 0.085994
0 75.875000 -40.662003 117.899956 0.707104 -0.707110 0.000000 0.960000 0.554267
0 75.625000 -40.912003 117.834297 0.707104 -0.707110 0.000000 0.958512 0.554006
drum.jpg
0 45.639000 -31.652998 0.088447 -0.707113 0.707100 0.000000 0.780371 0.085000
0 45.639000 -31.652998 120.687485 -0.707113 0.707100 0.000000 0.959496 0.085000
0 45.889000 -31.402998 120.776535 -0.707113 0.707100 0.000000 0.959629 0.088886
drum.jpg
0 75.625000 -31.402998 0.088447 0.707098 0.707115 0.000000 0.780371 0.551114
0 75.625000 -31.402998 120.776535 0.707098 0.707115 0.000000 0.959070 0.552185
0 75.875000 -31.652998 120.687485 0.707098 0.707115 0.000000 0.958691 0.546740
drum.jpg
0 45.889000 -40.912003 0.088447 0.000000 -1.000000 0.000000 0.780744 0.087440
0 75.625000 -40.912003 0.088447 0.000000 -1.000000 0.000000 0.958512 0.085994
0 75.625000 -40.912003 117.834297 0.000000 -1.000000 0.000000 0.958512 0.554006
drum.jpg
0 45.889000 -40.662003 -0.161553 0.000000 0.000000 -1.000000 0.784732 0.088886
0 45.889000 -31.652998 -0.161553 0.000000 0.000000 -1.000000 0.955268 0.088886
0 75.625000 -31.652998 -0.161553 0.000000 0.000000 -1.000000 0.955268 0.551114
drum.jpg
0 45.639000 -40.662003 0.088447 -1.000000 0.000000 0.000000 0.782461 0.088338
0 45.639000 -40.662003 117.899956 -1.000000 0.000000 0.000000 0.959606 0.097357
0 45.639000 -31.652998 120.687485 -1.000000 0.000000 0.000000 0.959609 0.542643
drum.jpg
0 75.875000 -40.662003 0.088447 1.000000 0.000000 0.000000 0.784732 0.085987
0 75.875000 -31.652998 0.088447 1.000000 0.000000 0.000000 0.955268 0.085976
0 75.875000 -31.652998 120.687485 1.000000 0.000000 0.000000 0.958691 0.546740
drum.jpg
0 45.889000 -31.402998 0.088447 0.000000 1.000000 0.000000 0.780371 0.088886
0 45.889000 -31.402998 120.776535 0.000000 1.000000 0.000000 0.959629 0.088886
0 75.625000 -31.402998 120.776535 0.000000 1.000000 0.000000 0.959070 0.552185
drum.jpg
0 45.889000 -40.673172 118.158195 0.000000 -0.295590 0.955315 0.781488 0.096805
0 75.625000 -40.673172 118.158195 0.000000 -0.295590 0.955315 0.958512 0.096805
0 75.625000 -31.641829 120.952637 0.000000 -0.295590 0.955315 0.958512 0.543195
drum.jpg
0 -76.014999 30.216000 0.088447 -0.577350 -0.577350 -0.577350 0.020744 0.087362
0 -76.264999 30.466000 0.088447 -0.577350 -0.577350 -0.577350 0.022446 0.088299
0 -76.014999 30.466000 -0.161553 -0.577350 -0.577350 -0.577350 0.024732 0.088886
drum.jpg
0 -46.278999 30.216000 0.088447 0.577350 -0.577350 -0.577350 0.020000 0.551114
0 -46.278999 30.466000 -0.161553 0.577350 -0.577350 -0.577350 0.024732 0.551114
0 -46.028999 30.466000 0.088447 0.577350 -0.577350 -0.577350 0.024732 0.555000
drum.jpg
0 -76.264999 39.474998 0.088447 -0.577350 0.577350 -0.577350 0.195268 0.085000
0 -76.014999 39.724998 0.088447 -0.577350 0.577350 -0.577350 0.200000 0.088886
0 -76.014999 39.474998 -0.161553 -0.577350 0.577350 -0.577350 0.195268 0.088886
drum.jpg
0 -46.278999 39.724998 0.088447 0.577350 0.577350 -0.577350 0.200000 0.551114
0 -46.028999 39.474998 0.088447 0.577350 0.577350 -0.577350 0.195268 0.555000
0 -46.278999 39.474998 -0.161553 0.577350 0.577350 -0.577350 0.195268 0.551114
drum.jpg
0 -76.264999 30.466000 139.908127 -0.544387 -0.675140 0.497823 0.020000 0.093704
0 -76.014999 30.216000 139.842468 -0.544387 -0.675140 0.497823 0.021488 0.085000
0 -76.014999 30.454828 140.166367 -0.544387 -0.675140 0.497823 0.021488 0.096805
drum.jpg
0 -46.278999 30.216000 139.842468 0.544396 -0.675130 0.497828 0.198512 0.085000
0 -46.028999 30.466000 139.908127 0.544396 -0.675130 0.497828 0.200000 0.093704
0 -46.278999 30.454828 140.166367 0.544396 -0.675130 0.497828 0.198512 0.096805
drum.jpg
0 -76.264999 39.474998 142.695648 -0.660688 0.445490 0.604177 0.020000 0.538991
0 -76.014999 39.486168 142.960800 -0.660688 0.445490 0.604177 0.021488 0.543195
0 -76.014999 39.724998 142.784698 -0.660688 0.445490 0.604177 0.021488 0.553255
drum.jpg
0 -46.028999 39.474998 142.695648 0.660688 0.445490 0.604177 0.198710 0.546780
0 -46.278999 39.724998 142.784698 0.660688 0.445490 0.604177 0.199099 0.552185
0 -46.278999 39.486168 142.960800 0.660688 0.445490 0.604177 0.198512 0.543195
drum.jpg
0 -76.014999 30.466000 -0.161553 0.000000 -0.707109 -0.707105 0.024732 0.088886
0 -46.278999 30.216000 0.088447 0.000000 -0.707109 -0.707105 0.020000 0.551114
0 -76.014999 30.216000 0.088447 0.000000 -0.707109 -0.707105 0.020744 0.087362
drum.jpg
0 -76.264999 30.466000 0.088447 -0.707107 0.000000 -0.707107 0.022446 0.088299
0 -76.014999 39.474998 -0.161553 -0.707107 0.000000 -0.707107 0.195268 0.088886
0 -76.014999 30.466000 -0.161553 -0.707107 0.000000 -0.707107 0.024732 0.088886
drum.jpg
0 -76.014999 39.724998 0.088447 0.000000 0.707114 -0.707099 0.200000 0.088886
0 -46.278999 39.474998 -0.161553 0.000000 0.707114 -0.707099 0.195268 0.551114
0 -76.014999 39.474998 -0.161553 0.000000 0.707114 -0.707099 0.195268 0.088886
drum.jpg
0 -46.278999 30.466000 -0.161553 0.707107 0.000000 -0.707107 0.024732 0.551114
0 -46.028999 39.474998 0.088447 0.707107 0.000000 -0.707107 0.195268 0.555000
0 -46.028999 30.466000 0.088447 0.707107 0.000000 -0.707107 0.024732 0.555000
drum.jpg
0 -76.014999 30.454828 140.166367 -0.707080 -0.209026 0.675534 0.021488 0.096805
0 -76.264999 39.474998 142.695648 -0.707080 -0.209026 0.675534 0.020000 0.538991
0 -76.264999 30.466000 139.908127 -0.707080 -0.209026 0.675534 0.020000 0.093704
drum.jpg
0 -76.014999 30.216000 139.842468 0.000000 -0.804858 0.593467 0.021488 0.085000
0 -46.278999 30.454828 140.166367 0.000000 -0.804858 0.593467 0.198512 0.096805
0 -76.014999 30.454828 140.166367 0.000000 -0.804858 0.593467 0.021488 0.096805
drum.jpg
0 -46.028999 30.466000 139.908127 0.707082 -0.209020 0.675533 0.200000 0.093704
0 -46.278999 39.486168 142.960800 0.707082 -0.209020 0.675533 0.198512 0.543195
0 -46.278999 30.454828 140.166367 0.707082 -0.209020 0.675533 0.198512 0.096805
drum.jpg
0 -76.014999 39.486168 142.960800 0.000000 0.593467 0.804858 0.021488 0.543195
0 -46.278999 39.724998 142.784698 0.000000 0.593467 0.804858 0.199099 0.552185
0 -76.014999 39.724998 142.784698 0.000000 0.593467 0.804858 0.021488 0.553255
drum.jpg
0 -76.014999 30.216000 0.088447 -0.707105 -0.707108 0.000000 0.020744 0.087362
0 -76.264999 30.466000 139.908127 -0.707105 -0.707108 0.000000 0.020000 0.554382
0 -76.264999 30.466000 0.088447 -0.707105 -0.707108 0.000000 0.022446 0.088299
drum.jpg
0 -46.028999 30.466000 0.088447 0.707107 -0.707107 0.000000 0.200000 0.085838
0 -46.278999 30.216000 139.842468 0.707107 -0.707107 0.000000 0.198512 0.554162
0 -46.278999 30.216000 0.088447 0.707107 -0.707107 0.000000 0.198512 0.085838
drum.jpg
0 -76.264999 39.474998 0.088447 -0.707109 0.707105 0.000000 0.020314 0.085000
0 -76.014999 39.724998 142.784698 -0.707109 0.707105 0.000000 0.199686 0.088886
0 -76.014999 39.724998 0.088447 -0.707109 0.707105 0.000000 0.020314 0.088886
drum.jpg
0 -46.278999 39.724998 0.088447 0.707101 0.707112 0.000000 0.020314 0.551114
0 -46.028999 39.474998 142.695648 0.707101 0.707112 0.000000 0.198710 0.546780
0 -46.028999 39.474998 0.088447 0.707101 0.707112 0.000000 0.020314 0.555000
drum.jpg
0 -76.014999 30.216000 0.088447 0.000000 -1.000000 0.000000 0.020744 0.087362
0 -46.278999 30.216000 139.842468 0.000000 -1.000000 0.000000 0.198512 0.554162
0 -76.014999 30.216000 139.842468 0.000000 -1.000000 0.000000 0.021488 0.554162
drum.jpg
0 -76.014999 30.466000 -0.161553 0.000000 0.000000 -1.000000 0.024732 0.088886
0 -46.278999 39.474998 -0.161553 0.000000 0.000000 -1.000000 0.195268 0.551114
0 -46.278999 30.466000 -0.161553 0.000000 0.000000 -1.000000 0.024732 0.551114
drum.jpg
0 -76.264999 30.466000 0.088447 -1.000000 0.000000 0.000000 0.022446 0.088299
0 -76.264999 39.474998 142.695648 -1.000000 0.000000 0.000000 0.199670 0.542643
0 -76.264999 39.474998 0.088447 -1.000000 0.000000 0.000000 0.020316 0.542643
drum.jpg
0 -46.028999 30.466000 0.088447 1.000000 0.000000 0.000000 0.024732 0.085833
0 -46.028999 39.474998 142.695648 1.000000 0.000000 0.000000 0.198710 0.546780
0 -46.028999 30.466000 139.908127 1.000000 0.000000 0.000000 0.024732 0.554130
drum.jpg
0 -76.014999 39.724998 0.088447 0.000000 1.000000 0.000000 0.020314 0.088886
0 -46.278999 39.724998 142.784698 0.000000 1.000000 0.000000 0.199099 0.552185
0 -46.278999 39.724998 0.088447 0.000000 1.000000 0.000000 0.020314 0.551114
drum.jpg
0 -76.014999 30.454828 140.166367 0.000000 -0.295589 0.955315 0.021488 0.096805
0 -46.278999 39.486168 142.960800 0.000000 -0.295589 0.955315 0.198512 0.543195
0 -76.014999 39.486168 142.960800 0.000000 -0.295589 0.955315 0.021488 0.543195
drum.jpg
0 -76.014999 30.466000 -0.161553 0.000000 -0.707109 -0.707105 0.024732 0.088886
0 -46.278999 30.466000 -0.161553 0.000000 -0.707109 -0.707105 0.024732 0.551114
0 -46.278999 30.216000 0.088447 0.000000 -0.707109 -0.707105 0.020000 0.551114
drum.jpg
0 -76.264999 30.466000 0.088447 -0.707107 0.000000 -0.707107 0.022446 0.088299
0 -76.264999 39.474998 0.088447 -0.707107 0.000000 -0.707107 0.195268 0.085000
0 -76.014999 39.474998 -0.161553 -0.707107 0.000000 -0.707107 0.195268 0.088886
drum.jpg
0 -76.014999 39.724998 0.088447 0.000000 0.707103 -0.707111 0.200000 0.088886
0 -46.278999 39.724998 0.088447 0.000000 0.707103 -0.707111 0.200000 0.551114
0 -46.278999 39.474998 -0.161553 0.000000 0.707103 -0.707111 0.195268 0.551114
drum.jpg
0 -46.278999 30.466000 -0.161553 0.707107 0.000000 -0.707107 0.024732 0.551114
0 -46.278999 39.474998 -0.161553 0.707107 0.000000 -0.707107 0.195268 0.551114
0 -46.028999 39.474998 0.088447 0.707107 0.000000 -0.707107 0.195268 0.555000
drum.jpg
0 -76.014999 30.454828 140.166367 -0.707127 -0.209005 0.675491 0.021488 0.096805
0 -76.014999 39.486168 142.960800 -0.707127 -0.209005 0.675491 0.021488 0.543195
0 -76.264999 39.474998 142.695648 -0.707127 -0.209005 0.675491 0.020000 0.538991
drum.jpg
0 -76.014999 30.216000 139.842468 0.000000 -0.804858 0.593467 0.021488 0.085000
0 -46.278999 30.216000 139.842468 0.000000 -0.804858 0.593467 0.198512 0.085000
0 -46.278999 30.454828 140.166367 0.000000 -0.804858 0.593467 0.198512 0.096805
drum.jpg
0 -46.028999 30.466000 139.908127 0.707125 -0.209004 0.675493 0.200000 0.093704
0 -46.028999 39.474998 142.695648 0.707125 -0.209004 0.675493 0.198710 0.546780
0 -46.278999 39.486168 142.960800 0.707125 -0.209004 0.675493 0.198512 0.543195
drum.jpg
0 -76.014999 39.486168 142.960800 0.000000 0.593454 0.804868 0.021488 0.543195
0 -46.278999 39.486168 142.960800 0.000000 0.593454 0.804868 0.198512 0.543195
0 -46.278999 39.724998 142.784698 0.000000 0.593454 0.804868 0.199099 0.552185
drum.jpg
0 -76.014999 30.216000 0.088447 -0.707102 -0.707112 0.000000 0.020744 0.087362
0 -76.014999 30.216000 139.842468 -0.707102 -0.707112 0.000000 0.021488 0.554162
0 -76.264999 30.466000 139.908127 -0.707102 -0.707112 0.000000 0.020000 0.554382
drum.jpg
0 -46.028999 30.466000 0.088447 0.707103 -0.707111 0.000000 0.200000 0.085838
0 -46.028999 30.466000 139.908127 0.707103 -0.707111 0.000000 0.200000 0.554382
0 -46.278999 30.216000 139.842468 0.707103 -0.707111 0.000000 0.198512 0.554162
drum.jpg
0 -76.264999 39.474998 0.088447 -0.707101 0.707112 0.000000 0.020314 0.085000
0 -76.264999 39.474998 142.695648 -0.707101 0.707112 0.000000 0.199574 0.085000
0 -76.014999 39.724998 142.784698 -0.707101 0.707112 0.000000 0.199686 0.088886
drum.jpg
0 -46.278999 39.724998 0.088447 0.707112 0.707101 0.000000 0.020314 0.551114
0 -46.278999 39.724998 142.784698 0.707112 0.707101 0.000000 0.199099 0.552185
0 -46.028999 39.474998 142.695648 0.707112 0.707101 0.000000 0.198710 0.546780
drum.jpg
0 -76.014999 30.216000 0.088447 0.000000 -1.000000 0.000000 0.020744 0.087362
0 -46.278999 30.216000 0.088447 0.000000 -1.000000 0.000000 0.198512 0.085838
0 -46.278999 30.216000 139.842468 0.000000 -1.000000 0.000000 0.198512 0.554162
drum.jpg
0 -76.014999 30.466000 -0.161553 0.000000 0.000000 -1.000000 0.024732 0.088886
0 -76.014999 39.474998 -0.161553 0.000000 0.000000 -1.000000 0.195268 0.088886
0 -46.278999 39.474998 -0.161553 0.000000 0.000000 -1.000000 0.195268 0.551114
drum.jpg
0 -76.264999 30.466000 0.088447 -1.000000 0.000001 0.000000 0.022446 0.088299
0 -76.264999 30.466000 139.908127 -1.000000 0.000001 0.000000 0.199667 0.097357
0 -76.264999 39.474998 142.695648 -1.000000 0.000001 0.000000 0.199670 0.542643
drum.jpg
0 -46.028999 30.466000 0.088447 1.000000 0.000000 0.000000 0.024732 0.085833
0 -46.028999 39.474998 0.088447 1.000000 0.000000 0.000000 0.195268 0.085826
0 -46.028999 39.474998 142.695648 1.000000 0.000000 0.000000 0.198710 0.546780
drum.jpg
0 -76.014999 39.724998 0.088447 0.000000 1.000000 0.000000 0.020314 0.088886
0 -76.014999 39.724998 142.784698 0.000000 1.000000 0.000000 0.199686 0.088886
0 -46.278999 39.724998 142.784698 0.000000 1.000000 0.000000 0.199099 0.552185
drum.jpg
0 -76.014999 30.454828 140.166367 0.000000 -0.295589 0.955315 0.021488 0.096805
0 -46.278999 30.454828 140.166367 0.000000 -0.295589 0.955315 0.198512 0.096805
0 -46.278999 39.486168 142.960800 0.000000 -0.295589 0.955315 0.198512 0.543195
drum.jpg
0 -45.539001 30.216000 0.088447 -0.577350 -0.577350 -0.577350 0.210744 0.087362
0 -45.789001 30.466000 0.088447 -0.577350 -0.577350 -0.577350 0.212446 0.088299
0 -45.539001 30.466000 -0.161553 -0.577350 -0.577350 -0.577350 0.214732 0.088886
drum.jpg
0 -15.803000 30.216000 0.088447 0.577350 -0.577350 -0.577350 0.210000 0.551114
0 -15.803000 30.466000 -0.161553 0.577350 -0.577350 -0.577350 0.214732 0.551114
0 -15.553000 30.466000 0.088447 0.577350 -0.577350 -0.577350 0.214732 0.555000
drum.jpg
0 -45.789001 39.474998 0.088447 -0.577350 0.577350 -0.577350 0.385268 0.085000
0 -45.539001 39.724998 0.088447 -0.577350 0.577350 -0.577350 0.390000 0.088886
0 -45.539001 39.474998 -0.161553 -0.577350 0.577350 -0.577350 0.385268 0.088886
drum.jpg
0 -15.803000 39.724998 0.088447 0.577350 0.577350 -0.577350 0.390000 0.551114
0 -15.553000 39.474998 0.088447 0.577350 0.577350 -0.577350 0.385268 0.555000
0 -15.803000 39.474998 -0.161553 0.577350 0.577350 -0.577350 0.385268 0.551114
drum.jpg
0 -45.789001 30.466000 139.908127 -0.544387 -0.675140 0.497823 0.210000 0.093704
0 -45.539001 30.216000 139.842468 -0.544387 -0.675140 0.497823 0.211488 0.085000
0 -45.539001 30.454828 140.166367 -0.544387 -0.675140 0.497823 0.211488 0.096805
drum.jpg
0 -15.803000 30.216000 139.842468 0.544390 -0.675139 0.497822 0.388512 0.085000
0 -15.553000 30.466000 139.908127 0.544390 -0.675139 0.497822 0.390000 0.093704
0 -15.803000 30.454828 140.166367 0.544390 -0.675139 0.497822 0.388512 0.096805
drum.jpg
0 -45.789001 39.474998 142.695648 -0.660688 0.445490 0.604177 0.210000 0.538991
0 -45.539001 39.486168 142.960800 -0.660688 0.445490 0.604177 0.211488 0.543195
0 -45.539001 39.724998 142.784698 -0.660688 0.445490 0.604177 0.211488 0.553255
drum.jpg
0 -15.553000 39.474998 142.695648 0.660690 0.445486 0.604178 0.388710 0.546780
0 -15.803000 39.724998 142.784698 0.660690 0.445486 0.604178 0.389099 0.552185
0 -15.803000 39.486168 142.960800 0.660690 0.445486 0.604178 0.388512 0.543195
drum.jpg
0 -45.539001 30.466000 -0.161553 0.000000 -0.707109 -0.707105 0.214732 0.088886
0 -15.803000 30.216000 0.088447 0.000000 -0.707109 -0.707105 0.210000 0.551114
0 -45.539001 30.216000 0.088447 0.000000 -0.707109 -0.707105 0.210744 0.087362
drum.jpg
0 -45.789001 30.466000 0.088447 -0.707107 0.000000 -0.707107 0.212446 0.088299
0 -45.539001 39.474998 -0.161553 -0.707107 0.000000 -0.707107 0.385268 0.088886
0 -45.539001 30.466000 -0.161553 -0.707107 0.000000 -0.707107 0.214732 0.088886
drum.jpg
0 -45.539001 39.724998 0.088447 0.000000 0.707114 -0.707099 0.390000 0.088886
0 -15.803000 39.474998 -0.161553 0.000000 0.707114 -0.707099 0.385268 0.551114
0 -45.539001 39.474998 -0.161553 0.000000 0.707114 -0.707099 0.385268 0.088886
drum.jpg
0 -15.803000 30.466000 -0.161553 0.707107 0.000000 -0.707107 0.214732 0.551114
0 -15.553000 39.474998 0.088447 0.707107 0.000000 -0.707107 0.385268 0.555000
0 -15.553000 30.466000 0.088447 0.707107 0.000000 -0.707107 0.214732 0.555000
drum.jpg
0 -45.539001 30.454828 140.166367 -0.707080 -0.209022 0.675535 0.211488 0.096805
0 -45.789001 39.474998 142.695648 -0.707080 -0.209022 0.675535 0.210000 0.538991
0 -45.789001 30.466000 139.908127 -0.707080 -0.209022 0.675535 0.210000 0.093704
drum.jpg
0 -45.539001 30.216000 139.842468 0.000000 -0.804858 0.593467 0.211488 0.085000
0 -15.803000 30.454828 140.166367 0.000000 -0.804858 0.593467 0.388512 0.096805
0 -45.539001 30.454828 140.166367 0.000000 -0.804858 0.593467 0.211488 0.096805
drum.jpg
0 -15.553000 30.466000 139.908127 0.707082 -0.209020 0.675533 0.390000 0.093704
0 -15.803000 39.486168 142.960800 0.707082 -0.209020 0.675533 0.388512 0.543195
0 -15.803000 30.454828 140.166367 0.707082 -0.209020 0.675533 0.388512 0.096805
drum.jpg
0 -45.539001 39.486168 142.960800 0.000000 0.593467 0.804858 0.211488 0.543195
0 -15.803000 39.724998 142.784698 0.000000 0.593467 0.804858 0.389099 0.552185
0 -45.539001 39.724998 142.784698 0.000000 0.593467 0.804858 0.211488 0.553255
drum.jpg
0 -45.539001 30.216000 0.088447 -0.707115 -0.707099 0.000000 0.210744 0.087362
0 -45.789001 30.466000 139.908127 -0.707115 -0.707099 0.000000 0.210000 0.554382
0 -45.789001 30.466000 0.088447 -0.707115 -0.707099 0.000000 0.212446 0.088299
drum.jpg
0 -15.553000 30.466000 0.088447 0.707107 -0.707107 0.000000 0.390000 0.085838
0 -15.803000 30.216000 139.842468 0.707107 -0.707107 0.000000 0.388512 0.554162
0 -15.803000 30.216000 0.088447 0.707107 -0.707107 0.000000 0.388512 0.085838
drum.jpg
0 -45.789001 39.474998 0.088447 -0.707109 0.707105 0.000000 0.210314 0.085000
0 -45.539001 39.724998 142.784698 -0.707109 0.707105 0.000000 0.389686 0.088886
0 -45.539001 39.724998 0.088447 -0.707109 0.707105 0.000000 0.210314 0.088886
drum.jpg
0 -15.803000 39.724998 0.088447 0.707106 0.707107 0.000000 0.210314 0.551114
0 -15.553000 39.474998 142.695648 0.707106 0.707107 0.000000 0.388710 0.546780
0 -15.553000 39.474998 0.088447 0.707106 0.707107 0.000000 0.210314 0.555000
drum.jpg
0 -45.539001 30.216000 0.088447 0.000000 -1.000000 0.000000 0.210744 0.087362
0 -15.803000 30.216000 139.842468 0.000000 -1.000000 0.000000 0.388512 0.554162
0 -45.539001 30.216000 139.842468 0.000000 -1.000000 0.000000 0.211488 0.554162
drum.jpg
0 -45.539001 30.466000 -0.161553 0.000000 0.000000 -1.000000 0.214732 0.088886
0 -15.803000 39.474998 -0.161553 0.000000 0.000000 -1.000000 0.385268 0.551114
0 -15.803000 30.466000 -0.161553 0.000000 0.000000 -1.000000 0.214732 0.551114
drum.jpg
0 -45.789001 30.466000 0.088447 -1.000000 0.000000 0.000000 0.212446 0.088299
0 -45.789001 39.474998 142.695648 -1.000000 0.000000 0.000000 0.389670 0.542643
0 -45.789001 39.474998 0.088447 -1.000000 0.000000 0.000000 0.210316 0.542643
drum.jpg
0 -15.553000 30.466000 0.088447 1.000000 0.000000 0.000000 0.214732 0.085833
0 -15.553000 39.474998 142.695648 1.000000 0.000000 0.000000 0.388710 0.546780
0 -15.553000 30.466000 139.908127 1.000000 0.000000 0.000000 0.214732 0.554130
drum.jpg
0 -45.539001 39.724998 0.088447 0.000000 1.000000 0.000000 0.210314 0.088886
0 -15.803000 39.724998 142.784698 0.000000 1.000000 0.000000 0.389099 0.552185
0 -15.803000 39.724998 0.088447 0.000000 1.000000 0.000000 0.210314 0.551114
drum.jpg
0 -45.539001 30.454828 140.166367 0.000000 -0.295589 0.955315 0.211488 0.096805
0 -15.803000 39.486168 142.960800 0.000000 -0.295589 0.955315 0.388512 0.543195
0 -45.539001 39.486168 142.960800 0.000000 -0.295589 0.955315 0.211488 0.543195
drum.jpg
0 -45.539001 30.466000 -0.161553 0.000000 -0.707109 -0.707105 0.214732 0.088886
0 -15.803000 30.466000 -0.161553 0.000000 -0.707109 -0.707105 0.214732 0.551114
0 -15.803000 30.216000 0.088447 0.000000 -0.707109 -0.707105 0.210000 0.551114
drum.jpg
0 -45.789001 30.466000 0.088447 -0.707107 0.000000 -0.707107 0.212446 0.088299
0 -45.789001 39.474998 0.088447 -0.707107 0.000000 -0.707107 0.385268 0.085000
0 -45.539001 39.474998 -0.161553 -0.707107 0.000000 -0.707107 0.385268 0.088886
drum.jpg
0 -45.539001 39.724998 0.088447 0.000000 0.707103 -0.707111 0.390000 0.088886
0 -15.803000 39.724998 0.088447 0.000000 0.707103 -0.707111 0.390000 0.551114
0 -15.803000 39.474998 -0.161553 0.000000 0.707103 -0.707111 0.385268 0.551114
drum.jpg
0 -15.803000 30.466000 -0.161553 0.707107 0.000000 -0.707107 0.214732 0.551114
0 -15.803000 39.474998 -0.161553 0.707107 0.000000 -0.707107 0.385268 0.551114
0 -15.553000 39.474998 0.088447 0.707107 0.000000 -0.707107 0.385268 0.555000
drum.jpg
0 -45.539001 30.454828 140.166367 -0.707127 -0.209006 0.675491 0.211488 0.096805
0 -45.539001 39.486168 142.960800 -0.707127 -0.209006 0.675491 0.211488 0.543195
0 -45.789001 39.474998 142.695648 -0.707127 -0.209006 0.675491 0.210000 0.538991
drum.jpg
0 -45.539001 30.216000 139.842468 0.000000 -0.804858 0.593467 0.211488 0.085000
0 -15.803000 30.216000 139.842468 0.000000 -0.804858 0.593467 0.388512 0.085000
0 -15.803000 30.454828 140.166367 0.000000 -0.804858 0.593467 0.388512 0.096805
drum.jpg
0 -15.553000 30.466000 139.908127 0.707125 -0.209008 0.675493 0.390000 0.093704
0 -15.553000 39.474998 142.695648 0.707125 -0.209008 0.675493 0.388710 0.546780
0 -15.803000 39.486168 142.960800 0.707125 -0.209008 0.675493 0.388512 0.543195
drum.jpg
0 -45.539001 39.486168 142.960800 0.000000 0.593454 0.804868 0.211488 0.543195
0 -15.803000 39.486168 142.960800 0.000000 0.593454 0.804868 0.388512 0.543195
0 -15.803000 39.724998 142.784698 0.000000 0.593454 0.804868 0.389099 0.552185
drum.jpg
0 -45.539001 30.216000 0.088447 -0.707101 -0.707113 0.000000 0.210744 0.087362
0 -45.539001 30.216000 139.842468 -0.707101 -0.707113 0.000000 0.211488 0.554162
0 -45.789001 30.466000 139.908127 -0.707101 -0.707113 0.000000 0.210000 0.554382
drum.jpg
0 -15.553000 30.466000 0.088447 0.707108 -0.707105 0.000000 0.390000 0.085838
0 -15.553000 30.466000 139.908127 0.707108 -0.707105 0.000000 0.390000 0.554382
0 -15.803000 30.216000 139.842468 0.707108 -0.707105 0.000000 0.388512 0.554162
drum.jpg
0 -45.789001 39.474998 0.088447 -0.707102 0.707112 0.000000 0.210314 0.085000
0 -45.789001 39.474998 142.695648 -0.707102 0.707112 0.000000 0.389574 0.085000
0 -45.539001 39.724998 142.784698 -0.707102 0.707112 0.000000 0.389686 0.088886
drum.jpg
0 -15.803000 39.724998 0.088447 0.707107 0.707107 0.000000 0.210314 0.551114
0 -15.803000 39.724998 142.784698 0.707107 0.707107 0.000000 0.389099 0.552185
0 -15.553000 39.474998 142.695648 0.707107 0.707107 0.000000 0.388710 0.546780
drum.jpg
0 -45.539001 30.216000 0.088447 0.000000 -1.000000 0.000000 0.210744 0.087362
0 -15.803000 30.216000 0.088447 0.000000 -1.000000 0.000000 0.388512 0.085838
0 -15.803000 30.216000 139.842468 0.000000 -1.000000 0.000000 0.388512 0.554162
drum.jpg
0 -45.539001 30.466000 -0.161553 0.000000 0.000000 -1.000000 0.214732 0.088886
0 -45.539001 39.474998 -0.161553 0.000000 0.000000 -1.000000 0.385268 0.088886
0 -15.803000 39.474998 -0.161553 0.000000 0.000000 -1.000000 0.385268 0.551114
drum.jpg
0 -45.789001 30.466000 0.088447 -1.000000 -0.000001 0.000000 0.212446 0.088299
0 -45.789001 30.466000 139.908127 -1.000000 -0.000001 0.000000 0.389667 0.097357
0 -45.789001 39.474998 142.695648 -1.000000 -0.000001 0.000000 0.389670 0.542643
drum.jpg
0 -15.553000 30.466000 0.088447 1.000000 0.000000 0.000000 0.214732 0.085833
0 -15.553000 39.474998 0.088447 1.000000 0.000000 0.000000 0.385268 0.085826
0 -15.553000 39.474998 142.695648 1.000000 0.000000 0.000000 0.388710 0.546780
drum.jpg
0 -45.539001 39.724998 0.088447 0.000000 1.000000 0.000000 0.210314 0.088886
0 -45.539001 39.724998 142.784698 0.000000 1.000000 0.000000 0.389686 0.088886
0 -15.803000 39.724998 142.784698 0.000000 1.000000 0.000000 0.389099 0.552185
drum.jpg
0 -45.539001 30.454828 140.166367 0.000000 -0.295589 0.955315 0.211488 0.096805
0 -15.803000 30.454828 140.166367 0.000000 -0.295589 0.955315 0.388512 0.096805
0 -15.803000 39.486168 142.960800 0.000000 -0.295589 0.955315 0.388512 0.543195
drum.jpg
0 -15.063000 30.216000 0.088447 -0.577350 -0.577350 -0.577350 0.400744 0.087362
0 -15.313000 30.466000 0.088447 -0.577350 -0.577350 -0.577350 0.402446 0.088299
0 -15.063000 30.466000 -0.161553 -0.577350 -0.577350 -0.577350 0.404732 0.088886
drum.jpg
0 14.673001 30.216000 0.088447 0.577350 -0.577350 -0.577350 0.400000 0.551114
0 14.673001 30.466000 -0.161553 0.577350 -0.577350 -0.577350 0.404732 0.551114
0 14.923001 30.466000 0.088447 0.577350 -0.577350 -0.577350 0.404732 0.555000
drum.jpg
0 -15.313000 39.474998 0.088447 -0.577350 0.577350 -0.577350 0.575268 0.085000
0 -15.063000 39.724998 0.088447 -0.577350 0.577350 -0.577350 0.580000 0.088886
0 -15.063000 39.474998 -0.161553 -0.577350 0.577350 -0.577350 0.575268 0.088886
drum.jpg
0 14.673001 39.724998 0.088447 0.577350 0.577350 -0.577350 0.580000 0.551114
0 14.923001 39.474998 0.088447 0.577350 0.577350 -0.577350 0.575268 0.555000
0 14.673001 39.474998 -0.161553 0.577350 0.577350 -0.577350 0.575268 0.551114
drum.jpg
0 -15.313000 30.466000 139.908127 -0.544387 -0.675140 0.497823 0.400000 0.093704
0 -15.063000 30.216000 139.842468 -0.544387 -0.675140 0.497823 0.401488 0.085000
0 -15.063000 30.454828 140.166367 -0.544387 -0.675140 0.497823 0.401488 0.096805
drum.jpg
0 14.673001 30.216000 139.842468 0.544390 -0.675139 0.497822 0.578512 0.085000
0 14.923001 30.466000 139.908127 0.544390 -0.675139 0.497822 0.580000 0.093704
0 14.673001 30.454828 140.166367 0.544390 -0.675139 0.497822 0.578512 0.096805
drum.jpg
0 -15.313000 39.474998 142.695648 -0.660687 0.445494 0.604176 0.400000 0.538991
0 -15.063000 39.486168 142.960800 -0.660687 0.445494 0.604176 0.401488 0.543195
0 -15.063000 39.724998 142.784698 -0.660687 0.445494 0.604176 0.401488 0.553255
drum.jpg
0 14.923001 39.474998 142.695648 0.660688 0.445490 0.604177 0.578710 0.546780
0 14.673001 39.724998 142.784698 0.660688 0.445490 0.604177 0.579099 0.552185
0 14.673001 39.486168 142.960800 0.660688 0.445490 0.604177 0.578512 0.543195
drum.jpg
0 -15.063000 30.466000 -0.161553 0.000000 -0.707109 -0.707105 0.404732 0.088886
0 14.673001 30.216000 0.088447 0.000000 -0.707109 -0.707105 0.400000 0.551114
0 -15.063000 30.216000 0.088447 0.000000 -0.707109 -0.707105 0.400744 0.087362
drum.jpg
0 -15.313000 30.466000 0.088447 -0.707107 0.000000 -0.707107 0.402446 0.088299
0 -15.063000 39.474998 -0.161553 -0.707107 0.000000 -0.707107 0.575268 0.088886
0 -15.063000 30.466000 -0.161553 -0.707107 0.000000 -0.707107 0.404732 0.088886
drum.jpg
0 -15.063000 39.724998 0.088447 0.000000 0.707114 -0.707099 0.580000 0.088886
0 14.673001 39.474998 -0.161553 0.000000 0.707114 -0.707099 0.575268 0.551114
0 -15.063000 39.474998 -0.161553 0.000000 0.707114 -0.707099 0.575268 0.088886
drum.jpg
0 14.673001 30.466000 -0.161553 0.707107 0.000000 -0.707107 0.404732 0.551114
0 14.923001 39.474998 0.088447 0.707107 0.000000 -0.707107 0.575268 0.555000
0 14.923001 30.466000 0.088447 0.707107 0.000000 -0.707107 0.404732 0.555000
drum.jpg
0 -15.063000 30.454828 140.166367 -0.707081 -0.209020 0.675535 0.401488 0.096805
0 -15.313000 39.474998 142.695648 -0.707081 -0.209020 0.675535 0.400000 0.538991
0 -15.313000 30.466000 139.908127 -0.707081 -0.209020 0.675535 0.400000 0.093704
drum.jpg
0 -15.063000 30.216000 139.842468 0.000000 -0.804858 0.593467 0.401488 0.085000
0 14.673001 30.454828 140.166367 0.000000 -0.804858 0.593467 0.578512 0.096805
0 -15.063000 30.454828 140.166367 0.000000 -0.804858 0.593467 0.401488 0.096805
drum.jpg
0 14.923001 30.466000 139.908127 0.707082 -0.209022 0.675533 0.580000 0.093704
0 14.673001 39.486168 142.960800 0.707082 -0.209022 0.675533 0.578512 0.543195
0 14.673001 30.454828 140.166367 0.707082 -0.209022 0.675533 0.578512 0.096805
drum.jpg
0 -15.063000 39.486168 142.960800 0.000000 0.593467 0.804858 0.401488 0.543195
0 14.673001 39.724998 142.784698 0.000000 0.593467 0.804858 0.579099 0.552185
0 -15.063000 39.724998 142.784698 0.000000 0.593467 0.804858 0.401488 0.553255
drum.jpg
0 -15.063000 30.216000 0.088447 -0.707105 -0.707108 0.000000 0.400744 0.087362
0 -15.313000 30.466000 139.908127 -0.707105 -0.707108 0.000000 0.400000 0.554382
0 -15.313000 30.466000 0.088447 -0.707105 -0.707108 0.000000 0.402446 0.088299
drum.jpg
0 14.923001 30.466000 0.088447 0.707107 -0.707107 0.000000 0.580000 0.085838
0 14.673001 30.216000 139.842468 0.707107 -0.707107 0.000000 0.578512 0.554162
0 14.673001 30.216000 0.088447 0.707107 -0.707107 0.000000 0.578512 0.085838
drum.jpg
0 -15.313000 39.474998 0.088447 -0.707104 0.707109 0.000000 0.400314 0.085000
0 -15.063000 39.724998 142.784698 -0.707104 0.707109 0.000000 0.579686 0.088886
0 -15.063000 39.724998 0.088447 -0.707104 0.707109 0.000000 0.400314 0.088886
drum.jpg
0 14.673001 39.724998 0.088447 0.707106 0.707107 0.000000 0.400314 0.551114
0 14.923001 39.474998 142.695648 0.707106 0.707107 0.000000 0.578710 0.546780
0 14.923001 39.474998 0.088447 0.707106 0.707107 0.000000 0.400314 0.555000
drum.jpg
0 -15.063000 30.216000 0.088447 0.000000 -1.000000 0.000000 0.400744 0.087362
0 14.673001 30.216000 139.842468 0.000000 -1.000000 0.000000 0.578512 0.554162
0 -15.063000 30.216000 139.842468 0.000000 -1.000000 0.000000 0.401488 0.554162
drum.jpg
0 -15.063000 30.466000 -0.161553 0.000000 0.000000 -1.000000 0.404732 0.088886
0 14.673001 39.474998 -0.161553 0.000000 0.000000 -1.000000 0.575268 0.551114
0 14.673001 30.466000 -0.161553 0.000000 0.000000 -1.000000 0.404732 0.551114
drum.jpg
0 -15.313000 30.466000 0.088447 -1.000000 0.000000 0.000000 0.402446 0.088299
0 -15.313000 39.474998 142.695648 -1.000000 0.000000 0.000000 0.579670 0.542643
0 -15.313000 39.474998 0.088447 -1.000000 0.000000 0.000000 0.400316 0.542643
drum.jpg
0 14.923001 30.466000 0.088447 1.000000 0.000000 0.000000 0.404732 0.085833
0 14.923001 39.474998 142.695648 1.000000 0.000000 0.000000 0.578710 0.546780
0 14.923001 30.466000 139.908127 1.000000 0.000000 0.000000 0.404732 0.554130
drum.jpg
0 -15.063000 39.724998 0.088447 0.000000 1.000000 0.000000 0.400314 0.088886
0 14.673001 39.724998 142.784698 0.000000 1.000000 0.000000 0.579099 0.552185
0 14.673001 39.724998 0.088447 0.000000 1.000000 0.000000 0.400314 0.551114
drum.jpg
0 -15.063000 30.454828 140.166367 0.000000 -0.295589 0.955315 0.401488 0.096805
0 14.673001 39.486168 142.960800 0.000000 -0.295589 0.955315 0.578512 0.543195
0 -15.063000 39.486168 142.960800 0.000000 -0.295589 0.955315 0.401488 0.543195
drum.jpg
0 -15.063000 30.466000 -0.161553 0.000000 -0.707109 -0.707105 0.404732 0.088886
0 14.673001 30.466000 -0.161553 0.000000 -0.707109 -0.707105 0.404732 0.551114
0 14.673001 30.216000 0.088447 0.000000 -0.707109 -0.707105 0.400000 0.551114
drum.jpg
0 -15.313000 30.466000 0.088447 -0.707107 0.000000 -0.707107 0.402446 0.088299
0 -15.313000 39.474998 0.088447 -0.707107 0.000000 -0.707107 0.575268 0.085000
0 -15.063000 39.474998 -0.161553 -0.707107 0.000000 -0.707107 0.575268 0.088886
drum.jpg
0 -15.063000 39.724998 0.088447 0.000000 0.707103 -0.707111 0.580000 0.088886
0 14.673001 39.724998 0.088447 0.000000 0.707103 -0.707111 0.580000 0.551114
0 14.673001 39.474998 -0.161553 0.000000 0.707103 -0.707111 0.575268 0.551114
drum.jpg
0 14.673001 30.466000 -0.161553 0.707107 0.000000 -0.707107 0.404732 0.551114
0 14.673001 39.474998 -0.161553 0.707107 0.000000 -0.707107 0.575268 0.551114
0 14.923001 39.474998 0.088447 0.707107 0.000000 -0.707107 0.575268 0.555000
drum.jpg
0 -15.063000 30.454828 140.166367 -0.707127 -0.209008 0.675491 0.401488 0.096805
0 -15.063000 39.486168 142.960800 -0.707127 -0.209008 0.675491 0.401488 0.543195
0 -15.313000 39.474998 142.695648 -0.707127 -0.209008 0.675491 0.400000 0.538991
drum.jpg
0 -15.063000 30.216000 139.842468 0.000000 -0.804858 0.593467 0.401488 0.085000
0 14.673001 30.216000 139.842468 0.000000 -0.804858 0.593467 0.578512 0.085000
0 14.673001 30.454828 140.166367 0.000000 -0.804858 0.593467 0.578512 0.096805
drum.jpg
0 14.923001 30.466000 139.908127 0.707125 -0.209008 0.675493 0.580000 0.093704
0 14.923001 39.474998 142.695648 0.707125 -0.209008 0.675493 0.578710 0.546780
0 14.673001 39.486168 142.960800 0.707125 -0.209008 0.675493 0.578512 0.543195
drum.jpg
0 -15.063000 39.486168 142.960800 0.000000 0.593454 0.804868 0.401488 0.543195
0 14.673001 39.486168 142.960800 0.000000 0.593454 0.804868 0.578512 0.543195
0 14.673001 39.724998 142.784698 0.000000 0.593454 0.804868 0.579099 0.552185
drum.jpg
0 -15.063000 30.216000 0.088447 -0.707110 -0.707103 0.000000 0.400744 0.087362
0 -15.063000 30.216000 139.842468 -0.707110 -0.707103 0.000000 0.401488 0.554162
0 -15.313000 30.466000 139.908127 -0.707110 -0.707103 0.000000 0.400000 0.554382
drum.jpg
0 14.923001 30.466000 0.088447 0.707104 -0.707110 0.000000 0.580000 0.085838
0 14.923001 30.466000 139.908127 0.707104 -0.707110 0.000000 0.580000 0.554382
0 14.673001 30.216000 139.842468 0.707104 -0.707110 0.000000 0.578512 0.554162
drum.jpg
0 -15.313000 39.474998 0.088447 -0.707107 0.707106 0.000000 0.400314 0.085000
0 -15.313000 39.474998 142.695648 -0.707107 0.707106 0.000000 0.579574 0.085000
0 -15.063000 39.724998 142.784698 -0.707107 0.707106 0.000000 0.579686 0.088886
drum.jpg
0 14.673001 39.724998 0.088447 0.707106 0.707107 0.000000 0.400314 0.551114
0 14.673001 39.724998 142.784698 0.707106 0.707107 0.000000 0.579099 0.552185
0 14.923001 39.474998 142.695648 0.707106 0.707107 0.000000 0.578710 0.546780
drum.jpg
0 -15.063000 30.216000 0.088447 0.000000 -1.000000 0.000000 0.400744 0.087362
0 14.673001 30.216000 0.088447 0.000000 -1.000000 0.000000 0.578512 0.085838
0 14.673001 30.216000 139.842468 0.000000 -1.000000 0.000000 0.578512 0.554162
drum.jpg
0 -15.063000 30.466000 -0.161553 0.000000 0.000000 -1.000000 0.404732 0.088886
0 -15.063000 39.474998 -0.161553 0.000000 0.000000 -1.000000 0.575268 0.088886
0 14.673001 39.474998 -0.161553 0.000000 0.000000 -1.000000 0.575268 0.551114
drum.jpg
0 -15.313000 30.466000 0.088447 -1.000000 0.000000 0.000000 0.402446 0.088299
0 -15.313000 30.466000 139.908127 -1.000000 0.000000 0.000000 0.579667 0.097357
0 -15.313000 39.474998 142.695648 -1.000000 0.000000 0.000000 0.579670 0.542643
drum.jpg
0 14.923001 30.466000 0.088447 1.000000 0.000000 0.000000 0.404732 0.085833
0 14.923001 39.474998 0.088447 1.000000 0.000000 0.000000 0.575268 0.085826
0 14.923001 39.474998 142.695648 1.000000 0.000000 0.000000 0.578710 0.546780
drum.jpg
0 -15.063000 39.724998 0.088447 0.000000 1.000000 0.000000 0.400314 0.088886
0 -15.063000 39.724998 142.784698 0.000000 1.000000 0.000000 0.579686 0.088886
0 14.673001 39.724998 142.784698 0.000000 1.000000 0.000000 0.579099 0.552185
drum.jpg
0 -15.063000 30.454828 140.166367 0.000000 -0.295589 0.955315 0.401488 0.096805
0 14.673001 30.454828 140.166367 0.000000 -0.295589 0.955315 0.578512 0.096805
0 14.673001 39.486168 142.960800 0.000000 -0.295589 0.955315 0.578512 0.543195
drum.jpg
0 15.413001 30.216000 0.088447 -0.577350 -0.577350 -0.577350 0.590744 0.087362
0 15.163001 30.466000 0.088447 -0.577350 -0.577350 -0.577350 0.592446 0.088299
0 15.413001 30.466000 -0.161553 -0.577350 -0.577350 -0.577350 0.594732 0.088886
drum.jpg
0 45.148998 30.216000 0.088447 0.577350 -0.577350 -0.577350 0.590000 0.551114
0 45.148998 30.466000 -0.161553 0.577350 -0.577350 -0.577350 0.594732 0.551114
0 45.398998 30.466000 0.088447 0.577350 -0.577350 -0.577350 0.594732 0.555000
drum.jpg
0 15.163001 39.474998 0.088447 -0.577350 0.577350 -0.577350 0.765268 0.085000
0 15.413001 39.724998 0.088447 -0.577350 0.577350 -0.577350 0.770000 0.088886
0 15.413001 39.474998 -0.161553 -0.577350 0.577350 -0.577350 0.765268 0.088886
drum.jpg
0 45.148998 39.724998 0.088447 0.577350 0.577350 -0.577350 0.770000 0.551114
0 45.398998 39.474998 0.088447 0.577350 0.577350 -0.577350 0.765268 0.555000
0 45.148998 39.474998 -0.161553 0.577350 0.577350 -0.577350 0.765268 0.551114
drum.jpg
0 15.163001 30.466000 139.908127 -0.544387 -0.675140 0.497823 0.590000 0.093704
0 15.413001 30.216000 139.842468 -0.544387 -0.675140 0.497823 0.591488 0.085000
0 15.413001 30.454828 140.166367 -0.544387 -0.675140 0.497823 0.591488 0.096805
drum.jpg
0 45.148998 30.216000 139.842468 0.544396 -0.675130 0.497828 0.768512 0.085000
0 45.398998 30.466000 139.908127 0.544396 -0.675130 0.497828 0.770000 0.093704
0 45.148998 30.454828 140.166367 0.544396 -0.675130 0.497828 0.768512 0.096805
drum.jpg
0 15.163001 39.474998 142.695648 -0.660687 0.445494 0.604176 0.590000 0.538991
0 15.413001 39.486168 142.960800 -0.660687 0.445494 0.604176 0.591488 0.543195
0 15.413001 39.724998 142.784698 -0.660687 0.445494 0.604176 0.591488 0.553255
drum.jpg
0 45.398998 39.474998 142.695648 0.660691 0.445482 0.604180 0.768710 0.546780
0 45.148998 39.724998 142.784698 0.660691 0.445482 0.604180 0.769099 0.552185
0 45.148998 39.486168 142.960800 0.660691 0.445482 0.604180 0.768512 0.543195
drum.jpg
0 15.413001 30.466000 -0.161553 0.000000 -0.707109 -0.707105 0.594732 0.088886
0 45.148998 30.216000 0.088447 0.000000 -0.707109 -0.707105 0.590000 0.551114
0 15.413001 30.216000 0.088447 0.000000 -0.707109 -0.707105 0.590744 0.087362
drum.jpg
0 15.163001 30.466000 0.088447 -0.707107 0.000000 -0.707107 0.592446 0.088299
0 15.413001 39.474998 -0.161553 -0.707107 0.000000 -0.707107 0.765268 0.088886
0 15.413001 30.466000 -0.161553 -0.707107 0.000000 -0.707107 0.594732 0.088886
drum.jpg
0 15.413001 39.724998 0.088447 0.000000 0.707103 -0.707111 0.770000 0.088886
0 45.148998 39.474998 -0.161553 0.000000 0.707103 -0.707111 0.765268 0.551114
0 15.413001 39.474998 -0.161553 0.000000 0.707103 -0.707111 0.765268 0.088886
drum.jpg
0 45.148998 30.466000 -0.161553 0.707107 0.000000 -0.707107 0.594732 0.551114
0 45.398998 39.474998 0.088447 0.707107 0.000000 -0.707107 0.765268 0.555000
0 45.398998 30.466000 0.088447 0.707107 0.000000 -0.707107 0.594732 0.555000
drum.jpg
0 15.413001 30.454828 140.166367 -0.707081 -0.209020 0.675535 0.591488 0.096805
0 15.163001 39.474998 142.695648 -0.707081 -0.209020 0.675535 0.590000 0.538991
0 15.163001 30.466000 139.908127 -0.707081 -0.209020 0.675535 0.590000 0.093704
drum.jpg
0 15.413001 30.216000 139.842468 0.000000 -0.804858 0.593467 0.591488 0.085000
0 45.148998 30.454828 140.166367 0.000000 -0.804858 0.593467 0.768512 0.096805
0 15.413001 30.454828 140.166367 0.000000 -0.804858 0.593467 0.591488 0.096805
drum.jpg
0 45.398998 30.466000 139.908127 0.707082 -0.209020 0.675533 0.770000 0.093704
0 45.148998 39.486168 142.960800 0.707082 -0.209020 0.675533 0.768512 0.543195
0 45.148998 30.454828 140.166367 0.707082 -0.209020 0.675533 0.768512 0.096805
drum.jpg
0 15.413001 39.486168 142.960800 0.000000 0.593467 0.804858 0.591488 0.543195
0 45.148998 39.724998 142.784698 0.000000 0.593467 0.804858 0.769099 0.552185
0 15.413001 39.724998 142.784698 0.000000 0.593467 0.804858 0.591488 0.553255
drum.jpg
0 15.413001 30.216000 0.088447 -0.707105 -0.707108 0.000000 0.590744 0.087362
0 15.163001 30.466000 139.908127 -0.707105 -0.707108 0.000000 0.590000 0.554382
0 15.163001 30.466000 0.088447 -0.707105 -0.707108 0.000000 0.592446 0.088299
drum.jpg
0 45.398998 30.466000 0.088447 0.707107 -0.707107 0.000000 0.770000 0.085838
0 45.148998 30.216000 139.842468 0.707107 -0.707107 0.000000 0.768512 0.554162
0 45.148998 30.216000 0.088447 0.707107 -0.707107 0.000000 0.768512 0.085838
drum.jpg
0 15.163001 39.474998 0.088447 -0.707109 0.707105 0.000000 0.590314 0.085000
0 15.413001 39.724998 142.784698 -0.707109 0.707105 0.000000 0.769686 0.088886
0 15.413001 39.724998 0.088447 -0.707109 0.707105 0.000000 0.590314 0.088886
drum.jpg
0 45.148998 39.724998 0.088447 0.707101 0.707112 0.000000 0.590314 0.551114
0 45.398998 39.474998 142.695648 0.707101 0.707112 0.000000 0.768710 0.546780
0 45.398998 39.474998 0.088447 0.707101 0.707112 0.000000 0.590314 0.555000
drum.jpg
0 15.413001 30.216000 0.088447 0.000000 -1.000000 0.000000 0.590744 0.087362
0 45.148998 30.216000 139.842468 0.000000 -1.000000 0.000000 0.768512 0.554162
0 15.413001 30.216000 139.842468 0.000000 -1.000000 0.000000 0.591488 0.554162
drum.jpg
0 15.413001 30.466000 -0.161553 0.000000 0.000000 -1.000000 0.594732 0.088886
0 45.148998 39.474998 -0.161553 0.000000 0.000000 -1.000000 0.765268 0.551114
0 45.148998 30.466000 -0.161553 0.000000 0.000000 -1.000000 0.594732 0.551114
drum.jpg
0 15.163001 30.466000 0.088447 -1.000000 0.000000 0.000000 0.592446 0.088299
0 15.163001 39.474998 142.695648 -1.000000 0.000000 0.000000 0.769670 0.542643
0 15.163001 39.474998 0.088447 -1.000000 0.000000 0.000000 0.590316 0.542643
drum.jpg
0 45.398998 30.466000 0.088447 1.000000 0.000000 0.000000 0.594732 0.085833
0 45.398998 39.474998 142.695648 1.000000 0.000000 0.000000 0.768710 0.546780
0 45.398998 30.466000 139.908127 1.000000 0.000000 0.000000 0.594732 0.554130
drum.jpg
0 15.413001 39.724998 0.088447 0.000000 1.000000 0.000000 0.590314 0.088886
0 45.148998 39.724998 142.784698 0.000000 1.000000 0.000000 0.769099 0.552185
0 45.148998 39.724998 0.088447 0.000000 1.000000 0.000000 0.590314 0.551114
drum.jpg
0 15.413001 30.454828 140.166367 0.000000 -0.295589 0.955315 0.591488 0.096805
0 45.148998 39.486168 142.960800 0.000000 -0.295589 0.955315 0.768512 0.543195
0 15.413001 39.486168 142.960800 0.000000 -0.295589 0.955315 0.591488 0.543195
drum.jpg
0 15.413001 30.466000 -0.161553 0.000000 -0.707109 -0.707105 0.594732 0.088886
0 45.148998 30.466000 -0.161553 0.000000 -0.707109 -0.707105 0.594732 0.551114
0 45.148998 30.216000 0.088447 0.000000 -0.707109 -0.707105 0.590000 0.551114
drum.jpg
0 15.163001 30.466000 0.088447 -0.707107 0.000000 -0.707107 0.592446 0.088299
0 15.163001 39.474998 0.088447 -0.707107 0.000000 -0.707107 0.765268 0.085000
0 15.413001 39.474998 -0.161553 -0.707107 0.000000 -0.707107 0.765268 0.088886
drum.jpg
0 15.413001 39.724998 0.088447 0.000000 0.707114 -0.707099 0.770000 0.088886
0 45.148998 39.724998 0.088447 0.000000 0.707114 -0.707099 0.770000 0.551114
0 45.148998 39.474998 -0.161553 0.000000 0.707114 -0.707099 0.765268 0.551114
drum.jpg
0 45.148998 30.466000 -0.161553 0.707107 0.000000 -0.707107 0.594732 0.551114
0 45.148998 39.474998 -0.161553 0.707107 0.000000 -0.707107 0.765268 0.551114
0 45.398998 39.474998 0.088447 0.707107 0.000000 -0.707107 0.765268 0.555000
drum.jpg
0 15.413001 30.454828 140.166367 -0.707126 -0.209009 0.675491 0.591488 0.096805
0 15.413001 39.486168 142.960800 -0.707126 -0.209009 0.675491 0.591488 0.543195
0 15.163001 39.474998 142.695648 -0.707126 -0.209009 0.675491 0.590000 0.538991
drum.jpg
0 15.413001 30.216000 139.842468 0.000000 -0.804858 0.593467 0.591488 0.085000
0 45.148998 30.216000 139.842468 0.000000 -0.804858 0.593467 0.768512 0.085000
0 45.148998 30.454828 140.166367 0.000000 -0.804858 0.593467 0.768512 0.096805
drum.jpg
0 45.398998 30.466000 139.908127 0.707125 -0.209007 0.675493 0.770000 0.093704
0 45.398998 39.474998 142.695648 0.707125 -0.209007 0.675493 0.768710 0.546780
0 45.148998 39.486168 142.960800 0.707125 -0.209007 0.675493 0.768512 0.543195
drum.jpg
0 15.413001 39.486168 142.960800 0.000000 0.593467 0.804858 0.591488 0.543195
0 45.148998 39.486168 142.960800 0.000000 0.593467 0.804858 0.768512 0.543195
0 45.148998 39.724998 142.784698 0.000000 0.593467 0.804858 0.769099 0.552185
drum.jpg
0 15.413001 30.216000 0.088447 -0.707110 -0.707104 0.000000 0.590744 0.087362
0 15.413001 30.216000 139.842468 -0.707110 -0.707104 0.000000 0.591488 0.554162
0 15.163001 30.466000 139.908127 -0.707110 -0.707104 0.000000 0.590000 0.554382
drum.jpg
0 45.398998 30.466000 0.088447 0.707105 -0.707109 0.000000 0.770000 0.085838
0 45.398998 30.466000 139.908127 0.707105 -0.707109 0.000000 0.770000 0.554382
0 45.148998 30.216000 139.842468 0.707105 -0.707109 0.000000 0.768512 0.554162
drum.jpg
0 15.163001 39.474998 0.088447 -0.707103 0.707111 0.000000 0.590314 0.085000
0 15.163001 39.474998 142.695648 -0.707103 0.707111 0.000000 0.769574 0.085000
0 15.413001 39.724998 142.784698 -0.707103 0.707111 0.000000 0.769686 0.088886
drum.jpg
0 45.148998 39.724998 0.088447 0.707111 0.707103 0.000000 0.590314 0.551114
0 45.148998 39.724998 142.784698 0.707111 0.707103 0.000000 0.769099 0.552185
0 45.398998 39.474998 142.695648 0.707111 0.707103 0.000000 0.768710 0.546780
drum.jpg
0 15.413001 30.216000 0.088447 0.000000 -1.000000 0.000000 0.590744 0.087362
0 45.148998 30.216000 0.088447 0.000000 -1.000000 0.000000 0.768512 0.085838
0 45.148998 30.216000 139.842468 0.000000 -1.000000 0.000000 0.768512 0.554162
drum.jpg
0 15.413001 30.466000 -0.161553 0.000000 0.000000 -1.000000 0.594732 0.088886
0 15.413001 39.474998 -0.161553 0.000000 0.000000 -1.000000 0.765268 0.088886
0 45.148998 39.474998 -0.161553 0.000000 0.000000 -1.000000 0.765268 0.551114
drum.jpg
0 15.163001 30.466000 0.088447 -1.000000 0.000000 0.000000 0.592446 0.088299
0 15.163001 30.466000 139.908127 -1.000000 0.000000 0.000000 0.769667 0.097357
0 15.163001 39.474998 142.695648 -1.000000 0.000000 0.000000 0.769670 0.542643
drum.jpg
0 45.398998 30.466000 0.088447 1.000000 0.000000 0.000000 0.594732 0.085833
0 45.398998 39.474998 0.088447 1.000000 0.000000 0.000000 0.765268 0.085826
0 45.398998 39.474998 142.695648 1.000000 0.000000 0.000000 0.768710 0.546780
drum.jpg
0 15.413001 39.724998 0.088447 0.000000 1.000000 0.000000 0.590314 0.088886
0 15.413001 39.724998 142.784698 0.000000 1.000000 0.000000 0.769686 0.088886
0 45.148998 39.724998 142.784698 0.000000 1.000000 0.000000 0.769099 0.552185
drum.jpg
0 15.413001 30.454828 140.166367 0.000000 -0.295589 0.955315 0.591488 0.096805
0 45.148998 30.454828 140.166367 0.000000 -0.295589 0.955315 0.768512 0.096805
0 45.148998 39.486168 142.960800 0.000000 -0.295589 0.955315 0.768512 0.543195
drum.jpg
0 45.889000 30.216000 0.088447 -0.577350 -0.577350 -0.577350 0.780744 0.087362
0 45.639000 30.466000 0.088447 -0.577350 -0.577350 -0.577350 0.782446 0.088299
0 45.889000 30.466000 -0.161553 -0.577350 -0.577350 -0.577350 0.784732 0.088886
drum.jpg
0 75.625000 30.216000 0.088447 0.577350 -0.577350 -0.577350 0.780000 0.551114
0 75.625000 30.466000 -0.161553 0.577350 -0.577350 -0.577350 0.784732 0.551114
0 75.875000 30.466000 0.088447 0.577350 -0.577350 -0.577350 0.784732 0.555000
drum.jpg
0 45.639000 39.474998 0.088447 -0.577350 0.577350 -0.577350 0.955268 0.085000
0 45.889000 39.724998 0.088447 -0.577350 0.577350 -0.577350 0.960000 0.088886
0 45.889000 39.474998 -0.161553 -0.577350 0.577350 -0.577350 0.955268 0.088886
drum.jpg
0 75.625000 39.724998 0.088447 0.577350 0.577350 -0.577350 0.960000 0.551114
0 75.875000 39.474998 0.088447 0.577350 0.577350 -0.577350 0.955268 0.555000
0 75.625000 39.474998 -0.161553 0.577350 0.577350 -0.577350 0.955268 0.551114
drum.jpg
0 45.639000 30.466000 139.908127 -0.544387 -0.675140 0.497823 0.780000 0.093704
0 45.889000 30.216000 139.842468 -0.544387 -0.675140 0.497823 0.781488 0.085000
0 45.889000 30.454828 140.166367 -0.544387 -0.675140 0.497823 0.781488 0.096805
drum.jpg
0 75.625000 30.216000 139.842468 0.544390 -0.675139 0.497822 0.958512 0.085000
0 75.875000 30.466000 139.908127 0.544390 -0.675139 0.497822 0.960000 0.093704
0 75.625000 30.454828 140.166367 0.544390 -0.675139 0.497822 0.958512 0.096805
drum.jpg
0 45.639000 39.474998 142.695648 -0.660683 0.445505 0.604172 0.780000 0.538991
0 45.889000 39.486168 142.960800 -0.660683 0.445505 0.604172 0.781488 0.543195
0 45.889000 39.724998 142.784698 -0.660683 0.445505 0.604172 0.781488 0.553255
drum.jpg
0 75.875000 39.474998 142.695648 0.660688 0.445490 0.604177 0.958710 0.546780
0 75.625000 39.724998 142.784698 0.660688 0.445490 0.604177 0.959099 0.552185
0 75.625000 39.486168 142.960800 0.660688 0.445490 0.604177 0.958512 0.543195
drum.jpg
0 45.889000 30.466000 -0.161553 0.000000 -0.707109 -0.707105 0.784732 0.088886
0 75.625000 30.216000 0.088447 0.000000 -0.707109 -0.707105 0.780000 0.551114
0 45.889000 30.216000 0.088447 0.000000 -0.707109 -0.707105 0.780744 0.087362
drum.jpg
0 45.639000 30.466000 0.088447 -0.707107 0.000000 -0.707107 0.782446 0.088299
0 45.889000 39.474998 -0.161553 -0.707107 0.000000 -0.707107 0.955268 0.088886
0 45.889000 30.466000 -0.161553 -0.707107 0.000000 -0.707107 0.784732 0.088886
drum.jpg
0 45.889000 39.724998 0.088447 0.000000 0.707114 -0.707099 0.960000 0.088886
0 75.625000 39.474998 -0.161553 0.000000 0.707114 -0.707099 0.955268 0.551114
0 45.889000 39.474998 -0.161553 0.000000 0.707114 -0.707099 0.955268 0.088886
drum.jpg
0 75.625000 30.466000 -0.161553 0.707107 0.000000 -0.707107 0.784732 0.551114
0 75.875000 39.474998 0.088447 0.707107 0.000000 -0.707107 0.955268 0.555000
0 75.875000 30.466000 0.088447 0.707107 0.000000 -0.707107 0.784732 0.555000
drum.jpg
0 45.889000 30.454828 140.166367 -0.707080 -0.209022 0.675535 0.781488 0.096805
0 45.639000 39.474998 142.695648 -0.707080 -0.209022 0.675535 0.780000 0.538991
0 45.639000 30.466000 139.908127 -0.707080 -0.209022 0.675535 0.780000 0.093704
drum.jpg
0 45.889000 30.216000 139.842468 0.000000 -0.804858 0.593467 0.781488 0.085000
0 75.625000 30.454828 140.166367 0.000000 -0.804858 0.593467 0.958512 0.096805
0 45.889000 30.454828 140.166367 0.000000 -0.804858 0.593467 0.781488 0.096805
drum.jpg
0 75.875000 30.466000 139.908127 0.707082 -0.209020 0.675533 0.960000 0.093704
0 75.625000 39.486168 142.960800 0.707082 -0.209020 0.675533 0.958512 0.543195
0 75.625000 30.454828 140.166367 0.707082 -0.209020 0.675533 0.958512 0.096805
drum.jpg
0 45.889000 39.486168 142.960800 0.000000 0.593467 0.804858 0.781488 0.543195
0 75.625000 39.724998 142.784698 0.000000 0.593467 0.804858 0.959099 0.552185
0 45.889000 39.724998 142.784698 0.000000 0.593467 0.804858 0.781488 0.553255
drum.jpg
0 45.889000 30.216000 0.088447 -0.707105 -0.707108 0.000000 0.780744 0.087362
0 45.639000 30.466000 139.908127 -0.707105 -0.707108 0.000000 0.780000 0.554382
0 45.639000 30.466000 0.088447 -0.707105 -0.707108 0.000000 0.782446 0.088299
drum.jpg
0 75.875000 30.466000 0.088447 0.707117 -0.707097 0.000000 0.960000 0.085838
0 75.625000 30.216000 139.842468 0.707117 -0.707097 0.000000 0.958512 0.554162
0 75.625000 30.216000 0.088447 0.707117 -0.707097 0.000000 0.958512 0.085838
drum.jpg
0 45.639000 39.474998 0.088447 -0.707109 0.707105 0.000000 0.780314 0.085000
0 45.889000 39.724998 142.784698 -0.707109 0.707105 0.000000 0.959686 0.088886
0 45.889000 39.724998 0.088447 -0.707109 0.707105 0.000000 0.780314 0.088886
drum.jpg
0 75.625000 39.724998 0.088447 0.707101 0.707112 0.000000 0.780314 0.551114
0 75.875000 39.474998 142.695648 0.707101 0.707112 0.000000 0.958710 0.546780
0 75.875000 39.474998 0.088447 0.707101 0.707112 0.000000 0.780314 0.555000
drum.jpg
0 45.889000 30.216000 0.088447 0.000000 -1.000000 0.000000 0.780744 0.087362
0 75.625000 30.216000 139.842468 0.000000 -1.000000 0.000000 0.958512 0.554162
0 45.889000 30.216000 139.842468 0.000000 -1.000000 0.000000 0.781488 0.554162
drum.jpg
0 45.889000 30.466000 -0.161553 0.000000 0.000000 -1.000000 0.784732 0.088886
0 75.625000 39.474998 -0.161553 0.000000 0.000000 -1.000000 0.955268 0.551114
0 75.625000 30.466000 -0.161553 0.000000 0.000000 -1.000000 0.784732 0.551114
drum.jpg
0 45.639000 30.466000 0.088447 -1.000000 0.000000 0.000000 0.782446 0.088299
0 45.639000 39.474998 142.695648 -1.000000 0.000000 0.000000 0.959670 0.542643
0 45.639000 39.474998 0.088447 -1.000000 0.000000 0.000000 0.780316 0.542643
drum.jpg
0 75.875000 30.466000 0.088447 1.000000 -0.000001 0.000000 0.784732 0.085833
0 75.875000 39.474998 142.695648 1.000000 -0.000001 0.000000 0.958710 0.546780
0 75.875000 30.466000 139.908127 1.000000 -0.000001 0.000000 0.784732 0.554130
drum.jpg
0 45.889000 39.724998 0.088447 0.000000 1.000000 0.000000 0.780314 0.088886
0 75.625000 39.724998 142.784698 0.000000 1.000000 0.000000 0.959099 0.552185
0 75.625000 39.724998 0.088447 0.000000 1.000000 0.000000 0.780314 0.551114
drum.jpg
0 45.889000 30.454828 140.166367 0.000000 -0.295589 0.955315 0.781488 0.096805
0 75.625000 39.486168 142.960800 0.000000 -0.295589 0.955315 0.958512 0.543195
0 45.889000 39.486168 142.960800 0.000000 -0.295589 0.955315 0.781488 0.543195
drum.jpg
0 45.889000 30.466000 -0.161553 0.000000 -0.707109 -0.707105 0.784732 0.088886
0 75.625000 30.466000 -0.161553 0.000000 -0.707109 -0.707105 0.784732 0.551114
0 75.625000 30.216000 0.088447 0.000000 -0.707109 -0.707105 0.780000 0.551114
drum.jpg
0 45.639000 30.466000 0.088447 -0.707107 0.000000 -0.707107 0.782446 0.088299
0 45.639000 39.474998 0.088447 -0.707107 0.000000 -0.707107 0.955268 0.085000
0 45.889000 39.474998 -0.161553 -0.707107 0.000000 -0.707107 0.955268 0.088886
drum.jpg
0 45.889000 39.724998 0.088447 0.000000 0.707103 -0.707111 0.960000 0.088886
0 75.625000 39.724998 0.088447 0.000000 0.707103 -0.707111 0.960000 0.551114
0 75.625000 39.474998 -0.161553 0.000000 0.707103 -0.707111 0.955268 0.551114
drum.jpg
0 75.625000 30.466000 -0.161553 0.707107 0.000000 -0.707107 0.784732 0.551114
0 75.625000 39.474998 -0.161553 0.707107 0.000000 -0.707107 0.955268 0.551114
0 75.875000 39.474998 0.088447 0.707107 0.000000 -0.707107 0.955268 0.555000
drum.jpg
0 45.889000 30.454828 140.166367 -0.707127 -0.209007 0.675491 0.781488 0.096805
0 45.889000 39.486168 142.960800 -0.707127 -0.209007 0.675491 0.781488 0.543195
0 45.639000 39.474998 142.695648 -0.707127 -0.209007 0.675491 0.780000 0.538991
drum.jpg
0 45.889000 30.216000 139.842468 0.000000 -0.804858 0.593467 0.781488 0.085000
0 75.625000 30.216000 139.842468 0.000000 -0.804858 0.593467 0.958512 0.085000
0 75.625000 30.454828 140.166367 0.000000 -0.804858 0.593467 0.958512 0.096805
drum.jpg
0 75.875000 30.466000 139.908127 0.707124 -0.209011 0.675492 0.960000 0.093704
0 75.875000 39.474998 142.695648 0.707124 -0.209011 0.675492 0.958710 0.546780
0 75.625000 39.486168 142.960800 0.707124 -0.209011 0.675492 0.958512 0.543195
drum.jpg
0 45.889000 39.486168 142.960800 0.000000 0.593454 0.804868 0.781488 0.543195
0 75.625000 39.486168 142.960800 0.000000 0.593454 0.804868 0.958512 0.543195
0 75.625000 39.724998 142.784698 0.000000 0.593454 0.804868 0.959099 0.552185
drum.jpg
0 45.889000 30.216000 0.088447 -0.707109 -0.707105 0.000000 0.780744 0.087362
0 45.889000 30.216000 139.842468 -0.707109 -0.707105 0.000000 0.781488 0.554162
0 45.639000 30.466000 139.908127 -0.707109 -0.707105 0.000000 0.780000 0.554382
drum.jpg
0 75.875000 30.466000 0.088447 0.707105 -0.707108 0.000000 0.960000 0.085838
0 75.875000 30.466000 139.908127 0.707105 -0.707108 0.000000 0.960000 0.554382
0 75.625000 30.216000 139.842468 0.707105 -0.707108 0.000000 0.958512 0.554162
drum.jpg
0 45.639000 39.474998 0.088447 -0.707103 0.707110 0.000000 0.780314 0.085000
0 45.639000 39.474998 142.695648 -0.707103 0.707110 0.000000 0.959574 0.085000
0 45.889000 39.724998 142.784698 -0.707103 0.707110 0.000000 0.959686 0.088886
drum.jpg
0 75.625000 39.724998 0.088447 0.707100 0.707113 0.000000 0.780314 0.551114
0 75.625000 39.724998 142.784698 0.707100 0.707113 0.000000 0.959099 0.552185
0 75.875000 39.474998 142.695648 0.707100 0.707113 0.000000 0.958710 0.546780
drum.jpg
0 45.889000 30.216000 0.088447 0.000000 -1.000000 0.000000 0.780744 0.087362
0 75.625000 30.216000 0.088447 0.000000 -1.000000 0.000000 0.958512 0.085838
0 75.625000 30.216000 139.842468 0.000000 -1.000000 0.000000 0.958512 0.554162
drum.jpg
0 45.889000 30.466000 -0.161553 0.000000 0.000000 -1.000000 0.784732 0.088886
0 45.889000 39.474998 -0.161553 0.000000 0.000000 -1.000000 0.955268 0.088886
0 75.625000 39.474998 -0.161553 0.000000 0.000000 -1.000000 0.955268 0.551114
drum.jpg
0 45.639000 30.466000 0.088447 -1.000000 0.000000 0.000000 0.782446 0.088299
0 45.639000 30.466000 139.908127 -1.000000 0.000000 0.000000 0.959667 0.097357
0 45.639000 39.474998 142.695648 -1.000000 0.000000 0.000000 0.959670 0.542643
drum.jpg
0 75.875000 30.466000 0.088447 1.000000 0.000000 0.000000 0.784732 0.085833
0 75.875000 39.474998 0.088447 1.000000 0.000000 0.000000 0.955268 0.085826
0 75.875000 39.474998 142.695648 1.000000 0.000000 0.000000 0.958710 0.546780
drum.jpg
0 45.889000 39.724998 0.088447 0.000000 1.000000 0.000000 0.780314 0.088886
0 45.889000 39.724998 142.784698 0.000000 1.000000 0.000000 0.959686 0.088886
0 75.625000 39.724998 142.784698 0.000000 1.000000 0.000000 0.959099 0.552185
drum.jpg
0 45.889000 30.454828 140.166367 0.000000 -0.295589 0.955315 0.781488 0.096805
0 75.625000 30.454828 140.166367 0.000000 -0.295589 0.955315 0.958512 0.096805
0 75.625000 39.486168 142.960800 0.000000 -0.295589 0.955315 0.958512 0.543195
drum.jpg
0 -75.785004 -41.141998 0.088447 -0.577350 -0.577350 -0.577350 0.035522 0.093096
0 -76.035004 -40.891998 0.088447 -0.577350 -0.577350 -0.577350 0.024964 0.086342
0 -75.785004 -40.891998 -0.161553 -0.577350 -0.577350 -0.577350 0.028931 0.100199
drum.jpg
0 -68.554001 -41.141998 0.088447 0.577350 -0.577350 -0.577350 0.020000 0.539801
0 -68.554001 -40.891998 -0.161553 0.577350 -0.577350 -0.577350 0.028931 0.539801
0 -68.304001 -40.891998 0.088447 0.577350 -0.577350 -0.577350 0.028931 0.555000
drum.jpg
0 -76.035004 -14.519667 0.088447 -0.577350 0.577350 -0.577350 0.971069 0.085000
0 -75.785004 -14.269667 0.088447 -0.577350 0.577350 -0.577350 0.980000 0.100199
0 -75.785004 -14.519667 -0.161553 -0.577350 0.577350 -0.577350 0.971069 0.100199
drum.jpg
0 -68.554001 -14.269667 0.088447 0.577350 0.577350 -0.577350 0.980000 0.539801
0 -68.304001 -14.519667 0.088447 0.577350 0.577350 -0.577350 0.971069 0.555000
0 -68.554001 -14.519667 -0.161553 0.577350 0.577350 -0.577350 0.971069 0.539801
drum.jpg
0 -76.035004 -40.891998 117.828789 -0.544409 -0.675129 0.497815 0.020000 0.088080
0 -75.785004 -41.141998 117.763130 -0.544409 -0.675129 0.497815 0.051044 0.085000
0 -75.785004 -40.903168 118.087029 -0.544409 -0.675129 0.497815 0.051044 0.089177
drum.jpg
0 -68.554001 -41.141998 117.763130 0.544398 -0.675135 0.497819 0.948956 0.085000
0 -68.304001 -40.891998 117.828789 0.544398 -0.675135 0.497819 0.980000 0.088080
0 -68.554001 -40.903168 118.087029 0.544398 -0.675135 0.497819 0.948956 0.089177
drum.jpg
0 -76.035004 -14.519667 125.988823 -0.660690 0.445491 0.604174 0.020000 0.549335
0 -75.785004 -14.508497 126.253975 -0.660690 0.445491 0.604174 0.051044 0.550823
0 -75.785004 -14.269667 126.077873 -0.660690 0.445491 0.604174 0.051044 0.554383
drum.jpg
0 -68.304001 -14.519667 125.988823 0.660690 0.445491 0.604174 0.977124 0.551921
0 -68.554001 -14.269667 126.077873 0.660690 0.445491 0.604174 0.963529 0.547092
0 -68.554001 -14.508497 126.253975 0.660690 0.445491 0.604174 0.948956 0.550823
drum.jpg
0 -75.785004 -40.891998 -0.161553 0.000000 -0.707109 -0.707105 0.028931 0.100199
0 -68.554001 -41.141998 0.088447 0.000000 -0.707109 -0.707105 0.020000 0.539801
0 -75.785004 -41.141998 0.088447 0.000000 -0.707109 -0.707105 0.035522 0.093096
drum.jpg
0 -76.035004 -40.891998 0.088447 -0.707107 0.000000 -0.707107 0.024964 0.086342
0 -75.785004 -14.519667 -0.161553 -0.707107 0.000000 -0.707107 0.971069 0.100199
0 -75.785004 -40.891998 -0.161553 -0.707107 0.000000 -0.707107 0.028931 0.100199
drum.jpg
0 -75.785004 -14.269667 0.088447 0.000000 0.707106 -0.707107 0.980000 0.100199
0 -68.554001 -14.519667 -0.161553 0.000000 0.707106 -0.707107 0.971069 0.539801
0 -75.785004 -14.519667 -0.161553 0.000000 0.707106 -0.707107 0.971069 0.100199
drum.jpg
0 -68.554001 -40.891998 -0.161553 0.707107 0.000000 -0.707107 0.028931 0.539801
0 -68.304001 -14.519667 0.088447 0.707107 0.000000 -0.707107 0.971069 0.555000
0 -68.304001 -40.891998 0.088447 0.707107 0.000000 -0.707107 0.028931 0.555000
drum.jpg
0 -75.785004 -40.903168 118.087029 -0.707101 -0.209018 0.675515 0.051044 0.089177
0 -76.035004 -14.519667 125.988823 -0.707101 -0.209018 0.675515 0.020000 0.549335
0 -76.035004 -40.891998 117.828789 -0.707101 -0.209018 0.675515 0.020000 0.088080
drum.jpg
0 -75.785004 -41.141998 117.763130 0.000000 -0.804865 0.593458 0.051044 0.085000
0 -68.554001 -40.903168 118.087029 0.000000 -0.804865 0.593458 0.948956 0.089177
0 -75.785004 -40.903168 118.087029 0.000000 -0.804865 0.593458 0.051044 0.089177
drum.jpg
0 -68.304001 -40.891998 117.828789 0.707104 -0.209004 0.675516 0.980000 0.088080
0 -68.554001 -14.508497 126.253975 0.707104 -0.209004 0.675516 0.948956 0.550823
0 -68.554001 -40.903168 118.087029 0.707104 -0.209004 0.675516 0.948956 0.089177
drum.jpg
0 -75.785004 -14.508497 126.253975 0.000000 0.593466 0.804859 0.051044 0.550823
0 -68.554001 -14.269667 126.077873 0.000000 0.593466 0.804859 0.963529 0.547092
0 -75.785004 -14.269667 126.077873 0.000000 0.593466 0.804859 0.051044 0.554383
drum.jpg
0 -75.785004 -41.141998 0.088447 -0.707101 -0.707112 0.000000 0.035522 0.093096
0 -76.035004 -40.891998 117.828789 -0.707101 -0.707112 0.000000 0.020000 0.554267
0 -76.035004 -40.891998 0.088447 -0.707101 -0.707112 0.000000 0.024964 0.086342
drum.jpg
0 -68.304001 -40.891998 0.088447 0.707103 -0.707110 0.000000 0.980000 0.085994
0 -68.554001 -41.141998 117.763130 0.707103 -0.707110 0.000000 0.948956 0.554006
0 -68.554001 -41.141998 0.088447 0.707103 -0.707110 0.000000 0.948956 0.085994
drum.jpg
0 -76.035004 -14.519667 0.088447 -0.707121 0.707093 0.000000 0.021897 0.085000
0 -75.785004 -14.269667 126.077873 -0.707121 0.707093 0.000000 0.978103 0.100199
0 -75.785004 -14.269667 0.088447 -0.707121 0.707093 0.000000 0.021897 0.100199
drum.jpg
0 -68.554001 -14.269667 0.088447 0.707090 0.707123 0.000000 0.021897 0.539801
0 -68.304001 -14.519667 125.988823 0.707090 0.707123 0.000000 0.977124 0.551921
0 -68.304001 -14.519667 0.088447 0.707090 0.707123 0.000000 0.021897 0.555000
drum.jpg
0 -75.785004 -41.141998 0.088447 0.000000 -1.000000 0.000000 0.035522 0.093096
0 -68.554001 -41.141998 117.763130 0.000000 -1.000000 0.000000 0.948956 0.554006
0 -75.785004 -41.141998 117.763130 0.000000 -1.000000 0.000000 0.051044 0.554006
drum.jpg
0 -75.785004 -40.891998 -0.161553 0.000000 0.000000 -1.000000 0.028931 0.100199
0 -68.554001 -14.519667 -0.161553 0.000000 0.000000 -1.000000 0.971069 0.539801
0 -68.554001 -40.891998 -0.161553 0.000000 0.000000 -1.000000 0.028931 0.539801
drum.jpg
0 -76.035004 -40.891998 0.088447 -1.000000 0.000000 0.000000 0.024964 0.086342
0 -76.035004 -14.519667 125.988823 -1.000000 0.000000 0.000000 0.977990 0.550627
0 -76.035004 -14.519667 0.088447 -1.000000 0.000000 0.000000 0.021932 0.550628
drum.jpg
0 -68.304001 -40.891998 0.088447 1.000000 0.000000 0.000000 0.028931 0.085977
0 -68.304001 -14.519667 125.988823 1.000000 0.000000 0.000000 0.977124 0.551921
0 -68.304001 -40.891998 117.828789 1.000000 0.000000 0.000000 0.028931 0.553985
drum.jpg
0 -75.785004 -14.269667 0.088447 0.000000 1.000000 0.000000 0.021897 0.100199
0 -68.554001 -14.269667 126.077873 0.000000 1.000000 0.000000 0.963529 0.547092
0 -68.554001 -14.269667 0.088447 0.000000 1.000000 0.000000 0.021897 0.539801
drum.jpg
0 -75.785004 -40.903168 118.087029 0.000000 -0.295590 0.955315 0.051044 0.089177
0 -68.554001 -14.508497 126.253975 0.000000 -0.295590 0.955315 0.948956 0.550823
0 -75.785004 -14.508497 126.253975 0.000000 -0.295590 0.955315 0.051044 0.550823
drum.jpg
0 -75.785004 -40.891998 -0.161553 0.000000 -0.707109 -0.707105 0.028931 0.100199
0 -68.554001 -40.891998 -0.161553 0.000000 -0.707109 -0.707105 0.028931 0.539801
0 -68.554001 -41.141998 0.088447 0.000000 -0.707109 -0.707105 0.020000 0.539801
drum.jpg
0 -76.035004 -40.891998 0.088447 -0.707107 0.000000 -0.707107 0.024964 0.086342
0 -76.035004 -14.519667 0.088447 -0.707107 0.000000 -0.707107 0.971069 0.085000
0 -75.785004 -14.519667 -0.161553 -0.707107 0.000000 -0.707107 0.971069 0.100199
drum.jpg
0 -75.785004 -14.269667 0.088447 0.000000 0.707106 -0.707107 0.980000 0.100199
0 -68.554001 -14.269667 0.088447 0.000000 0.707106 -0.707107 0.980000 0.539801
0 -68.554001 -14.519667 -0.161553 0.000000 0.707106 -0.707107 0.971069 0.539801
drum.jpg
0 -68.554001 -40.891998 -0.161553 0.707107 0.000000 -0.707107 0.028931 0.539801
0 -68.554001 -14.519667 -0.161553 0.707107 0.000000 -0.707107 0.971069 0.539801
0 -68.304001 -14.519667 0.088447 0.707107 0.000000 -0.707107 0.971069 0.555000
drum.jpg
0 -75.785004 -40.903168 118.087029 -0.707101 -0.209017 0.675515 0.051044 0.089177
0 -75.785004 -14.508497 126.253975 -0.707101 -0.209017 0.675515 0.051044 0.550823
0 -76.035004 -14.519667 125.988823 -0.707101 -0.209017 0.675515 0.020000 0.549335
drum.jpg
0 -75.785004 -41.141998 117.763130 0.000000 -0.804855 0.593472 0.051044 0.085000
0 -68.554001 -41.141998 117.763130 0.000000 -0.804855 0.593472 0.948956 0.085000
0 -68.554001 -40.903168 118.087029 0.000000 -0.804855 0.593472 0.948956 0.089177
drum.jpg
0 -68.304001 -40.891998 117.828789 0.707099 -0.209022 0.675515 0.980000 0.088080
0 -68.304001 -14.519667 125.988823 0.707099 -0.209022 0.675515 0.977124 0.551921
0 -68.554001 -14.508497 126.253975 0.707099 -0.209022 0.675515 0.948956 0.550823
drum.jpg
0 -75.785004 -14.508497 126.253975 0.000000 0.593466 0.804859 0.051044 0.550823
0 -68.554001 -14.508497 126.253975 0.000000 0.593466 0.804859 0.948956 0.550823
0 -68.554001 -14.269667 126.077873 0.000000 0.593466 0.804859 0.963529 0.547092
drum.jpg
0 -75.785004 -41.141998 0.088447 -0.707110 -0.707104 0.000000 0.035522 0.093096
0 -75.785004 -41.141998 117.763130 -0.707110 -0.707104 0.000000 0.051044 0.554006
0 -76.035004 -40.891998 117.828789 -0.707110 -0.707104 0.000000 0.020000 0.554267
drum.jpg
0 -68.304001 -40.891998 0.088447 0.707106 -0.707107 0.000000 0.980000 0.085994
0 -68.304001 -40.891998 117.828789 0.707106 -0.707107 0.000000 0.980000 0.554267
0 -68.554001 -41.141998 117.763130 0.707106 -0.707107 0.000000 0.948956 0.554006
drum.jpg
0 -76.035004 -14.519667 0.088447 -0.707089 0.707124 0.000000 0.021897 0.085000
0 -76.035004 -14.519667 125.988823 -0.707089 0.707124 0.000000 0.977427 0.085000
0 -75.785004 -14.269667 126.077873 -0.707089 0.707124 0.000000 0.978103 0.100199
drum.jpg
0 -68.554001 -14.269667 0.088447 0.707118 0.707095 0.000000 0.021897 0.539801
0 -68.554001 -14.269667 126.077873 0.707118 0.707095 0.000000 0.963529 0.547092
0 -68.304001 -14.519667 125.988823 0.707118 0.707095 0.000000 0.977124 0.551921
drum.jpg
0 -75.785004 -41.141998 0.088447 0.000000 -1.000000 0.000000 0.035522 0.093096
0 -68.554001 -41.141998 0.088447 0.000000 -1.000000 0.000000 0.948956 0.085994
0 -68.554001 -41.141998 117.763130 0.000000 -1.000000 0.000000 0.948956 0.554006
drum.jpg
0 -75.785004 -40.891998 -0.161553 0.000000 0.000000 -1.000000 0.028931 0.100199
0 -75.785004 -14.519667 -0.161553 0.000000 0.000000 -1.000000 0.971069 0.100199
0 -68.554001 -14.519667 -0.161553 0.000000 0.000000 -1.000000 0.971069 0.539801
drum.jpg
0 -76.035004 -40.891998 0.088447 -1.000000 0.000000 0.000000 0.024964 0.086342
0 -76.035004 -40.891998 117.828789 -1.000000 0.000000 0.000000 0.977927 0.089373
0 -76.035004 -14.519667 125.988823 -1.000000 0.000000 0.000000 0.977990 0.550627
drum.jpg
0 -68.304001 -40.891998 0.088447 1.000000 0.000000 0.000000 0.028931 0.085977
0 -68.304001 -14.519667 0.088447 1.000000 0.000000 0.000000 0.971069 0.085946
0 -68.304001 -14.519667 125.988823 1.000000 0.000000 0.000000 0.977124 0.551921
drum.jpg
0 -75.785004 -14.269667 0.088447 0.000000 1.000000 0.000000 0.021897 0.100199
0 -75.785004 -14.269667 126.077873 0.000000 1.000000 0.000000 0.978103 0.100199
0 -68.554001 -14.269667 126.077873 0.000000 1.000000 0.000000 0.963529 0.547092
drum.jpg
0 -75.785004 -40.903168 118.087029 0.000000 -0.295590 0.955315 0.051044 0.089177
0 -68.554001 -40.903168 118.087029 0.000000 -0.295590 0.955315 0.948956 0.089177
0 -68.554001 -14.508497 126.253975 0.000000 -0.295590 0.955315 0.948956 0.550823
drum.jpg
0 -75.785004 -14.029669 0.088447 -0.577350 -0.577350 -0.577350 0.035522 0.093063
0 -76.035004 -13.779669 0.088447 -0.577350 -0.577350 -0.577350 0.024932 0.086325
0 -75.785004 -13.779669 -0.161553 -0.577350 -0.577350 -0.577350 0.028931 0.100199
drum.jpg
0 -68.554001 -14.029669 0.088447 0.577350 -0.577350 -0.577350 0.020000 0.539801
0 -68.554001 -13.779669 -0.161553 0.577350 -0.577350 -0.577350 0.028931 0.539801
0 -68.304001 -13.779669 0.088447 0.577350 -0.577350 -0.577350 0.028931 0.555000
drum.jpg
0 -76.035004 12.592667 0.088447 -0.577350 0.577350 -0.577350 0.971069 0.085000
0 -75.785004 12.842667 0.088447 -0.577350 0.577350 -0.577350 0.980000 0.100199
0 -75.785004 12.592667 -0.161553 -0.577350 0.577350 -0.577350 0.971069 0.100199
drum.jpg
0 -68.554001 12.842667 0.088447 0.577350 0.577350 -0.577350 0.980000 0.539801
0 -68.304001 12.592667 0.088447 0.577350 0.577350 -0.577350 0.971069 0.555000
0 -68.554001 12.592667 -0.161553 0.577350 0.577350 -0.577350 0.971069 0.539801
drum.jpg
0 -76.035004 -13.779669 126.217789 -0.544388 -0.675142 0.497820 0.020000 0.088080
0 -75.785004 -14.029669 126.152130 -0.544388 -0.675142 0.497820 0.051044 0.085000
0 -75.785004 -13.790838 126.476028 -0.544388 -0.675142 0.497820 0.051044 0.089177
drum.jpg
0 -68.554001 -14.029669 126.152130 0.544384 -0.675144 0.497822 0.948956 0.085000
0 -68.304001 -13.779669 126.217789 0.544384 -0.675144 0.497822 0.980000 0.088080
0 -68.554001 -13.790838 126.476028 0.544384 -0.675144 0.497822 0.948956 0.089177
drum.jpg
0 -76.035004 12.592667 134.377823 -0.660734 0.445468 0.604143 0.020000 0.549335
0 -75.785004 12.603838 134.642975 -0.660734 0.445468 0.604143 0.051044 0.550823
0 -75.785004 12.842667 134.466873 -0.660734 0.445468 0.604143 0.051044 0.554383
drum.jpg
0 -68.304001 12.592667 134.377823 0.660734 0.445468 0.604143 0.977164 0.551937
0 -68.554001 12.842667 134.466873 0.660734 0.445468 0.604143 0.963588 0.547092
0 -68.554001 12.603838 134.642975 0.660734 0.445468 0.604143 0.948956 0.550823
drum.jpg
0 -75.785004 -13.779669 -0.161553 0.000000 -0.707106 -0.707107 0.028931 0.100199
0 -68.554001 -14.029669 0.088447 0.000000 -0.707106 -0.707107 0.020000 0.539801
0 -75.785004 -14.029669 0.088447 0.000000 -0.707106 -0.707107 0.035522 0.093063
drum.jpg
0 -76.035004 -13.779669 0.088447 -0.707107 0.000000 -0.707107 0.024932 0.086325
0 -75.785004 12.592667 -0.161553 -0.707107 0.000000 -0.707107 0.971069 0.100199
0 -75.785004 -13.779669 -0.161553 -0.707107 0.000000 -0.707107 0.028931 0.100199
drum.jpg
0 -75.785004 12.842667 0.088447 0.000000 0.707106 -0.707107 0.980000 0.100199
0 -68.554001 12.592667 -0.161553 0.000000 0.707106 -0.707107 0.971069 0.539801
0 -75.785004 12.592667 -0.161553 0.000000 0.707106 -0.707107 0.971069 0.100199
drum.jpg
0 -68.554001 -13.779669 -0.161553 0.707107 0.000000 -0.707107 0.028931 0.539801
0 -68.304001 12.592667 0.088447 0.707107 0.000000 -0.707107 0.971069 0.555000
0 -68.304001 -13.779669 0.088447 0.707107 0.000000 -0.707107 0.028931 0.555000
drum.jpg
0 -75.785004 -13.790838 126.476028 -0.707126 -0.209011 0.675491 0.051044 0.089177
0 -76.035004 12.592667 134.377823 -0.707126 -0.209011 0.675491 0.020000 0.549335
0 -76.035004 -13.779669 126.217789 -0.707126 -0.209011 0.675491 0.020000 0.088080
drum.jpg
0 -75.785004 -14.029669 126.152130 0.000000 -0.804857 0.593468 0.051044 0.085000
0 -68.554001 -13.790838 126.476028 0.000000 -0.804857 0.593468 0.948956 0.089177
0 -75.785004 -13.790838 126.476028 0.000000 -0.804857 0.593468 0.051044 0.089177
drum.jpg
0 -68.304001 -13.779669 126.217789 0.707128 -0.208997 0.675492 0.980000 0.088080
0 -68.554001 12.603838 134.642975 0.707128 -0.208997 0.675492 0.948956 0.550823
0 -68.554001 -13.790838 126.476028 0.707128 -0.208997 0.675492 0.948956 0.089177
drum.jpg
0 -75.785004 12.603838 134.642975 0.000000 0.593470 0.804856 0.051044 0.550823
0 -68.554001 12.842667 134.466873 0.000000 0.593470 0.804856 0.963588 0.547092
0 -75.785004 12.842667 134.466873 0.000000 0.593470 0.804856 0.051044 0.554383
drum.jpg
0 -75.785004 -14.029669 0.088447 -0.707097 -0.707116 0.000000 0.035522 0.093063
0 -76.035004 -13.779669 126.217789 -0.707097 -0.707116 0.000000 0.020000 0.554315
0 -76.035004 -13.779669 0.088447 -0.707097 -0.707116 0.000000 0.024932 0.086325
drum.jpg
0 -68.304001 -13.779669 0.088447 0.707110 -0.707103 0.000000 0.980000 0.085928
0 -68.554001 -14.029669 126.152130 0.707110 -0.707103 0.000000 0.948956 0.554072
0 -68.554001 -14.029669 0.088447 0.707110 -0.707103 0.000000 0.948956 0.085928
drum.jpg
0 -76.035004 12.592667 0.088447 -0.707116 0.707098 0.000000 0.021779 0.085000
0 -75.785004 12.842667 134.466873 -0.707116 0.707098 0.000000 0.978221 0.100199
0 -75.785004 12.842667 0.088447 -0.707116 0.707098 0.000000 0.021779 0.100199
drum.jpg
0 -68.554001 12.842667 0.088447 0.707108 0.707106 0.000000 0.021779 0.539801
0 -68.304001 12.592667 134.377823 0.707108 0.707106 0.000000 0.977164 0.551937
0 -68.304001 12.592667 0.088447 0.707108 0.707106 0.000000 0.021779 0.555000
drum.jpg
0 -75.785004 -14.029669 0.088447 0.000000 -1.000000 0.000000 0.035522 0.093063
0 -68.554001 -14.029669 126.152130 0.000000 -1.000000 0.000000 0.948956 0.554072
0 -75.785004 -14.029669 126.152130 0.000000 -1.000000 0.000000 0.051044 0.554072
drum.jpg
0 -75.785004 -13.779669 -0.161553 0.000000 0.000000 -1.000000 0.028931 0.100199
0 -68.554001 12.592667 -0.161553 0.000000 0.000000 -1.000000 0.971069 0.539801
0 -68.554001 -13.779669 -0.161553 0.000000 0.000000 -1.000000 0.028931 0.539801
drum.jpg
0 -76.035004 -13.779669 0.088447 -1.000000 0.000000 0.000000 0.024932 0.086325
0 -76.035004 12.592667 134.377823 -1.000000 0.000000 0.000000 0.978117 0.550628
0 -76.035004 12.592667 0.088447 -1.000000 0.000000 0.000000 0.021810 0.550627
drum.jpg
0 -68.304001 -13.779669 0.088447 1.000000 0.000000 0.000000 0.028931 0.085913
0 -68.304001 12.592667 134.377823 1.000000 0.000000 0.000000 0.977164 0.551937
0 -68.304001 -13.779669 126.217789 1.000000 0.000000 0.000000 0.028931 0.554051
drum.jpg
0 -75.785004 12.842667 0.088447 0.000000 1.000000 0.000000 0.021779 0.100199
0 -68.554001 12.842667 134.466873 0.000000 1.000000 0.000000 0.963588 0.547092
0 -68.554001 12.842667 0.088447 0.000000 1.000000 0.000000 0.021779 0.539801
drum.jpg
0 -75.785004 -13.790838 126.476028 0.000000 -0.295590 0.955315 0.051044 0.089177
0 -68.554001 12.603838 134.642975 0.000000 -0.295590 0.955315 0.948956 0.550823
0 -75.785004 12.603838 134.642975 0.000000 -0.295590 0.955315 0.051044 0.550823
drum.jpg
0 -75.785004 -13.779669 -0.161553 0.000000 -0.707106 -0.707107 0.028931 0.100199
0 -68.554001 -13.779669 -0.161553 0.000000 -0.707106 -0.707107 0.028931 0.539801
0 -68.554001 -14.029669 0.088447 0.000000 -0.707106 -0.707107 0.020000 0.539801
drum.jpg
0 -76.035004 -13.779669 0.088447 -0.707107 0.000000 -0.707107 0.024932 0.086325
0 -76.035004 12.592667 0.088447 -0.707107 0.000000 -0.707107 0.971069 0.085000
0 -75.785004 12.592667 -0.161553 -0.707107 0.000000 -0.707107 0.971069 0.100199
drum.jpg
0 -75.785004 12.842667 0.088447 0.000000 0.707110 -0.707104 0.980000 0.100199
0 -68.554001 12.842667 0.088447 0.000000 0.707110 -0.707104 0.980000 0.539801
0 -68.554001 12.592667 -0.161553 0.000000 0.707110 -0.707104 0.971069 0.539801
drum.jpg
0 -68.554001 -13.779669 -0.161553 0.707107 0.000000 -0.707107 0.028931 0.539801
0 -68.554001 12.592667 -0.161553 0.707107 0.000000 -0.707107 0.971069 0.539801
0 -68.304001 12.592667 0.088447 0.707107 0.000000 -0.707107 0.971069 0.555000
drum.jpg
0 -75.785004 -13.790838 126.476028 -0.707129 -0.209009 0.675488 0.051044 0.089177
0 -75.785004 12.603838 134.642975 -0.707129 -0.209009 0.675488 0.051044 0.550823
0 -76.035004 12.592667 134.377823 -0.707129 -0.209009 0.675488 0.020000 0.549335
drum.jpg
0 -75.785004 -14.029669 126.152130 0.000000 -0.804857 0.593468 0.051044 0.085000
0 -68.554001 -14.029669 126.152130 0.000000 -0.804857 0.593468 0.948956 0.085000
0 -68.554001 -13.790838 126.476028 0.000000 -0.804857 0.593468 0.948956 0.089177
drum.jpg
0 -68.304001 -13.779669 126.217789 0.707128 -0.209014 0.675488 0.980000 0.088080
0 -68.304001 12.592667 134.377823 0.707128 -0.209014 0.675488 0.977164 0.551937
0 -68.554001 12.603838 134.642975 0.707128 -0.209014 0.675488 0.948956 0.550823
drum.jpg
0 -75.785004 12.603838 134.642975 0.000000 0.593466 0.804859 0.051044 0.550823
0 -68.554001 12.603838 134.642975 0.000000 0.593466 0.804859 0.948956 0.550823
0 -68.554001 12.842667 134.466873 0.000000 0.593466 0.804859 0.963588 0.547092
drum.jpg
0 -75.785004 -14.029669 0.088447 -0.707105 -0.707109 0.000000 0.035522 0.093063
0 -75.785004 -14.029669 126.152130 -0.707105 -0.707109 0.000000 0.051044 0.554072
0 -76.035004 -13.779669 126.217789 -0.707105 -0.707109 0.000000 0.020000 0.554315
drum.jpg
0 -68.304001 -13.779669 0.088447 0.707102 -0.707112 0.000000 0.980000 0.085928
0 -68.304001 -13.779669 126.217789 0.707102 -0.707112 0.000000 0.980000 0.554315
0 -68.554001 -14.029669 126.152130 0.707102 -0.707112 0.000000 0.948956 0.554072
drum.jpg
0 -76.035004 12.592667 0.088447 -0.707107 0.707107 0.000000 0.021779 0.085000
0 -76.035004 12.592667 134.377823 -0.707107 0.707107 0.000000 0.977587 0.085000
0 -75.785004 12.842667 134.466873 -0.707107 0.707107 0.000000 0.978221 0.100199
drum.jpg
0 -68.554001 12.842667 0.088447 0.707093 0.707121 0.000000 0.021779 0.539801
0 -68.554001 12.842667 134.466873 0.707093 0.707121 0.000000 0.963588 0.547092
0 -68.304001 12.592667 134.377823 0.707093 0.707121 0.000000 0.977164 0.551937
drum.jpg
0 -75.785004 -14.029669 0.088447 0.000000 -1.000000 0.000000 0.035522 0.093063
0 -68.554001 -14.029669 0.088447 0.000000 -1.000000 0.000000 0.948956 0.085928
0 -68.554001 -14.029669 126.152130 0.000000 -1.000000 0.000000 0.948956 0.554072
drum.jpg
0 -75.785004 -13.779669 -0.161553 0.000000 0.000000 -1.000000 0.028931 0.100199
0 -75.785004 12.592667 -0.161553 0.000000 0.000000 -1.000000 0.971069 0.100199
0 -68.554001 12.592667 -0.161553 0.000000 0.000000 -1.000000 0.971069 0.539801
drum.jpg
0 -76.035004 -13.779669 0.088447 -1.000000 0.000000 0.000000 0.024932 0.086325
0 -76.035004 -13.779669 126.217789 -1.000000 0.000000 0.000000 0.978061 0.089373
0 -76.035004 12.592667 134.377823 -1.000000 0.000000 0.000000 0.978117 0.550628
drum.jpg
0 -68.304001 -13.779669 0.088447 1.000000 0.000000 0.000000 0.028931 0.085913
0 -68.304001 12.592667 0.088447 1.000000 0.000000 0.000000 0.971069 0.085886
0 -68.304001 12.592667 134.377823 1.000000 0.000000 0.000000 0.977164 0.551937
drum.jpg
0 -75.785004 12.842667 0.088447 0.000000 1.000000 0.000000 0.021779 0.100199
0 -75.785004 12.842667 134.466873 0.000000 1.000000 0.000000 0.978221 0.100199
0 -68.554001 12.842667 134.466873 0.000000 1.000000 0.000000 0.963588 0.547092
drum.jpg
0 -75.785004 -13.790838 126.476028 0.000000 -0.295591 0.955315 0.051044 0.089177
0 -68.554001 -13.790838 126.476028 0.000000 -0.295591 0.955315 0.948956 0.089177
0 -68.554001 12.603838 134.642975 0.000000 -0.295591 0.955315 0.948956 0.550823
drum.jpg
0 -75.785004 13.082666 0.088447 -0.577350 -0.577350 -0.577350 0.035522 0.093035
0 -76.035004 13.332666 0.088447 -0.577350 -0.577350 -0.577350 0.024903 0.086311
0 -75.785004 13.332666 -0.161553 -0.577350 -0.577350 -0.577350 0.028931 0.100199
drum.jpg
0 -68.554001 13.082666 0.088447 0.577350 -0.577350 -0.577350 0.020000 0.539801
0 -68.554001 13.332666 -0.161553 0.577350 -0.577350 -0.577350 0.028931 0.539801
0 -68.304001 13.332666 0.088447 0.577350 -0.577350 -0.577350 0.028931 0.555000
drum.jpg
0 -76.035004 39.705002 0.088447 -0.577362 0.577327 -0.577362 0.971069 0.085000
0 -75.785004 39.955002 0.088447 -0.577362 0.577327 -0.577362 0.980000 0.100199
0 -75.785004 39.705002 -0.161553 -0.577362 0.577327 -0.577362 0.971069 0.100199
drum.jpg
0 -68.554001 39.955002 0.088447 0.577350 0.577350 -0.577350 0.980000 0.539801
0 -68.304001 39.705002 0.088447 0.577350 0.577350 -0.577350 0.971069 0.555000
0 -68.554001 39.705002 -0.161553 0.577350 0.577350 -0.577350 0.971069 0.539801
drum.jpg
0 -76.035004 13.332666 134.606781 -0.544388 -0.675142 0.497820 0.020000 0.088080
0 -75.785004 13.082666 134.541122 -0.544388 -0.675142 0.497820 0.051044 0.085000
0 -75.785004 13.321495 134.865021 -0.544388 -0.675142 0.497820 0.051044 0.089177
drum.jpg
0 -68.554001 13.082666 134.541122 0.544392 -0.675140 0.497819 0.948956 0.085000
0 -68.304001 13.332666 134.606781 0.544392 -0.675140 0.497819 0.980000 0.088080
0 -68.554001 13.321495 134.865021 0.544392 -0.675140 0.497819 0.948956 0.089177
drum.jpg
0 -76.035004 39.705002 142.766815 -0.660645 0.445513 0.604208 0.020000 0.549335
0 -75.785004 39.716171 143.031967 -0.660645 0.445513 0.604208 0.051044 0.550823
0 -75.785004 39.955002 142.855865 -0.660645 0.445513 0.604208 0.051044 0.554383
drum.jpg
0 -68.304001 39.705002 142.766815 0.660645 0.445513 0.604208 0.977199 0.551951
0 -68.554001 39.955002 142.855865 0.660645 0.445513 0.604208 0.963641 0.547092
0 -68.554001 39.716171 143.031967 0.660645 0.445513 0.604208 0.948956 0.550823
drum.jpg
0 -75.785004 13.332666 -0.161553 0.000000 -0.707109 -0.707105 0.028931 0.100199
0 -68.554001 13.082666 0.088447 0.000000 -0.707109 -0.707105 0.020000 0.539801
0 -75.785004 13.082666 0.088447 0.000000 -0.707109 -0.707105 0.035522 0.093035
drum.jpg
0 -76.035004 13.332666 0.088447 -0.707107 0.000000 -0.707107 0.024903 0.086311
0 -75.785004 39.705002 -0.161553 -0.707107 0.000000 -0.707107 0.971069 0.100199
0 -75.785004 13.332666 -0.161553 -0.707107 0.000000 -0.707107 0.028931 0.100199
drum.jpg
0 -75.785004 39.955002 0.088447 0.000000 0.707109 -0.707105 0.980000 0.100199
0 -68.554001 39.705002 -0.161553 0.000000 0.707109 -0.707105 0.971069 0.539801
0 -75.785004 39.705002 -0.161553 0.000000 0.707109 -0.707105 0.971069 0.100199
drum.jpg
0 -68.554001 13.332666 -0.161553 0.707107 0.000000 -0.707107 0.028931 0.539801
0 -68.304001 39.705002 0.088447 0.707107 0.000000 -0.707107 0.971069 0.555000
0 -68.304001 13.332666 0.088447 0.707107 0.000000 -0.707107 0.028931 0.555000
drum.jpg
0 -75.785004 13.321495 134.865021 -0.707101 -0.209018 0.675515 0.051044 0.089177
0 -76.035004 39.705002 142.766815 -0.707101 -0.209018 0.675515 0.020000 0.549335
0 -76.035004 13.332666 134.606781 -0.707101 -0.209018 0.675515 0.020000 0.088080
drum.jpg
0 -75.785004 13.082666 134.541122 0.000000 -0.804857 0.593468 0.051044 0.085000
0 -68.554001 13.321495 134.865021 0.000000 -0.804857 0.593468 0.948956 0.089177
0 -75.785004 13.321495 134.865021 0.000000 -0.804857 0.593468 0.051044 0.089177
drum.jpg
0 -68.304001 13.332666 134.606781 0.707103 -0.209004 0.675516 0.980000 0.088080
0 -68.554001 39.716171 143.031967 0.707103 -0.209004 0.675516 0.948956 0.550823
0 -68.554001 13.321495 134.865021 0.707103 -0.209004 0.675516 0.948956 0.089177
drum.jpg
0 -75.785004 39.716171 143.031967 0.000000 0.593463 0.804861 0.051044 0.550823
0 -68.554001 39.955002 142.855865 0.000000 0.593463 0.804861 0.963641 0.547092
0 -75.785004 39.955002 142.855865 0.000000 0.593463 0.804861 0.051044 0.554383
drum.jpg
0 -75.785004 13.082666 0.088447 -0.707114 -0.707100 0.000000 0.035522 0.093035
0 -76.035004 13.332666 134.606781 -0.707114 -0.707100 0.000000 0.020000 0.554358
0 -76.035004 13.332666 0.088447 -0.707114 -0.707100 0.000000 0.024903 0.086311
drum.jpg
0 -68.304001 13.332666 0.088447 0.707106 -0.707108 0.000000 0.980000 0.085871
0 -68.554001 13.082666 134.541122 0.707106 -0.707108 0.000000 0.948956 0.554129
0 -68.554001 13.082666 0.088447 0.707106 -0.707108 0.000000 0.948956 0.085871
drum.jpg
0 -76.035004 39.705002 0.088447 -0.707111 0.707102 0.000000 0.021675 0.085000
0 -75.785004 39.955002 142.855865 -0.707111 0.707102 0.000000 0.978325 0.100199
0 -75.785004 39.955002 0.088447 -0.707111 0.707102 0.000000 0.021675 0.100199
drum.jpg
0 -68.554001 39.955002 0.088447 0.707104 0.707110 0.000000 0.021675 0.539801
0 -68.304001 39.705002 142.766815 0.707104 0.707110 0.000000 0.977199 0.551951
0 -68.304001 39.705002 0.088447 0.707104 0.707110 0.000000 0.021675 0.555000
drum.jpg
0 -75.785004 13.082666 0.088447 0.000000 -1.000000 0.000000 0.035522 0.093035
0 -68.554001 13.082666 134.541122 0.000000 -1.000000 0.000000 0.948956 0.554129
0 -75.785004 13.082666 134.541122 0.000000 -1.000000 0.000000 0.051044 0.554129
drum.jpg
0 -75.785004 13.332666 -0.161553 0.000000 0.000000 -1.000000 0.028931 0.100199
0 -68.554001 39.705002 -0.161553 0.000000 0.000000 -1.000000 0.971069 0.539801
0 -68.554001 13.332666 -0.161553 0.000000 0.000000 -1.000000 0.028931 0.539801
drum.jpg
0 -76.035004 13.332666 0.088447 -1.000000 0.000000 0.000000 0.024903 0.086311
0 -76.035004 39.705002 142.766815 -1.000000 0.000000 0.000000 0.978228 0.550627
0 -76.035004 39.705002 0.088447 -1.000000 0.000000 0.000000 0.021703 0.550627
drum.jpg
0 -68.304001 13.332666 0.088447 1.000000 0.000000 0.000000 0.028931 0.085857
0 -68.304001 39.705002 142.766815 1.000000 0.000000 0.000000 0.977199 0.551951
0 -68.304001 13.332666 134.606781 1.000000 0.000000 0.000000 0.028931 0.554109
drum.jpg
0 -75.785004 39.955002 0.088447 0.000000 1.000000 0.000000 0.021675 0.100199
0 -68.554001 39.955002 142.855865 0.000000 1.000000 0.000000 0.963641 0.547092
0 -68.554001 39.955002 0.088447 0.000000 1.000000 0.000000 0.021675 0.539801
drum.jpg
0 -75.785004 13.321495 134.865021 0.000000 -0.295590 0.955315 0.051044 0.089177
0 -68.554001 39.716171 143.031967 0.000000 -0.295590 0.955315 0.948956 0.550823
0 -75.785004 39.716171 143.031967 0.000000 -0.295590 0.955315 0.051044 0.550823
drum.jpg
0 -75.785004 13.332666 -0.161553 0.000000 -0.707106 -0.707107 0.028931 0.100199
0 -68.554001 13.332666 -0.161553 0.000000 -0.707106 -0.707107 0.028931 0.539801
0 -68.554001 13.082666 0.088447 0.000000 -0.707106 -0.707107 0.020000 0.539801
drum.jpg
0 -76.035004 13.332666 0.088447 -0.707107 0.000000 -0.707107 0.024903 0.086311
0 -76.035004 39.705002 0.088447 -0.707107 0.000000 -0.707107 0.971069 0.085000
0 -75.785004 39.705002 -0.161553 -0.707107 0.000000 -0.707107 0.971069 0.100199
drum.jpg
0 -75.785004 39.955002 0.088447 0.000000 0.707110 -0.707104 0.980000 0.100199
0 -68.554001 39.955002 0.088447 0.000000 0.707110 -0.707104 0.980000 0.539801
0 -68.554001 39.705002 -0.161553 0.000000 0.707110 -0.707104 0.971069 0.539801
drum.jpg
0 -68.554001 13.332666 -0.161553 0.707107 0.000000 -0.707107 0.028931 0.539801
0 -68.554001 39.705002 -0.161553 0.707107 0.000000 -0.707107 0.971069 0.539801
0 -68.304001 39.705002 0.088447 0.707107 0.000000 -0.707107 0.971069 0.555000
drum.jpg
0 -75.785004 13.321495 134.865021 -0.707085 -0.209022 0.675530 0.051044 0.089177
0 -75.785004 39.716171 143.031967 -0.707085 -0.209022 0.675530 0.051044 0.550823
0 -76.035004 39.705002 142.766815 -0.707085 -0.209022 0.675530 0.020000 0.549335
drum.jpg
0 -75.785004 13.082666 134.541122 0.000000 -0.804860 0.593465 0.051044 0.085000
0 -68.554001 13.082666 134.541122 0.000000 -0.804860 0.593465 0.948956 0.085000
0 -68.554001 13.321495 134.865021 0.000000 -0.804860 0.593465 0.948956 0.089177
drum.jpg
0 -68.304001 13.332666 134.606781 0.707084 -0.209027 0.675530 0.980000 0.088080
0 -68.304001 39.705002 142.766815 0.707084 -0.209027 0.675530 0.977199 0.551951
0 -68.554001 39.716171 143.031967 0.707084 -0.209027 0.675530 0.948956 0.550823
drum.jpg
0 -75.785004 39.716171 143.031967 0.000000 0.593463 0.804861 0.051044 0.550823
0 -68.554001 39.716171 143.031967 0.000000 0.593463 0.804861 0.948956 0.550823
0 -68.554001 39.955002 142.855865 0.000000 0.593463 0.804861 0.963641 0.547092
drum.jpg
0 -75.785004 13.082666 0.088447 -0.707101 -0.707113 0.000000 0.035522 0.093035
0 -75.785004 13.082666 134.541122 -0.707101 -0.707113 0.000000 0.051044 0.554129
0 -76.035004 13.332666 134.606781 -0.707101 -0.707113 0.000000 0.020000 0.554358
drum.jpg
0 -68.304001 13.332666 0.088447 0.707098 -0.707116 0.000000 0.980000 0.085871
0 -68.304001 13.332666 134.606781 0.707098 -0.707116 0.000000 0.980000 0.554358
0 -68.554001 13.082666 134.541122 0.707098 -0.707116 0.000000 0.948956 0.554129
drum.jpg
0 -76.035004 39.705002 0.088447 -0.707103 0.707111 0.000000 0.021675 0.085000
0 -76.035004 39.705002 142.766815 -0.707103 0.707111 0.000000 0.977728 0.085000
0 -75.785004 39.955002 142.855865 -0.707103 0.707111 0.000000 0.978325 0.100199
drum.jpg
0 -68.554001 39.955002 0.088447 0.707109 0.707105 0.000000 0.021675 0.539801
0 -68.554001 39.955002 142.855865 0.707109 0.707105 0.000000 0.963641 0.547092
0 -68.304001 39.705002 142.766815 0.707109 0.707105 0.000000 0.977199 0.551951
drum.jpg
0 -75.785004 13.082666 0.088447 0.000000 -1.000000 0.000000 0.035522 0.093035
0 -68.554001 13.082666 0.088447 0.000000 -1.000000 0.000000 0.948956 0.085871
0 -68.554001 13.082666 134.541122 0.000000 -1.000000 0.000000 0.948956 0.554129
drum.jpg
0 -75.785004 13.332666 -0.161553 0.000000 0.000000 -1.000000 0.028931 0.100199
0 -75.785004 39.705002 -0.161553 0.000000 0.000000 -1.000000 0.971069 0.100199
0 -68.554001 39.705002 -0.161553 0.000000 0.000000 -1.000000 0.971069 0.539801
drum.jpg
0 -76.035004 13.332666 0.088447 -1.000000 0.000000 0.000000 0.024903 0.086311
0 -76.035004 13.332666 134.606781 -1.000000 0.000000 0.000000 0.978179 0.089373
0 -76.035004 39.705002 142.766815 -1.000000 0.000000 0.000000 0.978228 0.550627
drum.jpg
0 -68.304001 13.332666 0.088447 1.000000 0.000000 0.000000 0.028931 0.085857
0 -68.304001 39.705002 0.088447 1.000000 0.000000 0.000000 0.971069 0.085834
0 -68.304001 39.705002 142.766815 1.000000 0.000000 0.000000 0.977199 0.551951
drum.jpg
0 -75.785004 39.955002 0.088447 0.000000 1.000000 0.000000 0.021675 0.100199
0 -75.785004 39.955002 142.855865 0.000000 1.000000 0.000000 0.978325 0.100199
0 -68.554001 39.955002 142.855865 0.000000 1.000000 0.000000 0.963641 0.547092
drum.jpg
0 -75.785004 13.321495 134.865021 0.000000 -0.295591 0.955315 0.051044 0.089177
0 -68.554001 13.321495 134.865021 0.000000 -0.295591 0.955315 0.948956 0.089177
0 -68.554001 39.716171 143.031967 0.000000 -0.295591 0.955315 0.948956 0.550823
drum.jpg
0 68.165001 -41.141998 0.088447 -0.577350 -0.577350 -0.577350 0.035524 0.093097
0 67.915001 -40.891998 0.088447 -0.577350 -0.577350 -0.577350 0.024964 0.086342
0 68.165001 -40.891998 -0.161553 -0.577350 -0.577350 -0.577350 0.028931 0.100201
drum.jpg
0 75.394997 -41.141998 0.088447 0.577350 -0.577350 -0.577350 0.020000 0.539799
0 75.394997 -40.891998 -0.161553 0.577350 -0.577350 -0.577350 0.028931 0.539799
0 75.644997 -40.891998 0.088447 0.577350 -0.577350 -0.577350 0.028931 0.555000
drum.jpg
0 67.915001 -14.519667 0.088447 -0.577350 0.577350 -0.577350 0.971069 0.085000
0 68.165001 -14.269667 0.088447 -0.577350 0.577350 -0.577350 0.980000 0.100201
0 68.165001 -14.519667 -0.161553 -0.577350 0.577350 -0.577350 0.971069 0.100201
drum.jpg
0 75.394997 -14.269667 0.088447 0.577350 0.577350 -0.577350 0.980000 0.539799
0 75.644997 -14.519667 0.088447 0.577350 0.577350 -0.577350 0.971069 0.555000
0 75.394997 -14.519667 -0.161553 0.577350 0.577350 -0.577350 0.971069 0.539799
drum.jpg
0 67.915001 -40.891998 117.828789 -0.544409 -0.675129 0.497815 0.020000 0.088080
0 68.165001 -41.141998 117.763130 -0.544409 -0.675129 0.497815 0.051048 0.085000
0 68.165001 -40.903168 118.087029 -0.544409 -0.675129 0.497815 0.051048 0.089177
drum.jpg
0 75.394997 -41.141998 117.763130 0.544410 -0.675117 0.497830 0.948952 0.085000
0 75.644997 -40.891998 117.828789 0.544410 -0.675117 0.497830 0.980000 0.088080
0 75.394997 -40.903168 118.087029 0.544410 -0.675117 0.497830 0.948952 0.089177
drum.jpg
0 67.915001 -14.519667 125.988823 -0.660696 0.445476 0.604179 0.020000 0.549335
0 68.165001 -14.508497 126.253975 -0.660696 0.445476 0.604179 0.051048 0.550823
0 68.165001 -14.269667 126.077873 -0.660696 0.445476 0.604179 0.051048 0.554383
drum.jpg
0 75.644997 -14.519667 125.988823 0.660690 0.445491 0.604174 0.977124 0.551921
0 75.394997 -14.269667 126.077873 0.660690 0.445491 0.604174 0.963527 0.547091
0 75.394997 -14.508497 126.253975 0.660690 0.445491 0.604174 0.948952 0.550823
drum.jpg
0 68.165001 -40.891998 -0.161553 0.000000 -0.707107 -0.707106 0.028931 0.100201
0 75.394997 -41.141998 0.088447 0.000000 -0.707107 -0.707106 0.020000 0.539799
0 68.165001 -41.141998 0.088447 0.000000 -0.707107 -0.707106 0.035524 0.093097
drum.jpg
0 67.915001 -40.891998 0.088447 -0.707107 0.000000 -0.707107 0.024964 0.086342
0 68.165001 -14.519667 -0.161553 -0.707107 0.000000 -0.707107 0.971069 0.100201
0 68.165001 -40.891998 -0.161553 -0.707107 0.000000 -0.707107 0.028931 0.100201
drum.jpg
0 68.165001 -14.269667 0.088447 0.000000 0.707107 -0.707106 0.980000 0.100201
0 75.394997 -14.519667 -0.161553 0.000000 0.707107 -0.707106 0.971069 0.539799
0 68.165001 -14.519667 -0.161553 0.000000 0.707107 -0.707106 0.971069 0.100201
drum.jpg
0 75.394997 -40.891998 -0.161553 0.707107 0.000000 -0.707107 0.028931 0.539799
0 75.644997 -14.519667 0.088447 0.707107 0.000000 -0.707107 0.971069 0.555000
0 75.644997 -40.891998 0.088447 0.707107 0.000000 -0.707107 0.028931 0.555000
drum.jpg
0 68.165001 -40.903168 118.087029 -0.707101 -0.209018 0.675515 0.051048 0.089177
0 67.915001 -14.519667 125.988823 -0.707101 -0.209018 0.675515 0.020000 0.549335
0 67.915001 -40.891998 117.828789 -0.707101 -0.209018 0.675515 0.020000 0.088080
drum.jpg
0 68.165001 -41.141998 117.763130 0.000000 -0.804855 0.593471 0.051048 0.085000
0 75.394997 -40.903168 118.087029 0.000000 -0.804855 0.593471 0.948952 0.089177
0 68.165001 -40.903168 118.087029 0.000000 -0.804855 0.593471 0.051048 0.089177
drum.jpg
0 75.644997 -40.891998 117.828789 0.707102 -0.209016 0.675514 0.980000 0.088080
0 75.394997 -14.508497 126.253975 0.707102 -0.209016 0.675514 0.948952 0.550823
0 75.394997 -40.903168 118.087029 0.707102 -0.209016 0.675514 0.948952 0.089177
drum.jpg
0 68.165001 -14.508497 126.253975 0.000000 0.593467 0.804858 0.051048 0.550823
0 75.394997 -14.269667 126.077873 0.000000 0.593467 0.804858 0.963527 0.547091
0 68.165001 -14.269667 126.077873 0.000000 0.593467 0.804858 0.051048 0.554383
drum.jpg
0 68.165001 -41.141998 0.088447 -0.707113 -0.707101 0.000000 0.035524 0.093097
0 67.915001 -40.891998 117.828789 -0.707113 -0.707101 0.000000 0.020000 0.554267
0 67.915001 -40.891998 0.088447 -0.707113 -0.707101 0.000000 0.024964 0.086342
drum.jpg
0 75.644997 -40.891998 0.088447 0.707092 -0.707122 0.000000 0.980000 0.085994
0 75.394997 -41.141998 117.763130 0.707092 -0.707122 0.000000 0.948952 0.554006
0 75.394997 -41.141998 0.088447 0.707092 -0.707122 0.000000 0.948952 0.085994
drum.jpg
0 67.915001 -14.519667 0.088447 -0.707099 0.707115 0.000000 0.021897 0.085000
0 68.165001 -14.269667 126.077873 -0.707099 0.707115 0.000000 0.978103 0.100201
0 68.165001 -14.269667 0.088447 -0.707099 0.707115 0.000000 0.021897 0.100201
drum.jpg
0 75.394997 -14.269667 0.088447 0.707112 0.707101 0.000000 0.021897 0.539800
0 75.644997 -14.519667 125.988823 0.707112 0.707101 0.000000 0.977124 0.551921
0 75.644997 -14.519667 0.088447 0.707112 0.707101 0.000000 0.021897 0.555000
drum.jpg
0 68.165001 -41.141998 0.088447 0.000000 -1.000000 0.000000 0.035524 0.093097
0 75.394997 -41.141998 117.763130 0.000000 -1.000000 0.000000 0.948952 0.554006
0 68.165001 -41.141998 117.763130 0.000000 -1.000000 0.000000 0.051048 0.554006
drum.jpg
0 68.165001 -40.891998 -0.161553 0.000000 0.000000 -1.000000 0.028931 0.100201
0 75.394997 -14.519667 -0.161553 0.000000 0.000000 -1.000000 0.971069 0.539799
0 75.394997 -40.891998 -0.161553 0.000000 0.000000 -1.000000 0.028931 0.539799
drum.jpg
0 67.915001 -40.891998 0.088447 -1.000000 0.000000 0.000000 0.024964 0.086342
0 67.915001 -14.519667 125.988823 -1.000000 0.000000 0.000000 0.977990 0.550627
0 67.915001 -14.519667 0.088447 -1.000000 0.000000 0.000000 0.021932 0.550628
drum.jpg
0 75.644997 -40.891998 0.088447 1.000000 0.000000 0.000000 0.028931 0.085977
0 75.644997 -14.519667 125.988823 1.000000 0.000000 0.000000 0.977124 0.551921
0 75.644997 -40.891998 117.828789 1.000000 0.000000 0.000000 0.028931 0.553985
drum.jpg
0 68.165001 -14.269667 0.088447 0.000000 1.000000 0.000000 0.021897 0.100201
0 75.394997 -14.269667 126.077873 0.000000 1.000000 0.000000 0.963527 0.547091
0 75.394997 -14.269667 0.088447 0.000000 1.000000 0.000000 0.021897 0.539800
drum.jpg
0 68.165001 -40.903168 118.087029 0.000000 -0.295590 0.955315 0.051048 0.089177
0 75.394997 -14.508497 126.253975 0.000000 -0.295590 0.955315 0.948952 0.550823
0 68.165001 -14.508497 126.253975 0.000000 -0.295590 0.955315 0.051048 0.550823
drum.jpg
0 68.165001 -40.891998 -0.161553 0.000000 -0.707107 -0.707106 0.028931 0.100201
0 75.394997 -40.891998 -0.161553 0.000000 -0.707107 -0.707106 0.028931 0.539799
0 75.394997 -41.141998 0.088447 0.000000 -0.707107 -0.707106 0.020000 0.539799
drum.jpg
0 67.915001 -40.891998 0.088447 -0.707107 0.000000 -0.707107 0.024964 0.086342
0 67.915001 -14.519667 0.088447 -0.707107 0.000000 -0.707107 0.971069 0.085000
0 68.165001 -14.519667 -0.161553 -0.707107 0.000000 -0.707107 0.971069 0.100201
drum.jpg
0 68.165001 -14.269667 0.088447 0.000000 0.707107 -0.707106 0.980000 0.100201
0 75.394997 -14.269667 0.088447 0.000000 0.707107 -0.707106 0.980000 0.539799
0 75.394997 -14.519667 -0.161553 0.000000 0.707107 -0.707106 0.971069 0.539799
drum.jpg
0 75.394997 -40.891998 -0.161553 0.707107 0.000000 -0.707107 0.028931 0.539799
0 75.394997 -14.519667 -0.161553 0.707107 0.000000 -0.707107 0.971069 0.539799
0 75.644997 -14.519667 0.088447 0.707107 0.000000 -0.707107 0.971069 0.555000
drum.jpg
0 68.165001 -40.903168 118.087029 -0.707102 -0.209007 0.675517 0.051048 0.089177
0 68.165001 -14.508497 126.253975 -0.707102 -0.209007 0.675517 0.051048 0.550823
0 67.915001 -14.519667 125.988823 -0.707102 -0.209007 0.675517 0.020000 0.549335
drum.jpg
0 68.165001 -41.141998 117.763130 0.000000 -0.804856 0.593471 0.051048 0.085000
0 75.394997 -41.141998 117.763130 0.000000 -0.804856 0.593471 0.948952 0.085000
0 75.394997 -40.903168 118.087029 0.000000 -0.804856 0.593471 0.948952 0.089177
drum.jpg
0 75.644997 -40.891998 117.828789 0.707100 -0.209016 0.675516 0.980000 0.088080
0 75.644997 -14.519667 125.988823 0.707100 -0.209016 0.675516 0.977124 0.551921
0 75.394997 -14.508497 126.253975 0.707100 -0.209016 0.675516 0.948952 0.550823
drum.jpg
0 68.165001 -14.508497 126.253975 0.000000 0.593467 0.804858 0.051048 0.550823
0 75.394997 -14.508497 126.253975 0.000000 0.593467 0.804858 0.948952 0.550823
0 75.394997 -14.269667 126.077873 0.000000 0.593467 0.804858 0.963527 0.547091
drum.jpg
0 68.165001 -41.141998 0.088447 -0.707101 -0.707113 0.000000 0.035524 0.093097
0 68.165001 -41.141998 117.763130 -0.707101 -0.707113 0.000000 0.051048 0.554006
0 67.915001 -40.891998 117.828789 -0.707101 -0.707113 0.000000 0.020000 0.554267
drum.jpg
0 75.644997 -40.891998 0.088447 0.707114 -0.707100 0.000000 0.980000 0.085994
0 75.644997 -40.891998 117.828789 0.707114 -0.707100 0.000000 0.980000 0.554267
0 75.394997 -41.141998 117.763130 0.707114 -0.707100 0.000000 0.948952 0.554006
drum.jpg
0 67.915001 -14.519667 0.088447 -0.707121 0.707093 0.000000 0.021897 0.085000
0 67.915001 -14.519667 125.988823 -0.707121 0.707093 0.000000 0.977427 0.085000
0 68.165001 -14.269667 126.077873 -0.707121 0.707093 0.000000 0.978103 0.100201
drum.jpg
0 75.394997 -14.269667 0.088447 0.707110 0.707103 0.000000 0.021897 0.539800
0 75.394997 -14.269667 126.077873 0.707110 0.707103 0.000000 0.963527 0.547091
0 75.644997 -14.519667 125.988823 0.707110 0.707103 0.000000 0.977124 0.551921
drum.jpg
0 68.165001 -41.141998 0.088447 0.000000 -1.000000 0.000000 0.035524 0.093097
0 75.394997 -41.141998 0.088447 0.000000 -1.000000 0.000000 0.948952 0.085994
0 75.394997 -41.141998 117.763130 0.000000 -1.000000 0.000000 0.948952 0.554006
drum.jpg
0 68.165001 -40.891998 -0.161553 0.000000 0.000000 -1.000000 0.028931 0.100201
0 68.165001 -14.519667 -0.161553 0.000000 0.000000 -1.000000 0.971069 0.100201
0 75.394997 -14.519667 -0.161553 0.000000 0.000000 -1.000000 0.971069 0.539799
drum.jpg
0 67.915001 -40.891998 0.088447 -1.000000 0.000000 0.000000 0.024964 0.086342
0 67.915001 -40.891998 117.828789 -1.000000 0.000000 0.000000 0.977927 0.089373
0 67.915001 -14.519667 125.988823 -1.000000 0.000000 0.000000 0.977990 0.550627
drum.jpg
0 75.644997 -40.891998 0.088447 1.000000 0.000000 0.000000 0.028931 0.085977
0 75.644997 -14.519667 0.088447 1.000000 0.000000 0.000000 0.971069 0.085946
0 75.644997 -14.519667 125.988823 1.000000 0.000000 0.000000 0.977124 0.551921
drum.jpg
0 68.165001 -14.269667 0.088447 0.000000 1.000000 0.000000 0.021897 0.100201
0 68.165001 -14.269667 126.077873 0.000000 1.000000 0.000000 0.978103 0.100201
0 75.394997 -14.269667 126.077873 0.000000 1.000000 0.000000 0.963527 0.547091
drum.jpg
0 68.165001 -40.903168 118.087029 0.000000 -0.295590 0.955315 0.051048 0.089177
0 75.394997 -40.903168 118.087029 0.000000 -0.295590 0.955315 0.948952 0.089177
0 75.394997 -14.508497 126.253975 0.000000 -0.295590 0.955315 0.948952 0.550823
drum.jpg
0 68.165001 -14.029669 0.088447 -0.577350 -0.577350 -0.577350 0.035524 0.093064
0 67.915001 -13.779669 0.088447 -0.577350 -0.577350 -0.577350 0.024932 0.086325
0 68.165001 -13.779669 -0.161553 -0.577350 -0.577350 -0.577350 0.028931 0.100201
drum.jpg
0 75.394997 -14.029669 0.088447 0.577350 -0.577350 -0.577350 0.020000 0.539799
0 75.394997 -13.779669 -0.161553 0.577350 -0.577350 -0.577350 0.028931 0.539799
0 75.644997 -13.779669 0.088447 0.577350 -0.577350 -0.577350 0.028931 0.555000
drum.jpg
0 67.915001 12.592667 0.088447 -0.577350 0.577350 -0.577350 0.971069 0.085000
0 68.165001 12.842667 0.088447 -0.577350 0.577350 -0.577350 0.980000 0.100201
0 68.165001 12.592667 -0.161553 -0.577350 0.577350 -0.577350 0.971069 0.100201
drum.jpg
0 75.394997 12.842667 0.088447 0.577350 0.577350 -0.577350 0.980000 0.539799
0 75.644997 12.592667 0.088447 0.577350 0.577350 -0.577350 0.971069 0.555000
0 75.394997 12.592667 -0.161553 0.577350 0.577350 -0.577350 0.971069 0.539799
drum.jpg
0 67.915001 -13.779669 126.217789 -0.544388 -0.675142 0.497820 0.020000 0.088080
0 68.165001 -14.029669 126.152130 -0.544388 -0.675142 0.497820 0.051048 0.085000
0 68.165001 -13.790838 126.476028 -0.544388 -0.675142 0.497820 0.051048 0.089177
drum.jpg
0 75.394997 -14.029669 126.152130 0.544396 -0.675127 0.497833 0.948952 0.085000
0 75.644997 -13.779669 126.217789 0.544396 -0.675127 0.497833 0.980000 0.088080
0 75.394997 -13.790838 126.476028 0.544396 -0.675127 0.497833 0.948952 0.089177
drum.jpg
0 67.915001 12.592667 134.377823 -0.660739 0.445453 0.604148 0.020000 0.549335
0 68.165001 12.603838 134.642975 -0.660739 0.445453 0.604148 0.051048 0.550823
0 68.165001 12.842667 134.466873 -0.660739 0.445453 0.604148 0.051048 0.554383
drum.jpg
0 75.644997 12.592667 134.377823 0.660734 0.445468 0.604143 0.977164 0.551937
0 75.394997 12.842667 134.466873 0.660734 0.445468 0.604143 0.963586 0.547091
0 75.394997 12.603838 134.642975 0.660734 0.445468 0.604143 0.948952 0.550823
drum.jpg
0 68.165001 -13.779669 -0.161553 0.000000 -0.707107 -0.707106 0.028931 0.100201
0 75.394997 -14.029669 0.088447 0.000000 -0.707107 -0.707106 0.020000 0.539799
0 68.165001 -14.029669 0.088447 0.000000 -0.707107 -0.707106 0.035524 0.093064
drum.jpg
0 67.915001 -13.779669 0.088447 -0.707107 0.000000 -0.707107 0.024932 0.086325
0 68.165001 12.592667 -0.161553 -0.707107 0.000000 -0.707107 0.971069 0.100201
0 68.165001 -13.779669 -0.161553 -0.707107 0.000000 -0.707107 0.028931 0.100201
drum.jpg
0 68.165001 12.842667 0.088447 0.000000 0.707107 -0.707106 0.980000 0.100201
0 75.394997 12.592667 -0.161553 0.000000 0.707107 -0.707106 0.971069 0.539799
0 68.165001 12.592667 -0.161553 0.000000 0.707107 -0.707106 0.971069 0.100201
drum.jpg
0 75.394997 -13.779669 -0.161553 0.707107 0.000000 -0.707107 0.028931 0.539799
0 75.644997 12.592667 0.088447 0.707107 0.000000 -0.707107 0.971069 0.555000
0 75.644997 -13.779669 0.088447 0.707107 0.000000 -0.707107 0.028931 0.555000
drum.jpg
0 68.165001 -13.790838 126.476028 -0.707126 -0.209011 0.675491 0.051048 0.089177
0 67.915001 12.592667 134.377823 -0.707126 -0.209011 0.675491 0.020000 0.549335
0 67.915001 -13.779669 126.217789 -0.707126 -0.209011 0.675491 0.020000 0.088080
drum.jpg
0 68.165001 -14.029669 126.152130 0.000000 -0.804858 0.593468 0.051048 0.085000
0 75.394997 -13.790838 126.476028 0.000000 -0.804858 0.593468 0.948952 0.089177
0 68.165001 -13.790838 126.476028 0.000000 -0.804858 0.593468 0.051048 0.089177
drum.jpg
0 75.644997 -13.779669 126.217789 0.707127 -0.209009 0.675490 0.980000 0.088080
0 75.394997 12.603838 134.642975 0.707127 -0.209009 0.675490 0.948952 0.550823
0 75.394997 -13.790838 126.476028 0.707127 -0.209009 0.675490 0.948952 0.089177
drum.jpg
0 68.165001 12.603838 134.642975 0.000000 0.593467 0.804858 0.051048 0.550823
0 75.394997 12.842667 134.466873 0.000000 0.593467 0.804858 0.963586 0.547091
0 68.165001 12.842667 134.466873 0.000000 0.593467 0.804858 0.051048 0.554383
drum.jpg
0 68.165001 -14.029669 0.088447 -0.707097 -0.707116 0.000000 0.035524 0.093064
0 67.915001 -13.779669 126.217789 -0.707097 -0.707116 0.000000 0.020000 0.554315
0 67.915001 -13.779669 0.088447 -0.707097 -0.707116 0.000000 0.024932 0.086325
drum.jpg
0 75.644997 -13.779669 0.088447 0.707110 -0.707103 0.000000 0.980000 0.085928
0 75.394997 -14.029669 126.152130 0.707110 -0.707103 0.000000 0.948952 0.554072
0 75.394997 -14.029669 0.088447 0.707110 -0.707103 0.000000 0.948952 0.085928
drum.jpg
0 67.915001 12.592667 0.088447 -0.707095 0.707118 0.000000 0.021779 0.085000
0 68.165001 12.842667 134.466873 -0.707095 0.707118 0.000000 0.978221 0.100201
0 68.165001 12.842667 0.088447 -0.707095 0.707118 0.000000 0.021779 0.100201
drum.jpg
0 75.394997 12.842667 0.088447 0.707108 0.707106 0.000000 0.021779 0.539799
0 75.644997 12.592667 134.377823 0.707108 0.707106 0.000000 0.977164 0.551937
0 75.644997 12.592667 0.088447 0.707108 0.707106 0.000000 0.021779 0.555000
drum.jpg
0 68.165001 -14.029669 0.088447 0.000000 -1.000000 0.000000 0.035524 0.093064
0 75.394997 -14.029669 126.152130 0.000000 -1.000000 0.000000 0.948952 0.554072
0 68.165001 -14.029669 126.152130 0.000000 -1.000000 0.000000 0.051048 0.554072
drum.jpg
0 68.165001 -13.779669 -0.161553 0.000000 0.000000 -1.000000 0.028931 0.100201
0 75.394997 12.592667 -0.161553 0.000000 0.000000 -1.000000 0.971069 0.539799
0 75.394997 -13.779669 -0.161553 0.000000 0.000000 -1.000000 0.028931 0.539799
drum.jpg
0 67.915001 -13.779669 0.088447 -1.000000 0.000000 0.000000 0.024932 0.086325
0 67.915001 12.592667 134.377823 -1.000000 0.000000 0.000000 0.978117 0.550628
0 67.915001 12.592667 0.088447 -1.000000 0.000000 0.000000 0.021810 0.550627
drum.jpg
0 75.644997 -13.779669 0.088447 1.000000 -0.000001 0.000000 0.028931 0.085913
0 75.644997 12.592667 134.377823 1.000000 -0.000001 0.000000 0.977164 0.551937
0 75.644997 -13.779669 126.217789 1.000000 -0.000001 0.000000 0.028931 0.554051
drum.jpg
0 68.165001 12.842667 0.088447 0.000000 1.000000 0.000000 0.021779 0.100201
0 75.394997 12.842667 134.466873 0.000000 1.000000 0.000000 0.963586 0.547091
0 75.394997 12.842667 0.088447 0.000000 1.000000 0.000000 0.021779 0.539799
drum.jpg
0 68.165001 -13.790838 126.476028 0.000000 -0.295590 0.955315 0.051048 0.089177
0 75.394997 12.603838 134.642975 0.000000 -0.295590 0.955315 0.948952 0.550823
0 68.165001 12.603838 134.642975 0.000000 -0.295590 0.955315 0.051048 0.550823
drum.jpg
0 68.165001 -13.779669 -0.161553 0.000000 -0.707105 -0.707109 0.028931 0.100201
0 75.394997 -13.779669 -0.161553 0.000000 -0.707105 -0.707109 0.028931 0.539799
0 75.394997 -14.029669 0.088447 0.000000 -0.707105 -0.707109 0.020000 0.539799
drum.jpg
0 67.915001 -13.779669 0.088447 -0.707107 0.000000 -0.707107 0.024932 0.086325
0 67.915001 12.592667 0.088447 -0.707107 0.000000 -0.707107 0.971069 0.085000
0 68.165001 12.592667 -0.161553 -0.707107 0.000000 -0.707107 0.971069 0.100201
drum.jpg
0 68.165001 12.842667 0.088447 0.000000 0.707107 -0.707106 0.980000 0.100201
0 75.394997 12.842667 0.088447 0.000000 0.707107 -0.707106 0.980000 0.539799
0 75.394997 12.592667 -0.161553 0.000000 0.707107 -0.707106 0.971069 0.539799
drum.jpg
0 75.394997 -13.779669 -0.161553 0.707107 0.000000 -0.707107 0.028931 0.539799
0 75.394997 12.592667 -0.161553 0.707107 0.000000 -0.707107 0.971069 0.539799
0 75.644997 12.592667 0.088447 0.707107 0.000000 -0.707107 0.971069 0.555000
drum.jpg
0 68.165001 -13.790838 126.476028 -0.707130 -0.208999 0.675489 0.051048 0.089177
0 68.165001 12.603838 134.642975 -0.707130 -0.208999 0.675489 0.051048 0.550823
0 67.915001 12.592667 134.377823 -0.707130 -0.208999 0.675489 0.020000 0.549335
drum.jpg
0 68.165001 -14.029669 126.152130 0.000000 -0.804858 0.593467 0.051048 0.085000
0 75.394997 -14.029669 126.152130 0.000000 -0.804858 0.593467 0.948952 0.085000
0 75.394997 -13.790838 126.476028 0.000000 -0.804858 0.593467 0.948952 0.089177
drum.jpg
0 75.644997 -13.779669 126.217789 0.707129 -0.209007 0.675489 0.980000 0.088080
0 75.644997 12.592667 134.377823 0.707129 -0.209007 0.675489 0.977164 0.551937
0 75.394997 12.603838 134.642975 0.707129 -0.209007 0.675489 0.948952 0.550823
drum.jpg
0 68.165001 12.603838 134.642975 0.000000 0.593467 0.804858 0.051048 0.550823
0 75.394997 12.603838 134.642975 0.000000 0.593467 0.804858 0.948952 0.550823
0 75.394997 12.842667 134.466873 0.000000 0.593467 0.804858 0.963586 0.547091
drum.jpg
0 68.165001 -14.029669 0.088447 -0.707118 -0.707095 0.000000 0.035524 0.093064
0 68.165001 -14.029669 126.152130 -0.707118 -0.707095 0.000000 0.051048 0.554072
0 67.915001 -13.779669 126.217789 -0.707118 -0.707095 0.000000 0.020000 0.554315
drum.jpg
0 75.644997 -13.779669 0.088447 0.707109 -0.707105 0.000000 0.980000 0.085928
0 75.644997 -13.779669 126.217789 0.707109 -0.707105 0.000000 0.980000 0.554315
0 75.394997 -14.029669 126.152130 0.707109 -0.707105 0.000000 0.948952 0.554072
drum.jpg
0 67.915001 12.592667 0.088447 -0.707116 0.707098 0.000000 0.021779 0.085000
0 67.915001 12.592667 134.377823 -0.707116 0.707098 0.000000 0.977587 0.085000
0 68.165001 12.842667 134.466873 -0.707116 0.707098 0.000000 0.978221 0.100201
drum.jpg
0 75.394997 12.842667 0.088447 0.707106 0.707108 0.000000 0.021779 0.539799
0 75.394997 12.842667 134.466873 0.707106 0.707108 0.000000 0.963586 0.547091
0 75.644997 12.592667 134.377823 0.707106 0.707108 0.000000 0.977164 0.551937
drum.jpg
0 68.165001 -14.029669 0.088447 0.000000 -1.000000 0.000000 0.035524 0.093064
0 75.394997 -14.029669 0.088447 0.000000 -1.000000 0.000000 0.948952 0.085928
0 75.394997 -14.029669 126.152130 0.000000 -1.000000 0.000000 0.948952 0.554072
drum.jpg
0 68.165001 -13.779669 -0.161553 0.000000 0.000000 -1.000000 0.028931 0.100201
0 68.165001 12.592667 -0.161553 0.000000 0.000000 -1.000000 0.971069 0.100201
0 75.394997 12.592667 -0.161553 0.000000 0.000000 -1.000000 0.971069 0.539799
drum.jpg
0 67.915001 -13.779669 0.088447 -1.000000 0.000000 0.000000 0.024932 0.086325
0 67.915001 -13.779669 126.217789 -1.000000 0.000000 0.000000 0.978061 0.089373
0 67.915001 12.592667 134.377823 -1.000000 0.000000 0.000000 0.978117 0.550628
drum.jpg
0 75.644997 -13.779669 0.088447 1.000000 0.000000 0.000000 0.028931 0.085913
0 75.644997 12.592667 0.088447 1.000000 0.000000 0.000000 0.971069 0.085886
0 75.644997 12.592667 134.377823 1.000000 0.000000 0.000000 0.977164 0.551937
drum.jpg
0 68.165001 12.842667 0.088447 0.000000 1.000000 0.000000 0.021779 0.100201
0 68.165001 12.842667 134.466873 0.000000 1.000000 0.000000 0.978221 0.100201
0 75.394997 12.842667 134.466873 0.000000 1.000000 0.000000 0.963586 0.547091
drum.jpg
0 68.165001 -13.790838 126.476028 0.000000 -0.295590 0.955315 0.051048 0.089177
0 75.394997 -13.790838 126.476028 0.000000 -0.295590 0.955315 0.948952 0.089177
0 75.394997 12.603838 134.642975 0.000000 -0.295590 0.955315 0.948952 0.550823
drum.jpg
0 68.165001 13.082666 0.088447 -0.577350 -0.577350 -0.577350 0.035524 0.093036
0 67.915001 13.332666 0.088447 -0.577350 -0.577350 -0.577350 0.024903 0.086311
0 68.165001 13.332666 -0.161553 -0.577350 -0.577350 -0.577350 0.028931 0.100201
drum.jpg
0 75.394997 13.082666 0.088447 0.577350 -0.577350 -0.577350 0.020000 0.539799
0 75.394997 13.332666 -0.161553 0.577350 -0.577350 -0.577350 0.028931 0.539799
0 75.644997 13.332666 0.088447 0.577350 -0.577350 -0.577350 0.028931 0.555000
drum.jpg
0 67.915001 39.705002 0.088447 -0.577350 0.577350 -0.577350 0.971069 0.085000
0 68.165001 39.955002 0.088447 -0.577350 0.577350 -0.577350 0.980000 0.100201
0 68.165001 39.705002 -0.161553 -0.577350 0.577350 -0.577350 0.971069 0.100201
drum.jpg
0 75.394997 39.955002 0.088447 0.577350 0.577350 -0.577350 0.980000 0.539799
0 75.644997 39.705002 0.088447 0.577350 0.577350 -0.577350 0.971069 0.555000
0 75.394997 39.705002 -0.161553 0.577350 0.577350 -0.577350 0.971069 0.539800
drum.jpg
0 67.915001 13.332666 134.606781 -0.544388 -0.675142 0.497820 0.020000 0.088080
0 68.165001 13.082666 134.541122 -0.544388 -0.675142 0.497820 0.051048 0.085000
0 68.165001 13.321495 134.865021 -0.544388 -0.675142 0.497820 0.051048 0.089177
drum.jpg
0 75.394997 13.082666 134.541122 0.544404 -0.675122 0.497830 0.948952 0.085000
0 75.644997 13.332666 134.606781 0.544404 -0.675122 0.497830 0.980000 0.088080
0 75.394997 13.321495 134.865021 0.544404 -0.675122 0.497830 0.948952 0.089177
drum.jpg
0 67.915001 39.705002 142.766815 -0.660650 0.445497 0.604213 0.020000 0.549335
0 68.165001 39.716171 143.031967 -0.660650 0.445497 0.604213 0.051048 0.550823
0 68.165001 39.955002 142.855865 -0.660650 0.445497 0.604213 0.051048 0.554383
drum.jpg
0 75.644997 39.705002 142.766815 0.660645 0.445513 0.604208 0.977199 0.551951
0 75.394997 39.955002 142.855865 0.660645 0.445513 0.604208 0.963638 0.547091
0 75.394997 39.716171 143.031967 0.660645 0.445513 0.604208 0.948952 0.550823
drum.jpg
0 68.165001 13.332666 -0.161553 0.000000 -0.707107 -0.707106 0.028931 0.100201
0 75.394997 13.082666 0.088447 0.000000 -0.707107 -0.707106 0.020000 0.539799
0 68.165001 13.082666 0.088447 0.000000 -0.707107 -0.707106 0.035524 0.093036
drum.jpg
0 67.915001 13.332666 0.088447 -0.707107 0.000000 -0.707107 0.024903 0.086311
0 68.165001 39.705002 -0.161553 -0.707107 0.000000 -0.707107 0.971069 0.100201
0 68.165001 13.332666 -0.161553 -0.707107 0.000000 -0.707107 0.028931 0.100201
drum.jpg
0 68.165001 39.955002 0.088447 0.000000 0.707107 -0.707106 0.980000 0.100201
0 75.394997 39.705002 -0.161553 0.000000 0.707107 -0.707106 0.971069 0.539800
0 68.165001 39.705002 -0.161553 0.000000 0.707107 -0.707106 0.971069 0.100201
drum.jpg
0 75.394997 13.332666 -0.161553 0.707107 0.000000 -0.707107 0.028931 0.539799
0 75.644997 39.705002 0.088447 0.707107 0.000000 -0.707107 0.971069 0.555000
0 75.644997 13.332666 0.088447 0.707107 0.000000 -0.707107 0.028931 0.555000
drum.jpg
0 68.165001 13.321495 134.865021 -0.707101 -0.209018 0.675515 0.051048 0.089177
0 67.915001 39.705002 142.766815 -0.707101 -0.209018 0.675515 0.020000 0.549335
0 67.915001 13.332666 134.606781 -0.707101 -0.209018 0.675515 0.020000 0.088080
drum.jpg
0 68.165001 13.082666 134.541122 0.000000 -0.804858 0.593468 0.051048 0.085000
0 75.394997 13.321495 134.865021 0.000000 -0.804858 0.593468 0.948952 0.089177
0 68.165001 13.321495 134.865021 0.000000 -0.804858 0.593468 0.051048 0.089177
drum.jpg
0 75.644997 13.332666 134.606781 0.707102 -0.209016 0.675514 0.980000 0.088080
0 75.394997 39.716171 143.031967 0.707102 -0.209016 0.675514 0.948952 0.550823
0 75.394997 13.321495 134.865021 0.707102 -0.209016 0.675514 0.948952 0.089177
drum.jpg
0 68.165001 39.716171 143.031967 0.000000 0.593463 0.804861 0.051048 0.550823
0 75.394997 39.955002 142.855865 0.000000 0.593463 0.804861 0.963638 0.547091
0 68.165001 39.955002 142.855865 0.000000 0.593463 0.804861 0.051048 0.554383
drum.jpg
0 68.165001 13.082666 0.088447 -0.707114 -0.707100 0.000000 0.035524 0.093036
0 67.915001 13.332666 134.606781 -0.707114 -0.707100 0.000000 0.020000 0.554358
0 67.915001 13.332666 0.088447 -0.707114 -0.707100 0.000000 0.024903 0.086311
drum.jpg
0 75.644997 13.332666 0.088447 0.707106 -0.707108 0.000000 0.980000 0.085871
0 75.394997 13.082666 134.541122 0.707106 -0.707108 0.000000 0.948952 0.554129
0 75.394997 13.082666 0.088447 0.707106 -0.707108 0.000000 0.948952 0.085871
drum.jpg
0 67.915001 39.705002 0.088447 -0.707111 0.707102 0.000000 0.021675 0.085000
0 68.165001 39.955002 142.855865 -0.707111 0.707102 0.000000 0.978325 0.100201
0 68.165001 39.955002 0.088447 -0.707111 0.707102 0.000000 0.021675 0.100201
drum.jpg
0 75.394997 39.955002 0.088447 0.707104 0.707110 0.000000 0.021675 0.539799
0 75.644997 39.705002 142.766815 0.707104 0.707110 0.000000 0.977199 0.551951
0 75.644997 39.705002 0.088447 0.707104 0.707110 0.000000 0.021675 0.555000
drum.jpg
0 68.165001 13.082666 0.088447 0.000000 -1.000000 0.000000 0.035524 0.093036
0 75.394997 13.082666 134.541122 0.000000 -1.000000 0.000000 0.948952 0.554129
0 68.165001 13.082666 134.541122 0.000000 -1.000000 0.000000 0.051048 0.554129
drum.jpg
0 68.165001 13.332666 -0.161553 0.000000 0.000000 -1.000000 0.028931 0.100201
0 75.394997 39.705002 -0.161553 0.000000 0.000000 -1.000000 0.971069 0.539800
0 75.394997 13.332666 -0.161553 0.000000 0.000000 -1.000000 0.028931 0.539799
drum.jpg
0 67.915001 13.332666 0.088447 -1.000000 0.000000 0.000000 0.024903 0.086311
0 67.915001 39.705002 142.766815 -1.000000 0.000000 0.000000 0.978228 0.550627
0 67.915001 39.705002 0.088447 -1.000000 0.000000 0.000000 0.021703 0.550627
drum.jpg
0 75.644997 13.332666 0.088447 1.000000 0.000000 0.000000 0.028931 0.085857
0 75.644997 39.705002 142.766815 1.000000 0.000000 0.000000 0.977199 0.551951
0 75.644997 13.332666 134.606781 1.000000 0.000000 0.000000 0.028931 0.554109
drum.jpg
0 68.165001 39.955002 0.088447 0.000000 1.000000 0.000000 0.021675 0.100201
0 75.394997 39.955002 142.855865 0.000000 1.000000 0.000000 0.963638 0.547091
0 75.394997 39.955002 0.088447 0.000000 1.000000 0.000000 0.021675 0.539799
drum.jpg
0 68.165001 13.321495 134.865021 0.000000 -0.295590 0.955315 0.051048 0.089177
0 75.394997 39.716171 143.031967 0.000000 -0.295590 0.955315 0.948952 0.550823
0 68.165001 39.716171 143.031967 0.000000 -0.295590 0.955315 0.051048 0.550823
drum.jpg
0 68.165001 13.332666 -0.161553 0.000000 -0.707107 -0.707106 0.028931 0.100201
0 75.394997 13.332666 -0.161553 0.000000 -0.707107 -0.707106 0.028931 0.539799
0 75.394997 13.082666 0.088447 0.000000 -0.707107 -0.707106 0.020000 0.539799
drum.jpg
0 67.915001 13.332666 0.088447 -0.707107 0.000000 -0.707107 0.024903 0.086311
0 67.915001 39.705002 0.088447 -0.707107 0.000000 -0.707107 0.971069 0.085000
0 68.165001 39.705002 -0.161553 -0.707107 0.000000 -0.707107 0.971069 0.100201
drum.jpg
0 68.165001 39.955002 0.088447 0.000000 0.707107 -0.707106 0.980000 0.100201
0 75.394997 39.955002 0.088447 0.000000 0.707107 -0.707106 0.980000 0.539799
0 75.394997 39.705002 -0.161553 0.000000 0.707107 -0.707106 0.971069 0.539800
drum.jpg
0 75.394997 13.332666 -0.161553 0.707107 0.000000 -0.707107 0.028931 0.539799
0 75.394997 39.705002 -0.161553 0.707107 0.000000 -0.707107 0.971069 0.539800
0 75.644997 39.705002 0.088447 0.707107 0.000000 -0.707107 0.971069 0.555000
drum.jpg
0 68.165001 13.321495 134.865021 -0.707087 -0.209012 0.675531 0.051048 0.089177
0 68.165001 39.716171 143.031967 -0.707087 -0.209012 0.675531 0.051048 0.550823
0 67.915001 39.705002 142.766815 -0.707087 -0.209012 0.675531 0.020000 0.549335
drum.jpg
0 68.165001 13.082666 134.541122 0.000000 -0.804858 0.593467 0.051048 0.085000
0 75.394997 13.082666 134.541122 0.000000 -0.804858 0.593467 0.948952 0.085000
0 75.394997 13.321495 134.865021 0.000000 -0.804858 0.593467 0.948952 0.089177
drum.jpg
0 75.644997 13.332666 134.606781 0.707085 -0.209020 0.675530 0.980000 0.088080
0 75.644997 39.705002 142.766815 0.707085 -0.209020 0.675530 0.977199 0.551951
0 75.394997 39.716171 143.031967 0.707085 -0.209020 0.675530 0.948952 0.550823
drum.jpg
0 68.165001 39.716171 143.031967 0.000000 0.593464 0.804860 0.051048 0.550823
0 75.394997 39.716171 143.031967 0.000000 0.593464 0.804860 0.948952 0.550823
0 75.394997 39.955002 142.855865 0.000000 0.593464 0.804860 0.963638 0.547091
drum.jpg
0 68.165001 13.082666 0.088447 -0.707113 -0.707100 0.000000 0.035524 0.093036
0 68.165001 13.082666 134.541122 -0.707113 -0.707100 0.000000 0.051048 0.554129
0 67.915001 13.332666 134.606781 -0.707113 -0.707100 0.000000 0.020000 0.554358
drum.jpg
0 75.644997 13.332666 0.088447 0.707104 -0.707109 0.000000 0.980000 0.085871
0 75.644997 13.332666 134.606781 0.707104 -0.707109 0.000000 0.980000 0.554358
0 75.394997 13.082666 134.541122 0.707104 -0.707109 0.000000 0.948952 0.554129
drum.jpg
0 67.915001 39.705002 0.088447 -0.707111 0.707102 0.000000 0.021675 0.085000
0 67.915001 39.705002 142.766815 -0.707111 0.707102 0.000000 0.977728 0.085000
0 68.165001 39.955002 142.855865 -0.707111 0.707102 0.000000 0.978325 0.100201
drum.jpg
0 75.394997 39.955002 0.088447 0.707102 0.707112 0.000000 0.021675 0.539799
0 75.394997 39.955002 142.855865 0.707102 0.707112 0.000000 0.963638 0.547091
0 75.644997 39.705002 142.766815 0.707102 0.707112 0.000000 0.977199 0.551951
drum.jpg
0 68.165001 13.082666 0.088447 0.000000 -1.000000 0.000000 0.035524 0.093036
0 75.394997 13.082666 0.088447 0.000000 -1.000000 0.000000 0.948952 0.085871
0 75.394997 13.082666 134.541122 0.000000 -1.000000 0.000000 0.948952 0.554129
drum.jpg
0 68.165001 13.332666 -0.161553 0.000000 0.000000 -1.000000 0.028931 0.100201
0 68.165001 39.705002 -0.161553 0.000000 0.000000 -1.000000 0.971069 0.100201
0 75.394997 39.705002 -0.161553 0.000000 0.000000 -1.000000 0.971069 0.539800
drum.jpg
0 67.915001 13.332666 0.088447 -1.000000 0.000000 0.000000 0.024903 0.086311
0 67.915001 13.332666 134.606781 -1.000000 0.000000 0.000000 0.978179 0.089373
0 67.915001 39.705002 142.766815 -1.000000 0.000000 0.000000 0.978228 0.550627
drum.jpg
0 75.644997 13.332666 0.088447 1.000000 0.000000 0.000000 0.028931 0.085857
0 75.644997 39.705002 0.088447 1.000000 0.000000 0.000000 0.971069 0.085834
0 75.644997 39.705002 142.766815 1.000000 0.000000 0.000000 0.977199 0.551951
drum.jpg
0 68.165001 39.955002 0.088447 0.000000 1.000000 0.000000 0.021675 0.100201
0 68.165001 39.955002 142.855865 0.000000 1.000000 0.000000 0.978325 0.100201
0 75.394997 39.955002 142.855865 0.000000 1.000000 0.000000 0.963638 0.547091
drum.jpg
0 68.165001 13.321495 134.865021 0.000000 -0.295590 0.955315 0.051048 0.089177
0 75.394997 13.321495 134.865021 0.000000 -0.295590 0.955315 0.948952 0.089177
0 75.394997 39.716171 143.031967 0.000000 -0.295590 0.955315 0.948952 0.550823
drum.jpg
0 -68.304001 -31.402998 92.000000 0.000000 0.000000 -1.000000 0.020000 0.085000
0 67.915001 30.216000 92.000000 0.000000 0.000000 -1.000000 0.980000 0.555000
0 67.915001 -31.402998 92.000000 0.000000 0.000000 -1.000000 0.020000 0.555000
drum.jpg
0 -68.304001 -31.402998 96.120003 0.000000 -0.297641 0.954678 0.020000 0.085000
0 67.915001 30.216000 115.331001 0.000000 -0.297641 0.954678 0.980000 0.555000
0 -68.304001 30.216000 115.331001 0.000000 -0.297641 0.954678 0.020000 0.555000
drum.jpg
0 -68.304001 -31.402998 92.000000 0.000000 -1.000000 0.000000 0.020000 0.085000
0 67.915001 -31.402998 96.120003 0.000000 -1.000000 0.000000 0.980000 0.555000
0 -68.304001 -31.402998 96.120003 0.000000 -1.000000 0.000000 0.020000 0.555000
drum.jpg
0 -68.304001 30.216000 92.000000 0.000000 1.000000 0.000000 0.020000 0.085000
0 67.915001 30.216000 115.331001 0.000000 1.000000 0.000000 0.980000 0.555000
0 67.915001 30.216000 92.000000 0.000000 1.000000 0.000000 0.020000 0.555000
drum.jpg
0 -68.304001 -31.402998 92.000000 -1.000000 0.000000 0.000000 0.020000 0.085000
0 -68.304001 30.216000 115.331001 -1.000000 0.000000 0.000000 0.980000 0.555000
0 -68.304001 30.216000 92.000000 -1.000000 0.000000 0.000000 0.020000 0.555000
drum.jpg
0 67.915001 -31.402998 92.000000 1.000000 -0.000001 0.000000 0.020000 0.085000
0 67.915001 30.216000 115.331001 1.000000 -0.000001 0.000000 0.980000 0.555000
0 67.915001 -31.402998 96.120003 1.000000 -0.000001 0.000000 0.020000 0.555000
drum.jpg
0 -68.304001 -31.402998 92.000000 0.000000 0.000000 -1.000000 0.020000 0.085000
0 -68.304001 30.216000 92.000000 0.000000 0.000000 -1.000000 0.980000 0.085000
0 67.915001 30.216000 92.000000 0.000000 0.000000 -1.000000 0.980000 0.555000
drum.jpg
0 -68.304001 -31.402998 96.120003 0.000000 -0.297641 0.954678 0.020000 0.085000
0 67.915001 -31.402998 96.120003 0.000000 -0.297641 0.954678 0.980000 0.085000
0 67.915001 30.216000 115.331001 0.000000 -0.297641 0.954678 0.980000 0.555000
drum.jpg
0 -68.304001 -31.402998 92.000000 0.000000 -1.000000 0.000000 0.020000 0.085000
0 67.915001 -31.402998 92.000000 0.000000 -1.000000 0.000000 0.980000 0.085000
0 67.915001 -31.402998 96.120003 0.000000 -1.000000 0.000000 0.980000 0.555000
drum.jpg
0 -68.304001 30.216000 92.000000 0.000000 1.000000 0.000000 0.020000 0.085000
0 -68.304001 30.216000 115.331001 0.000000 1.000000 0.000000 0.980000 0.085000
0 67.915001 30.216000 115.331001 0.000000 1.000000 0.000000 0.980000 0.555000
drum.jpg
0 -68.304001 -31.402998 92.000000 -1.000000 0.000001 0.000000 0.020000 0.085000
0 -68.304001 -31.402998 96.120003 -1.000000 0.000001 0.000000 0.980000 0.085000
0 -68.304001 30.216000 115.331001 -1.000000 0.000001 0.000000 0.980000 0.555000
drum.jpg
0 67.915001 -31.402998 92.000000 1.000000 0.000000 0.000000 0.020000 0.085000
0 67.915001 30.216000 92.000000 1.000000 0.000000 0.000000 0.980000 0.085000
0 67.915001 30.216000 115.331001 1.000000 0.000000 0.000000 0.980000 0.555000
drum.jpg
0 -76.264999 -41.262001 -0.041553 -0.577359 -0.577307 -0.577384 0.020378 0.578377
0 -76.385002 -41.142006 -0.041553 -0.577359 -0.577307 -0.577384 0.120113 0.580280
0 -76.264999 -41.142006 -0.161553 -0.577359 -0.577307 -0.577384 0.211998 0.578033
drum.jpg
0 75.875000 -41.262001 -0.041553 0.577334 -0.577358 -0.577358 0.020000 0.619967
0 75.875000 -41.142006 -0.161553 0.577334 -0.577358 -0.577358 0.211998 0.619967
0 75.995003 -41.142006 -0.041553 0.577334 -0.577358 -0.577358 0.211998 0.620000
drum.jpg
0 -76.385002 -40.781998 -0.041553 -0.577359 0.577307 -0.577384 0.788002 0.578000
0 -76.264999 -40.662003 -0.041553 -0.577359 0.577307 -0.577384 0.980000 0.578033
0 -76.264999 -40.781998 -0.161553 -0.577359 0.577307 -0.577384 0.788002 0.578033
drum.jpg
0 75.875000 -40.662003 -0.041553 0.577334 0.577358 -0.577358 0.980000 0.619967
0 75.995003 -40.781998 -0.041553 0.577334 0.577358 -0.577358 0.788002 0.620000
0 75.875000 -40.781998 -0.161553 0.577334 0.577358 -0.577358 0.788002 0.619967
drum.jpg
0 -76.385002 -41.142006 6.718447 -0.577360 -0.577307 0.577384 0.020000 0.586400
0 -76.264999 -41.262001 6.718447 -0.577360 -0.577307 0.577384 0.020756 0.578000
0 -76.264999 -41.142006 6.838447 -0.577360 -0.577307 0.577384 0.020756 0.586400
drum.jpg
0 75.875000 -41.262001 6.718447 0.577334 -0.577358 0.577358 0.979244 0.578000
0 75.995003 -41.142006 6.718447 0.577334 -0.577358 0.577358 0.980000 0.586400
0 75.875000 -41.142006 6.838447 0.577334 -0.577358 0.577358 0.979244 0.586400
drum.jpg
0 -76.385002 -40.781998 6.718447 -0.577360 0.577307 0.577384 0.020000 0.611600
0 -76.264999 -40.781998 6.838447 -0.577360 0.577307 0.577384 0.020756 0.611600
0 -76.264999 -40.662003 6.718447 -0.577360 0.577307 0.577384 0.020756 0.620000
drum.jpg
0 75.995003 -40.781998 6.718447 0.577334 0.577358 0.577358 0.927886 0.615620
0 75.875000 -40.662003 6.718447 0.577334 0.577358 0.577358 0.971393 0.619983
0 75.875000 -40.781998 6.838447 0.577334 0.577358 0.577358 0.979244 0.611600
drum.jpg
0 -76.264999 -41.142006 -0.161553 0.000000 -0.707125 -0.707089 0.211998 0.578033
0 75.875000 -41.262001 -0.041553 0.000000 -0.707125 -0.707089 0.020000 0.619967
0 -76.264999 -41.262001 -0.041553 0.000000 -0.707125 -0.707089 0.020378 0.578377
drum.jpg
0 -76.385002 -41.142006 -0.041553 -0.707092 0.000000 -0.707122 0.120113 0.580280
0 -76.264999 -40.781998 -0.161553 -0.707092 0.000000 -0.707122 0.788002 0.578033
0 -76.264999 -41.142006 -0.161553 -0.707092 0.000000 -0.707122 0.211998 0.578033
drum.jpg
0 -76.264999 -40.662003 -0.041553 0.000000 0.707125 -0.707089 0.980000 0.578033
0 75.875000 -40.781998 -0.161553 0.000000 0.707125 -0.707089 0.788002 0.619967
0 -76.264999 -40.781998 -0.161553 0.000000 0.707125 -0.707089 0.788002 0.578033
drum.jpg
0 75.875000 -41.142006 -0.161553 0.707091 0.000000 -0.707122 0.211998 0.619967
0 75.995003 -40.781998 -0.041553 0.707091 0.000000 -0.707122 0.788002 0.620000
0 75.995003 -41.142006 -0.041553 0.707091 0.000000 -0.707122 0.211998 0.620000
drum.jpg
0 -76.264999 -41.142006 6.838447 -0.707091 0.000000 0.707122 0.020756 0.586400
0 -76.385002 -40.781998 6.718447 -0.707091 0.000000 0.707122 0.020000 0.611600
0 -76.385002 -41.142006 6.718447 -0.707091 0.000000 0.707122 0.020000 0.586400
drum.jpg
0 -76.264999 -41.262001 6.718447 0.000000 -0.707106 0.707108 0.020756 0.578000
0 75.875000 -41.142006 6.838447 0.000000 -0.707106 0.707108 0.979244 0.586400
0 -76.264999 -41.142006 6.838447 0.000000 -0.707106 0.707108 0.020756 0.586400
drum.jpg
0 75.995003 -41.142006 6.718447 0.707091 0.000000 0.707122 0.980000 0.586400
0 75.875000 -40.781998 6.838447 0.707091 0.000000 0.707122 0.979244 0.611600
0 75.875000 -41.142006 6.838447 0.707091 0.000000 0.707122 0.979244 0.586400
drum.jpg
0 -76.264999 -40.781998 6.838447 0.000000 0.707087 0.707127 0.020756 0.611600
0 75.875000 -40.662003 6.718447 0.000000 0.707087 0.707127 0.971393 0.619983
0 -76.264999 -40.662003 6.718447 0.000000 0.707087 0.707127 0.020756 0.620000
drum.jpg
0 -76.264999 -41.262001 -0.041553 -0.707069 -0.707144 0.000000 0.020378 0.578377
0 -76.385002 -41.142006 6.718447 -0.707069 -0.707144 0.000000 0.020000 0.619280
0 -76.385002 -41.142006 -0.041553 -0.707069 -0.707144 0.000000 0.120113 0.580280
drum.jpg
0 75.995003 -41.142006 -0.041553 0.707122 -0.707091 0.000000 0.980000 0.578720
0 75.875000 -41.262001 6.718447 0.707122 -0.707091 0.000000 0.979244 0.619280
0 75.875000 -41.262001 -0.041553 0.707122 -0.707091 0.000000 0.979244 0.578720
drum.jpg
0 -76.385002 -40.781998 -0.041553 -0.707122 0.707091 0.000000 0.036457 0.578000
0 -76.264999 -40.662003 6.718447 -0.707122 0.707091 0.000000 0.963543 0.578033
0 -76.264999 -40.662003 -0.041553 -0.707122 0.707091 0.000000 0.036457 0.578033
drum.jpg
0 75.875000 -40.662003 -0.041553 0.707069 0.707144 0.000000 0.036457 0.619967
0 75.995003 -40.781998 6.718447 0.707069 0.707144 0.000000 0.927886 0.615620
0 75.995003 -40.781998 -0.041553 0.707069 0.707144 0.000000 0.036457 0.620000
drum.jpg
0 -76.264999 -41.262001 -0.041553 0.000000 -1.000000 0.000000 0.020378 0.578377
0 75.875000 -41.262001 6.718447 0.000000 -1.000000 0.000000 0.979244 0.619280
0 -76.264999 -41.262001 6.718447 0.000000 -1.000000 0.000000 0.020756 0.619280
drum.jpg
0 -76.264999 -41.142006 -0.161553 0.000000 0.000000 -1.000000 0.211998 0.578033
0 75.875000 -40.781998 -0.161553 0.000000 0.000000 -1.000000 0.788002 0.619967
0 75.875000 -41.142006 -0.161553 0.000000 0.000000 -1.000000 0.211998 0.619967
drum.jpg
0 -76.385002 -41.142006 -0.041553 -1.000000 0.000000 0.000000 0.120113 0.580280
0 -76.385002 -40.781998 6.718447 -1.000000 0.000000 0.000000 0.963543 0.611600
0 -76.385002 -40.781998 -0.041553 -1.000000 0.000000 0.000000 0.036457 0.611600
drum.jpg
0 75.995003 -41.142006 -0.041553 1.000000 0.000000 0.000000 0.211998 0.578720
0 75.995003 -40.781998 6.718447 1.000000 0.000000 0.000000 0.927886 0.615620
0 75.995003 -41.142006 6.718447 1.000000 0.000000 0.000000 0.211998 0.619280
drum.jpg
0 -76.264999 -40.662003 -0.041553 0.000000 1.000000 0.000000 0.036457 0.578033
0 75.875000 -40.662003 6.718447 0.000000 1.000000 0.000000 0.971393 0.619983
0 75.875000 -40.662003 -0.041553 0.000000 1.000000 0.000000 0.036457 0.619967
drum.jpg
0 -76.264999 -41.142006 6.838447 0.000000 0.000000 1.000000 0.020756 0.586400
0 75.875000 -40.781998 6.838447 0.000000 0.000000 1.000000 0.979244 0.611600
0 -76.264999 -40.781998 6.838447 0.000000 0.000000 1.000000 0.020756 0.611600
drum.jpg
0 -76.264999 -41.142006 -0.161553 0.000000 -0.707106 -0.707107 0.211998 0.578033
0 75.875000 -41.142006 -0.161553 0.000000 -0.707106 -0.707107 0.211998 0.619967
0 75.875000 -41.262001 -0.041553 0.000000 -0.707106 -0.707107 0.020000 0.619967
drum.jpg
0 -76.385002 -41.142006 -0.041553 -0.707107 0.000000 -0.707107 0.120113 0.580280
0 -76.385002 -40.781998 -0.041553 -0.707107 0.000000 -0.707107 0.788002 0.578000
0 -76.264999 -40.781998 -0.161553 -0.707107 0.000000 -0.707107 0.788002 0.578033
drum.jpg
0 -76.264999 -40.662003 -0.041553 0.000000 0.707087 -0.707126 0.980000 0.578033
0 75.875000 -40.662003 -0.041553 0.000000 0.707087 -0.707126 0.980000 0.619967
0 75.875000 -40.781998 -0.161553 0.000000 0.707087 -0.707126 0.788002 0.619967
drum.jpg
0 75.875000 -41.142006 -0.161553 0.707107 0.000000 -0.707106 0.211998 0.619967
0 75.875000 -40.781998 -0.161553 0.707107 0.000000 -0.707106 0.788002 0.619967
0 75.995003 -40.781998 -0.041553 0.707107 0.000000 -0.707106 0.788002 0.620000
drum.jpg
0 -76.264999 -41.142006 6.838447 -0.707107 0.000000 0.707107 0.020756 0.586400
0 -76.264999 -40.781998 6.838447 -0.707107 0.000000 0.707107 0.020756 0.611600
0 -76.385002 -40.781998 6.718447 -0.707107 0.000000 0.707107 0.020000 0.611600
drum.jpg
0 -76.264999 -41.262001 6.718447 0.000000 -0.707125 0.707089 0.020756 0.578000
0 75.875000 -41.262001 6.718447 0.000000 -0.707125 0.707089 0.979244 0.578000
0 75.875000 -41.142006 6.838447 0.000000 -0.707125 0.707089 0.979244 0.586400
drum.jpg
0 75.995003 -41.142006 6.718447 0.707107 0.000000 0.707107 0.980000 0.586400
0 75.995003 -40.781998 6.718447 0.707107 0.000000 0.707107 0.927886 0.615620
0 75.875000 -40.781998 6.838447 0.707107 0.000000 0.707107 0.979244 0.611600
drum.jpg
0 -76.264999 -40.781998 6.838447 0.000000 0.707125 0.707089 0.020756 0.611600
0 75.875000 -40.781998 6.838447 0.000000 0.707125 0.707089 0.979244 0.611600
0 75.875000 -40.662003 6.718447 0.000000 0.707125 0.707089 0.971393 0.619983
drum.jpg
0 -76.264999 -41.262001 -0.041553 -0.707122 -0.707091 0.000000 0.020378 0.578377
0 -76.264999 -41.262001 6.718447 -0.707122 -0.707091 0.000000 0.020756 0.619280
0 -76.385002 -41.142006 6.718447 -0.707122 -0.707091 0.000000 0.020000 0.619280
drum.jpg
0 75.995003 -41.142006 -0.041553 0.707069 -0.707144 0.000000 0.980000 0.578720
0 75.995003 -41.142006 6.718447 0.707069 -0.707144 0.000000 0.980000 0.619280
0 75.875000 -41.262001 6.718447 0.707069 -0.707144 0.000000 0.979244 0.619280
drum.jpg
0 -76.385002 -40.781998 -0.041553 -0.707069 0.707144 0.000000 0.036457 0.578000
0 -76.385002 -40.781998 6.718447 -0.707069 0.707144 0.000000 0.963543 0.578000
0 -76.264999 -40.662003 6.718447 -0.707069 0.707144 0.000000 0.963543 0.578033
drum.jpg
0 75.875000 -40.662003 -0.041553 0.707122 0.707091 0.000000 0.036457 0.619967
0 75.875000 -40.662003 6.718447 0.707122 0.707091 0.000000 0.971393 0.619983
0 75.995003 -40.781998 6.718447 0.707122 0.707091 0.000000 0.927886 0.615620
drum.jpg
0 -76.264999 -41.262001 -0.041553 0.000000 -1.000000 0.000000 0.020378 0.578377
0 75.875000 -41.262001 -0.041553 0.000000 -1.000000 0.000000 0.979244 0.578720
0 75.875000 -41.262001 6.718447 0.000000 -1.000000 0.000000 0.979244 0.619280
drum.jpg
0 -76.264999 -41.142006 -0.161553 0.000000 0.000000 -1.000000 0.211998 0.578033
0 -76.264999 -40.781998 -0.161553 0.000000 0.000000 -1.000000 0.788002 0.578033
0 75.875000 -40.781998 -0.161553 0.000000 0.000000 -1.000000 0.788002 0.619967
drum.jpg
0 -76.385002 -41.142006 -0.041553 -1.000000 0.000000 0.000000 0.120113 0.580280
0 -76.385002 -41.142006 6.718447 -1.000000 0.000000 0.000000 0.963543 0.586400
0 -76.385002 -40.781998 6.718447 -1.000000 0.000000 0.000000 0.963543 0.611600
drum.jpg
0 75.995003 -41.142006 -0.041553 1.000000 0.000000 0.000000 0.211998 0.578720
0 75.995003 -40.781998 -0.041553 1.000000 0.000000 0.000000 0.788002 0.578720
0 75.995003 -40.781998 6.718447 1.000000 0.000000 0.000000 0.927886 0.615620
drum.jpg
0 -76.264999 -40.662003 -0.041553 0.000000 1.000000 0.000000 0.036457 0.578033
0 -76.264999 -40.662003 6.718447 0.000000 1.000000 0.000000 0.963543 0.578033
0 75.875000 -40.662003 6.718447 0.000000 1.000000 0.000000 0.971393 0.619983
drum.jpg
0 -76.264999 -41.142006 6.838447 0.000000 0.000000 1.000000 0.020756 0.586400
0 75.875000 -41.142006 6.838447 0.000000 0.000000 1.000000 0.979244 0.586400
0 75.875000 -40.781998 6.838447 0.000000 0.000000 1.000000 0.979244 0.611600
drum.jpg
0 -76.264999 -41.262001 111.096001 -0.577401 -0.577325 -0.577325 0.020378 0.578377
0 -76.385002 -41.142006 111.096001 -0.577401 -0.577325 -0.577325 0.120113 0.580280
0 -76.264999 -41.142006 110.975998 -0.577401 -0.577325 -0.577325 0.211998 0.578033
drum.jpg
0 75.875000 -41.262001 111.096001 0.577401 -0.577325 -0.577325 0.020000 0.619967
0 75.875000 -41.142006 110.975998 0.577401 -0.577325 -0.577325 0.211998 0.619967
0 75.995003 -41.142006 111.096001 0.577401 -0.577325 -0.577325 0.211998 0.620000
drum.jpg
0 -76.385002 -40.781998 111.096001 -0.577401 0.577325 -0.577325 0.788002 0.578000
0 -76.264999 -40.662003 111.096001 -0.577401 0.577325 -0.577325 0.980000 0.578033
0 -76.264999 -40.781998 110.975998 -0.577401 0.577325 -0.577325 0.788002 0.578033
drum.jpg
0 75.875000 -40.662003 111.096001 0.577401 0.577325 -0.577325 0.980000 0.619967
0 75.995003 -40.781998 111.096001 0.577401 0.577325 -0.577325 0.788002 0.620000
0 75.875000 -40.781998 110.975998 0.577401 0.577325 -0.577325 0.788002 0.619967
drum.jpg
0 -76.385002 -41.142006 117.855995 -0.577350 -0.577350 0.577350 0.020000 0.586400
0 -76.264999 -41.262001 117.855995 -0.577350 -0.577350 0.577350 0.020756 0.578000
0 -76.264999 -41.142006 117.975998 -0.577350 -0.577350 0.577350 0.020756 0.586400
drum.jpg
0 75.875000 -41.262001 117.855995 0.577350 -0.577350 0.577350 0.979244 0.578000
0 75.995003 -41.142006 117.855995 0.577350 -0.577350 0.577350 0.980000 0.586400
0 75.875000 -41.142006 117.975998 0.577350 -0.577350 0.577350 0.979244 0.586400
drum.jpg
0 -76.385002 -40.781998 117.855995 -0.577350 0.577350 0.577350 0.020000 0.611600
0 -76.264999 -40.781998 117.975998 -0.577350 0.577350 0.577350 0.020756 0.611600
0 -76.264999 -40.662003 117.855995 -0.577350 0.577350 0.577350 0.020756 0.620000
drum.jpg
0 75.995003 -40.781998 117.855995 0.577350 0.577350 0.577350 0.927886 0.615620
0 75.875000 -40.662003 117.855995 0.577350 0.577350 0.577350 0.971393 0.619983
0 75.875000 -40.781998 117.975998 0.577350 0.577350 0.577350 0.979244 0.611600
drum.jpg
0 -76.264999 -41.142006 110.975998 0.000000 -0.707133 -0.707080 0.211998 0.578033
0 75.875000 -41.262001 111.096001 0.000000 -0.707133 -0.707080 0.020000 0.619967
0 -76.264999 -41.262001 111.096001 0.000000 -0.707133 -0.707080 0.020378 0.578377
drum.jpg
0 -76.385002 -41.142006 111.096001 -0.707068 0.000000 -0.707146 0.120113 0.580280
0 -76.264999 -40.781998 110.975998 -0.707068 0.000000 -0.707146 0.788002 0.578033
0 -76.264999 -41.142006 110.975998 -0.707068 0.000000 -0.707146 0.211998 0.578033
drum.jpg
0 -76.264999 -40.662003 111.096001 0.000000 0.707133 -0.707080 0.980000 0.578033
0 75.875000 -40.781998 110.975998 0.000000 0.707133 -0.707080 0.788002 0.619967
0 -76.264999 -40.781998 110.975998 0.000000 0.707133 -0.707080 0.788002 0.578033
drum.jpg
0 75.875000 -41.142006 110.975998 0.707130 0.000000 -0.707083 0.211998 0.619967
0 75.995003 -40.781998 111.096001 0.707130 0.000000 -0.707083 0.788002 0.620000
0 75.995003 -41.142006 111.096001 0.707130 0.000000 -0.707083 0.211998 0.620000
drum.jpg
0 -76.264999 -41.142006 117.975998 -0.707130 0.000000 0.707083 0.020756 0.586400
0 -76.385002 -40.781998 117.855995 -0.707130 0.000000 0.707083 0.020000 0.611600
0 -76.385002 -41.142006 117.855995 -0.707130 0.000000 0.707083 0.020000 0.586400
drum.jpg
0 -76.264999 -41.262001 117.855995 0.000000 -0.707114 0.707099 0.020756 0.578000
0 75.875000 -41.142006 117.975998 0.000000 -0.707114 0.707099 0.979244 0.586400
0 -76.264999 -41.142006 117.975998 0.000000 -0.707114 0.707099 0.020756 0.586400
drum.jpg
0 75.995003 -41.142006 117.855995 0.707068 0.000000 0.707146 0.980000 0.586400
0 75.875000 -40.781998 117.975998 0.707068 0.000000 0.707146 0.979244 0.611600
0 75.875000 -41.142006 117.975998 0.707068 0.000000 0.707146 0.979244 0.586400
drum.jpg
0 -76.264999 -40.781998 117.975998 0.000000 0.707095 0.707118 0.020756 0.611600
0 75.875000 -40.662003 117.855995 0.000000 0.707095 0.707118 0.971393 0.619983
0 -76.264999 -40.662003 117.855995 0.000000 0.707095 0.707118 0.020756 0.620000
drum.jpg
0 -76.264999 -41.262001 111.096001 -0.707069 -0.707145 0.000000 0.020378 0.578377
0 -76.385002 -41.142006 117.855995 -0.707069 -0.707145 0.000000 0.020000 0.619280
0 -76.385002 -41.142006 111.096001 -0.707069 -0.707145 0.000000 0.120113 0.580280
drum.jpg
0 75.995003 -41.142006 111.096001 0.707122 -0.707092 0.000000 0.980000 0.578720
0 75.875000 -41.262001 117.855995 0.707122 -0.707092 0.000000 0.979244 0.619280
0 75.875000 -41.262001 111.096001 0.707122 -0.707092 0.000000 0.979244 0.578720
drum.jpg
0 -76.385002 -40.781998 111.096001 -0.707122 0.707092 0.000000 0.036458 0.578000
0 -76.264999 -40.662003 117.855995 -0.707122 0.707092 0.000000 0.963543 0.578033
0 -76.264999 -40.662003 111.096001 -0.707122 0.707092 0.000000 0.036458 0.578033
drum.jpg
0 75.875000 -40.662003 111.096001 0.707069 0.707145 0.000000 0.036458 0.619967
0 75.995003 -40.781998 117.855995 0.707069 0.707145 0.000000 0.927886 0.615620
0 75.995003 -40.781998 111.096001 0.707069 0.707145 0.000000 0.036458 0.620000
drum.jpg
0 -76.264999 -41.262001 111.096001 0.000000 -1.000000 0.000000 0.020378 0.578377
0 75.875000 -41.262001 117.855995 0.000000 -1.000000 0.000000 0.979244 0.619280
0 -76.264999 -41.262001 117.855995 0.000000 -1.000000 0.000000 0.020756 0.619280
drum.jpg
0 -76.264999 -41.142006 110.975998 0.000000 0.000000 -1.000000 0.211998 0.578033
0 75.875000 -40.781998 110.975998 0.000000 0.000000 -1.000000 0.788002 0.619967
0 75.875000 -41.142006 110.975998 0.000000 0.000000 -1.000000 0.211998 0.619967
drum.jpg
0 -76.385002 -41.142006 111.096001 -1.000000 0.000000 0.000000 0.120113 0.580280
0 -76.385002 -40.781998 117.855995 -1.000000 0.000000 0.000000 0.963542 0.611600
0 -76.385002 -40.781998 111.096001 -1.000000 0.000000 0.000000 0.036458 0.611600
drum.jpg
0 75.995003 -41.142006 111.096001 1.000000 0.000000 0.000000 0.211998 0.578720
0 75.995003 -40.781998 117.855995 1.000000 0.000000 0.000000 0.927886 0.615620
0 75.995003 -41.142006 117.855995 1.000000 0.000000 0.000000 0.211998 0.619280
drum.jpg
0 -76.264999 -40.662003 111.096001 0.000000 1.000000 0.000000 0.036458 0.578033
0 75.875000 -40.662003 117.855995 0.000000 1.000000 0.000000 0.971393 0.619983
0 75.875000 -40.662003 111.096001 0.000000 1.000000 0.000000 0.036458 0.619967
drum.jpg
0 -76.264999 -41.142006 117.975998 0.000000 0.000000 1.000000 0.020756 0.586400
0 75.875000 -40.781998 117.975998 0.000000 0.000000 1.000000 0.979244 0.611600
0 -76.264999 -40.781998 117.975998 0.000000 0.000000 1.000000 0.020756 0.611600
drum.jpg
0 -76.264999 -41.142006 110.975998 0.000000 -0.707114 -0.707099 0.211998 0.578033
0 75.875000 -41.142006 110.975998 0.000000 -0.707114 -0.707099 0.211998 0.619967
0 75.875000 -41.262001 111.096001 0.000000 -0.707114 -0.707099 0.020000 0.619967
drum.jpg
0 -76.385002 -41.142006 111.096001 -0.707146 0.000000 -0.707068 0.120113 0.580280
0 -76.385002 -40.781998 111.096001 -0.707146 0.000000 -0.707068 0.788002 0.578000
0 -76.264999 -40.781998 110.975998 -0.707146 0.000000 -0.707068 0.788002 0.578033
drum.jpg
0 -76.264999 -40.662003 111.096001 0.000000 0.707095 -0.707118 0.980000 0.578033
0 75.875000 -40.662003 111.096001 0.000000 0.707095 -0.707118 0.980000 0.619967
0 75.875000 -40.781998 110.975998 0.000000 0.707095 -0.707118 0.788002 0.619967
drum.jpg
0 75.875000 -41.142006 110.975998 0.707083 0.000000 -0.707130 0.211998 0.619967
0 75.875000 -40.781998 110.975998 0.707083 0.000000 -0.707130 0.788002 0.619967
0 75.995003 -40.781998 111.096001 0.707083 0.000000 -0.707130 0.788002 0.620000
drum.jpg
0 -76.264999 -41.142006 117.975998 -0.707083 0.000000 0.707130 0.020756 0.586400
0 -76.264999 -40.781998 117.975998 -0.707083 0.000000 0.707130 0.020756 0.611600
0 -76.385002 -40.781998 117.855995 -0.707083 0.000000 0.707130 0.020000 0.611600
drum.jpg
0 -76.264999 -41.262001 117.855995 0.000000 -0.707133 0.707080 0.020756 0.578000
0 75.875000 -41.262001 117.855995 0.000000 -0.707133 0.707080 0.979244 0.578000
0 75.875000 -41.142006 117.975998 0.000000 -0.707133 0.707080 0.979244 0.586400
drum.jpg
0 75.995003 -41.142006 117.855995 0.707146 0.000000 0.707068 0.980000 0.586400
0 75.995003 -40.781998 117.855995 0.707146 0.000000 0.707068 0.927886 0.615620
0 75.875000 -40.781998 117.975998 0.707146 0.000000 0.707068 0.979244 0.611600
drum.jpg
0 -76.264999 -40.781998 117.975998 0.000000 0.707133 0.707080 0.020756 0.611600
0 75.875000 -40.781998 117.975998 0.000000 0.707133 0.707080 0.979244 0.611600
0 75.875000 -40.662003 117.855995 0.000000 0.707133 0.707080 0.971393 0.619983
drum.jpg
0 -76.264999 -41.262001 111.096001 -0.707122 -0.707092 0.000000 0.020378 0.578377
0 -76.264999 -41.262001 117.855995 -0.707122 -0.707092 0.000000 0.020756 0.619280
0 -76.385002 -41.142006 117.855995 -0.707122 -0.707092 0.000000 0.020000 0.619280
drum.jpg
0 75.995003 -41.142006 111.096001 0.707069 -0.707145 0.000000 0.980000 0.578720
0 75.995003 -41.142006 117.855995 0.707069 -0.707145 0.000000 0.980000 0.619280
0 75.875000 -41.262001 117.855995 0.707069 -0.707145 0.000000 0.979244 0.619280
drum.jpg
0 -76.385002 -40.781998 111.096001 -0.707069 0.707145 0.000000 0.036458 0.578000
0 -76.385002 -40.781998 117.855995 -0.707069 0.707145 0.000000 0.963542 0.578000
0 -76.264999 -40.662003 117.855995 -0.707069 0.707145 0.000000 0.963543 0.578033
drum.jpg
0 75.875000 -40.662003 111.096001 0.707122 0.707092 0.000000 0.036458 0.619967
0 75.875000 -40.662003 117.855995 0.707122 0.707092 0.000000 0.971393 0.619983
0 75.995003 -40.781998 117.855995 0.707122 0.707092 0.000000 0.927886 0.615620
drum.jpg
0 -76.264999 -41.262001 111.096001 0.000000 -1.000000 0.000000 0.020378 0.578377
0 75.875000 -41.262001 111.096001 0.000000 -1.000000 0.000000 0.979244 0.578720
0 75.875000 -41.262001 117.855995 0.000000 -1.000000 0.000000 0.979244 0.619280
drum.jpg
0 -76.264999 -41.142006 110.975998 0.000000 0.000000 -1.000000 0.211998 0.578033
0 -76.264999 -40.781998 110.975998 0.000000 0.000000 -1.000000 0.788002 0.578033
0 75.875000 -40.781998 110.975998 0.000000 0.000000 -1.000000 0.788002 0.619967
drum.jpg
0 -76.385002 -41.142006 111.096001 -1.000000 0.000000 0.000000 0.120113 0.580280
0 -76.385002 -41.142006 117.855995 -1.000000 0.000000 0.000000 0.963542 0.586400
0 -76.385002 -40.781998 117.855995 -1.000000 0.000000 0.000000 0.963542 0.611600
drum.jpg
0 75.995003 -41.142006 111.096001 1.000000 0.000000 0.000000 0.211998 0.578720
0 75.995003 -40.781998 111.096001 1.000000 0.000000 0.000000 0.788002 0.578720
0 75.995003 -40.781998 117.855995 1.000000 0.000000 0.000000 0.927886 0.615620
drum.jpg
0 -76.264999 -40.662003 111.096001 0.000000 1.000000 0.000000 0.036458 0.578033
0 -76.264999 -40.662003 117.855995 0.000000 1.000000 0.000000 0.963543 0.578033
0 75.875000 -40.662003 117.855995 0.000000 1.000000 0.000000 0.971393 0.619983
drum.jpg
0 -76.264999 -41.142006 117.975998 0.000000 0.000000 1.000000 0.020756 0.586400
0 75.875000 -41.142006 117.975998 0.000000 0.000000 1.000000 0.979244 0.586400
0 75.875000 -40.781998 117.975998 0.000000 0.000000 1.000000 0.979244 0.611600
drum.jpg
0 -76.264999 39.474998 -0.041553 -0.577359 -0.577307 -0.577384 0.020378 0.578377
0 -76.385002 39.594997 -0.041553 -0.577359 -0.577307 -0.577384 0.120113 0.580280
0 -76.264999 39.594997 -0.161553 -0.577359 -0.577307 -0.577384 0.211998 0.578033
drum.jpg
0 75.875000 39.474998 -0.041553 0.577334 -0.577358 -0.577358 0.020000 0.619967
0 75.875000 39.594997 -0.161553 0.577334 -0.577358 -0.577358 0.211998 0.619967
0 75.995003 39.594997 -0.041553 0.577334 -0.577358 -0.577358 0.211998 0.620000
drum.jpg
0 -76.385002 39.955002 -0.041553 -0.577372 0.577320 -0.577358 0.788002 0.578000
0 -76.264999 40.075001 -0.041553 -0.577372 0.577320 -0.577358 0.980000 0.578033
0 -76.264999 39.955002 -0.161553 -0.577372 0.577320 -0.577358 0.788002 0.578033
drum.jpg
0 75.875000 40.075001 -0.041553 0.577347 0.577371 -0.577333 0.980000 0.619967
0 75.995003 39.955002 -0.041553 0.577347 0.577371 -0.577333 0.788002 0.620000
0 75.875000 39.955002 -0.161553 0.577347 0.577371 -0.577333 0.788002 0.619967
drum.jpg
0 -76.385002 39.594997 6.718447 -0.577360 -0.577307 0.577384 0.020000 0.586400
0 -76.264999 39.474998 6.718447 -0.577360 -0.577307 0.577384 0.020756 0.578000
0 -76.264999 39.594997 6.838447 -0.577360 -0.577307 0.577384 0.020756 0.586400
drum.jpg
0 75.875000 39.474998 6.718447 0.577334 -0.577358 0.577358 0.979244 0.578000
0 75.995003 39.594997 6.718447 0.577334 -0.577358 0.577358 0.980000 0.586400
0 75.875000 39.594997 6.838447 0.577334 -0.577358 0.577358 0.979244 0.586400
drum.jpg
0 -76.385002 39.955002 6.718447 -0.577373 0.577320 0.577358 0.020000 0.611600
0 -76.264999 39.955002 6.838447 -0.577373 0.577320 0.577358 0.020756 0.611600
0 -76.264999 40.075001 6.718447 -0.577373 0.577320 0.577358 0.020756 0.620000
drum.jpg
0 75.995003 39.955002 6.718447 0.577347 0.577371 0.577333 0.927886 0.615620
0 75.875000 40.075001 6.718447 0.577347 0.577371 0.577333 0.971393 0.619983
0 75.875000 39.955002 6.838447 0.577347 0.577371 0.577333 0.979244 0.611600
drum.jpg
0 -76.264999 39.594997 -0.161553 0.000000 -0.707106 -0.707107 0.211998 0.578033
0 75.875000 39.474998 -0.041553 0.000000 -0.707106 -0.707107 0.020000 0.619967
0 -76.264999 39.474998 -0.041553 0.000000 -0.707106 -0.707107 0.020378 0.578377
drum.jpg
0 -76.385002 39.594997 -0.041553 -0.707092 0.000000 -0.707122 0.120113 0.580280
0 -76.264999 39.955002 -0.161553 -0.707092 0.000000 -0.707122 0.788002 0.578033
0 -76.264999 39.594997 -0.161553 -0.707092 0.000000 -0.707122 0.211998 0.578033
drum.jpg
0 -76.264999 40.075001 -0.041553 0.000000 0.707125 -0.707089 0.980000 0.578033
0 75.875000 39.955002 -0.161553 0.000000 0.707125 -0.707089 0.788002 0.619967
0 -76.264999 39.955002 -0.161553 0.000000 0.707125 -0.707089 0.788002 0.578033
drum.jpg
0 75.875000 39.594997 -0.161553 0.707091 0.000000 -0.707122 0.211998 0.619967
0 75.995003 39.955002 -0.041553 0.707091 0.000000 -0.707122 0.788002 0.620000
0 75.995003 39.594997 -0.041553 0.707091 0.000000 -0.707122 0.211998 0.620000
drum.jpg
0 -76.264999 39.594997 6.838447 -0.707091 0.000000 0.707122 0.020756 0.586400
0 -76.385002 39.955002 6.718447 -0.707091 0.000000 0.707122 0.020000 0.611600
0 -76.385002 39.594997 6.718447 -0.707091 0.000000 0.707122 0.020000 0.586400
drum.jpg
0 -76.264999 39.474998 6.718447 0.000000 -0.707106 0.707108 0.020756 0.578000
0 75.875000 39.594997 6.838447 0.000000 -0.707106 0.707108 0.979244 0.586400
0 -76.264999 39.594997 6.838447 0.000000 -0.707106 0.707108 0.020756 0.586400
drum.jpg
0 75.995003 39.594997 6.718447 0.707091 0.000000 0.707122 0.980000 0.586400
0 75.875000 39.955002 6.838447 0.707091 0.000000 0.707122 0.979244 0.611600
0 75.875000 39.594997 6.838447 0.707091 0.000000 0.707122 0.979244 0.586400
drum.jpg
0 -76.264999 39.955002 6.838447 0.000000 0.707087 0.707127 0.020756 0.611600
0 75.875000 40.075001 6.718447 0.000000 0.707087 0.707127 0.971393 0.619983
0 -76.264999 40.075001 6.718447 0.000000 0.707087 0.707127 0.020756 0.620000
drum.jpg
0 -76.264999 39.474998 -0.041553 -0.707069 -0.707144 0.000000 0.020378 0.578377
0 -76.385002 39.594997 6.718447 -0.707069 -0.707144 0.000000 0.020000 0.619280
0 -76.385002 39.594997 -0.041553 -0.707069 -0.707144 0.000000 0.120113 0.580280
drum.jpg
0 75.995003 39.594997 -0.041553 0.707122 -0.707091 0.000000 0.980000 0.578720
0 75.875000 39.474998 6.718447 0.707122 -0.707091 0.000000 0.979244 0.619280
0 75.875000 39.474998 -0.041553 0.707122 -0.707091 0.000000 0.979244 0.578720
drum.jpg
0 -76.385002 39.955002 -0.041553 -0.707122 0.707091 0.000000 0.036457 0.578000
0 -76.264999 40.075001 6.718447 -0.707122 0.707091 0.000000 0.963543 0.578033
0 -76.264999 40.075001 -0.041553 -0.707122 0.707091 0.000000 0.036457 0.578033
drum.jpg
0 75.875000 40.075001 -0.041553 0.707069 0.707144 0.000000 0.036457 0.619967
0 75.995003 39.955002 6.718447 0.707069 0.707144 0.000000 0.927886 0.615620
0 75.995003 39.955002 -0.041553 0.707069 0.707144 0.000000 0.036457 0.620000
drum.jpg
0 -76.264999 39.474998 -0.041553 0.000000 -1.000000 0.000000 0.020378 0.578377
0 75.875000 39.474998 6.718447 0.000000 -1.000000 0.000000 0.979244 0.619280
0 -76.264999 39.474998 6.718447 0.000000 -1.000000 0.000000 0.020756 0.619280
drum.jpg
0 -76.264999 39.594997 -0.161553 0.000000 0.000000 -1.000000 0.211998 0.578033
0 75.875000 39.955002 -0.161553 0.000000 0.000000 -1.000000 0.788002 0.619967
0 75.875000 39.594997 -0.161553 0.000000 0.000000 -1.000000 0.211998 0.619967
drum.jpg
0 -76.385002 39.594997 -0.041553 -1.000000 0.000000 0.000000 0.120113 0.580280
0 -76.385002 39.955002 6.718447 -1.000000 0.000000 0.000000 0.963543 0.611600
0 -76.385002 39.955002 -0.041553 -1.000000 0.000000 0.000000 0.036457 0.611600
drum.jpg
0 75.995003 39.594997 -0.041553 1.000000 0.000000 0.000000 0.211998 0.578720
0 75.995003 39.955002 6.718447 1.000000 0.000000 0.000000 0.927886 0.615620
0 75.995003 39.594997 6.718447 1.000000 0.000000 0.000000 0.211998 0.619280
drum.jpg
0 -76.264999 40.075001 -0.041553 0.000000 1.000000 0.000000 0.036457 0.578033
0 75.875000 40.075001 6.718447 0.000000 1.000000 0.000000 0.971393 0.619983
0 75.875000 40.075001 -0.041553 0.000000 1.000000 0.000000 0.036457 0.619967
drum.jpg
0 -76.264999 39.594997 6.838447 0.000000 0.000000 1.000000 0.020756 0.586400
0 75.875000 39.955002 6.838447 0.000000 0.000000 1.000000 0.979244 0.611600
0 -76.264999 39.955002 6.838447 0.000000 0.000000 1.000000 0.020756 0.611600
drum.jpg
0 -76.264999 39.594997 -0.161553 0.000000 -0.707106 -0.707107 0.211998 0.578033
0 75.875000 39.594997 -0.161553 0.000000 -0.707106 -0.707107 0.211998 0.619967
0 75.875000 39.474998 -0.041553 0.000000 -0.707106 -0.707107 0.020000 0.619967
drum.jpg
0 -76.385002 39.594997 -0.041553 -0.707099 0.000000 -0.707114 0.120113 0.580280
0 -76.385002 39.955002 -0.041553 -0.707099 0.000000 -0.707114 0.788002 0.578000
0 -76.264999 39.955002 -0.161553 -0.707099 0.000000 -0.707114 0.788002 0.578033
drum.jpg
0 -76.264999 40.075001 -0.041553 0.000000 0.707087 -0.707126 0.980000 0.578033
0 75.875000 40.075001 -0.041553 0.000000 0.707087 -0.707126 0.980000 0.619967
0 75.875000 39.955002 -0.161553 0.000000 0.707087 -0.707126 0.788002 0.619967
drum.jpg
0 75.875000 39.594997 -0.161553 0.707099 0.000000 -0.707114 0.211998 0.619967
0 75.875000 39.955002 -0.161553 0.707099 0.000000 -0.707114 0.788002 0.619967
0 75.995003 39.955002 -0.041553 0.707099 0.000000 -0.707114 0.788002 0.620000
drum.jpg
0 -76.264999 39.594997 6.838447 -0.707099 0.000000 0.707115 0.020756 0.586400
0 -76.264999 39.955002 6.838447 -0.707099 0.000000 0.707115 0.020756 0.611600
0 -76.385002 39.955002 6.718447 -0.707099 0.000000 0.707115 0.020000 0.611600
drum.jpg
0 -76.264999 39.474998 6.718447 0.000000 -0.707106 0.707108 0.020756 0.578000
0 75.875000 39.474998 6.718447 0.000000 -0.707106 0.707108 0.979244 0.578000
0 75.875000 39.594997 6.838447 0.000000 -0.707106 0.707108 0.979244 0.586400
drum.jpg
0 75.995003 39.594997 6.718447 0.707099 0.000000 0.707115 0.980000 0.586400
0 75.995003 39.955002 6.718447 0.707099 0.000000 0.707115 0.927886 0.615620
0 75.875000 39.955002 6.838447 0.707099 0.000000 0.707115 0.979244 0.611600
drum.jpg
0 -76.264999 39.955002 6.838447 0.000000 0.707125 0.707089 0.020756 0.611600
0 75.875000 39.955002 6.838447 0.000000 0.707125 0.707089 0.979244 0.611600
0 75.875000 40.075001 6.718447 0.000000 0.707125 0.707089 0.971393 0.619983
drum.jpg
0 -76.264999 39.474998 -0.041553 -0.707122 -0.707091 0.000000 0.020378 0.578377
0 -76.264999 39.474998 6.718447 -0.707122 -0.707091 0.000000 0.020756 0.619280
0 -76.385002 39.594997 6.718447 -0.707122 -0.707091 0.000000 0.020000 0.619280
drum.jpg
0 75.995003 39.594997 -0.041553 0.707069 -0.707144 0.000000 0.980000 0.578720
0 75.995003 39.594997 6.718447 0.707069 -0.707144 0.000000 0.980000 0.619280
0 75.875000 39.474998 6.718447 0.707069 -0.707144 0.000000 0.979244 0.619280
drum.jpg
0 -76.385002 39.955002 -0.041553 -0.707069 0.707144 0.000000 0.036457 0.578000
0 -76.385002 39.955002 6.718447 -0.707069 0.707144 0.000000 0.963543 0.578000
0 -76.264999 40.075001 6.718447 -0.707069 0.707144 0.000000 0.963543 0.578033
drum.jpg
0 75.875000 40.075001 -0.041553 0.707122 0.707091 0.000000 0.036457 0.619967
0 75.875000 40.075001 6.718447 0.707122 0.707091 0.000000 0.971393 0.619983
0 75.995003 39.955002 6.718447 0.707122 0.707091 0.000000 0.927886 0.615620
drum.jpg
0 -76.264999 39.474998 -0.041553 0.000000 -1.000000 0.000000 0.020378 0.578377
0 75.875000 39.474998 -0.041553 0.000000 -1.000000 0.000000 0.979244 0.578720
0 75.875000 39.474998 6.718447 0.000000 -1.000000 0.000000 0.979244 0.619280
drum.jpg
0 -76.264999 39.594997 -0.161553 0.000000 0.000000 -1.000000 0.211998 0.578033
0 -76.264999 39.955002 -0.161553 0.000000 0.000000 -1.000000 0.788002 0.578033
0 75.875000 39.955002 -0.161553 0.000000 0.000000 -1.000000 0.788002 0.619967
drum.jpg
0 -76.385002 39.594997 -0.041553 -1.000000 0.000000 0.000000 0.120113 0.580280
0 -76.385002 39.594997 6.718447 -1.000000 0.000000 0.000000 0.963543 0.586400
0 -76.385002 39.955002 6.718447 -1.000000 0.000000 0.000000 0.963543 0.611600
drum.jpg
0 75.995003 39.594997 -0.041553 1.000000 0.000000 0.000000 0.211998 0.578720
0 75.995003 39.955002 -0.041553 1.000000 0.000000 0.000000 0.788002 0.578720
0 75.995003 39.955002 6.718447 1.000000 0.000000 0.000000 0.927886 0.615620
drum.jpg
0 -76.264999 40.075001 -0.041553 0.000000 1.000000 0.000000 0.036457 0.578033
0 -76.264999 40.075001 6.718447 0.000000 1.000000 0.000000 0.963543 0.578033
0 75.875000 40.075001 6.718447 0.000000 1.000000 0.000000 0.971393 0.619983
drum.jpg
0 -76.264999 39.594997 6.838447 0.000000 0.000000 1.000000 0.020756 0.586400
0 75.875000 39.594997 6.838447 0.000000 0.000000 1.000000 0.979244 0.586400
0 75.875000 39.955002 6.838447 0.000000 0.000000 1.000000 0.979244 0.611600
drum.jpg
0 -76.264999 39.474998 136.077347 -0.577274 -0.577350 -0.577427 0.020378 0.578377
0 -76.385002 39.594997 136.077347 -0.577274 -0.577350 -0.577427 0.120113 0.580280
0 -76.264999 39.594997 135.957352 -0.577274 -0.577350 -0.577427 0.211998 0.578033
drum.jpg
0 75.875000 39.474998 136.077347 0.577274 -0.577350 -0.577427 0.020000 0.619967
0 75.875000 39.594997 135.957352 0.577274 -0.577350 -0.577427 0.211998 0.619967
0 75.995003 39.594997 136.077347 0.577274 -0.577350 -0.577427 0.211998 0.620000
drum.jpg
0 -76.385002 39.955002 136.077347 -0.577287 0.577363 -0.577401 0.788002 0.578000
0 -76.264999 40.075001 136.077347 -0.577287 0.577363 -0.577401 0.980000 0.578033
0 -76.264999 39.955002 135.957352 -0.577287 0.577363 -0.577401 0.788002 0.578033
drum.jpg
0 75.875000 40.075001 136.077347 0.577287 0.577363 -0.577401 0.980000 0.619967
0 75.995003 39.955002 136.077347 0.577287 0.577363 -0.577401 0.788002 0.620000
0 75.875000 39.955002 135.957352 0.577287 0.577363 -0.577401 0.788002 0.619967
drum.jpg
0 -76.385002 39.594997 142.837357 -0.577376 -0.577299 0.577376 0.020000 0.586400
0 -76.264999 39.474998 142.837357 -0.577376 -0.577299 0.577376 0.020756 0.578000
0 -76.264999 39.594997 142.957352 -0.577376 -0.577299 0.577376 0.020756 0.586400
drum.jpg
0 75.875000 39.474998 142.837357 0.577376 -0.577299 0.577376 0.979244 0.578000
0 75.995003 39.594997 142.837357 0.577376 -0.577299 0.577376 0.980000 0.586400
0 75.875000 39.594997 142.957352 0.577376 -0.577299 0.577376 0.979244 0.586400
drum.jpg
0 -76.385002 39.955002 142.837357 -0.577389 0.577312 0.577350 0.020000 0.611600
0 -76.264999 39.955002 142.957352 -0.577389 0.577312 0.577350 0.020756 0.611600
0 -76.264999 40.075001 142.837357 -0.577389 0.577312 0.577350 0.020756 0.620000
drum.jpg
0 75.995003 39.955002 142.837357 0.577389 0.577312 0.577350 0.927886 0.615620
0 75.875000 40.075001 142.837357 0.577389 0.577312 0.577350 0.971394 0.619983
0 75.875000 39.955002 142.957352 0.577389 0.577312 0.577350 0.979244 0.611600
drum.jpg
0 -76.264999 39.594997 135.957352 0.000000 -0.707092 -0.707122 0.211998 0.578033
0 75.875000 39.474998 136.077347 0.000000 -0.707092 -0.707122 0.020000 0.619967
0 -76.264999 39.474998 136.077347 0.000000 -0.707092 -0.707122 0.020378 0.578377
drum.jpg
0 -76.385002 39.594997 136.077347 -0.707068 0.000000 -0.707146 0.120113 0.580280
0 -76.264999 39.955002 135.957352 -0.707068 0.000000 -0.707146 0.788002 0.578033
0 -76.264999 39.594997 135.957352 -0.707068 0.000000 -0.707146 0.211998 0.578033
drum.jpg
0 -76.264999 40.075001 136.077347 0.000000 0.707111 -0.707103 0.980000 0.578033
0 75.875000 39.955002 135.957352 0.000000 0.707111 -0.707103 0.788002 0.619967
0 -76.264999 39.955002 135.957352 0.000000 0.707111 -0.707103 0.788002 0.578033
drum.jpg
0 75.875000 39.594997 135.957352 0.707068 0.000000 -0.707146 0.211998 0.619967
0 75.995003 39.955002 136.077347 0.707068 0.000000 -0.707146 0.788002 0.620000
0 75.995003 39.594997 136.077347 0.707068 0.000000 -0.707146 0.211998 0.620000
drum.jpg
0 -76.264999 39.594997 142.957352 -0.707068 0.000000 0.707146 0.020756 0.586400
0 -76.385002 39.955002 142.837357 -0.707068 0.000000 0.707146 0.020000 0.611600
0 -76.385002 39.594997 142.837357 -0.707068 0.000000 0.707146 0.020000 0.586400
drum.jpg
0 -76.264999 39.474998 142.837357 0.000000 -0.707092 0.707122 0.020756 0.578000
0 75.875000 39.594997 142.957352 0.000000 -0.707092 0.707122 0.979244 0.586400
0 -76.264999 39.594997 142.957352 0.000000 -0.707092 0.707122 0.020756 0.586400
drum.jpg
0 75.995003 39.594997 142.837357 0.707068 0.000000 0.707146 0.980000 0.586400
0 75.875000 39.955002 142.957352 0.707068 0.000000 0.707146 0.979244 0.611600
0 75.875000 39.594997 142.957352 0.707068 0.000000 0.707146 0.979244 0.586400
drum.jpg
0 -76.264999 39.955002 142.957352 0.000000 0.707073 0.707141 0.020756 0.611600
0 75.875000 40.075001 142.837357 0.000000 0.707073 0.707141 0.971394 0.619983
0 -76.264999 40.075001 142.837357 0.000000 0.707073 0.707141 0.020756 0.620000
drum.jpg
0 -76.264999 39.474998 136.077347 -0.707070 -0.707143 0.000000 0.020378 0.578377
0 -76.385002 39.594997 142.837357 -0.707070 -0.707143 0.000000 0.020000 0.619280
0 -76.385002 39.594997 136.077347 -0.707070 -0.707143 0.000000 0.120113 0.580280
drum.jpg
0 75.995003 39.594997 136.077347 0.707123 -0.707090 0.000000 0.980000 0.578720
0 75.875000 39.474998 142.837357 0.707123 -0.707090 0.000000 0.979244 0.619280
0 75.875000 39.474998 136.077347 0.707123 -0.707090 0.000000 0.979244 0.578720
drum.jpg
0 -76.385002 39.955002 136.077347 -0.707123 0.707090 0.000000 0.036456 0.578000
0 -76.264999 40.075001 142.837357 -0.707123 0.707090 0.000000 0.963544 0.578033
0 -76.264999 40.075001 136.077347 -0.707123 0.707090 0.000000 0.036456 0.578033
drum.jpg
0 75.875000 40.075001 136.077347 0.707070 0.707143 0.000000 0.036456 0.619967
0 75.995003 39.955002 142.837357 0.707070 0.707143 0.000000 0.927886 0.615620
0 75.995003 39.955002 136.077347 0.707070 0.707143 0.000000 0.036456 0.620000
drum.jpg
0 -76.264999 39.474998 136.077347 0.000000 -1.000000 0.000000 0.020378 0.578377
0 75.875000 39.474998 142.837357 0.000000 -1.000000 0.000000 0.979244 0.619280
0 -76.264999 39.474998 142.837357 0.000000 -1.000000 0.000000 0.020756 0.619280
drum.jpg
0 -76.264999 39.594997 135.957352 0.000000 0.000000 -1.000000 0.211998 0.578033
0 75.875000 39.955002 135.957352 0.000000 0.000000 -1.000000 0.788002 0.619967
0 75.875000 39.594997 135.957352 0.000000 0.000000 -1.000000 0.211998 0.619967
drum.jpg
0 -76.385002 39.594997 136.077347 -1.000000 0.000000 0.000000 0.120113 0.580280
0 -76.385002 39.955002 142.837357 -1.000000 0.000000 0.000000 0.963544 0.611600
0 -76.385002 39.955002 136.077347 -1.000000 0.000000 0.000000 0.036456 0.611600
drum.jpg
0 75.995003 39.594997 136.077347 1.000000 0.000000 0.000000 0.211998 0.578720
0 75.995003 39.955002 142.837357 1.000000 0.000000 0.000000 0.927886 0.615620
0 75.995003 39.594997 142.837357 1.000000 0.000000 0.000000 0.211998 0.619280
drum.jpg
0 -76.264999 40.075001 136.077347 0.000000 1.000000 0.000000 0.036456 0.578033
0 75.875000 40.075001 142.837357 0.000000 1.000000 0.000000 0.971394 0.619983
0 75.875000 40.075001 136.077347 0.000000 1.000000 0.000000 0.036456 0.619967
drum.jpg
0 -76.264999 39.594997 142.957352 0.000000 0.000000 1.000000 0.020756 0.586400
0 75.875000 39.955002 142.957352 0.000000 0.000000 1.000000 0.979244 0.611600
0 -76.264999 39.955002 142.957352 0.000000 0.000000 1.000000 0.020756 0.611600
drum.jpg
0 -76.264999 39.594997 135.957352 0.000000 -0.707092 -0.707122 0.211998 0.578033
0 75.875000 39.594997 135.957352 0.000000 -0.707092 -0.707122 0.211998 0.619967
0 75.875000 39.474998 136.077347 0.000000 -0.707092 -0.707122 0.020000 0.619967
drum.jpg
0 -76.385002 39.594997 136.077347 -0.707076 0.000000 -0.707138 0.120113 0.580280
0 -76.385002 39.955002 136.077347 -0.707076 0.000000 -0.707138 0.788002 0.578000
0 -76.264999 39.955002 135.957352 -0.707076 0.000000 -0.707138 0.788002 0.578033
drum.jpg
0 -76.264999 40.075001 136.077347 0.000000 0.707073 -0.707141 0.980000 0.578033
0 75.875000 40.075001 136.077347 0.000000 0.707073 -0.707141 0.980000 0.619967
0 75.875000 39.955002 135.957352 0.000000 0.707073 -0.707141 0.788002 0.619967
drum.jpg
0 75.875000 39.594997 135.957352 0.707076 0.000000 -0.707138 0.211998 0.619967
0 75.875000 39.955002 135.957352 0.707076 0.000000 -0.707138 0.788002 0.619967
0 75.995003 39.955002 136.077347 0.707076 0.000000 -0.707138 0.788002 0.620000
drum.jpg
0 -76.264999 39.594997 142.957352 -0.707076 0.000000 0.707138 0.020756 0.586400
0 -76.264999 39.955002 142.957352 -0.707076 0.000000 0.707138 0.020756 0.611600
0 -76.385002 39.955002 142.837357 -0.707076 0.000000 0.707138 0.020000 0.611600
drum.jpg
0 -76.264999 39.474998 142.837357 0.000000 -0.707092 0.707122 0.020756 0.578000
0 75.875000 39.474998 142.837357 0.000000 -0.707092 0.707122 0.979244 0.578000
0 75.875000 39.594997 142.957352 0.000000 -0.707092 0.707122 0.979244 0.586400
drum.jpg
0 75.995003 39.594997 142.837357 0.707076 0.000000 0.707138 0.980000 0.586400
0 75.995003 39.955002 142.837357 0.707076 0.000000 0.707138 0.927886 0.615620
0 75.875000 39.955002 142.957352 0.707076 0.000000 0.707138 0.979244 0.611600
drum.jpg
0 -76.264999 39.955002 142.957352 0.000000 0.707111 0.707103 0.020756 0.611600
0 75.875000 39.955002 142.957352 0.000000 0.707111 0.707103 0.979244 0.611600
0 75.875000 40.075001 142.837357 0.000000 0.707111 0.707103 0.971394 0.619983
drum.jpg
0 -76.264999 39.474998 136.077347 -0.707122 -0.707092 0.000000 0.020378 0.578377
0 -76.264999 39.474998 142.837357 -0.707122 -0.707092 0.000000 0.020756 0.619280
0 -76.385002 39.594997 142.837357 -0.707122 -0.707092 0.000000 0.020000 0.619280
drum.jpg
0 75.995003 39.594997 136.077347 0.707069 -0.707145 0.000000 0.980000 0.578720
0 75.995003 39.594997 142.837357 0.707069 -0.707145 0.000000 0.980000 0.619280
0 75.875000 39.474998 142.837357 0.707069 -0.707145 0.000000 0.979244 0.619280
drum.jpg
0 -76.385002 39.955002 136.077347 -0.707069 0.707145 0.000000 0.036456 0.578000
0 -76.385002 39.955002 142.837357 -0.707069 0.707145 0.000000 0.963544 0.578000
0 -76.264999 40.075001 142.837357 -0.707069 0.707145 0.000000 0.963544 0.578033
drum.jpg
0 75.875000 40.075001 136.077347 0.707122 0.707092 0.000000 0.036456 0.619967
0 75.875000 40.075001 142.837357 0.707122 0.707092 0.000000 0.971394 0.619983
0 75.995003 39.955002 142.837357 0.707122 0.707092 0.000000 0.927886 0.615620
drum.jpg
0 -76.264999 39.474998 136.077347 0.000000 -1.000000 0.000000 0.020378 0.578377
0 75.875000 39.474998 136.077347 0.000000 -1.000000 0.000000 0.979244 0.578720
0 75.875000 39.474998 142.837357 0.000000 -1.000000 0.000000 0.979244 0.619280
drum.jpg
0 -76.264999 39.594997 135.957352 0.000000 0.000000 -1.000000 0.211998 0.578033
0 -76.264999 39.955002 135.957352 0.000000 0.000000 -1.000000 0.788002 0.578033
0 75.875000 39.955002 135.957352 0.000000 0.000000 -1.000000 0.788002 0.619967
drum.jpg
0 -76.385002 39.594997 136.077347 -1.000000 0.000000 0.000000 0.120113 0.580280
0 -76.385002 39.594997 142.837357 -1.000000 0.000000 0.000000 0.963544 0.586400
0 -76.385002 39.955002 142.837357 -1.000000 0.000000 0.000000 0.963544 0.611600
drum.jpg
0 75.995003 39.594997 136.077347 1.000000 0.000000 0.000000 0.211998 0.578720
0 75.995003 39.955002 136.077347 1.000000 0.000000 0.000000 0.788002 0.578720
0 75.995003 39.955002 142.837357 1.000000 0.000000 0.000000 0.927886 0.615620
drum.jpg
0 -76.264999 40.075001 136.077347 0.000000 1.000000 0.000000 0.036456 0.578033
0 -76.264999 40.075001 142.837357 0.000000 1.000000 0.000000 0.963544 0.578033
0 75.875000 40.075001 142.837357 0.000000 1.000000 0.000000 0.971394 0.619983
drum.jpg
0 -76.264999 39.594997 142.957352 0.000000 0.000000 1.000000 0.020756 0.586400
0 75.875000 39.594997 142.957352 0.000000 0.000000 1.000000 0.979244 0.586400
0 75.875000 39.955002 142.957352 0.000000 0.000000 1.000000 0.979244 0.611600
drum.jpg
0 -76.264999 -41.262001 -0.041553 -0.577359 -0.577307 -0.577384 0.116002 0.582560
0 -76.385002 -41.142006 -0.041553 -0.577359 -0.577307 -0.577384 0.024822 0.578196
0 -76.264999 -41.142006 -0.161553 -0.577359 -0.577307 -0.577384 0.021416 0.586400
drum.jpg
0 -75.905006 -41.262001 -0.041553 0.577334 -0.577358 -0.577358 0.020000 0.611600
0 -75.905006 -41.142006 -0.161553 0.577334 -0.577358 -0.577358 0.021416 0.611600
0 -75.785004 -41.142006 -0.041553 0.577334 -0.577358 -0.577358 0.021416 0.620000
drum.jpg
0 -76.385002 39.955002 -0.041553 -0.577347 0.577371 -0.577333 0.978584 0.578000
0 -76.264999 40.075001 -0.041553 -0.577347 0.577371 -0.577333 0.980000 0.586400
0 -76.264999 39.955002 -0.161553 -0.577347 0.577371 -0.577333 0.978584 0.586400
drum.jpg
0 -75.905006 40.075001 -0.041553 0.577321 0.577422 -0.577307 0.980000 0.611600
0 -75.785004 39.955002 -0.041553 0.577321 0.577422 -0.577307 0.978584 0.620000
0 -75.905006 39.955002 -0.161553 0.577321 0.577422 -0.577307 0.978584 0.611600
drum.jpg
0 -76.385002 -41.142006 6.718447 -0.577360 -0.577307 0.577384 0.020000 0.578062
0 -76.264999 -41.262001 6.718447 -0.577360 -0.577307 0.577384 0.212005 0.578000
0 -76.264999 -41.142006 6.838447 -0.577360 -0.577307 0.577384 0.212005 0.578062
drum.jpg
0 -75.905006 -41.262001 6.718447 0.577334 -0.577358 0.577358 0.787995 0.578000
0 -75.785004 -41.142006 6.718447 0.577334 -0.577358 0.577358 0.980000 0.578062
0 -75.905006 -41.142006 6.838447 0.577334 -0.577358 0.577358 0.787995 0.578062
drum.jpg
0 -76.385002 39.955002 6.718447 -0.577373 0.577320 0.577358 0.020000 0.619938
0 -76.264999 39.955002 6.838447 -0.577373 0.577320 0.577358 0.212005 0.619938
0 -76.264999 40.075001 6.718447 -0.577373 0.577320 0.577358 0.212005 0.620000
drum.jpg
0 -75.785004 39.955002 6.718447 0.577347 0.577371 0.577333 0.975532 0.619789
0 -75.905006 40.075001 6.718447 0.577347 0.577371 0.577333 0.875769 0.615800
0 -75.905006 39.955002 6.838447 0.577347 0.577371 0.577333 0.787995 0.619938
drum.jpg
0 -76.264999 -41.142006 -0.161553 0.000000 -0.707116 -0.707097 0.021416 0.586400
0 -75.905006 -41.262001 -0.041553 0.000000 -0.707116 -0.707097 0.020000 0.611600
0 -76.264999 -41.262001 -0.041553 0.000000 -0.707116 -0.707097 0.116002 0.582560
drum.jpg
0 -76.385002 -41.142006 -0.041553 -0.707099 0.000000 -0.707115 0.024822 0.578196
0 -76.264999 39.955002 -0.161553 -0.707099 0.000000 -0.707115 0.978584 0.586400
0 -76.264999 -41.142006 -0.161553 -0.707099 0.000000 -0.707115 0.021416 0.586400
drum.jpg
0 -76.264999 40.075001 -0.041553 0.000000 0.707107 -0.707107 0.980000 0.586400
0 -75.905006 39.955002 -0.161553 0.000000 0.707107 -0.707107 0.978584 0.611600
0 -76.264999 39.955002 -0.161553 0.000000 0.707107 -0.707107 0.978584 0.586400
drum.jpg
0 -75.905006 -41.142006 -0.161553 0.707099 0.000000 -0.707115 0.021416 0.611600
0 -75.785004 39.955002 -0.041553 0.707099 0.000000 -0.707115 0.978584 0.620000
0 -75.785004 -41.142006 -0.041553 0.707099 0.000000 -0.707115 0.021416 0.620000
drum.jpg
0 -76.264999 -41.142006 6.838447 -0.707100 0.000000 0.707113 0.212005 0.578062
0 -76.385002 39.955002 6.718447 -0.707100 0.000000 0.707113 0.020000 0.619938
0 -76.385002 -41.142006 6.718447 -0.707100 0.000000 0.707113 0.020000 0.578062
drum.jpg
0 -76.264999 -41.262001 6.718447 0.000000 -0.707107 0.707107 0.212005 0.578000
0 -75.905006 -41.142006 6.838447 0.000000 -0.707107 0.707107 0.787995 0.578062
0 -76.264999 -41.142006 6.838447 0.000000 -0.707107 0.707107 0.212005 0.578062
drum.jpg
0 -75.785004 -41.142006 6.718447 0.707096 0.000000 0.707117 0.980000 0.578062
0 -75.905006 39.955002 6.838447 0.707096 0.000000 0.707117 0.787995 0.619938
0 -75.905006 -41.142006 6.838447 0.707096 0.000000 0.707117 0.787995 0.578062
drum.jpg
0 -76.264999 39.955002 6.838447 0.000000 0.707107 0.707107 0.212005 0.619938
0 -75.905006 40.075001 6.718447 0.000000 0.707107 0.707107 0.875769 0.615800
0 -76.264999 40.075001 6.718447 0.000000 0.707107 0.707107 0.212005 0.620000
drum.jpg
0 -76.264999 -41.262001 -0.041553 -0.707069 -0.707144 0.000000 0.116002 0.582560
0 -76.385002 -41.142006 6.718447 -0.707069 -0.707144 0.000000 0.020000 0.619280
0 -76.385002 -41.142006 -0.041553 -0.707069 -0.707144 0.000000 0.024822 0.578196
drum.jpg
0 -75.785004 -41.142006 -0.041553 0.707069 -0.707144 0.000000 0.980000 0.578720
0 -75.905006 -41.262001 6.718447 0.707069 -0.707144 0.000000 0.787995 0.619280
0 -75.905006 -41.262001 -0.041553 0.707069 -0.707144 0.000000 0.787995 0.578720
drum.jpg
0 -76.385002 39.955002 -0.041553 -0.707122 0.707091 0.000000 0.036457 0.578000
0 -76.264999 40.075001 6.718447 -0.707122 0.707091 0.000000 0.963543 0.586400
0 -76.264999 40.075001 -0.041553 -0.707122 0.707091 0.000000 0.036457 0.586400
drum.jpg
0 -75.905006 40.075001 -0.041553 0.707122 0.707091 0.000000 0.036457 0.611600
0 -75.785004 39.955002 6.718447 0.707122 0.707091 0.000000 0.975532 0.619789
0 -75.785004 39.955002 -0.041553 0.707122 0.707091 0.000000 0.036457 0.620000
drum.jpg
0 -76.264999 -41.262001 -0.041553 0.000000 -1.000000 0.000000 0.116002 0.582560
0 -75.905006 -41.262001 6.718447 0.000000 -1.000000 0.000000 0.787995 0.619280
0 -76.264999 -41.262001 6.718447 0.000000 -1.000000 0.000000 0.212005 0.619280
drum.jpg
0 -76.264999 -41.142006 -0.161553 0.000000 0.000000 -1.000000 0.021416 0.586400
0 -75.905006 39.955002 -0.161553 0.000000 0.000000 -1.000000 0.978584 0.611600
0 -75.905006 -41.142006 -0.161553 0.000000 0.000000 -1.000000 0.021416 0.611600
drum.jpg
0 -76.385002 -41.142006 -0.041553 -1.000000 0.000000 0.000000 0.024822 0.578196
0 -76.385002 39.955002 6.718447 -1.000000 0.000000 0.000000 0.963543 0.619938
0 -76.385002 39.955002 -0.041553 -1.000000 0.000000 0.000000 0.036457 0.619938
drum.jpg
0 -75.785004 -41.142006 -0.041553 1.000000 0.000000 0.000000 0.021416 0.578720
0 -75.785004 39.955002 6.718447 1.000000 0.000000 0.000000 0.975532 0.619789
0 -75.785004 -41.142006 6.718447 1.000000 0.000000 0.000000 0.021416 0.619280
drum.jpg
0 -76.264999 40.075001 -0.041553 0.000000 1.000000 0.000000 0.036457 0.586400
0 -75.905006 40.075001 6.718447 0.000000 1.000000 0.000000 0.875769 0.615800
0 -75.905006 40.075001 -0.041553 0.000000 1.000000 0.000000 0.036457 0.611600
drum.jpg
0 -76.264999 -41.142006 6.838447 0.000000 0.000000 1.000000 0.212005 0.578062
0 -75.905006 39.955002 6.838447 0.000000 0.000000 1.000000 0.787995 0.619938
0 -76.264999 39.955002 6.838447 0.000000 0.000000 1.000000 0.212005 0.619938
drum.jpg
0 -76.264999 -41.142006 -0.161553 0.000000 -0.707107 -0.707107 0.021416 0.586400
0 -75.905006 -41.142006 -0.161553 0.000000 -0.707107 -0.707107 0.021416 0.611600
0 -75.905006 -41.262001 -0.041553 0.000000 -0.707107 -0.707107 0.020000 0.611600
drum.jpg
0 -76.385002 -41.142006 -0.041553 -0.707099 0.000000 -0.707115 0.024822 0.578196
0 -76.385002 39.955002 -0.041553 -0.707099 0.000000 -0.707115 0.978584 0.578000
0 -76.264999 39.955002 -0.161553 -0.707099 0.000000 -0.707115 0.978584 0.586400
drum.jpg
0 -76.264999 40.075001 -0.041553 0.000000 0.707107 -0.707107 0.980000 0.586400
0 -75.905006 40.075001 -0.041553 0.000000 0.707107 -0.707107 0.980000 0.611600
0 -75.905006 39.955002 -0.161553 0.000000 0.707107 -0.707107 0.978584 0.611600
drum.jpg
0 -75.905006 -41.142006 -0.161553 0.707099 0.000000 -0.707115 0.021416 0.611600
0 -75.905006 39.955002 -0.161553 0.707099 0.000000 -0.707115 0.978584 0.611600
0 -75.785004 39.955002 -0.041553 0.707099 0.000000 -0.707115 0.978584 0.620000
drum.jpg
0 -76.264999 -41.142006 6.838447 -0.707096 0.000000 0.707118 0.212005 0.578062
0 -76.264999 39.955002 6.838447 -0.707096 0.000000 0.707118 0.212005 0.619938
0 -76.385002 39.955002 6.718447 -0.707096 0.000000 0.707118 0.020000 0.619938
drum.jpg
0 -76.264999 -41.262001 6.718447 0.000000 -0.707122 0.707091 0.212005 0.578000
0 -75.905006 -41.262001 6.718447 0.000000 -0.707122 0.707091 0.787995 0.578000
0 -75.905006 -41.142006 6.838447 0.000000 -0.707122 0.707091 0.787995 0.578062
drum.jpg
0 -75.785004 -41.142006 6.718447 0.707100 0.000000 0.707113 0.980000 0.578062
0 -75.785004 39.955002 6.718447 0.707100 0.000000 0.707113 0.975532 0.619789
0 -75.905006 39.955002 6.838447 0.707100 0.000000 0.707113 0.787995 0.619938
drum.jpg
0 -76.264999 39.955002 6.838447 0.000000 0.707122 0.707091 0.212005 0.619938
0 -75.905006 39.955002 6.838447 0.000000 0.707122 0.707091 0.787995 0.619938
0 -75.905006 40.075001 6.718447 0.000000 0.707122 0.707091 0.875769 0.615800
drum.jpg
0 -76.264999 -41.262001 -0.041553 -0.707122 -0.707091 0.000000 0.116002 0.582560
0 -76.264999 -41.262001 6.718447 -0.707122 -0.707091 0.000000 0.212005 0.619280
0 -76.385002 -41.142006 6.718447 -0.707122 -0.707091 0.000000 0.020000 0.619280
drum.jpg
0 -75.785004 -41.142006 -0.041553 0.707122 -0.707091 0.000000 0.980000 0.578720
0 -75.785004 -41.142006 6.718447 0.707122 -0.707091 0.000000 0.980000 0.619280
0 -75.905006 -41.262001 6.718447 0.707122 -0.707091 0.000000 0.787995 0.619280
drum.jpg
0 -76.385002 39.955002 -0.041553 -0.707069 0.707144 0.000000 0.036457 0.578000
0 -76.385002 39.955002 6.718447 -0.707069 0.707144 0.000000 0.963543 0.578000
0 -76.264999 40.075001 6.718447 -0.707069 0.707144 0.000000 0.963543 0.586400
drum.jpg
0 -75.905006 40.075001 -0.041553 0.707069 0.707144 0.000000 0.036457 0.611600
0 -75.905006 40.075001 6.718447 0.707069 0.707144 0.000000 0.875769 0.615800
0 -75.785004 39.955002 6.718447 0.707069 0.707144 0.000000 0.975532 0.619789
drum.jpg
0 -76.264999 -41.262001 -0.041553 0.000000 -1.000000 0.000000 0.116002 0.582560
0 -75.905006 -41.262001 -0.041553 0.000000 -1.000000 0.000000 0.787995 0.578720
0 -75.905006 -41.262001 6.718447 0.000000 -1.000000 0.000000 0.787995 0.619280
drum.jpg
0 -76.264999 -41.142006 -0.161553 0.000000 0.000000 -1.000000 0.021416 0.586400
0 -76.264999 39.955002 -0.161553 0.000000 0.000000 -1.000000 0.978584 0.586400
0 -75.905006 39.955002 -0.161553 0.000000 0.000000 -1.000000 0.978584 0.611600
drum.jpg
0 -76.385002 -41.142006 -0.041553 -1.000000 0.000000 0.000000 0.024822 0.578196
0 -76.385002 -41.142006 6.718447 -1.000000 0.000000 0.000000 0.963543 0.578062
0 -76.385002 39.955002 6.718447 -1.000000 0.000000 0.000000 0.963543 0.619938
drum.jpg
0 -75.785004 -41.142006 -0.041553 1.000000 0.000000 0.000000 0.021416 0.578720
0 -75.785004 39.955002 -0.041553 1.000000 0.000000 0.000000 0.978584 0.578720
0 -75.785004 39.955002 6.718447 1.000000 0.000000 0.000000 0.975532 0.619789
drum.jpg
0 -76.264999 40.075001 -0.041553 0.000000 1.000000 0.000000 0.036457 0.586400
0 -76.264999 40.075001 6.718447 0.000000 1.000000 0.000000 0.963543 0.586400
0 -75.905006 40.075001 6.718447 0.000000 1.000000 0.000000 0.875769 0.615800
drum.jpg
0 -76.264999 -41.142006 6.838447 0.000000 0.000000 1.000000 0.212005 0.578062
0 -75.905006 -41.142006 6.838447 0.000000 0.000000 1.000000 0.787995 0.578062
0 -75.905006 39.955002 6.838447 0.000000 0.000000 1.000000 0.787995 0.619938
drum.jpg
0 -76.264999 -41.262001 111.096001 -0.660706 -0.445528 -0.604130 0.212005 0.578720
0 -76.385002 -41.142006 111.138741 -0.660706 -0.445528 -0.604130 0.024765 0.578504
0 -76.264999 -41.147362 111.011467 -0.660706 -0.445528 -0.604130 0.116679 0.582253
drum.jpg
0 -75.905006 -41.262001 111.096001 0.660681 -0.445595 -0.604107 0.787995 0.578720
0 -75.905006 -41.147362 111.011467 0.660681 -0.445595 -0.604107 0.787995 0.578106
0 -75.785004 -41.142006 111.138741 0.660681 -0.445595 -0.604107 0.980000 0.578976
drum.jpg
0 -76.385002 39.955002 136.231491 -0.544442 0.675100 -0.497818 0.032135 0.578000
0 -76.264999 40.075001 136.263000 -0.544442 0.675100 -0.497818 0.036456 0.586400
0 -76.264999 39.960361 136.107529 -0.544442 0.675100 -0.497818 0.020000 0.586400
drum.jpg
0 -75.905006 40.075001 136.263000 0.544435 0.675128 -0.497788 0.036456 0.611600
0 -75.785004 39.955002 136.231491 0.544435 0.675128 -0.497788 0.032135 0.620000
0 -75.905006 39.960361 136.107529 0.544435 0.675128 -0.497788 0.020000 0.611600
drum.jpg
0 -76.385002 -41.142006 117.887512 -0.544394 -0.675125 0.497837 0.020000 0.619469
0 -76.264999 -41.262001 117.855995 -0.544394 -0.675125 0.497837 0.212005 0.619280
0 -76.264999 -41.147362 118.011467 -0.544394 -0.675125 0.497837 0.212005 0.620000
drum.jpg
0 -75.905006 -41.262001 117.855995 0.544374 -0.675160 0.497811 0.787995 0.619280
0 -75.785004 -41.142006 117.887512 0.544374 -0.675160 0.497811 0.980000 0.619469
0 -75.905006 -41.147362 118.011467 0.544374 -0.675160 0.497811 0.787995 0.620000
drum.jpg
0 -76.385002 39.955002 142.980255 -0.660651 0.445475 0.604229 0.957680 0.578000
0 -76.264999 39.960361 143.107529 -0.660651 0.445475 0.604229 0.977567 0.586400
0 -76.264999 40.075001 143.023010 -0.660651 0.445475 0.604229 0.963544 0.586400
drum.jpg
0 -75.785004 39.955002 142.980255 0.660627 0.445542 0.604206 0.968486 0.619792
0 -75.905006 40.075001 143.023010 0.660627 0.445542 0.604206 0.963544 0.611600
0 -75.905006 39.960361 143.107529 0.660627 0.445542 0.604206 0.882781 0.615770
drum.jpg
0 -76.264999 -41.147362 111.011467 0.000000 -0.593475 -0.804852 0.116679 0.582253
0 -75.905006 -41.262001 111.096001 0.000000 -0.593475 -0.804852 0.787995 0.578720
0 -76.264999 -41.262001 111.096001 0.000000 -0.593475 -0.804852 0.212005 0.578720
drum.jpg
0 -76.385002 -41.142006 111.138741 -0.707146 0.208979 -0.675479 0.024765 0.578504
0 -76.264999 39.960361 136.107529 -0.707146 0.208979 -0.675479 0.978647 0.586400
0 -76.264999 -41.147362 111.011467 -0.707146 0.208979 -0.675479 0.116679 0.582253
drum.jpg
0 -76.264999 40.075001 136.263000 0.000000 0.804848 -0.593481 0.036456 0.586400
0 -75.905006 39.960361 136.107529 0.000000 0.804848 -0.593481 0.020000 0.611600
0 -76.264999 39.960361 136.107529 0.000000 0.804848 -0.593481 0.020000 0.586400
drum.jpg
0 -75.905006 -41.147362 111.011467 0.707124 0.208995 -0.675498 0.021353 0.611600
0 -75.785004 39.955002 136.231491 0.707124 0.208995 -0.675498 0.979002 0.620000
0 -75.785004 -41.142006 111.138741 0.707124 0.208995 -0.675498 0.021835 0.620000
drum.jpg
0 -76.264999 -41.147362 118.011467 -0.707187 -0.209008 0.675428 0.212005 0.578059
0 -76.385002 39.955002 142.980255 -0.707187 -0.209008 0.675428 0.020000 0.619920
0 -76.385002 -41.142006 117.887512 -0.707187 -0.209008 0.675428 0.020000 0.578044
drum.jpg
0 -76.264999 -41.262001 117.855995 0.000000 -0.804848 0.593481 0.212005 0.619280
0 -75.905006 -41.147362 118.011467 0.000000 -0.804848 0.593481 0.787995 0.620000
0 -76.264999 -41.147362 118.011467 0.000000 -0.804848 0.593481 0.212005 0.620000
drum.jpg
0 -75.785004 -41.142006 117.887512 0.707071 -0.209048 0.675537 0.980000 0.578044
0 -75.905006 39.960361 143.107529 0.707071 -0.209048 0.675537 0.882781 0.615770
0 -75.905006 -41.147362 118.011467 0.707071 -0.209048 0.675537 0.787995 0.578059
drum.jpg
0 -76.264999 39.960361 143.107529 0.000000 0.593415 0.804897 0.977567 0.586400
0 -75.905006 40.075001 143.023010 0.000000 0.593415 0.804897 0.963544 0.611600
0 -76.264999 40.075001 143.023010 0.000000 0.593415 0.804897 0.963544 0.586400
drum.jpg
0 -76.264999 -41.262001 111.096001 -0.707067 -0.707147 0.000000 0.212005 0.578720
0 -76.385002 -41.142006 117.887512 -0.707067 -0.707147 0.000000 0.020000 0.619469
0 -76.385002 -41.142006 111.138741 -0.707067 -0.707147 0.000000 0.024765 0.578504
drum.jpg
0 -75.785004 -41.142006 111.138741 0.707069 -0.707145 0.000000 0.980000 0.578976
0 -75.905006 -41.262001 117.855995 0.707069 -0.707145 0.000000 0.787995 0.619280
0 -75.905006 -41.262001 111.096001 0.707069 -0.707145 0.000000 0.787995 0.578720
drum.jpg
0 -76.385002 39.955002 136.231491 -0.707122 0.707092 0.000000 0.032135 0.578000
0 -76.264999 40.075001 143.023010 -0.707122 0.707092 0.000000 0.963544 0.586400
0 -76.264999 40.075001 136.263000 -0.707122 0.707092 0.000000 0.036456 0.586400
drum.jpg
0 -75.905006 40.075001 136.263000 0.707118 0.707095 0.000000 0.036456 0.611600
0 -75.785004 39.955002 142.980255 0.707118 0.707095 0.000000 0.968486 0.619792
0 -75.785004 39.955002 136.231491 0.707118 0.707095 0.000000 0.032135 0.620000
drum.jpg
0 -76.264999 -41.262001 111.096001 0.000000 -1.000000 0.000000 0.212005 0.578720
0 -75.905006 -41.262001 117.855995 0.000000 -1.000000 0.000000 0.787995 0.619280
0 -76.264999 -41.262001 117.855995 0.000000 -1.000000 0.000000 0.212005 0.619280
drum.jpg
0 -76.264999 -41.147362 111.011467 0.000000 0.295598 -0.955312 0.116679 0.582253
0 -75.905006 39.960361 136.107529 0.000000 0.295598 -0.955312 0.978647 0.611600
0 -75.905006 -41.147362 111.011467 0.000000 0.295598 -0.955312 0.021353 0.611600
drum.jpg
0 -76.385002 -41.142006 111.138741 -1.000000 0.000000 0.000000 0.024765 0.578504
0 -76.385002 39.955002 142.980255 -1.000000 0.000000 0.000000 0.962772 0.619938
0 -76.385002 39.955002 136.231491 -1.000000 0.000000 0.000000 0.037227 0.619938
drum.jpg
0 -75.785004 -41.142006 111.138741 1.000000 0.000000 0.000000 0.021416 0.578754
0 -75.785004 39.955002 142.980255 1.000000 0.000000 0.000000 0.968486 0.619792
0 -75.785004 -41.142006 117.887512 1.000000 0.000000 0.000000 0.021416 0.619246
drum.jpg
0 -76.264999 40.075001 136.263000 0.000000 1.000000 0.000000 0.036456 0.586400
0 -75.905006 40.075001 143.023010 0.000000 1.000000 0.000000 0.963544 0.611600
0 -75.905006 40.075001 136.263000 0.000000 1.000000 0.000000 0.036456 0.611600
drum.jpg
0 -76.264999 -41.147362 118.011467 0.000000 -0.295583 0.955317 0.212005 0.578059
0 -75.905006 39.960361 143.107529 0.000000 -0.295583 0.955317 0.882781 0.615770
0 -76.264999 39.960361 143.107529 0.000000 -0.295583 0.955317 0.212005 0.619941
drum.jpg
0 -76.264999 -41.147362 111.011467 0.000000 -0.593487 -0.804843 0.116679 0.582253
0 -75.905006 -41.147362 111.011467 0.000000 -0.593487 -0.804843 0.787995 0.578106
0 -75.905006 -41.262001 111.096001 0.000000 -0.593487 -0.804843 0.787995 0.578720
drum.jpg
0 -76.385002 -41.142006 111.138741 -0.707074 0.209041 -0.675536 0.024765 0.578504
0 -76.385002 39.955002 136.231491 -0.707074 0.209041 -0.675536 0.979002 0.578000
0 -76.264999 39.960361 136.107529 -0.707074 0.209041 -0.675536 0.978647 0.586400
drum.jpg
0 -76.264999 40.075001 136.263000 0.000000 0.804858 -0.593467 0.036456 0.586400
0 -75.905006 40.075001 136.263000 0.000000 0.804858 -0.593467 0.036456 0.611600
0 -75.905006 39.960361 136.107529 0.000000 0.804858 -0.593467 0.020000 0.611600
drum.jpg
0 -75.905006 -41.147362 111.011467 0.707095 0.209034 -0.675516 0.021353 0.611600
0 -75.905006 39.960361 136.107529 0.707095 0.209034 -0.675516 0.978647 0.611600
0 -75.785004 39.955002 136.231491 0.707095 0.209034 -0.675516 0.979002 0.620000
drum.jpg
0 -76.264999 -41.147362 118.011467 -0.707073 -0.209006 0.675547 0.212005 0.578059
0 -76.264999 39.960361 143.107529 -0.707073 -0.209006 0.675547 0.212005 0.619941
0 -76.385002 39.955002 142.980255 -0.707073 -0.209006 0.675547 0.020000 0.619920
drum.jpg
0 -76.264999 -41.262001 117.855995 0.000000 -0.804858 0.593467 0.212005 0.619280
0 -75.905006 -41.262001 117.855995 0.000000 -0.804858 0.593467 0.787995 0.619280
0 -75.905006 -41.147362 118.011467 0.000000 -0.804858 0.593467 0.787995 0.620000
drum.jpg
0 -75.785004 -41.142006 117.887512 0.707187 -0.208978 0.675437 0.980000 0.578044
0 -75.785004 39.955002 142.980255 0.707187 -0.208978 0.675437 0.968486 0.619792
0 -75.905006 39.960361 143.107529 0.707187 -0.208978 0.675437 0.882781 0.615770
drum.jpg
0 -76.264999 39.960361 143.107529 0.000000 0.593415 0.804897 0.977567 0.586400
0 -75.905006 39.960361 143.107529 0.000000 0.593415 0.804897 0.882781 0.615770
0 -75.905006 40.075001 143.023010 0.000000 0.593415 0.804897 0.963544 0.611600
drum.jpg
0 -76.264999 -41.262001 111.096001 -0.707086 -0.707128 0.000000 0.212005 0.578720
0 -76.264999 -41.262001 117.855995 -0.707086 -0.707128 0.000000 0.212005 0.619280
0 -76.385002 -41.142006 117.887512 -0.707086 -0.707128 0.000000 0.020000 0.619469
drum.jpg
0 -75.785004 -41.142006 111.138741 0.707122 -0.707091 0.000000 0.980000 0.578976
0 -75.785004 -41.142006 117.887512 0.707122 -0.707091 0.000000 0.980000 0.619469
0 -75.905006 -41.262001 117.855995 0.707122 -0.707091 0.000000 0.787995 0.619280
drum.jpg
0 -76.385002 39.955002 136.231491 -0.707085 0.707129 0.000000 0.032135 0.578000
0 -76.385002 39.955002 142.980255 -0.707085 0.707129 0.000000 0.957680 0.578000
0 -76.264999 40.075001 143.023010 -0.707085 0.707129 0.000000 0.963544 0.586400
drum.jpg
0 -75.905006 40.075001 136.263000 0.707066 0.707148 0.000000 0.036456 0.611600
0 -75.905006 40.075001 143.023010 0.707066 0.707148 0.000000 0.963544 0.611600
0 -75.785004 39.955002 142.980255 0.707066 0.707148 0.000000 0.968486 0.619792
drum.jpg
0 -76.264999 -41.262001 111.096001 0.000000 -1.000000 0.000000 0.212005 0.578720
0 -75.905006 -41.262001 111.096001 0.000000 -1.000000 0.000000 0.787995 0.578720
0 -75.905006 -41.262001 117.855995 0.000000 -1.000000 0.000000 0.787995 0.619280
drum.jpg
0 -76.264999 -41.147362 111.011467 0.000000 0.295583 -0.955317 0.116679 0.582253
0 -76.264999 39.960361 136.107529 0.000000 0.295583 -0.955317 0.978647 0.586400
0 -75.905006 39.960361 136.107529 0.000000 0.295583 -0.955317 0.978647 0.611600
drum.jpg
0 -76.385002 -41.142006 111.138741 -1.000000 0.000000 0.000000 0.024765 0.578504
0 -76.385002 -41.142006 117.887512 -1.000000 0.000000 0.000000 0.962773 0.578062
0 -76.385002 39.955002 142.980255 -1.000000 0.000000 0.000000 0.962772 0.619938
drum.jpg
0 -75.785004 -41.142006 111.138741 1.000000 0.000000 0.000000 0.021416 0.578754
0 -75.785004 39.955002 136.231491 1.000000 0.000000 0.000000 0.978584 0.578754
0 -75.785004 39.955002 142.980255 1.000000 0.000000 0.000000 0.968486 0.619792
drum.jpg
0 -76.264999 40.075001 136.263000 0.000000 1.000000 0.000000 0.036456 0.586400
0 -76.264999 40.075001 143.023010 0.000000 1.000000 0.000000 0.963544 0.586400
0 -75.905006 40.075001 143.023010 0.000000 1.000000 0.000000 0.963544 0.611600
drum.jpg
0 -76.264999 -41.147362 118.011467 0.000000 -0.295598 0.955312 0.212005 0.578059
0 -75.905006 -41.147362 118.011467 0.000000 -0.295598 0.955312 0.787995 0.578059
0 -75.905006 39.960361 143.107529 0.000000 -0.295598 0.955312 0.882781 0.615770
drum.jpg
0 75.514999 -41.262001 -0.041553 -0.577334 -0.577358 -0.577358 0.116001 0.582560
0 75.394997 -41.142006 -0.041553 -0.577334 -0.577358 -0.577358 0.024822 0.578196
0 75.514999 -41.142006 -0.161553 -0.577334 -0.577358 -0.577358 0.021416 0.586400
drum.jpg
0 75.875000 -41.262001 -0.041553 0.577334 -0.577358 -0.577358 0.020000 0.611600
0 75.875000 -41.142006 -0.161553 0.577334 -0.577358 -0.577358 0.021416 0.611600
0 75.995003 -41.142006 -0.041553 0.577334 -0.577358 -0.577358 0.021416 0.620000
drum.jpg
0 75.394997 39.955002 -0.041553 -0.577372 0.577320 -0.577358 0.978584 0.578000
0 75.514999 40.075001 -0.041553 -0.577372 0.577320 -0.577358 0.980000 0.586400
0 75.514999 39.955002 -0.161553 -0.577372 0.577320 -0.577358 0.978584 0.586400
drum.jpg
0 75.875000 40.075001 -0.041553 0.577372 0.577320 -0.577358 0.980000 0.611600
0 75.995003 39.955002 -0.041553 0.577372 0.577320 -0.577358 0.978584 0.620000
0 75.875000 39.955002 -0.161553 0.577372 0.577320 -0.577358 0.978584 0.611600
drum.jpg
0 75.394997 -41.142006 6.718447 -0.577334 -0.577358 0.577358 0.020000 0.578062
0 75.514999 -41.262001 6.718447 -0.577334 -0.577358 0.577358 0.212002 0.578000
0 75.514999 -41.142006 6.838447 -0.577334 -0.577358 0.577358 0.212002 0.578062
drum.jpg
0 75.875000 -41.262001 6.718447 0.577334 -0.577358 0.577358 0.787998 0.578000
0 75.995003 -41.142006 6.718447 0.577334 -0.577358 0.577358 0.980000 0.578062
0 75.875000 -41.142006 6.838447 0.577334 -0.577358 0.577358 0.787997 0.578062
drum.jpg
0 75.394997 39.955002 6.718447 -0.577347 0.577371 0.577333 0.020000 0.619938
0 75.514999 39.955002 6.838447 -0.577347 0.577371 0.577333 0.212002 0.619938
0 75.514999 40.075001 6.718447 -0.577347 0.577371 0.577333 0.212002 0.620000
drum.jpg
0 75.995003 39.955002 6.718447 0.577347 0.577371 0.577333 0.975532 0.619789
0 75.875000 40.075001 6.718447 0.577347 0.577371 0.577333 0.875770 0.615800
0 75.875000 39.955002 6.838447 0.577347 0.577371 0.577333 0.787998 0.619938
drum.jpg
0 75.514999 -41.142006 -0.161553 0.000000 -0.707129 -0.707085 0.021416 0.586400
0 75.875000 -41.262001 -0.041553 0.000000 -0.707129 -0.707085 0.020000 0.611600
0 75.514999 -41.262001 -0.041553 0.000000 -0.707129 -0.707085 0.116001 0.582560
drum.jpg
0 75.394997 -41.142006 -0.041553 -0.707099 0.000000 -0.707115 0.024822 0.578196
0 75.514999 39.955002 -0.161553 -0.707099 0.000000 -0.707115 0.978584 0.586400
0 75.514999 -41.142006 -0.161553 -0.707099 0.000000 -0.707115 0.021416 0.586400
drum.jpg
0 75.514999 40.075001 -0.041553 0.000000 0.707138 -0.707076 0.980000 0.586400
0 75.875000 39.955002 -0.161553 0.000000 0.707138 -0.707076 0.978584 0.611600
0 75.514999 39.955002 -0.161553 0.000000 0.707138 -0.707076 0.978584 0.586400
drum.jpg
0 75.875000 -41.142006 -0.161553 0.707099 0.000000 -0.707115 0.021416 0.611600
0 75.995003 39.955002 -0.041553 0.707099 0.000000 -0.707115 0.978584 0.620000
0 75.995003 -41.142006 -0.041553 0.707099 0.000000 -0.707115 0.021416 0.620000
drum.jpg
0 75.514999 -41.142006 6.838447 -0.707100 0.000000 0.707113 0.212002 0.578062
0 75.394997 39.955002 6.718447 -0.707100 0.000000 0.707113 0.020000 0.619938
0 75.394997 -41.142006 6.718447 -0.707100 0.000000 0.707113 0.020000 0.578062
drum.jpg
0 75.514999 -41.262001 6.718447 0.000000 -0.707091 0.707122 0.212002 0.578000
0 75.875000 -41.142006 6.838447 0.000000 -0.707091 0.707122 0.787997 0.578062
0 75.514999 -41.142006 6.838447 0.000000 -0.707091 0.707122 0.212002 0.578062
drum.jpg
0 75.995003 -41.142006 6.718447 0.707096 0.000000 0.707117 0.980000 0.578062
0 75.875000 39.955002 6.838447 0.707096 0.000000 0.707117 0.787998 0.619938
0 75.875000 -41.142006 6.838447 0.707096 0.000000 0.707117 0.787997 0.578062
drum.jpg
0 75.514999 39.955002 6.838447 0.000000 0.707091 0.707122 0.212002 0.619938
0 75.875000 40.075001 6.718447 0.000000 0.707091 0.707122 0.875770 0.615800
0 75.514999 40.075001 6.718447 0.000000 0.707091 0.707122 0.212002 0.620000
drum.jpg
0 75.514999 -41.262001 -0.041553 -0.707069 -0.707144 0.000000 0.116001 0.582560
0 75.394997 -41.142006 6.718447 -0.707069 -0.707144 0.000000 0.020000 0.619280
0 75.394997 -41.142006 -0.041553 -0.707069 -0.707144 0.000000 0.024822 0.578196
drum.jpg
0 75.995003 -41.142006 -0.041553 0.707122 -0.707091 0.000000 0.980000 0.578720
0 75.875000 -41.262001 6.718447 0.707122 -0.707091 0.000000 0.787998 0.619280
0 75.875000 -41.262001 -0.041553 0.707122 -0.707091 0.000000 0.787998 0.578720
drum.jpg
0 75.394997 39.955002 -0.041553 -0.707122 0.707091 0.000000 0.036457 0.578000
0 75.514999 40.075001 6.718447 -0.707122 0.707091 0.000000 0.963543 0.586400
0 75.514999 40.075001 -0.041553 -0.707122 0.707091 0.000000 0.036457 0.586400
drum.jpg
0 75.875000 40.075001 -0.041553 0.707069 0.707144 0.000000 0.036457 0.611600
0 75.995003 39.955002 6.718447 0.707069 0.707144 0.000000 0.975532 0.619789
0 75.995003 39.955002 -0.041553 0.707069 0.707144 0.000000 0.036457 0.620000
drum.jpg
0 75.514999 -41.262001 -0.041553 0.000000 -1.000000 0.000000 0.116001 0.582560
0 75.875000 -41.262001 6.718447 0.000000 -1.000000 0.000000 0.787998 0.619280
0 75.514999 -41.262001 6.718447 0.000000 -1.000000 0.000000 0.212002 0.619280
drum.jpg
0 75.514999 -41.142006 -0.161553 0.000000 0.000000 -1.000000 0.021416 0.586400
0 75.875000 39.955002 -0.161553 0.000000 0.000000 -1.000000 0.978584 0.611600
0 75.875000 -41.142006 -0.161553 0.000000 0.000000 -1.000000 0.021416 0.611600
drum.jpg
0 75.394997 -41.142006 -0.041553 -1.000000 0.000000 0.000000 0.024822 0.578196
0 75.394997 39.955002 6.718447 -1.000000 0.000000 0.000000 0.963543 0.619938
0 75.394997 39.955002 -0.041553 -1.000000 0.000000 0.000000 0.036457 0.619938
drum.jpg
0 75.995003 -41.142006 -0.041553 1.000000 0.000000 0.000000 0.021416 0.578720
0 75.995003 39.955002 6.718447 1.000000 0.000000 0.000000 0.975532 0.619789
0 75.995003 -41.142006 6.718447 1.000000 0.000000 0.000000 0.021416 0.619280
drum.jpg
0 75.514999 40.075001 -0.041553 0.000000 1.000000 0.000000 0.036457 0.586400
0 75.875000 40.075001 6.718447 0.000000 1.000000 0.000000 0.875770 0.615800
0 75.875000 40.075001 -0.041553 0.000000 1.000000 0.000000 0.036457 0.611600
drum.jpg
0 75.514999 -41.142006 6.838447 0.000000 0.000000 1.000000 0.212002 0.578062
0 75.875000 39.955002 6.838447 0.000000 0.000000 1.000000 0.787998 0.619938
0 75.514999 39.955002 6.838447 0.000000 0.000000 1.000000 0.212002 0.619938
drum.jpg
0 75.514999 -41.142006 -0.161553 0.000000 -0.707091 -0.707122 0.021416 0.586400
0 75.875000 -41.142006 -0.161553 0.000000 -0.707091 -0.707122 0.021416 0.611600
0 75.875000 -41.262001 -0.041553 0.000000 -0.707091 -0.707122 0.020000 0.611600
drum.jpg
0 75.394997 -41.142006 -0.041553 -0.707099 0.000000 -0.707115 0.024822 0.578196
0 75.394997 39.955002 -0.041553 -0.707099 0.000000 -0.707115 0.978584 0.578000
0 75.514999 39.955002 -0.161553 -0.707099 0.000000 -0.707115 0.978584 0.586400
drum.jpg
0 75.514999 40.075001 -0.041553 0.000000 0.707091 -0.707122 0.980000 0.586400
0 75.875000 40.075001 -0.041553 0.000000 0.707091 -0.707122 0.980000 0.611600
0 75.875000 39.955002 -0.161553 0.000000 0.707091 -0.707122 0.978584 0.611600
drum.jpg
0 75.875000 -41.142006 -0.161553 0.707099 0.000000 -0.707115 0.021416 0.611600
0 75.875000 39.955002 -0.161553 0.707099 0.000000 -0.707115 0.978584 0.611600
0 75.995003 39.955002 -0.041553 0.707099 0.000000 -0.707115 0.978584 0.620000
drum.jpg
0 75.514999 -41.142006 6.838447 -0.707096 0.000000 0.707118 0.212002 0.578062
0 75.514999 39.955002 6.838447 -0.707096 0.000000 0.707118 0.212002 0.619938
0 75.394997 39.955002 6.718447 -0.707096 0.000000 0.707118 0.020000 0.619938
drum.jpg
0 75.514999 -41.262001 6.718447 0.000000 -0.707122 0.707091 0.212002 0.578000
0 75.875000 -41.262001 6.718447 0.000000 -0.707122 0.707091 0.787998 0.578000
0 75.875000 -41.142006 6.838447 0.000000 -0.707122 0.707091 0.787997 0.578062
drum.jpg
0 75.995003 -41.142006 6.718447 0.707100 0.000000 0.707113 0.980000 0.578062
0 75.995003 39.955002 6.718447 0.707100 0.000000 0.707113 0.975532 0.619789
0 75.875000 39.955002 6.838447 0.707100 0.000000 0.707113 0.787998 0.619938
drum.jpg
0 75.514999 39.955002 6.838447 0.000000 0.707122 0.707091 0.212002 0.619938
0 75.875000 39.955002 6.838447 0.000000 0.707122 0.707091 0.787998 0.619938
0 75.875000 40.075001 6.718447 0.000000 0.707122 0.707091 0.875770 0.615800
drum.jpg
0 75.514999 -41.262001 -0.041553 -0.707122 -0.707091 0.000000 0.116001 0.582560
0 75.514999 -41.262001 6.718447 -0.707122 -0.707091 0.000000 0.212002 0.619280
0 75.394997 -41.142006 6.718447 -0.707122 -0.707091 0.000000 0.020000 0.619280
drum.jpg
0 75.995003 -41.142006 -0.041553 0.707069 -0.707144 0.000000 0.980000 0.578720
0 75.995003 -41.142006 6.718447 0.707069 -0.707144 0.000000 0.980000 0.619280
0 75.875000 -41.262001 6.718447 0.707069 -0.707144 0.000000 0.787998 0.619280
drum.jpg
0 75.394997 39.955002 -0.041553 -0.707069 0.707144 0.000000 0.036457 0.578000
0 75.394997 39.955002 6.718447 -0.707069 0.707144 0.000000 0.963543 0.578000
0 75.514999 40.075001 6.718447 -0.707069 0.707144 0.000000 0.963543 0.586400
drum.jpg
0 75.875000 40.075001 -0.041553 0.707122 0.707091 0.000000 0.036457 0.611600
0 75.875000 40.075001 6.718447 0.707122 0.707091 0.000000 0.875770 0.615800
0 75.995003 39.955002 6.718447 0.707122 0.707091 0.000000 0.975532 0.619789
drum.jpg
0 75.514999 -41.262001 -0.041553 0.000000 -1.000000 0.000000 0.116001 0.582560
0 75.875000 -41.262001 -0.041553 0.000000 -1.000000 0.000000 0.787998 0.578720
0 75.875000 -41.262001 6.718447 0.000000 -1.000000 0.000000 0.787998 0.619280
drum.jpg
0 75.514999 -41.142006 -0.161553 0.000000 0.000000 -1.000000 0.021416 0.586400
0 75.514999 39.955002 -0.161553 0.000000 0.000000 -1.000000 0.978584 0.586400
0 75.875000 39.955002 -0.161553 0.000000 0.000000 -1.000000 0.978584 0.611600
drum.jpg
0 75.394997 -41.142006 -0.041553 -1.000000 0.000000 0.000000 0.024822 0.578196
0 75.394997 -41.142006 6.718447 -1.000000 0.000000 0.000000 0.963543 0.578062
0 75.394997 39.955002 6.718447 -1.000000 0.000000 0.000000 0.963543 0.619938
drum.jpg
0 75.995003 -41.142006 -0.041553 1.000000 0.000000 0.000000 0.021416 0.578720
0 75.995003 39.955002 -0.041553 1.000000 0.000000 0.000000 0.978584 0.578720
0 75.995003 39.955002 6.718447 1.000000 0.000000 0.000000 0.975532 0.619789
drum.jpg
0 75.514999 40.075001 -0.041553 0.000000 1.000000 0.000000 0.036457 0.586400
0 75.514999 40.075001 6.718447 0.000000 1.000000 0.000000 0.963543 0.586400
0 75.875000 40.075001 6.718447 0.000000 1.000000 0.000000 0.875770 0.615800
drum.jpg
0 75.514999 -41.142006 6.838447 0.000000 0.000000 1.000000 0.212002 0.578062
0 75.875000 -41.142006 6.838447 0.000000 0.000000 1.000000 0.787997 0.578062
0 75.875000 39.955002 6.838447 0.000000 0.000000 1.000000 0.787998 0.619938
drum.jpg
0 75.514999 -41.262001 111.096001 -0.660730 -0.445460 -0.604153 0.212002 0.578720
0 75.394997 -41.142006 111.138741 -0.660730 -0.445460 -0.604153 0.024765 0.578504
0 75.514999 -41.147362 111.011467 -0.660730 -0.445460 -0.604153 0.116678 0.582253
drum.jpg
0 75.875000 -41.262001 111.096001 0.660730 -0.445460 -0.604153 0.787998 0.578720
0 75.875000 -41.147362 111.011467 0.660730 -0.445460 -0.604153 0.787998 0.578106
0 75.995003 -41.142006 111.138741 0.660730 -0.445460 -0.604153 0.980000 0.578976
drum.jpg
0 75.394997 39.955002 136.231491 -0.544442 0.675100 -0.497818 0.032135 0.578000
0 75.514999 40.075001 136.263000 -0.544442 0.675100 -0.497818 0.036456 0.586400
0 75.514999 39.960361 136.107529 -0.544442 0.675100 -0.497818 0.020000 0.586400
drum.jpg
0 75.875000 40.075001 136.263000 0.544460 0.675090 -0.497811 0.036456 0.611600
0 75.995003 39.955002 136.231491 0.544460 0.675090 -0.497811 0.032135 0.620000
0 75.875000 39.960361 136.107529 0.544460 0.675090 -0.497811 0.020000 0.611600
drum.jpg
0 75.394997 -41.142006 117.887512 -0.544394 -0.675125 0.497837 0.020000 0.619469
0 75.514999 -41.262001 117.855995 -0.544394 -0.675125 0.497837 0.212002 0.619280
0 75.514999 -41.147362 118.011467 -0.544394 -0.675125 0.497837 0.212002 0.620000
drum.jpg
0 75.875000 -41.262001 117.855995 0.544400 -0.675122 0.497834 0.787998 0.619280
0 75.995003 -41.142006 117.887512 0.544400 -0.675122 0.497834 0.980000 0.619469
0 75.875000 -41.147362 118.011467 0.544400 -0.675122 0.497834 0.787998 0.620000
drum.jpg
0 75.394997 39.955002 142.980255 -0.660651 0.445475 0.604229 0.957680 0.578000
0 75.514999 39.960361 143.107529 -0.660651 0.445475 0.604229 0.977567 0.586400
0 75.514999 40.075001 143.023010 -0.660651 0.445475 0.604229 0.963544 0.586400
drum.jpg
0 75.995003 39.955002 142.980255 0.660664 0.445441 0.604240 0.968486 0.619792
0 75.875000 40.075001 143.023010 0.660664 0.445441 0.604240 0.963544 0.611600
0 75.875000 39.960361 143.107529 0.660664 0.445441 0.604240 0.882782 0.615770
drum.jpg
0 75.514999 -41.147362 111.011467 0.000000 -0.593499 -0.804835 0.116678 0.582253
0 75.875000 -41.262001 111.096001 0.000000 -0.593499 -0.804835 0.787998 0.578720
0 75.514999 -41.262001 111.096001 0.000000 -0.593499 -0.804835 0.212002 0.578720
drum.jpg
0 75.394997 -41.142006 111.138741 -0.707144 0.208995 -0.675477 0.024765 0.578504
0 75.514999 39.960361 136.107529 -0.707144 0.208995 -0.675477 0.978647 0.586400
0 75.514999 -41.147362 111.011467 -0.707144 0.208995 -0.675477 0.116678 0.582253
drum.jpg
0 75.514999 40.075001 136.263000 0.000000 0.804868 -0.593454 0.036456 0.586400
0 75.875000 39.960361 136.107529 0.000000 0.804868 -0.593454 0.020000 0.611600
0 75.514999 39.960361 136.107529 0.000000 0.804868 -0.593454 0.020000 0.586400
drum.jpg
0 75.875000 -41.147362 111.011467 0.707119 0.209028 -0.675493 0.021353 0.611600
0 75.995003 39.955002 136.231491 0.707119 0.209028 -0.675493 0.979002 0.620000
0 75.995003 -41.142006 111.138741 0.707119 0.209028 -0.675493 0.021835 0.620000
drum.jpg
0 75.514999 -41.147362 118.011467 -0.707189 -0.208991 0.675430 0.212002 0.578059
0 75.394997 39.955002 142.980255 -0.707189 -0.208991 0.675430 0.020000 0.619920
0 75.394997 -41.142006 117.887512 -0.707189 -0.208991 0.675430 0.020000 0.578044
drum.jpg
0 75.514999 -41.262001 117.855995 0.000000 -0.804854 0.593472 0.212002 0.619280
0 75.875000 -41.147362 118.011467 0.000000 -0.804854 0.593472 0.787998 0.620000
0 75.514999 -41.147362 118.011467 0.000000 -0.804854 0.593472 0.212002 0.620000
drum.jpg
0 75.995003 -41.142006 117.887512 0.707076 -0.209015 0.675541 0.980000 0.578044
0 75.875000 39.960361 143.107529 0.707076 -0.209015 0.675541 0.882782 0.615770
0 75.875000 -41.147362 118.011467 0.707076 -0.209015 0.675541 0.787998 0.578059
drum.jpg
0 75.514999 39.960361 143.107529 0.000000 0.593397 0.804910 0.977567 0.586400
0 75.875000 40.075001 143.023010 0.000000 0.593397 0.804910 0.963544 0.611600
0 75.514999 40.075001 143.023010 0.000000 0.593397 0.804910 0.963544 0.586400
drum.jpg
0 75.514999 -41.262001 111.096001 -0.707093 -0.707120 0.000000 0.212002 0.578720
0 75.394997 -41.142006 117.887512 -0.707093 -0.707120 0.000000 0.020000 0.619469
0 75.394997 -41.142006 111.138741 -0.707093 -0.707120 0.000000 0.024765 0.578504
drum.jpg
0 75.995003 -41.142006 111.138741 0.707175 -0.707039 0.000000 0.980000 0.578976
0 75.875000 -41.262001 117.855995 0.707175 -0.707039 0.000000 0.787998 0.619280
0 75.875000 -41.262001 111.096001 0.707175 -0.707039 0.000000 0.787998 0.578720
drum.jpg
0 75.394997 39.955002 136.231491 -0.707122 0.707092 0.000000 0.032135 0.578000
0 75.514999 40.075001 143.023010 -0.707122 0.707092 0.000000 0.963544 0.586400
0 75.514999 40.075001 136.263000 -0.707122 0.707092 0.000000 0.036456 0.586400
drum.jpg
0 75.875000 40.075001 136.263000 0.707065 0.707148 0.000000 0.036456 0.611600
0 75.995003 39.955002 142.980255 0.707065 0.707148 0.000000 0.968486 0.619792
0 75.995003 39.955002 136.231491 0.707065 0.707148 0.000000 0.032135 0.620000
drum.jpg
0 75.514999 -41.262001 111.096001 0.000000 -1.000000 0.000000 0.212002 0.578720
0 75.875000 -41.262001 117.855995 0.000000 -1.000000 0.000000 0.787998 0.619280
0 75.514999 -41.262001 117.855995 0.000000 -1.000000 0.000000 0.212002 0.619280
drum.jpg
0 75.514999 -41.147362 111.011467 0.000000 0.295592 -0.955314 0.116678 0.582253
0 75.875000 39.960361 136.107529 0.000000 0.295592 -0.955314 0.978647 0.611600
0 75.875000 -41.147362 111.011467 0.000000 0.295592 -0.955314 0.021353 0.611600
drum.jpg
0 75.394997 -41.142006 111.138741 -1.000000 0.000000 0.000000 0.024765 0.578504
0 75.394997 39.955002 142.980255 -1.000000 0.000000 0.000000 0.962772 0.619938
0 75.394997 39.955002 136.231491 -1.000000 0.000000 0.000000 0.037227 0.619938
drum.jpg
0 75.995003 -41.142006 111.138741 1.000000 0.000000 0.000000 0.021416 0.578754
0 75.995003 39.955002 142.980255 1.000000 0.000000 0.000000 0.968486 0.619792
0 75.995003 -41.142006 117.887512 1.000000 0.000000 0.000000 0.021416 0.619246
drum.jpg
0 75.514999 40.075001 136.263000 0.000000 1.000000 0.000000 0.036456 0.586400
0 75.875000 40.075001 143.023010 0.000000 1.000000 0.000000 0.963544 0.611600
0 75.875000 40.075001 136.263000 0.000000 1.000000 0.000000 0.036456 0.611600
drum.jpg
0 75.514999 -41.147362 118.011467 0.000000 -0.295592 0.955314 0.212002 0.578059
0 75.875000 39.960361 143.107529 0.000000 -0.295592 0.955314 0.882782 0.615770
0 75.514999 39.960361 143.107529 0.000000 -0.295592 0.955314 0.212002 0.619941
drum.jpg
0 75.514999 -41.147362 111.011467 0.000000 -0.593469 -0.804857 0.116678 0.582253
0 75.875000 -41.147362 111.011467 0.000000 -0.593469 -0.804857 0.787998 0.578106
0 75.875000 -41.262001 111.096001 0.000000 -0.593469 -0.804857 0.787998 0.578720
drum.jpg
0 75.394997 -41.142006 111.138741 -0.707075 0.209034 -0.675537 0.024765 0.578504
0 75.394997 39.955002 136.231491 -0.707075 0.209034 -0.675537 0.979002 0.578000
0 75.514999 39.960361 136.107529 -0.707075 0.209034 -0.675537 0.978647 0.586400
drum.jpg
0 75.514999 40.075001 136.263000 0.000000 0.804845 -0.593485 0.036456 0.586400
0 75.875000 40.075001 136.263000 0.000000 0.804845 -0.593485 0.036456 0.611600
0 75.875000 39.960361 136.107529 0.000000 0.804845 -0.593485 0.020000 0.611600
drum.jpg
0 75.875000 -41.147362 111.011467 0.707099 0.209009 -0.675519 0.021353 0.611600
0 75.875000 39.960361 136.107529 0.707099 0.209009 -0.675519 0.978647 0.611600
0 75.995003 39.955002 136.231491 0.707099 0.209009 -0.675519 0.979002 0.620000
drum.jpg
0 75.514999 -41.147362 118.011467 -0.707072 -0.209012 0.675546 0.212002 0.578059
0 75.514999 39.960361 143.107529 -0.707072 -0.209012 0.675546 0.212002 0.619941
0 75.394997 39.955002 142.980255 -0.707072 -0.209012 0.675546 0.020000 0.619920
drum.jpg
0 75.514999 -41.262001 117.855995 0.000000 -0.804858 0.593467 0.212002 0.619280
0 75.875000 -41.262001 117.855995 0.000000 -0.804858 0.593467 0.787998 0.619280
0 75.875000 -41.147362 118.011467 0.000000 -0.804858 0.593467 0.787998 0.620000
drum.jpg
0 75.995003 -41.142006 117.887512 0.707183 -0.209005 0.675433 0.980000 0.578044
0 75.995003 39.955002 142.980255 0.707183 -0.209005 0.675433 0.968486 0.619792
0 75.875000 39.960361 143.107529 0.707183 -0.209005 0.675433 0.882782 0.615770
drum.jpg
0 75.514999 39.960361 143.107529 0.000000 0.593427 0.804888 0.977567 0.586400
0 75.875000 39.960361 143.107529 0.000000 0.593427 0.804888 0.882782 0.615770
0 75.875000 40.075001 143.023010 0.000000 0.593427 0.804888 0.963544 0.611600
drum.jpg
0 75.514999 -41.262001 111.096001 -0.707091 -0.707123 0.000000 0.212002 0.578720
0 75.514999 -41.262001 117.855995 -0.707091 -0.707123 0.000000 0.212002 0.619280
0 75.394997 -41.142006 117.887512 -0.707091 -0.707123 0.000000 0.020000 0.619469
drum.jpg
0 75.995003 -41.142006 111.138741 0.707063 -0.707150 0.000000 0.980000 0.578976
0 75.995003 -41.142006 117.887512 0.707063 -0.707150 0.000000 0.980000 0.619469
0 75.875000 -41.262001 117.855995 0.707063 -0.707150 0.000000 0.787998 0.619280
drum.jpg
0 75.394997 39.955002 136.231491 -0.707053 0.707161 0.000000 0.032135 0.578000
0 75.394997 39.955002 142.980255 -0.707053 0.707161 0.000000 0.957680 0.578000
0 75.514999 40.075001 143.023010 -0.707053 0.707161 0.000000 0.963544 0.586400
drum.jpg
0 75.875000 40.075001 136.263000 0.707152 0.707062 0.000000 0.036456 0.611600
0 75.875000 40.075001 143.023010 0.707152 0.707062 0.000000 0.963544 0.611600
0 75.995003 39.955002 142.980255 0.707152 0.707062 0.000000 0.968486 0.619792
drum.jpg
0 75.514999 -41.262001 111.096001 0.000000 -1.000000 0.000000 0.212002 0.578720
0 75.875000 -41.262001 111.096001 0.000000 -1.000000 0.000000 0.787998 0.578720
0 75.875000 -41.262001 117.855995 0.000000 -1.000000 0.000000 0.787998 0.619280
drum.jpg
0 75.514999 -41.147362 111.011467 0.000000 0.295592 -0.955314 0.116678 0.582253
0 75.514999 39.960361 136.107529 0.000000 0.295592 -0.955314 0.978647 0.586400
0 75.875000 39.960361 136.107529 0.000000 0.295592 -0.955314 0.978647 0.611600
drum.jpg
0 75.394997 -41.142006 111.138741 -1.000000 0.000000 0.000000 0.024765 0.578504
0 75.394997 -41.142006 117.887512 -1.000000 0.000000 0.000000 0.962773 0.578062
0 75.394997 39.955002 142.980255 -1.000000 0.000000 0.000000 0.962772 0.619938
drum.jpg
0 75.995003 -41.142006 111.138741 1.000000 0.000000 0.000000 0.021416 0.578754
0 75.995003 39.955002 136.231491 1.000000 0.000000 0.000000 0.978584 0.578754
0 75.995003 39.955002 142.980255 1.000000 0.000000 0.000000 0.968486 0.619792
drum.jpg
0 75.514999 40.075001 136.263000 0.000000 1.000000 0.000000 0.036456 0.586400
0 75.514999 40.075001 143.023010 0.000000 1.000000 0.000000 0.963544 0.586400
0 75.875000 40.075001 143.023010 0.000000 1.000000 0.000000 0.963544 0.611600
drum.jpg
0 75.514999 -41.147362 118.011467 0.000000 -0.295592 0.955314 0.212002 0.578059
0 75.875000 -41.147362 118.011467 0.000000 -0.295592 0.955314 0.787998 0.578059
0 75.875000 39.960361 143.107529 0.000000 -0.295592 0.955314 0.882782 0.615770
steel.jpg
0 8.859500 45.279099 160.042801 -0.164158 0.674709 -0.719597 0.264700 0.195700
0 -3.542600 43.950401 161.626205 -0.164158 0.674709 -0.719597 0.897700 0.186800
0 2.658500 58.308998 173.674500 -0.164158 0.674709 -0.719597 0.516600 0.093800
steel.jpg
0 -3.542600 43.950401 161.626205 -0.164400 0.634042 -0.755621 0.897700 0.186800
0 8.859500 45.279099 160.042801 -0.164400 0.634042 -0.755621 0.264700 0.195700
0 8.859500 -24.284002 101.672401 -0.164400 0.634042 -0.755621 0.381600 0.978900
steel.jpg
0 8.859500 -24.284002 101.672401 0.164400 -0.634042 0.755621 0.381600 0.978900
0 -3.542600 43.950401 161.626205 0.164400 -0.634042 0.755621 0.897700 0.186800
0 -3.542600 -25.612700 103.255798 0.164400 -0.634042 0.755621 0.870100 0.977900
steel.jpg
0 2.658500 58.308998 173.674500 0.164151 0.591505 -0.789415 0.516600 0.093800
0 8.859500 42.621799 163.209595 0.164151 0.591505 -0.789415 0.046000 0.199200
0 -3.542600 43.950401 161.626205 0.164151 0.591505 -0.789415 0.897700 0.186800
steel.jpg
0 -3.542600 43.950401 161.626205 -0.164397 -0.634042 0.755622 0.897700 0.186800
0 -3.542600 -25.612700 103.255798 -0.164397 -0.634042 0.755622 0.870100 0.977900
0 8.859500 -26.941401 104.839203 -0.164397 -0.634042 0.755622 0.256000 0.982500
steel.jpg
0 8.859500 -26.941401 104.839203 0.164396 0.634042 -0.755622 0.256000 0.982500
0 -3.542600 43.950401 161.626205 0.164396 0.634042 -0.755622 0.897700 0.186800
0 8.859500 42.621799 163.209595 0.164396 0.634042 -0.755622 0.046000 0.199200
steel.jpg
0 8.859500 -24.284002 101.672401 1.000000 0.000000 0.000000 0.381600 0.978900
0 8.859500 45.279099 160.042801 1.000000 0.000000 0.000000 0.264700 0.195700
0 8.859500 42.621799 163.209595 1.000000 0.000000 0.000000 0.046000 0.199200
steel.jpg
0 8.859500 42.621799 163.209595 1.000000 0.000000 0.000000 0.046000 0.199200
0 8.859500 -26.941401 104.839203 1.000000 0.000000 0.000000 0.256000 0.982500
0 8.859500 -24.284002 101.672401 1.000000 0.000000 0.000000 0.381600 0.978900
steel.jpg
0 2.658500 58.308998 173.674500 0.949394 0.240603 0.201893 0.516600 0.093800
0 8.859500 42.621799 163.209595 0.949394 0.240603 0.201893 0.046000 0.199200
0 8.859500 45.279099 160.042801 0.949394 0.240603 0.201893 0.264700 0.195700
steel.jpg
0 35.881199 -24.315397 102.110199 0.227458 -0.726374 0.648570 0.379300 0.014200
0 54.378300 -5.321301 116.895798 0.227458 -0.726374 0.648570 0.951200 0.290100
0 35.633301 -8.370802 120.054497 0.227458 -0.726374 0.648570 0.535900 0.297800
steel.jpg
0 54.378300 -5.321301 116.895798 -0.183553 0.652739 -0.735010 0.951200 0.290100
0 35.060799 15.154800 139.904099 -0.183553 0.652739 -0.735010 0.515300 0.779400
0 62.814995 28.541500 144.861404 -0.183553 0.652739 -0.735010 0.963500 0.988900
steel.jpg
0 35.060799 15.154800 139.904099 -0.227502 0.624719 -0.746973 0.515300 0.779400
0 54.378300 -5.321301 116.895798 -0.227502 0.624719 -0.746973 0.951200 0.290100
0 35.633301 -8.370802 120.054497 -0.227502 0.624719 -0.746973 0.535900 0.297800
steel.jpg
0 62.814995 28.541500 144.861404 -0.019051 -0.312234 0.949814 0.963500 0.988900
0 9.265900 28.389500 143.737396 -0.019051 -0.312234 0.949814 0.006800 0.979700
0 35.060799 15.154800 139.904099 -0.019051 -0.312234 0.949814 0.515300 0.779400
steel.jpg
0 9.265900 28.389500 143.737396 0.289692 0.656500 -0.696482 0.006800 0.979700
0 35.633301 -8.370802 120.054497 0.289692 0.656500 -0.696482 0.535900 0.297800
0 16.189400 -4.793100 115.339401 0.289692 0.656500 -0.696482 0.029700 0.281200
steel.jpg
0 35.633301 -8.370802 120.054497 -0.214185 -0.632943 0.743981 0.535900 0.297800
0 35.060799 15.154800 139.904099 -0.214185 -0.632943 0.743981 0.515300 0.779400
0 9.265900 28.389500 143.737396 -0.214185 -0.632943 0.743981 0.006800 0.979700
steel.jpg
0 35.881199 -24.315397 102.110199 -0.285973 -0.718271 0.634276 0.379300 0.014200
0 35.633301 -8.370802 120.054497 -0.285973 -0.718271 0.634276 0.535900 0.297800
0 16.189400 -4.793100 115.339401 -0.285973 -0.718271 0.634276 0.029700 0.281200
steel.jpg
0 -18.909599 72.779701 180.969101 0.042337 0.378162 -0.924771 0.336800 0.151400
0 -28.334600 57.561501 174.314499 0.042337 0.378162 -0.924771 0.861800 0.293800
0 -70.427299 57.250801 172.260406 0.042337 0.378162 -0.924771 0.581800 0.029900
steel.jpg
0 -18.738199 47.785702 165.268494 0.316301 -0.609787 0.726714 0.977800 0.483500
0 -12.387500 -22.113001 103.852303 0.316301 -0.609787 0.726714 0.539700 0.978500
0 -12.387500 49.146702 163.646393 0.316301 -0.609787 0.726714 0.401100 0.480000
steel.jpg
0 -12.387500 -22.113001 103.852303 -0.316309 0.609785 -0.726713 0.539700 0.978500
0 -18.738199 -23.474100 105.474403 -0.316309 0.609785 -0.726713 0.917200 0.982000
0 -18.738199 47.785702 165.268494 -0.316309 0.609785 -0.726713 0.977800 0.483500
steel.jpg
0 -70.427299 57.250801 172.260406 -0.034375 -0.604506 0.795859 0.581800 0.029900
0 -28.334600 57.561501 174.314499 -0.034375 -0.604506 0.795859 0.861800 0.293800
0 -18.909599 70.057602 184.213196 -0.034375 -0.604506 0.795859 0.025400 0.160900
steel.jpg
0 -18.738199 47.785702 165.268494 -0.316298 -0.609787 0.726716 0.977800 0.483500
0 -18.738199 -23.474100 105.474403 -0.316298 -0.609787 0.726716 0.917200 0.982000
0 -12.387500 -24.835199 107.096397 -0.316298 -0.609787 0.726716 0.297100 0.985300
steel.jpg
0 -12.387500 -24.835199 107.096397 0.316299 0.609787 -0.726715 0.297100 0.985300
0 -18.738199 47.785702 165.268494 0.316299 0.609787 -0.726715 0.977800 0.483500
0 -12.387500 46.424599 166.890503 0.316299 0.609787 -0.726715 0.017400 0.489400
steel.jpg
0 -12.387500 -22.113001 103.852303 1.000000 0.000000 0.000000 0.539700 0.978500
0 -12.387500 49.146702 163.646393 1.000000 0.000000 0.000000 0.401100 0.480000
0 -12.387500 46.424599 166.890503 1.000000 0.000000 0.000000 0.017400 0.489400
steel.jpg
0 -12.387500 46.424599 166.890503 -1.000000 0.000000 0.000000 0.017400 0.489400
0 -12.387500 -22.113001 103.852303 -1.000000 0.000000 0.000000 0.539700 0.978500
0 -12.387500 -24.835199 107.096397 -1.000000 0.000000 0.000000 0.297100 0.985300
steel.jpg
0 -70.427299 57.250801 172.260406 0.321536 -0.725367 -0.608651 0.581800 0.029900
0 -18.909599 72.779701 180.969101 0.321536 -0.725367 -0.608651 0.336800 0.151400
0 -18.909599 70.057602 184.213196 0.321536 -0.725367 -0.608651 0.025400 0.160900
steel.jpg
0 -12.387500 49.146702 163.646393 0.311186 -0.462674 0.830118 0.401100 0.480000
0 -28.334600 57.561501 174.314499 0.311186 -0.462674 0.830118 0.861800 0.293800
0 -18.738199 47.785702 165.268494 0.311186 -0.462674 0.830118 0.977800 0.483500
steel.jpg
0 -28.334600 57.561501 174.314499 0.267811 -0.520419 0.810828 0.861800 0.293800
0 -12.387500 49.146702 163.646393 0.267811 -0.520419 0.810828 0.401100 0.480000
0 -18.909599 72.779701 180.969101 0.267811 -0.520419 0.810828 0.336800 0.151400
steel.jpg
0 -18.738199 47.785702 165.268494 0.316290 0.616067 -0.721403 0.977800 0.483500
0 -18.909599 70.057602 184.213196 0.316290 0.616067 -0.721403 0.025400 0.160900
0 -12.387500 46.424599 166.890503 0.316290 0.616067 -0.721403 0.017400 0.489400
steel.jpg
0 -18.909599 70.057602 184.213196 -0.058370 0.646553 -0.760633 0.025400 0.160900
0 -18.738199 47.785702 165.268494 -0.058370 0.646553 -0.760633 0.977800 0.483500
0 -28.334600 57.561501 174.314499 -0.058370 0.646553 -0.760633 0.861800 0.293800
steel.jpg
0 -12.387500 46.424599 166.890503 -0.976013 -0.166778 -0.139942 0.017400 0.489400
0 -18.909599 72.779701 180.969101 -0.976013 -0.166778 -0.139942 0.336800 0.151400
0 -12.387500 49.146702 163.646393 -0.976013 -0.166778 -0.139942 0.401100 0.480000
steel.jpg
0 -18.909599 72.779701 180.969101 -0.976013 -0.166779 -0.139943 0.336800 0.151400
0 -12.387500 46.424599 166.890503 -0.976013 -0.166779 -0.139943 0.017400 0.489400
0 -18.909599 70.057602 184.213196 -0.976013 -0.166779 -0.139943 0.025400 0.160900
steel.jpg
0 8.859500 -24.790701 101.247299 0.164395 -0.634048 0.755617 0.381400 0.982400
0 -3.542600 -25.612700 103.255798 0.164395 -0.634048 0.755617 0.870100 0.977900
0 -3.542600 -26.119299 102.830704 0.164395 -0.634048 0.755617 0.870000 0.981400
steel.jpg
0 -3.542600 -25.612700 103.255798 0.164397 -0.633983 0.755672 0.870100 0.977900
0 8.859500 -24.790701 101.247299 0.164397 -0.633983 0.755672 0.381400 0.982400
0 8.859500 -24.284002 101.672401 0.164397 -0.633983 0.755672 0.381600 0.978900
steel.jpg
0 -3.542600 -26.119299 102.830704 -0.164397 -0.634055 0.755611 0.870000 0.981400
0 8.859500 -27.448000 104.414101 -0.164397 -0.634055 0.755611 0.255800 0.986000
0 8.859500 -26.941401 104.839203 -0.164397 -0.634055 0.755611 0.256000 0.982500
steel.jpg
0 8.859500 -26.941401 104.839203 -0.164400 -0.634048 0.755616 0.256000 0.982500
0 -3.542600 -25.612700 103.255798 -0.164400 -0.634048 0.755616 0.870100 0.977900
0 -3.542600 -26.119299 102.830704 -0.164400 -0.634048 0.755616 0.870000 0.981400
steel.jpg
0 8.859500 -27.448000 104.414101 1.000000 -0.000001 0.000000 0.255800 0.986000
0 8.859500 -24.790701 101.247299 1.000000 -0.000001 0.000000 0.381400 0.982400
0 8.859500 -24.284002 101.672401 1.000000 -0.000001 0.000000 0.381600 0.978900
steel.jpg
0 8.859500 -24.284002 101.672401 -1.000000 -0.000001 0.000000 0.381600 0.978900
0 8.859500 -27.448000 104.414101 -1.000000 -0.000001 0.000000 0.255800 0.986000
0 8.859500 -26.941401 104.839203 -1.000000 -0.000001 0.000000 0.256000 0.982500
steel.jpg
0 35.904499 -23.787802 101.465599 -0.792905 0.485270 0.368530 0.421000 0.013400
0 54.378300 -5.321301 116.895798 -0.792905 0.485270 0.368530 0.951200 0.290100
0 54.401600 -4.793699 116.251198 -0.792905 0.485270 0.368530 0.992900 0.289300
steel.jpg
0 54.378300 -5.321301 116.895798 -0.792905 0.485271 0.368528 0.951200 0.290100
0 35.904499 -23.787802 101.465599 -0.792905 0.485271 0.368528 0.421000 0.013400
0 35.881199 -24.315397 102.110199 -0.792905 0.485271 0.368528 0.379300 0.014200
steel.jpg
0 54.401600 -4.793699 116.251198 0.981650 -0.163419 -0.098270 0.992900 0.289300
0 62.838295 29.069099 144.216797 0.981650 -0.163419 -0.098270 0.987500 0.988100
0 62.814995 28.541500 144.861404 0.981650 -0.163419 -0.098270 0.963500 0.988900
steel.jpg
0 62.814995 28.541500 144.861404 -0.981651 0.163415 0.098270 0.963500 0.988900
0 54.401600 -4.793699 116.251198 -0.981651 0.163415 0.098270 0.992900 0.289300
0 54.378300 -5.321301 116.895798 -0.981651 0.163415 0.098270 0.951200 0.290100
steel.jpg
0 62.838295 29.069099 144.216797 -0.015483 0.774019 0.632973 0.987500 0.988100
0 9.289200 28.917101 143.092804 -0.015483 0.774019 0.632973 0.030800 0.978900
0 9.265900 28.389500 143.737396 -0.015483 0.774019 0.632973 0.006800 0.979700
steel.jpg
0 9.265900 28.389500 143.737396 0.015483 -0.774025 -0.632966 0.006800 0.979700
0 62.838295 29.069099 144.216797 0.015483 -0.774025 -0.632966 0.987500 0.988100
0 62.814995 28.541500 144.861404 0.015483 -0.774025 -0.632966 0.963500 0.988900
steel.jpg
0 9.289200 28.917101 143.092804 -0.987378 -0.103192 -0.120153 0.030800 0.978900
0 16.212700 -4.265501 114.694801 -0.987378 -0.103192 -0.120153 0.071400 0.280400
0 16.189400 -4.793100 115.339401 -0.987378 -0.103192 -0.120153 0.029700 0.281200
steel.jpg
0 16.189400 -4.793100 115.339401 -0.987378 -0.103188 -0.120151 0.029700 0.281200
0 9.265900 28.389500 143.737396 -0.987378 -0.103188 -0.120151 0.006800 0.979700
0 9.289200 28.917101 143.092804 -0.987378 -0.103188 -0.120151 0.030800 0.978900
steel.jpg
0 16.212700 -4.265501 114.694801 -0.765160 -0.484398 -0.424133 0.071400 0.280400
0 35.904499 -23.787802 101.465599 -0.765160 -0.484398 -0.424133 0.421000 0.013400
0 35.881199 -24.315397 102.110199 -0.765160 -0.484398 -0.424133 0.379300 0.014200
steel.jpg
0 35.881199 -24.315397 102.110199 -0.765167 -0.484392 -0.424128 0.379300 0.014200
0 16.189400 -4.793100 115.339401 -0.765167 -0.484392 -0.424128 0.029700 0.281200
0 16.212700 -4.265501 114.694801 -0.765167 -0.484392 -0.424128 0.071400 0.280400
steel.jpg
0 -12.387500 -22.632002 103.416801 0.316307 -0.609791 0.726708 0.539300 0.985200
0 -18.738199 -23.474100 105.474403 0.316307 -0.609791 0.726708 0.917200 0.982000
0 -18.738199 -23.993101 105.038902 0.316307 -0.609791 0.726708 0.916900 0.988800
steel.jpg
0 -18.738199 -23.474100 105.474403 -0.316308 0.609791 -0.726708 0.917200 0.982000
0 -12.387500 -22.113001 103.852303 -0.316308 0.609791 -0.726708 0.539700 0.978500
0 -12.387500 -22.632002 103.416801 -0.316308 0.609791 -0.726708 0.539300 0.985200
steel.jpg
0 -18.738199 -23.993101 105.038902 -0.316298 -0.609793 0.726711 0.916900 0.988800
0 -12.387500 -25.354200 106.660896 -0.316298 -0.609793 0.726711 0.296800 0.992100
0 -12.387500 -24.835199 107.096397 -0.316298 -0.609793 0.726711 0.297100 0.985300
steel.jpg
0 -12.387500 -24.835199 107.096397 0.316297 0.609793 -0.726711 0.297100 0.985300
0 -18.738199 -23.993101 105.038902 0.316297 0.609793 -0.726711 0.916900 0.988800
0 -18.738199 -23.474100 105.474403 0.316297 0.609793 -0.726711 0.917200 0.982000
steel.jpg
0 -12.387500 -25.354200 106.660896 1.000000 -0.000001 0.000000 0.296800 0.992100
0 -12.387500 -22.632002 103.416801 1.000000 -0.000001 0.000000 0.539300 0.985200
0 -12.387500 -22.113001 103.852303 1.000000 -0.000001 0.000000 0.539700 0.978500
steel.jpg
0 -12.387500 -22.113001 103.852303 1.000000 0.000001 0.000000 0.539700 0.978500
0 -12.387500 -24.835199 107.096397 1.000000 0.000001 0.000000 0.297100 0.985300
0 -12.387500 -25.354200 106.660896 1.000000 0.000001 0.000000 0.296800 0.992100
steel.jpg
0 -56.101700 -16.100302 103.005302 0.230304 0.725477 -0.648570 0.379300 0.014200
0 -47.503201 -3.404900 120.259399 0.230304 0.725477 -0.648570 0.535900 0.297800
0 -31.056999 -11.341101 117.222099 0.230304 0.725477 -0.648570 0.951200 0.290100
steel.jpg
0 -31.056999 -11.341101 117.222099 0.224040 0.639975 -0.735009 0.951200 0.290100
0 -34.979500 15.440700 139.345505 0.224040 0.639975 -0.735009 0.515300 0.779400
0 -5.736000 10.677800 144.112198 0.224040 0.639975 -0.735009 0.963500 0.988900
steel.jpg
0 -34.979500 15.440700 139.345505 -0.171958 -0.642231 0.746974 0.515300 0.779400
0 -47.503201 -3.404900 120.259399 -0.171958 -0.642231 0.746974 0.535900 0.297800
0 -31.056999 -11.341101 117.222099 -0.171958 -0.642231 0.746974 0.951200 0.290100
steel.jpg
0 -5.736000 10.677800 144.112198 -0.194697 -0.244838 0.949814 0.963500 0.988900
0 -47.997601 40.091301 143.031296 -0.194697 -0.244838 0.949814 0.006800 0.979700
0 -34.979500 15.440700 139.345505 -0.194697 -0.244838 0.949814 0.515300 0.779400
steel.jpg
0 -47.997601 40.091301 143.031296 -0.613855 -0.371612 0.696481 0.006800 0.979700
0 -60.845001 10.136700 115.725601 -0.613855 -0.371612 0.696481 0.029700 0.281200
0 -47.503201 -3.404900 120.259399 -0.613855 -0.371612 0.696481 0.535900 0.297800
steel.jpg
0 -47.503201 -3.404900 120.259399 -0.538494 -0.395623 0.743980 0.535900 0.297800
0 -34.979500 15.440700 139.345505 -0.538494 -0.395623 0.743980 0.515300 0.779400
0 -47.997601 40.091301 143.031296 -0.538494 -0.395623 0.743980 0.006800 0.979700
steel.jpg
0 -56.101700 -16.100302 103.005302 -0.646239 -0.424344 0.634278 0.379300 0.014200
0 -47.503201 -3.404900 120.259399 -0.646239 -0.424344 0.634278 0.535900 0.297800
0 -60.845001 10.136700 115.725601 -0.646239 -0.424344 0.634278 0.029700 0.281200
steel.jpg
0 -55.792400 -15.697599 102.385498 -0.371172 0.852295 0.368544 0.421000 0.013400
0 -31.056999 -11.341101 117.222099 -0.371172 0.852295 0.368544 0.951200 0.290100
0 -30.747700 -10.938398 116.602303 -0.371172 0.852295 0.368544 0.992900 0.289300
steel.jpg
0 -31.056999 -11.341101 117.222099 -0.371159 0.852303 0.368538 0.951200 0.290100
0 -55.792400 -15.697599 102.385498 -0.371159 0.852303 0.368538 0.421000 0.013400
0 -56.101700 -16.100302 103.005302 -0.371159 0.852303 0.368538 0.379300 0.014200
steel.jpg
0 -30.747700 -10.938398 116.602303 -0.710394 0.696909 0.098275 0.992900 0.289300
0 -5.736000 10.677800 144.112198 -0.710394 0.696909 0.098275 0.963500 0.988900
0 -5.426700 11.080500 143.492294 -0.710394 0.696909 0.098275 0.987500 0.988100
steel.jpg
0 -5.736000 10.677800 144.112198 0.710394 -0.696908 -0.098289 0.963500 0.988900
0 -31.056999 -11.341101 117.222099 0.710394 -0.696908 -0.098289 0.951200 0.290100
0 -30.747700 -10.938398 116.602303 0.710394 -0.696908 -0.098289 0.992900 0.289300
steel.jpg
0 -5.426700 11.080500 143.492294 0.431262 0.642904 0.632999 0.987500 0.988100
0 -47.688202 40.493999 142.411499 0.431262 0.642904 0.632999 0.030800 0.978900
0 -47.997601 40.091301 143.031296 0.431262 0.642904 0.632999 0.006800 0.979700
steel.jpg
0 -47.997601 40.091301 143.031296 -0.431312 -0.642978 -0.632889 0.006800 0.979700
0 -5.426700 11.080500 143.492294 -0.431312 -0.642978 -0.632889 0.987500 0.988100
0 -5.736000 10.677800 144.112198 -0.431312 -0.642978 -0.632889 0.963500 0.988900
steel.jpg
0 -47.688202 40.493999 142.411499 0.868008 -0.481799 0.120131 0.030800 0.978900
0 -60.845001 10.136700 115.725601 0.868008 -0.481799 0.120131 0.029700 0.281200
0 -60.535702 10.539400 115.105797 0.868008 -0.481799 0.120131 0.071400 0.280400
steel.jpg
0 -60.845001 10.136700 115.725601 -0.867969 0.481849 -0.120212 0.029700 0.281200
0 -47.997601 40.091301 143.031296 -0.867969 0.481849 -0.120212 0.006800 0.979700
0 -47.688202 40.493999 142.411499 -0.867969 0.481849 -0.120212 0.030800 0.978900
steel.jpg
0 -60.535702 10.539400 115.105797 -0.904632 0.042069 -0.424112 0.071400 0.280400
0 -55.792400 -15.697599 102.385498 -0.904632 0.042069 -0.424112 0.421000 0.013400
0 -56.101700 -16.100302 103.005302 -0.904632 0.042069 -0.424112 0.379300 0.014200
steel.jpg
0 -56.101700 -16.100302 103.005302 0.904634 -0.042067 0.424107 0.379300 0.014200
0 -60.535702 10.539400 115.105797 0.904634 -0.042067 0.424107 0.071400 0.280400
0 -60.845001 10.136700 115.725601 0.904634 -0.042067 0.424107 0.029700 0.281200
steel.jpg
0 89.389801 28.486200 172.620895 0.136370 0.795485 -0.590429 0.264700 0.195700
0 77.588203 32.187099 174.881302 0.136370 0.795485 -0.590429 0.897700 0.186800
0 89.276398 40.329601 188.551300 0.136370 0.795485 -0.590429 0.516600 0.093800
steel.jpg
0 77.588203 32.187099 174.881302 0.118962 0.765541 -0.632294 0.897700 0.186800
0 89.389801 28.486200 172.620895 0.118962 0.765541 -0.632294 0.264700 0.195700
0 59.991199 -23.465700 104.189598 0.118962 0.765541 -0.632294 0.381600 0.978900
steel.jpg
0 59.991199 -23.465700 104.189598 0.118963 0.765541 -0.632293 0.381600 0.978900
0 48.189499 -19.764799 106.449997 0.118963 0.765541 -0.632293 0.870100 0.977900
0 77.588203 32.187099 174.881302 0.118963 0.765541 -0.632293 0.897700 0.186800
steel.jpg
0 89.276398 40.329601 188.551300 0.398764 0.596699 -0.696375 0.516600 0.093800
0 88.266800 25.564501 175.321503 0.398764 0.596699 -0.696375 0.046000 0.199200
0 77.588203 32.187099 174.881302 0.398764 0.596699 -0.696375 0.897700 0.186800
steel.jpg
0 77.588203 32.187099 174.881302 0.416956 0.628695 -0.656422 0.897700 0.186800
0 58.868099 -26.387400 106.890099 0.416956 0.628695 -0.656422 0.256000 0.982500
0 48.189499 -19.764799 106.449997 0.416956 0.628695 -0.656422 0.870100 0.977900
steel.jpg
0 58.868099 -26.387400 106.890099 -0.416959 -0.628694 0.656422 0.256000 0.982500
0 88.266800 25.564501 175.321503 -0.416959 -0.628694 0.656422 0.046000 0.199200
0 77.588203 32.187099 174.881302 -0.416959 -0.628694 0.656422 0.897700 0.186800
steel.jpg
0 59.991199 -23.465700 104.189598 0.906311 -0.416190 -0.073392 0.381600 0.978900
0 89.389801 28.486200 172.620895 0.906311 -0.416190 -0.073392 0.264700 0.195700
0 88.266800 25.564501 175.321503 0.906311 -0.416190 -0.073392 0.046000 0.199200
steel.jpg
0 88.266800 25.564501 175.321503 -0.906305 0.416205 0.073379 0.046000 0.199200
0 59.991199 -23.465700 104.189598 -0.906305 0.416205 0.073379 0.381600 0.978900
0 58.868099 -26.387400 106.890099 -0.906305 0.416205 0.073379 0.256000 0.982500
steel.jpg
0 89.276398 40.329601 188.551300 -0.962131 0.215433 -0.167012 0.516600 0.093800
0 89.389801 28.486200 172.620895 -0.962131 0.215433 -0.167012 0.264700 0.195700
0 88.266800 25.564501 175.321503 -0.962131 0.215433 -0.167012 0.046000 0.199200
steel.jpg
0 59.777100 -23.844099 103.691200 0.118964 0.765524 -0.632313 0.381400 0.982400
0 47.975399 -20.143202 105.951599 0.118964 0.765524 -0.632313 0.870000 0.981400
0 48.189499 -19.764799 106.449997 0.118964 0.765524 -0.632313 0.870100 0.977900
steel.jpg
0 48.189499 -19.764799 106.449997 -0.118948 -0.765528 0.632312 0.870100 0.977900
0 59.777100 -23.844099 103.691200 -0.118948 -0.765528 0.632312 0.381400 0.982400
0 59.991199 -23.465700 104.189598 -0.118948 -0.765528 0.632312 0.381600 0.978900
steel.jpg
0 47.975399 -20.143202 105.951599 0.416961 0.628686 -0.656428 0.870000 0.981400
0 58.868099 -26.387400 106.890099 0.416961 0.628686 -0.656428 0.256000 0.982500
0 58.653999 -26.765799 106.391701 0.416961 0.628686 -0.656428 0.255800 0.986000
steel.jpg
0 58.868099 -26.387400 106.890099 -0.416938 -0.628689 0.656439 0.256000 0.982500
0 48.189499 -19.764799 106.449997 -0.416938 -0.628689 0.656439 0.870100 0.977900
0 47.975399 -20.143202 105.951599 -0.416938 -0.628689 0.656439 0.870000 0.981400
steel.jpg
0 58.653999 -26.765799 106.391701 -0.906315 0.416189 0.073353 0.255800 0.986000
0 59.991199 -23.465700 104.189598 -0.906315 0.416189 0.073353 0.381600 0.978900
0 59.777100 -23.844099 103.691200 -0.906315 0.416189 0.073353 0.381400 0.982400
steel.jpg
0 59.991199 -23.465700 104.189598 -0.906317 0.416184 0.073352 0.381600 0.978900
0 58.653999 -26.765799 106.391701 -0.906317 0.416184 0.073352 0.255800 0.986000
0 58.868099 -26.387400 106.890099 -0.906317 0.416184 0.073352 0.256000 0.982500
steel.jpg
0 -73.860199 33.090302 160.042801 0.559445 -0.411339 0.719598 0.264700 0.195700
0 -86.986000 39.085899 173.674500 0.559445 -0.411339 0.719598 0.516600 0.093800
0 -82.506699 24.100599 161.626205 0.559445 -0.411339 0.719598 0.897700 0.186800
steel.jpg
0 -82.506699 24.100599 161.626205 0.533490 -0.380031 0.755622 0.897700 0.186800
0 -29.145901 -20.198099 101.672401 0.533490 -0.380031 0.755622 0.381600 0.978900
0 -73.860199 33.090302 160.042801 0.533490 -0.380031 0.755622 0.264700 0.195700
steel.jpg
0 -29.145901 -20.198099 101.672401 -0.533492 0.380030 -0.755621 0.381600 0.978900
0 -37.792400 -29.187902 103.255798 -0.533492 0.380030 -0.755621 0.870100 0.977900
0 -82.506699 24.100599 161.626205 -0.533492 0.380030 -0.755621 0.897700 0.186800
steel.jpg
0 -86.986000 39.085899 173.674500 0.254463 -0.558635 0.789415 0.516600 0.093800
0 -82.506699 24.100599 161.626205 0.254463 -0.558635 0.789415 0.897700 0.186800
0 -72.152100 31.054701 163.209595 0.254463 -0.558635 0.789415 0.046000 0.199200
steel.jpg
0 -82.506699 24.100599 161.626205 0.281623 -0.591374 0.755622 0.897700 0.186800
0 -37.792400 -29.187902 103.255798 0.281623 -0.591374 0.755622 0.870100 0.977900
0 -27.437799 -22.233702 104.839203 0.281623 -0.591374 0.755622 0.256000 0.982500
steel.jpg
0 -27.437799 -22.233702 104.839203 -0.281618 0.591377 -0.755622 0.256000 0.982500
0 -82.506699 24.100599 161.626205 -0.281618 0.591377 -0.755622 0.897700 0.186800
0 -72.152100 31.054701 163.209595 -0.281618 0.591377 -0.755622 0.046000 0.199200
steel.jpg
0 -29.145901 -20.198099 101.672401 -0.766041 -0.642791 0.000004 0.381600 0.978900
0 -72.152100 31.054701 163.209595 -0.766041 -0.642791 0.000004 0.046000 0.199200
0 -73.860199 33.090302 160.042801 -0.766041 -0.642791 0.000004 0.264700 0.195700
steel.jpg
0 -72.152100 31.054701 163.209595 0.766043 0.642789 -0.000004 0.046000 0.199200
0 -27.437799 -22.233702 104.839203 0.766043 0.642789 -0.000004 0.256000 0.982500
0 -29.145901 -20.198099 101.672401 0.766043 0.642789 -0.000004 0.381600 0.978900
steel.jpg
0 -86.986000 39.085899 173.674500 0.572620 0.794573 0.201891 0.516600 0.093800
0 -72.152100 31.054701 163.209595 0.572620 0.794573 0.201891 0.046000 0.199200
0 -73.860199 33.090302 160.042801 0.572620 0.794573 0.201891 0.264700 0.195700
steel.jpg
0 -28.820200 -20.586203 101.247299 -0.533496 0.380050 -0.755608 0.381400 0.982400
0 -37.466801 -29.576002 102.830704 -0.533496 0.380050 -0.755608 0.870000 0.981400
0 -37.792400 -29.187902 103.255798 -0.533496 0.380050 -0.755608 0.870100 0.977900
steel.jpg
0 -37.792400 -29.187902 103.255798 0.533466 -0.380000 0.755654 0.870100 0.977900
0 -28.820200 -20.586203 101.247299 0.533466 -0.380000 0.755654 0.381400 0.982400
0 -29.145901 -20.198099 101.672401 0.533466 -0.380000 0.755654 0.381600 0.978900
steel.jpg
0 -37.466801 -29.576002 102.830704 -0.281628 0.591383 -0.755613 0.870000 0.981400
0 -27.437799 -22.233702 104.839203 -0.281628 0.591383 -0.755613 0.256000 0.982500
0 -27.112200 -22.621801 104.414101 -0.281628 0.591383 -0.755613 0.255800 0.986000
steel.jpg
0 -27.437799 -22.233702 104.839203 0.281615 -0.591377 0.755623 0.256000 0.982500
0 -37.792400 -29.187902 103.255798 0.281615 -0.591377 0.755623 0.870100 0.977900
0 -37.466801 -29.576002 102.830704 0.281615 -0.591377 0.755623 0.870000 0.981400
steel.jpg
0 -27.112200 -22.621801 104.414101 0.766019 0.642818 0.000042 0.255800 0.986000
0 -28.820200 -20.586203 101.247299 0.766019 0.642818 0.000042 0.381400 0.982400
0 -29.145901 -20.198099 101.672401 0.766019 0.642818 0.000042 0.381600 0.978900
steel.jpg
0 -29.145901 -20.198099 101.672401 -0.766075 -0.642751 0.000044 0.381600 0.978900
0 -27.112200 -22.621801 104.414101 -0.766075 -0.642751 0.000044 0.255800 0.986000
0 -27.437799 -22.233702 104.839203 -0.766075 -0.642751 0.000044 0.256000 0.982500
steel.jpg
0 18.366899 17.285400 156.452698 -0.164154 0.837965 -0.520449 0.264700 0.195700
0 9.872300 16.125700 157.264801 -0.164154 0.837965 -0.520449 0.897700 0.186800
0 14.119601 23.489401 167.781296 -0.164154 0.837965 -0.520449 0.516600 0.093800
steel.jpg
0 9.872300 16.125700 157.264801 0.164399 -0.808007 0.565772 0.897700 0.186800
0 18.366899 -18.389502 105.503601 0.164399 -0.808007 0.565772 0.381600 0.978900
0 18.366899 17.285400 156.452698 0.164399 -0.808007 0.565772 0.264700 0.195700
steel.jpg
0 18.366899 -18.389502 105.503601 -0.164402 0.808006 -0.565772 0.381600 0.978900
0 9.872300 -19.549299 106.315598 -0.164402 0.808006 -0.565772 0.870100 0.977900
0 9.872300 16.125700 157.264801 -0.164402 0.808006 -0.565772 0.897700 0.186800
steel.jpg
0 14.119601 23.489401 167.781296 -0.164151 -0.775667 0.609421 0.516600 0.093800
0 9.872300 16.125700 157.264801 -0.164151 -0.775667 0.609421 0.897700 0.186800
0 18.366899 14.966000 158.076797 -0.164151 -0.775667 0.609421 0.046000 0.199200
steel.jpg
0 9.872300 16.125700 157.264801 0.164402 0.808006 -0.565772 0.897700 0.186800
0 18.366899 -20.708998 107.127701 0.164402 0.808006 -0.565772 0.256000 0.982500
0 9.872300 -19.549299 106.315598 0.164402 0.808006 -0.565772 0.870100 0.977900
steel.jpg
0 18.366899 -20.708998 107.127701 -0.164391 -0.808007 0.565774 0.256000 0.982500
0 18.366899 14.966000 158.076797 -0.164391 -0.808007 0.565774 0.046000 0.199200
0 9.872300 16.125700 157.264801 -0.164391 -0.808007 0.565774 0.897700 0.186800
steel.jpg
0 18.366899 -18.389502 105.503601 1.000000 0.000000 0.000000 0.381600 0.978900
0 18.366899 17.285400 156.452698 1.000000 0.000000 0.000000 0.264700 0.195700
0 18.366899 14.966000 158.076797 1.000000 0.000000 0.000000 0.046000 0.199200
steel.jpg
0 18.366899 14.966000 158.076797 1.000000 0.000000 0.000000 0.046000 0.199200
0 18.366899 -20.708998 107.127701 1.000000 0.000000 0.000000 0.256000 0.982500
0 18.366899 -18.389502 105.503601 1.000000 0.000000 0.000000 0.381600 0.978900
steel.jpg
0 14.119601 23.489401 167.781296 -0.949393 -0.180157 -0.257286 0.516600 0.093800
0 18.366899 17.285400 156.452698 -0.949393 -0.180157 -0.257286 0.264700 0.195700
0 18.366899 14.966000 158.076797 -0.949393 -0.180157 -0.257286 0.046000 0.199200
steel.jpg
0 18.366899 -18.649401 105.132500 0.164399 -0.807981 0.565808 0.381400 0.982400
0 9.872300 -19.549299 106.315598 0.164399 -0.807981 0.565808 0.870100 0.977900
0 9.872300 -19.809099 105.944603 0.164399 -0.807981 0.565808 0.870000 0.981400
steel.jpg
0 9.872300 -19.549299 106.315598 0.164403 -0.807951 0.565851 0.870100 0.977900
0 18.366899 -18.649401 105.132500 0.164403 -0.807951 0.565851 0.381400 0.982400
0 18.366899 -18.389502 105.503601 0.164403 -0.807951 0.565851 0.381600 0.978900
steel.jpg
0 9.872300 -19.809099 105.944603 -0.164390 -0.808052 0.565710 0.870000 0.981400
0 18.366899 -20.968801 106.756599 -0.164390 -0.808052 0.565710 0.255800 0.986000
0 18.366899 -20.708998 107.127701 -0.164390 -0.808052 0.565710 0.256000 0.982500
steel.jpg
0 18.366899 -20.708998 107.127701 -0.164405 -0.807977 0.565813 0.256000 0.982500
0 9.872300 -19.549299 106.315598 -0.164405 -0.807977 0.565813 0.870100 0.977900
0 9.872300 -19.809099 105.944603 -0.164405 -0.807977 0.565813 0.870000 0.981400
steel.jpg
0 18.366899 -20.968801 106.756599 1.000000 -0.000001 0.000000 0.255800 0.986000
0 18.366899 -18.649401 105.132500 1.000000 -0.000001 0.000000 0.381400 0.982400
0 18.366899 -18.389502 105.503601 1.000000 -0.000001 0.000000 0.381600 0.978900
steel.jpg
0 18.366899 -18.389502 105.503601 1.000000 0.000001 0.000000 0.381600 0.978900
0 18.366899 -20.708998 107.127701 1.000000 0.000001 0.000000 0.256000 0.982500
0 18.366899 -20.968801 106.756599 1.000000 0.000001 0.000000 0.255800 0.986000
steel.jpg
0 -9.874900 -64.122299 1.314400 -0.104056 0.993881 0.037057 0.379300 0.014200
0 11.785800 -62.547905 19.912001 -0.104056 0.993881 0.037057 0.535900 0.297800
0 25.971001 -60.398102 2.085300 -0.104056 0.993881 0.037057 0.951200 0.290100
steel.jpg
0 25.971001 -60.398102 2.085300 0.173255 -0.983079 0.059490 0.951200 0.290100
0 69.893997 -51.239700 25.510300 0.173255 -0.983079 0.059490 0.963500 0.988900
0 39.943199 -55.520905 41.989799 0.173255 -0.983079 0.059490 0.515300 0.779400
steel.jpg
0 39.943199 -55.520905 41.989799 -0.207074 0.977199 -0.046930 0.515300 0.779400
0 25.971001 -60.398102 2.085300 -0.207074 0.977199 -0.046930 0.951200 0.290100
0 11.785800 -62.547905 19.912001 -0.207074 0.977199 -0.046930 0.535900 0.297800
steel.jpg
0 69.893997 -51.239700 25.510300 0.367375 -0.809891 0.457288 0.963500 0.988900
0 30.485699 -41.917099 73.681099 0.367375 -0.809891 0.457288 0.006800 0.979700
0 39.943199 -55.520905 41.989799 0.367375 -0.809891 0.457288 0.515300 0.779400
steel.jpg
0 30.485699 -41.917099 73.681099 0.164826 0.900336 -0.402775 0.006800 0.979700
0 11.785800 -62.547905 19.912001 0.164826 0.900336 -0.402775 0.535900 0.297800
0 -3.839000 -52.738503 35.445202 0.164826 0.900336 -0.402775 0.029700 0.281200
steel.jpg
0 11.785800 -62.547905 19.912001 -0.065146 -0.923864 0.377136 0.535900 0.297800
0 39.943199 -55.520905 41.989799 -0.065146 -0.923864 0.377136 0.515300 0.779400
0 30.485699 -41.917099 73.681099 -0.065146 -0.923864 0.377136 0.006800 0.979700
steel.jpg
0 -9.874900 -64.122299 1.314400 0.229373 0.910437 -0.344226 0.379300 0.014200
0 -3.839000 -52.738503 35.445202 0.229373 0.910437 -0.344226 0.029700 0.281200
0 11.785800 -62.547905 19.912001 0.229373 0.910437 -0.344226 0.535900 0.297800
steel.jpg
0 -9.932300 -63.167603 1.060500 0.047181 -0.254194 -0.966002 0.421000 0.013400
0 25.913500 -59.443504 1.831300 0.047181 -0.254194 -0.966002 0.992900 0.289300
0 25.971001 -60.398102 2.085300 0.047181 -0.254194 -0.966002 0.951200 0.290100
steel.jpg
0 25.971001 -60.398102 2.085300 0.047173 -0.254078 -0.966033 0.951200 0.290100
0 -9.874900 -64.122299 1.314400 0.047173 -0.254078 -0.966033 0.379300 0.014200
0 -9.932300 -63.167603 1.060500 0.047173 -0.254078 -0.966033 0.421000 0.013400
steel.jpg
0 25.913500 -59.443504 1.831300 -0.456017 -0.105826 0.883657 0.992900 0.289300
0 69.893997 -51.239700 25.510300 -0.456017 -0.105826 0.883657 0.963500 0.988900
0 65.889603 -50.590904 23.521500 -0.456017 -0.105826 0.883657 0.987500 0.988100
steel.jpg
0 69.893997 -51.239700 25.510300 0.492953 -0.195869 -0.847722 0.963500 0.988900
0 25.971001 -60.398102 2.085300 0.492953 -0.195869 -0.847722 0.951200 0.290100
0 25.913500 -59.443504 1.831300 0.492953 -0.195869 -0.847722 0.992900 0.289300
steel.jpg
0 65.889603 -50.590904 23.521500 -0.816983 -0.193710 -0.543152 0.987500 0.988100
0 30.485699 -41.917099 73.681099 -0.816983 -0.193710 -0.543152 0.006800 0.979700
0 30.428200 -40.962402 73.427101 -0.816983 -0.193710 -0.543152 0.030800 0.978900
steel.jpg
0 30.485699 -41.917099 73.681099 0.180377 0.982674 -0.042613 0.006800 0.979700
0 69.893997 -51.239700 25.510300 0.180377 0.982674 -0.042613 0.963500 0.988900
0 65.889603 -50.590904 23.521500 0.180377 0.982674 -0.042613 0.987500 0.988100
steel.jpg
0 30.428200 -40.962402 73.427101 -0.755651 0.125530 0.642832 0.030800 0.978900
0 -3.896500 -51.783905 35.191200 -0.755651 0.125530 0.642832 0.071400 0.280400
0 -3.839000 -52.738503 35.445202 -0.755651 0.125530 0.642832 0.029700 0.281200
steel.jpg
0 -3.839000 -52.738503 35.445202 0.755652 -0.125515 -0.642834 0.029700 0.281200
0 30.428200 -40.962402 73.427101 0.755652 -0.125515 -0.642834 0.030800 0.978900
0 30.485699 -41.917099 73.681099 0.755652 -0.125515 -0.642834 0.006800 0.979700
steel.jpg
0 -3.896500 -51.783905 35.191200 0.983968 0.011833 -0.177954 0.071400 0.280400
0 -9.874900 -64.122299 1.314400 0.983968 0.011833 -0.177954 0.379300 0.014200
0 -9.932300 -63.167603 1.060500 0.983968 0.011833 -0.177954 0.421000 0.013400
steel.jpg
0 -9.874900 -64.122299 1.314400 -0.983961 -0.011911 0.177983 0.379300 0.014200
0 -3.839000 -52.738503 35.445202 -0.983961 -0.011911 0.177983 0.029700 0.281200
0 -3.896500 -51.783905 35.191200 -0.983961 -0.011911 0.177983 0.071400 0.280400
steel.jpg
0 -80.310600 -22.414701 104.372498 0.948547 0.282901 -0.142219 0.264700 0.195700
0 -83.739899 -8.518000 109.143501 0.948547 0.282901 -0.142219 0.897700 0.186800
0 -77.105797 -21.306898 127.950897 0.948547 0.282901 -0.142219 0.516600 0.093800
steel.jpg
0 -83.739899 -8.518000 109.143501 -0.935175 -0.297017 0.192949 0.897700 0.186800
0 -109.911003 5.030701 3.154900 -0.935175 -0.297017 0.192949 0.381600 0.978900
0 -80.310600 -22.414701 104.372498 -0.935175 -0.297017 0.192949 0.264700 0.195700
steel.jpg
0 -109.911003 5.030701 3.154900 -0.935175 -0.297016 0.192949 0.381600 0.978900
0 -83.739899 -8.518000 109.143501 -0.935175 -0.297016 0.192949 0.897700 0.186800
0 -113.340302 18.927401 7.925900 -0.935175 -0.297016 0.192949 0.870100 0.977900
steel.jpg
0 -77.105797 -21.306898 127.950897 -0.942174 0.004056 0.335100 0.516600 0.093800
0 -83.739899 -8.518000 109.143501 -0.942174 0.004056 0.335100 0.897700 0.186800
0 -85.072098 -23.116899 105.574600 -0.942174 0.004056 0.335100 0.046000 0.199200
steel.jpg
0 -83.739899 -8.518000 109.143501 0.958340 -0.017762 -0.285076 0.897700 0.186800
0 -114.672501 4.328501 4.357000 0.958340 -0.017762 -0.285076 0.256000 0.982500
0 -113.340302 18.927401 7.925900 0.958340 -0.017762 -0.285076 0.870100 0.977900
steel.jpg
0 -114.672501 4.328501 4.357000 -0.958340 0.017760 0.285076 0.256000 0.982500
0 -85.072098 -23.116899 105.574600 -0.958340 0.017760 0.285076 0.046000 0.199200
0 -83.739899 -8.518000 109.143501 -0.958340 0.017760 0.285076 0.897700 0.186800
steel.jpg
0 -109.911003 5.030701 3.154900 -0.070447 0.957356 0.280192 0.381600 0.978900
0 -85.072098 -23.116899 105.574600 -0.070447 0.957356 0.280192 0.046000 0.199200
0 -80.310600 -22.414701 104.372498 -0.070447 0.957356 0.280192 0.264700 0.195700
steel.jpg
0 -85.072098 -23.116899 105.574600 0.070448 -0.957356 -0.280191 0.046000 0.199200
0 -114.672501 4.328501 4.357000 0.070448 -0.957356 -0.280191 0.256000 0.982500
0 -109.911003 5.030701 3.154900 0.070448 -0.957356 -0.280191 0.381600 0.978900
steel.jpg
0 -77.105797 -21.306898 127.950897 -0.152203 0.988014 -0.025733 0.516600 0.093800
0 -80.310600 -22.414701 104.372498 -0.152203 0.988014 -0.025733 0.264700 0.195700
0 -85.072098 -23.116899 105.574600 -0.152203 0.988014 -0.025733 0.046000 0.199200
steel.jpg
0 -110.126602 5.230600 2.417700 -0.935166 -0.297026 0.192979 0.381400 0.982400
0 -113.340302 18.927401 7.925900 -0.935166 -0.297026 0.192979 0.870100 0.977900
0 -113.555901 19.127300 7.188800 -0.935166 -0.297026 0.192979 0.870000 0.981400
steel.jpg
0 -113.340302 18.927401 7.925900 -0.935172 -0.297020 0.192957 0.870100 0.977900
0 -110.126602 5.230600 2.417700 -0.935172 -0.297020 0.192957 0.381400 0.982400
0 -109.911003 5.030701 3.154900 -0.935172 -0.297020 0.192957 0.381600 0.978900
steel.jpg
0 -113.555901 19.127300 7.188800 -0.958337 0.017755 0.285087 0.870000 0.981400
0 -114.888100 4.528400 3.619800 -0.958337 0.017755 0.285087 0.255800 0.986000
0 -114.672501 4.328501 4.357000 -0.958337 0.017755 0.285087 0.256000 0.982500
steel.jpg
0 -114.672501 4.328501 4.357000 -0.958327 0.017751 0.285121 0.256000 0.982500
0 -113.340302 18.927401 7.925900 -0.958327 0.017751 0.285121 0.870100 0.977900
0 -113.555901 19.127300 7.188800 -0.958327 0.017751 0.285121 0.870000 0.981400
steel.jpg
0 -114.888100 4.528400 3.619800 -0.070445 0.957355 0.280196 0.255800 0.986000
0 -109.911003 5.030701 3.154900 -0.070445 0.957355 0.280196 0.381600 0.978900
0 -110.126602 5.230600 2.417700 -0.070445 0.957355 0.280196 0.381400 0.982400
steel.jpg
0 -109.911003 5.030701 3.154900 0.070446 -0.957354 -0.280196 0.381600 0.978900
0 -114.672501 4.328501 4.357000 0.070446 -0.957354 -0.280196 0.256000 0.982500
0 -114.888100 4.528400 3.619800 0.070446 -0.957354 -0.280196 0.255800 0.986000
end
