path,container,payload,mode,width,height,alpha_min_max,transparent_pixels,partial_alpha_pixels,opaque_pixels,container_sha256,payload_sha256
src/bin/Data/Interface/BalgasBarrack.OZT,.OZT,original/Interface/BalgasBarrack.tga,RGBA,166,90,"[0, 255]",7661,1875,5404,f53fe421cac2fef6405de1e2ad54ac97b981fed01a5721d9a5f692ac56d9e77e,55da818349eedfbe94016c9567b1fbbd2dd394e8d3ec51bf470a05674b1c0e31
src/bin/Data/Interface/BalgasRefuge.OZT,.OZT,original/Interface/BalgasRefuge.tga,RGBA,166,90,"[0, 255]",7410,2020,5510,2913925f48875628701b7006b6a52d1e9b919a356f88681b691713016c4b9e9d,526d01d9e438892710a4277fdb98ced3c7197f5c74c6e0e14f104ceadcc9d71c
src/bin/Data/Interface/BattleSkill.OZT,.OZT,original/Interface/BattleSkill.tga,RGBA,128,32,"[0, 255]",7,26,4063,224cf0a8d573c6bcb8d1e4a0c05b2c5a29a92bebd956cc947a7489182e60809f,ba2f9146292bd3f6b64d710e82c4c06e14241e99d9e19d52dbabda17b7b220c9
src/bin/Data/Interface/Cursor.ozt,.ozt,original/Interface/Cursor.tga,RGBA,32,32,"[0, 255]",394,212,418,fa263b817af88071d88a24c279c98d12bfa14b3abb18a450c407904d4edad630,02c2ae290368873e24c22eaf3d3d4f18474c028e89735db7b19bfeeaac718ae9
src/bin/Data/Interface/CursorAddIn.OZT,.OZT,original/Interface/CursorAddIn.tga,RGBA,32,32,"[0, 255]",533,88,403,b2f66a2d005f00aaee922f9fb7ff409e6259a88a780c6dd5a73f8a724e9d611a,9d5ca047e07f02774e77f59d049b23b0a84dfa5458c6b868cbcadabc9a44b1af
src/bin/Data/Interface/CursorAttack.ozt,.ozt,original/Interface/CursorAttack.tga,RGBA,32,32,"[0, 255]",360,276,388,abb0720a0b1ac63c74620a38ec189f9299e302a52c940b3b519f7c74891a6edb,e33d533f66e80565a2cd10b66a844081fbec73c822e5aa7d4199cb43fb5fa67a
src/bin/Data/Interface/CursorAttack2.OZT,.OZT,original/Interface/CursorAttack2.tga,RGBA,32,32,"[0, 255]",523,98,403,4e2507eed6577a10f915beb1691ad64a45b6b4ae0f7823b3519c9eb4973816f5,eef259ed9b86f6ee6c8e14fdf261201185214fd6606117c29b17a2f04bebd54c
src/bin/Data/Interface/CursorDontMove.OZT,.OZT,original/Interface/CursorDontMove.tga,RGBA,32,32,"[0, 255]",478,271,275,6408e3b15a26d4597f5273c352bd32b74d6f8500b016f545c5e235cf5745221b,13bc96aaa9bc3847fb36d12d6bde44d07d63279167aacc57516c2ed1d4817b18
src/bin/Data/Interface/CursorEye.ozt,.ozt,original/Interface/CursorEye.tga,RGBA,64,64,"[0, 255]",2350,301,1445,5edabe747d693f2b04e6d267dbbb27f731513ef70b1147c11fa29825bf6bca7e,cebec2d0787ac87d37d6b4840d8c3f36e483828fa24dcb6aac40a941891136e8
src/bin/Data/Interface/CursorGet.ozt,.ozt,original/Interface/CursorGet.tga,RGBA,32,32,"[0, 255]",376,276,372,d73e18d548dad9eb7b88f5929c979c2ae9d9142dfd6b9a8bdbeb6a4fb756ad3f,80a8a4be1909db0f765a528ed2d2095f0e35c0dc3546e90166a2d50186da5be7
src/bin/Data/Interface/CursorLeanAgainst.ozt,.ozt,original/Interface/CursorLeanAgainst.tga,RGBA,32,32,"[0, 255]",258,381,385,96f2034d2ff677c48bb14924553eafa727bb17cbfb32628bd2f0296127882ebb,1a48f51476f7a7397becc0ed7c54cf7d5d0c973bfe96990ca7d24e1ba64ea28e
src/bin/Data/Interface/CursorPush.ozt,.ozt,original/Interface/CursorPush.tga,RGBA,32,32,"[0, 255]",383,208,433,ab5d8a34dccc189fb5930d63a4c70772908767d95f3a92294fb7f11bd1eb88c4,57ceaca15e3d24594a5b7176de901753b18030c5bc31f8ae752933bf5e77fd1f
src/bin/Data/Interface/CursorRepair.OZT,.OZT,original/Interface/CursorRepair.tga,RGBA,32,32,"[0, 255]",597,267,160,412a86570a9b2245fb75ffebaa7fdc3950bb090b7e6369a02f027fdff751f1f5,5538c65d3239561a6d80a7dd1d8a57b320a9bd6664529e6c46e370472fd4f0e4
src/bin/Data/Interface/CursorSitDown.ozt,.ozt,original/Interface/CursorSitDown.tga,RGBA,32,32,"[0, 255]",395,402,227,67c810fd2acd214309d753ae42f7605490cb33be638661286988a2430d229051,f95035298d6edb6df93719702319e399319c96325bac2cbddaab1fc2c8473db2
src/bin/Data/Interface/CursorTalk.ozt,.ozt,original/Interface/CursorTalk.tga,RGBA,64,64,"[0, 255]",1879,440,1777,7983731596c064aeaa3e30df53849a3e00fcd82836be1aecf0bfda9ce31d6c5c,59ab16bbc679a7061a60ebff930cea20d3e8b24b4aac8653310cf71300719e16
src/bin/Data/Interface/Cursorid.OZT,.OZT,original/Interface/Cursorid.tga,RGBA,32,32,"[0, 255]",483,252,289,f6dc986734bc3c21509342b0b4f0aabaaf4315760bd8bb67c48938de7880b556,1ab65353752edd25cf253186403d01b541fe17bb220ad6181e03be0e4ec1e43b
src/bin/Data/Interface/Doppelganger.OZT,.OZT,original/Interface/Doppelganger.tga,RGBA,166,90,"[0, 255]",8290,1876,4774,0012311a792c5de0aba34a4447c17c00a50b0362e6a112243ca4b513487f345a,770a74a0ea6a75aa074462dceb790ef64fd6dc1c87c76c84c6cc6065199c4667
src/bin/Data/Interface/Double_Baricon01.OZT,.OZT,original/Interface/Double_Baricon01.tga,RGBA,9,8,"[0, 255]",22,36,14,542ff845eb5827b30ac1334fbdf40413504e583a7f915422a807bddce147cab7,c79c1882b1af731b94de2215134a5925a09a22324de9c8c8510ac9a35b399533
src/bin/Data/Interface/Double_Baricon04.OZT,.OZT,original/Interface/Double_Baricon04.tga,RGBA,9,8,"[0, 255]",22,32,18,b4e891214e2e1e163a1175e68bd139645bfbb36e1c7c453ae3ee027c6d155761,3a44e7953bec9051f761efac6fa6ca3d79a1619ac0e864d2e7814f61e386a839
src/bin/Data/Interface/Double_Micon01.OZT,.OZT,original/Interface/Double_Micon01.tga,RGBA,13,7,"[0, 255]",16,41,34,1b7dbf1ee0a70822f25fa0fa20035d820d62a58cf75dcb941e76fedc2e567483,3a7d45a44e19d0013535b282d84234640c33242076aba5bca1ac73fe5de56348
src/bin/Data/Interface/Double_back.OZT,.OZT,original/Interface/Double_back.tga,RGBA,227,87,"[0, 255]",7368,856,11525,e89b07486ee431359b6d4e8fb0521e8a0485f59a097a0aa5b1befc5c3a59f5e5,341e4386aee77381cb01c85516e65b6ea5e883f3880f868dce09835fee9805a3
src/bin/Data/Interface/Double_bar(O).OZJ,.OZJ,original/Interface/Double_bar(O).jpg,RGB,166,7,"[255, 255]",0,0,1162,3dec88d47dae859769b957d338e5b060091d18a4e722c5a6e5c6fb4ddb7acb1a,98f1a25ccc13367bbc5e65a1678c24dcc1bb14d8b07e7abeb87f6cbfff80bc53
src/bin/Data/Interface/Double_bar(R).OZJ,.OZJ,original/Interface/Double_bar(R).jpg,RGB,166,7,"[255, 255]",0,0,1162,04b37f591d2151c5872946004e47e47c882de5162033e3bca67d3bc4ba855ac0,78ced8eb6d30d9ae05df34528327d81914478036b84fe6836b09bcaf06e50654
src/bin/Data/Interface/Double_bar(Y).OZJ,.OZJ,original/Interface/Double_bar(Y).jpg,RGB,166,7,"[255, 255]",0,0,1162,af605e25763615c30c7651e22fab69e172d8fd45c1c768c49debcf150633d90c,b0032e94f12cf4585144efbf75bc951af4599c66f1e5bf961f124449c9297e39
src/bin/Data/Interface/Elbeland.OZT,.OZT,original/Interface/Elbeland.tga,RGBA,166,90,"[0, 255]",7653,2214,5073,dbd66dc5ddedc56c95ad7764729f767a91fe356280e4793aa0ba8c1f1e6a9b71,c1a389986859057ab664e191542799cd63cbcc7b40300787042e4fb7143376b9
src/bin/Data/Interface/EmpireGuardian.OZT,.OZT,original/Interface/EmpireGuardian.tga,RGBA,166,90,"[0, 255]",8721,1734,4485,9d41d353651e053d1e3e5096eb78fd5e9f6f685d055490d15caf947b2df07af8,e5506788ae404d302708903a1bf248a79d3c15fae843eaa65eaff0c276703909
src/bin/Data/Interface/Exbar_Master.OZJ,.OZJ,original/Interface/Exbar_Master.jpg,RGB,6,4,"[255, 255]",0,0,24,efb4230f485da568efdacfa29cabb899695c846c37de2c86588d54d24c94c3fc,baed2bd79eb6df70a961349720178bbccb73780c21fb7ab02737170a8d45fa2b
src/bin/Data/Interface/Failure_kantru.OZT,.OZT,original/Interface/Failure_kantru.tga,RGBA,372,99,"[0, 255]",20322,3182,13324,24a2f4b36943fdfb8fa010339f7df55e605efbd59e21648a9f4ee74d86bb8705,752b4b2fa7f58ab08543afbdace81096a546fa82b0acd5d679fa72adab2cfe57
src/bin/Data/Interface/Font.ozt,.ozt,original/Interface/Font.tga,RGBA,256,256,"[0, 255]",62521,1171,1844,426d446525677109b5f932bc359cc5ab4597aec6d4e1dcd6da416df226d6279b,c35d40f052aa4241e8e0dc75a37fae136bfc3140bbfab6e02bddbe1e4ad55319
src/bin/Data/Interface/FontInput.OZT,.OZT,original/Interface/FontInput.tga,RGBA,256,32,"[0, 0]",8192,0,0,978fb6f0270242e23a22bc131fdea9059b0420e3382d160bb1df04c00db0af57,d5f23d9b7d9234c323fd5357d6a5adc2609818a8ff74669b494e4323e9b92621
src/bin/Data/Interface/FontTest.OZT,.OZT,original/Interface/FontTest.tga,RGBA,256,32,"[0, 255]",6295,780,1117,65ccbf4f0cfb265d057b58af25bd85bef05a7d390844378168e7b3029e736e0b,3de9405b53ec7342870671c4846bfd6b0c1bcfc680c001c551d2e12a6f53077f
src/bin/Data/Interface/Gens_mark_D.OZT,.OZT,original/Interface/Gens_mark_D.tga,RGBA,18,18,"[0, 255]",29,22,273,5eb011827123c526b7e32c6ff4648b0b5058db26c09fe0fe1ef79dc4550a68a6,da9d08def454c216c2495ec62602c219fced5896dfd6fe54d33d51e5b68b2103
src/bin/Data/Interface/Gens_mark_D_new.OZT,.OZT,original/Interface/Gens_mark_D_new.tga,RGBA,256,256,"[0, 255]",47550,5776,12210,a8bd4e53ebf0986d7c0e5a2d905de90100268b55e3c496e697c2f1468716d6dc,8a289d079228c3e257dc0033c4b251e98871867ba524c37ef38220e9a3eed10e
src/bin/Data/Interface/Gens_mark_V.OZT,.OZT,original/Interface/Gens_mark_V.tga,RGBA,18,18,"[0, 255]",14,31,279,b23c8ffd4e57f0bb1b8bf9a1d79eb87564e8cfc88e346bb298673850b08e1fa8,e016e7e60895e152fb6fd426693f40d2e8c2465d3f2431b65d6228be9b255071
src/bin/Data/Interface/Gens_mark_V_new.OZT,.OZT,original/Interface/Gens_mark_V_new.tga,RGBA,256,256,"[0, 255]",46818,4676,14042,9cc1c959f5dec91dfca6170eac9cf50a12d122896f1f4f171a9ea87990540ec2,518dc8dd716c34c670d8cd5aaf763a3b2b63e47852cbe1e2b601ade4657bca91
src/bin/Data/Interface/Gens_point.OZT,.OZT,original/Interface/Gens_point.tga,RGBA,168,18,"[0, 255]",662,1497,865,e95163891f19197e1a09ae1d4d977556918d3b90ce03979ffc1307b6e8de561f,c75e5de57391bcdcd7cf53bb69f7880671bae30fba91c16d31ac2fe21fa1ac5e
src/bin/Data/Interface/Grail_illusion.OZT,.OZT,original/Interface/Grail_illusion.tga,RGBA,40,36,"[0, 255]",300,0,1140,43f2c5c3c678f28f4c32139cafae21bd493e52b056d688838af77156ee37fa23,14e248b4bbeddf00263104a67b79746c3166cac826d223b93e78555725758b31
src/bin/Data/Interface/Grail_mu.OZT,.OZT,original/Interface/Grail_mu.tga,RGBA,40,36,"[0, 255]",300,0,1140,0bdd85ab2e3398500c36318a9738aa6b495596e318717e0d21a93aae47e43442,63398f9649c334444a27ec1752f4bc86b0786345eb638a46df52093cea4e0b90
src/bin/Data/Interface/Hero.OZT,.OZT,original/Interface/Hero.tga,RGBA,11,11,"[0, 255]",12,68,41,6fd8dca4e01d90c979df13efc008fd8ae25c8e7ee9e30675a5c624ac07e53178,2301421ed109e414dd6f34200becf2dc41c1e0fc4204da1810b348471b3ce3c3
src/bin/Data/Interface/Icarus.OZT,.OZT,original/Interface/Icarus.tga,RGBA,166,90,"[0, 255]",8512,1781,4647,d3734a1b859f14f7c8e7c86509aac689b8a6c9ebdc55783c9acbe0b6937ababc,284f8655a8992ee0dacb7a37e8e4f08d23e72d4b5ededc3277a2d283f6f2b4c4
src/bin/Data/Interface/IllusionTemple.OZT,.OZT,original/Interface/IllusionTemple.tga,RGBA,166,90,"[0, 255]",7803,1733,5404,44eba036700ac4edac140abf354c84e2f1224ca48a1113988dc8a0493cdfe8a7,d6fde3a0c51693cee89f06a7544519136940ac8a72342d07a2d4c971382deb1a
src/bin/Data/Interface/InGameShop/IGS_Storage_Page.OZT,.OZT,original/Interface/InGameShop/IGS_Storage_Page.tga,RGBA,80,30,"[0, 255]",41,1669,690,d4b1c5751facf1c0f6fe22df4e0c90c2be01d3e1e66613a661d6e850caafb767,cb527d656eb40ec3b287c4e77fd20ad661f3d34f3cdecc0322c2800e27e01935
src/bin/Data/Interface/InGameShop/IGS_Storage_Page_Left.OZT,.OZT,original/Interface/InGameShop/IGS_Storage_Page_Left.tga,RGBA,20,66,"[0, 255]",642,243,435,1289175816e3e8400ecb0ec5d4220721458708848f5035d38f36a4099f42a8b3,1cdeebba48cde0205804f2a9fb1816b39fdcdbdc646a272dbf41eeacb00502d0
src/bin/Data/Interface/InGameShop/IGS_Storage_Page_Right.OZT,.OZT,original/Interface/InGameShop/IGS_Storage_Page_Right.tga,RGBA,20,66,"[0, 255]",642,243,435,4fbac1bac4bf13db423bef32e2186b6c7d0c42f320fe5c94a254ce4f8e7303d2,e2a110d8f3fc490d7012679dc4133f7086eeb23f31e2b4144da6acc479acd8ea
src/bin/Data/Interface/InGameShop/Ingame_Shopback.OZJ,.OZJ,original/Interface/InGameShop/Ingame_Shopback.jpg,RGB,640,429,"[255, 255]",0,0,274560,6df062fb9a0461e26896944e2ac55545910b6794d004fc96aa85c7ef46674bbb,c6d018b8db07998374c63007a2faf31474710aebf67fa182bbc0fb2542a4c6e1
src/bin/Data/Interface/InGameShop/ingame_Box.OZT,.OZT,original/Interface/InGameShop/ingame_Box.tga,RGBA,160,41,"[0, 255]",3,5031,1526,3df3255c8648ba37eda9a11a322a39073ccb0706cb157cc3f7e04362fea98c06,9adb3148c7fbe5c57f6a8a0c778e1eefe13ca8a6737d78c67dc61cfcc30db592
src/bin/Data/Interface/InGameShop/ingame_Box_List_A.OZT,.OZT,original/Interface/InGameShop/ingame_Box_List_A.tga,RGBA,210,202,"[0, 255]",26,0,42394,ba045b797ee8d628b0eb324bf2a5eb434f0d1495c7d319304a7bd18bc286a6cf,fc60ab2b92340e26420a2c186ec03ed33522f558fdf760aa8c339417dfdd6db6
src/bin/Data/Interface/InGameShop/ingame_Box_List_B.OZT,.OZT,original/Interface/InGameShop/ingame_Box_List_B.tga,RGBA,210,306,"[0, 255]",26,0,64234,7f1386af23fded07f2b4b9b0cea06a64b60b5ed50a9547d8835b1e64bbf15867,11a6a3351e192e56f1e7d4133d05e62e06385218cab146b294ccde46b697fc7b
src/bin/Data/Interface/InGameShop/ingame_Bt01.OZT,.OZT,original/Interface/InGameShop/ingame_Bt01.tga,RGBA,73,81,"[0, 255]",12,1214,4687,88be29d860318b4ce2723b51be00266dc9999c1c54da8a357a22d827d266e22e,9c347539a92b82469b9564be80dfd418f671d89ed7727342ef54eaf064571013
src/bin/Data/Interface/InGameShop/ingame_Bt03.OZT,.OZT,original/Interface/InGameShop/ingame_Bt03.tga,RGBA,52,78,"[0, 255]",9,621,3426,ea253feeb0dd13416a3e4703717fe5834fe750555d257a30d225bdaafa7e68b2,c58affcf4c9dbeacf25c622ab4671e23a8a4c66350e166da2f432c0ad01f62cf
src/bin/Data/Interface/InGameShop/ingame_Bt_Cash.OZT,.OZT,original/Interface/InGameShop/ingame_Bt_Cash.tga,RGBA,25,75,"[0, 255]",12,360,1503,9cdf33e837d53421b3a0c9535a42084efa56e7f278c96f53c172d472e07f9fad,a7d85bdfeceb2b962bf36ab94ad63d4726ead13a6386643a171be33d605b0c96
src/bin/Data/Interface/InGameShop/ingame_Bt_Delete.OZT,.OZT,original/Interface/InGameShop/ingame_Bt_Delete.tga,RGBA,25,75,"[0, 255]",12,360,1503,194bcdb1b19ce4bf75a0c3d5e8e1d138b2d33657a7dd4699957500d7bfa5f9bb,06cf13660a8ff23d29f6997c5a7ea508cab3bee020abf73e1bb38b4a423f7799
src/bin/Data/Interface/InGameShop/ingame_Bt_Gift.OZT,.OZT,original/Interface/InGameShop/ingame_Bt_Gift.tga,RGBA,25,75,"[0, 255]",12,360,1503,e033cc14a6cf3802a0779348b57d6ec53cd8785b1acb90e0f89c7fbed7d6f000,f44c902b74b8f6e033d5cc81e2b3d90b73e481f514d6bc228586f8441596dca1
src/bin/Data/Interface/InGameShop/ingame_Bt_Reset.OZT,.OZT,original/Interface/InGameShop/ingame_Bt_Reset.tga,RGBA,25,75,"[0, 255]",12,360,1503,ffcbafdc1d7ea924d221b89126af1570c64c3f6154b4fc137f2ee778a56841dc,dc347eb918fd4f6e70cf5b0f547c41c58265f882a4af92e8f00d30f198f173ed
src/bin/Data/Interface/InGameShop/ingame_Bt_page_L.OZT,.OZT,original/Interface/InGameShop/ingame_Bt_page_L.tga,RGBA,20,69,"[0, 255]",312,378,690,174da1205b8b3d3ce7bd51415e05941db8cc7d83c44c4a3b57ce47bb2fcb1e93,0e63f02325afa49313eb07494f5c4643a3ae05f97e7b10ddce1b22a5eeae8631
src/bin/Data/Interface/InGameShop/ingame_Bt_page_R.OZT,.OZT,original/Interface/InGameShop/ingame_Bt_page_R.tga,RGBA,20,69,"[0, 255]",312,378,690,025357e4f7355ad480185c4f98bf5c01e86600e10281f2eaf9a54bdf405ff424,c5288cd0fd9945cc5425e1429b26cacf2a271c2dfd102d3f762c9646742bd285
src/bin/Data/Interface/InGameShop/ingame_Deco_Center.OZT,.OZT,original/Interface/InGameShop/ingame_Deco_Center.tga,RGBA,6,8,"[48, 255]",0,16,32,55e7a30043bc7adcfd03d2335a71c5686f24edd3a8e412274ded5c9eb9e3bd1f,515abd6e2b5ef2960ceec5a2a82f696301f65fb341a8493ee786a331538e0009
src/bin/Data/Interface/InGameShop/ingame_Deco_Dn.OZT,.OZT,original/Interface/InGameShop/ingame_Deco_Dn.tga,RGBA,47,100,"[0, 255]",3224,1116,360,076f4847a5de3bd9d4597967698ba288dc286cb9f0ed4b5032ec9f98cd924216,bf263c4793053c078e391cbd725ecf30963882d1f92ac53700e780b07cc5e702
src/bin/Data/Interface/InGameShop/ingame_Tab01.OZT,.OZT,original/Interface/InGameShop/ingame_Tab01.tga,RGBA,49,20,"[0, 255]",3,19,958,2231badc381c12d8abbb3df078e342f41723869d712b91b74beaa84531a035bb,f0b7e7f86adbd69a95d381a75740555df2047e214aa8eb13480d8a4ad491a90f
src/bin/Data/Interface/InGameShop/ingame_Tab02.OZT,.OZT,original/Interface/InGameShop/ingame_Tab02.tga,RGBA,49,20,"[0, 255]",7,19,954,7b45a97ee0ad2619143c55114554bc2aacbe62b9197e41b221585f58ed1d43e3,6da4870aae7bf7d88ca64f98cf2855f46fb547871a7660fbbf86ef6d0a8f5adf
src/bin/Data/Interface/InGameShop/ingame_Tab_Up.OZT,.OZT,original/Interface/InGameShop/ingame_Tab_Up.tga,RGBA,76,46,"[0, 255]",580,204,2712,43b9ffce4144deaa7a0488eb0372686f1b026afc35fa2c04233de9938700bfe2,f6fbfeebd556d16b5ea827785cec08a25ecf62b05275322f02b8974383d9a8f9
src/bin/Data/Interface/InGameShop/ingame_banner.OZJ,.OZJ,original/Interface/InGameShop/ingame_banner.jpg,RGB,152,62,"[255, 255]",0,0,9424,e5b8f38324c4ac349fd4d63c3c51d7635b0058d52dfbedfcc3b2d87a1f4ad00c,2056f74380016212ed68b2a6ebcaef26e90c8eeb5162be55656f244b05654759
src/bin/Data/Interface/InGameShop/ingame_gift_back01.OZT,.OZT,original/Interface/InGameShop/ingame_gift_back01.tga,RGBA,210,267,"[0, 255]",4,0,56066,6ae8469d350f4568562508b80fee844a0393e5b04fbb09ba536cd3c350227fee,47581efbae4e0c457d9601ca108359b28b9e5944fed92e74ff84bdd94e0b1159
src/bin/Data/Interface/InGameShop/ingame_gift_icon.OZT,.OZT,original/Interface/InGameShop/ingame_gift_icon.tga,RGBA,17,19,"[0, 255]",103,216,4,a19351597562d10ac25de0ca162ebe9e8c125ea8bd5d57106c2738d0b1dd9067,6fcf8e5a089a57da52f51251ec3f2c817e8624f61a75794d9d8e5ecb4797c125
src/bin/Data/Interface/InGameShop/ingame_gift_namebox.OZT,.OZT,original/Interface/InGameShop/ingame_gift_namebox.tga,RGBA,76,17,"[0, 255]",4,0,1288,062b00f577bae7485f0e03d07c98216ec65d84f1234ce6f9d419459f0c7ec1e6,5e96572527f9c723bbc357b3912281179de3018f4586d1818b92b60d745cc5b5
src/bin/Data/Interface/InGameShop/ingame_itembox_logo.OZT,.OZT,original/Interface/InGameShop/ingame_itembox_logo.tga,RGBA,57,57,"[0, 179]",1216,2033,0,7049cb1650e05b2fec862d40fde4042df4acd5b04431410eafa39f6bf557d09b,cdadc63d97dde870904f7d9b781ccd79ba80bdb17d6edd2510377799acaacc36
src/bin/Data/Interface/InGameShop/ingame_pack_back01.OZT,.OZT,original/Interface/InGameShop/ingame_pack_back01.tga,RGBA,198,291,"[0, 255]",26,0,57592,11852bab3af3a10e89042a74745ca02a845fe561697e4f94876c8504966a03a4,6304ae82790c620dcef142ad02a386b8f5d6070678330588b4c732d3f364a43b
src/bin/Data/Interface/InGameShop/ingame_pack_back03.OZT,.OZT,original/Interface/InGameShop/ingame_pack_back03.tga,RGBA,215,346,"[0, 255]",26,0,74364,cffafcc94631b81a1b2ba65d8a7e0eeae4546e79a042efb9657ea3a6f24ff48e,a15eb44c231cfb5c8d179b2231cdaf11f471f58b88ceb437943d2387578b2974
src/bin/Data/Interface/InGameShop/ingame_pack_check.OZT,.OZT,original/Interface/InGameShop/ingame_pack_check.tga,RGBA,15,45,"[77, 255]",0,168,507,8df0a30dfdf651b5b1254357673e6d609a9f8a99e9695ca2223365c22c9c14ec,2e424ce10ad3a80001f7884ffb2e5444855ba1bcb9a2dbd01452e8346f3f363f
src/bin/Data/Interface/InventoryBox2.OZJ,.OZJ,original/Interface/InventoryBox2.jpg,RGB,32,32,"[255, 255]",0,0,1024,34e4270c7ab05964de8e26dd04b2d74741db75a721ebb0b12b991464cc4709cf,5621af184a3569063f1147395a502f3d1c7a07e122093cada5016b2cb3a1aeb9
src/bin/Data/Interface/Item_Back01.OZJ,.OZJ,original/Interface/Item_Back01.jpg,RGB,190,256,"[255, 255]",0,0,48640,6f27e73a54ff28767204db0e25e2a4551ad8f71564545ceaf82cbe01e4690523,f0dd14c74a06a04b6d7d06d40ec917c4019293723b84941602cff47efab80ad7
src/bin/Data/Interface/Item_Back02.OZJ,.OZJ,original/Interface/Item_Back02.jpg,RGB,190,177,"[255, 255]",0,0,33630,42d0257096f7b7c9673bb96bf62cf6273dcb13e0744d2676b71f3c81dbcdbd7b,3e9b926be87228eadfc86a7f1638d691a097f54fda380ea0ad5149789651b8bd
src/bin/Data/Interface/Item_Money.OZJ,.OZJ,original/Interface/Item_Money.jpg,RGB,113,18,"[255, 255]",0,0,2034,87ad8c8799c8de4d54ae8094c0f367007d89eaff05ac21ae519d634409ef259a,8ed1815742caa7a6e07d4a9ca5e814c85e07441cb86fab5d2fc15ddf21db4895
src/bin/Data/Interface/Item_box.OZJ,.OZJ,original/Interface/Item_box.jpg,RGB,32,32,"[255, 255]",0,0,1024,e089b321c4a96f4f95e623c3128fa8bf1ce8581eeaa537c10d96c308350ba91f,a005a977f1c3795cd015c621a51b45b6c8a82250790caca5f9de044f592a673b
src/bin/Data/Interface/Kalima.OZT,.OZT,original/Interface/Kalima.tga,RGBA,166,90,"[0, 255]",9203,1724,4013,e771980e05cd94aefe6c16d7f34fb87d77a61349d80ded5def7518ef16538df6,089181790f169cfba9c7fc50cea6ca9eb31ffa652cb3632fef66987725a2d345
src/bin/Data/Interface/LSBg01.OZJ,.OZJ,original/Interface/LSBg01.jpg,RGB,400,512,"[255, 255]",0,0,204800,ddae0b294ff5f06b537019a2947e8bb77d973cfe429fac216f8e00ed769bd512,b78cde48f29c917ebe68585761fa727d064341841f1ad6d4d28fb6e6dffb7c0a
src/bin/Data/Interface/LSBg02.OZJ,.OZJ,original/Interface/LSBg02.jpg,RGB,400,512,"[255, 255]",0,0,204800,d22ac419babda1cc4086303475f0c481a35b2e1e17f44f1184f96c6866255f84,44d5be552f698b54fa7296cfc423b7b47dd76b35817af136926a446f0d0bc736
src/bin/Data/Interface/LSBg03.OZJ,.OZJ,original/Interface/LSBg03.jpg,RGB,400,88,"[255, 255]",0,0,35200,6f4261aaff600f5fe531e2e985b582552c0235b4144dce87c732537deac7093d,ddfd47823369add5a48b27b924eebca0d5d9a059107c2eef05ab689f53fd5db0
src/bin/Data/Interface/LSBg04.OZJ,.OZJ,original/Interface/LSBg04.jpg,RGB,400,88,"[255, 255]",0,0,35200,d4e293ef8b73850dcec53464178b86940303cfa2f1bd56987717c5937e393dcd,73e67d54160cbb66e82a08c8be58c5c7ab7165156f1a4151f8fb26c42d0996ca
src/bin/Data/Interface/MU_TITLE.OZT,.OZT,original/Interface/MU_TITLE.tga,RGBA,216,138,"[0, 255]",10251,1666,17891,8c647bd51573a5c101961fcf35a7968749c75890760d12530a54228c55b0eab2,63a383f6e3b2c6325d40113e1360725a93d9d470dc89c51570204af1f24ef028
src/bin/Data/Interface/MU_TITLE_Blue.OZT,.OZT,original/Interface/MU_TITLE_Blue.tga,RGBA,167,168,"[0, 255]",6900,3476,17680,1037fc4edc259baad2a9fb78d9b94fd2dfce853ad57449fe62ccdc4a54642b75,dd43d74633090d70633b6d8d13a4c3ecd59d6dff7d4bcadecbc014a856b4e31a
src/bin/Data/Interface/MacroUI/MacroUI_Gauge_Bar_(B).OZJ,.OZJ,original/Interface/MacroUI/MacroUI_Gauge_Bar_(B).jpg,RGB,152,4,"[255, 255]",0,0,608,ba7d629514f5e1e4adfb3506b43dd5b97d141c552db2b82d9f3042257daa68b3,e92232f92acc4641e861e41b3cd6b329b3bd3b73d23d0d6a9857c6d674af3e7e
src/bin/Data/Interface/MacroUI/MacroUI_Gauge_Bar_(G).OZJ,.OZJ,original/Interface/MacroUI/MacroUI_Gauge_Bar_(G).jpg,RGB,152,4,"[255, 255]",0,0,608,2c9a03a68cfe9f4a1bda61cbf85970c5ef1619c42dcd7f2302068597c8435908,2d53c3b0195f52d9e76aec4a08f3445e86197261bfd56f64eda62d79c82f7f02
src/bin/Data/Interface/MacroUI/MacroUI_Gauge_Bar_(O).OZJ,.OZJ,original/Interface/MacroUI/MacroUI_Gauge_Bar_(O).jpg,RGB,152,4,"[255, 255]",0,0,608,d4ffb70916b94b4638e3f3d8d8443107526a667e92ebd572d38a4ee0c75dac72,0411fdc8e68dc01733e664f6b1bb1ecea0267cc1ecb5b3321f9fbd5ef53e41ad
src/bin/Data/Interface/MacroUI/MacroUI_Gauge_Bar_(R).OZJ,.OZJ,original/Interface/MacroUI/MacroUI_Gauge_Bar_(R).jpg,RGB,152,4,"[255, 255]",0,0,608,8eb810dc5f6aa1f0f3d8ea1b6c43b6cb31ed37eda6840a784326812aae01ac4a,b0de84d0e36c757eea53b87ac4f6ed6a40814a1101cec5ee4fd05e32a0b22885
src/bin/Data/Interface/MacroUI/MacroUI_Gauge_Bar_(Y).OZJ,.OZJ,original/Interface/MacroUI/MacroUI_Gauge_Bar_(Y).jpg,RGB,152,4,"[255, 255]",0,0,608,e6750eac4d3bd06763bcee2d2e2f31aa437b8fa68b74c3d01b5078453187dc60,e51b9b495fa9dfcba0cd56bbf806e33be1e8a9acb3cff79d5c1b7e5ef3c13120
src/bin/Data/Interface/MacroUI/MacroUI_Gauge_Frame.OZT,.OZT,original/Interface/MacroUI/MacroUI_Gauge_Frame.tga,RGBA,156,8,"[0, 255]",2,0,1246,677fe4b278310c2119ca938b2a440d524741f108e5612c3d3883eeee80994521,608e369e6866907fc09bc549533bcd42152f07995729973c9c996a6842ea3fae
src/bin/Data/Interface/MacroUI/MacroUI_InputNumber.OZT,.OZT,original/Interface/MacroUI/MacroUI_InputNumber.tga,RGBA,28,15,"[0, 255]",82,0,338,ce701a264411ed268a12e9786135efc187bb4a8a26ed2c4e5fc7ff184bc7bfab,5fa0768238b3a564f7b7cb5f8b69d07b57059ab076bf4c22ce381053b3d1f915
src/bin/Data/Interface/MacroUI/MacroUI_InputString.OZT,.OZT,original/Interface/MacroUI/MacroUI_InputString.tga,RGBA,93,15,"[0, 255]",212,0,1183,809f71c2112293b68d37753ccc1ec390b4e92cadcf7830d572784f6ec8d7ce7a,c08a313e4daac284f1a1d64bc75b5baffb506e49b18cb2891821971b8b455c69
src/bin/Data/Interface/MacroUI/MacroUI_OptionButton.OZT,.OZT,original/Interface/MacroUI/MacroUI_OptionButton.tga,RGBA,15,30,"[0, 255]",152,84,214,36b449eb4a6c2a929e6d41db0529ac2ced7a26a782df6267bbd3976af7e6886e,d829acaf0b692a40a3da0a26bae16c2c5d04a4eb52e971ca98a39f75cba17c7f
src/bin/Data/Interface/MacroUI/MacroUI_RangeMinus.OZT,.OZT,original/Interface/MacroUI/MacroUI_RangeMinus.tga,RGBA,16,30,"[87, 255]",0,36,444,8a9b8ecddfbfdeea967026e79205cd80162e60a3b286061d135c875b1a247366,0807e74cdd22d6a662656d4690c4a3549c2a4484d09e03d2de926fcfe6c12331
src/bin/Data/Interface/MacroUI/MacroUI_Setup.OZT,.OZT,original/Interface/MacroUI/MacroUI_Setup.tga,RGBA,18,40,"[0, 255]",144,0,576,b2fd0d1047ea4b6472be5d00920a0d3c3957f3df8bf505bac8cbf2a0b211ea9f,e149ac31eadc00520ae3dbbabc551e0b2f96284f418d5678f9ba0eb7b8ff970e
src/bin/Data/Interface/MacroUI/MacroUI_Start.OZT,.OZT,original/Interface/MacroUI/MacroUI_Start.tga,RGBA,18,40,"[0, 255]",144,0,576,077afc237c9a4620aa342461a0f8dd632e060967ac9e2b7f9f45a4b8482fea54,2123042fae42071713601b088fd60ea7c1ea862db5330c59dfe42123e5ad75e4
src/bin/Data/Interface/MacroUI/MacroUI_Stop.OZT,.OZT,original/Interface/MacroUI/MacroUI_Stop.tga,RGBA,18,40,"[0, 255]",144,0,576,64c2d7b798f23a3b9da0b3878d7f591627ddf7e56cacf448e31596b83be3756b,fce97bd78356aa19bf785dfc0db7fb57e64e412ca44285bb62b19c3d4c5bb460
src/bin/Data/Interface/MacroUI/Minimap_positionC.OZT,.OZT,original/Interface/MacroUI/Minimap_positionC.tga,RGBA,73,20,"[0, 255]",350,83,1027,065fdda86971366b5ee167fa489e39cb11b44f7e71284c6b4b290d8d59f86188,ca73b1173431f6b894870f638796cca6de5ae7107a239acef75283b9838cf07e
src/bin/Data/Interface/MapNameAddStrife.OZT,.OZT,original/Interface/MapNameAddStrife.tga,RGBA,166,28,"[0, 255]",2868,531,1249,660a0d5d83c98d4cb13ee4bfbba01da92744d369b7eb895a3b4f1cef53b1c22c,3e6d15925eb4d601baaf31597fe2e9b2e35df546c0dd75a925bb52403ee8b6a2
src/bin/Data/Interface/MapName_Karutan.OZT,.OZT,original/Interface/MapName_Karutan.tga,RGBA,166,90,"[0, 255]",8659,1692,4589,483541aa30163cf3826971803d71ad28b33e199e13cc943fe9cdc9246ea425b8,c8d82ba79b4181844ee0be26aaf9bf8e432eb824e43daf543f6ad13edf454431
src/bin/Data/Interface/MapName_MarketRolen.OZT,.OZT,original/Interface/MapName_MarketRolen.tga,RGBA,166,90,"[0, 255]",7923,1800,5217,d9dcefef0912a0eace8a5efacb3d7cd8342723d2c29a357f42771771e029c80e,12b07d558192bcf7722bd51e413531609d02e185c4dfc7b0338aec814d0b3764
src/bin/Data/Interface/Master_arrow(D).OZT,.OZT,original/Interface/Master_arrow(D).tga,RGBA,15,19,"[0, 255]",124,23,138,c53a1edd782b0c0392cc898846884460e7c71fae5cf3ca9116a60562ee7d449f,6ecb4eec677701b75fc9535a6eb1bb8b014fbe6ce91cf09d01b38dcd86dabb31
src/bin/Data/Interface/Master_arrow(R).OZT,.OZT,original/Interface/Master_arrow(R).tga,RGBA,19,15,"[0, 255]",124,23,138,2801d8b5561142078679d8e82fc617fd77b0da92e17be286e883c9dbd5d44d47,5d55211e124ccc20f10260b976aef867368cee0879ac97fe4c836edc24c747d5
src/bin/Data/Interface/Master_back.OZJ,.OZJ,original/Interface/Master_back.jpg,RGB,512,512,"[255, 255]",0,0,262144,3b98e225c90bfce218369d251a49b4623b8b001e8c45dcca368127cbbe61ff3e,a71a3e6bafeb7d1cddd4f807b8be68c60bec37246e168da9fb0f51da7a704320
src/bin/Data/Interface/Master_skillbox.OZT,.OZT,original/Interface/Master_skillbox.tga,RGBA,44,43,"[0, 255]",268,81,1543,d9438e477bfba8c415b380aa004f4f90c198331db4a2d48b7a92be89ac396035,940890e80565d1c73e0cf5f81ea87f724d9c7e8edc6fcd2e219a49cb415ba97f
src/bin/Data/Interface/Menu01.OZJ,.OZJ,original/Interface/Menu01.jpg,RGB,256,48,"[255, 255]",0,0,12288,373bd12916e3f92af51f3c54dfdba256edab76e5a8284478ddf87dc2f24f6999,df3b45c67004c76a4048954230238231e65bb6e053fb61a96a52243ac0cc6069
src/bin/Data/Interface/Menu03.OZJ,.OZJ,original/Interface/Menu03.jpg,RGB,256,48,"[255, 255]",0,0,12288,0a25e2a1f12a61d97d7ee14edd690fc01515bc43e89ae49c0bf9d43951dc4dd7,30e1e8633f3b6842d02dca17ed8df691a78162d3e442d8305b26d9d4c283db5e
src/bin/Data/Interface/Miniframe.OZT,.OZT,original/Interface/Miniframe.tga,RGBA,128,193,"[0, 255]",15394,138,9172,34ebb3b8e28a16c87a434fbf7e6bb53bf75e59d87f06598441b349da058e1aaf,b179c5295c10cc492c696b47f0a54d5af28f7c1a3263c5518817dd1686071567
src/bin/Data/Interface/Minimap46.OZJ,.OZJ,original/Interface/Minimap46.jpg,RGB,128,128,"[255, 255]",0,0,16384,99fdb3e07af11a49e65fcf250c9841c4564b664650e91fad1e15af595dd08c1a,b906c2c97d6058e074b909b816e4de55129d54bb72c4c6189cf856eb0e192722
src/bin/Data/Interface/Minimap47.OZJ,.OZJ,original/Interface/Minimap47.jpg,RGB,128,128,"[255, 255]",0,0,16384,99fdb3e07af11a49e65fcf250c9841c4564b664650e91fad1e15af595dd08c1a,b906c2c97d6058e074b909b816e4de55129d54bb72c4c6189cf856eb0e192722
src/bin/Data/Interface/Minimap_positionA.OZT,.OZT,original/Interface/Minimap_positionA.tga,RGBA,22,25,"[0, 255]",95,71,384,f725a4529fb6dea457ceda15e4a019111b6aa41c230b11810f3cb0146649ef87,90a2a53e7cf84a28ea7fc89806fc1eb874d458e859407d7659dd59b6350dbfcd
src/bin/Data/Interface/Minimap_positionB.OZT,.OZT,original/Interface/Minimap_positionB.tga,RGBA,26,25,"[0, 255]",204,6,440,10e90bdef56407964b800549549fd70274bbf3b7c9924d01413b1c1f92eb76d4,ce1e4cbb2928140b9b5e74d281ed72c8eb11717381f47d57ce0a1fe70045d1f1
src/bin/Data/Interface/Minimap_positionC.OZT,.OZT,original/Interface/Minimap_positionC.tga,RGBA,22,25,"[0, 255]",350,47,153,29925281480dd50aedbeada84ddf2906a31cfa5ef067451ecf4e4775ad34d07d,992156635af205be6626f0dd2ea82e6495e7a5eb290bf261dd08315c68d36362
src/bin/Data/Interface/MonsterCount.OZT,.OZT,original/Interface/MonsterCount.tga,RGBA,86,80,"[0, 255]",2033,215,4632,da36519d60cbabc41ec7805f62f9d011f91f8453e46368d9083eb2d4900721b4,7508cebacd2094f294df9055bd64a4bcd64549a33205807d331a5fee862ced82
src/bin/Data/Interface/New_lo_back_01.OZJ,.OZJ,original/Interface/New_lo_back_01.jpg,RGB,400,69,"[255, 255]",0,0,27600,ef0872fed6b8f420155e4f3685b2d1d5a9fb8c779c1143fb013c4a1d09b973cf,dc2af524940061d77a0c67a7c175797fd167dec239803eec610b1dc841306da3
src/bin/Data/Interface/New_lo_back_02.OZJ,.OZJ,original/Interface/New_lo_back_02.jpg,RGB,400,69,"[255, 255]",0,0,27600,8770c7b342ee3c205bf3147b0498a351676da09c2b66b8e855c2f0bea1cd34af,a7ada742433bc1b457e6b22c8c8652d863578de87e9c8112ec7fa881b8fd3397
src/bin/Data/Interface/New_lo_mu_logo.OZT,.OZT,original/Interface/New_lo_mu_logo.tga,RGBA,106,49,"[0, 255]",1376,579,3239,84f848a6db29a9f5627fc1ed609d172714abb2779d7802bf6710b0a21dfaeaf6,05ee3df17aff40e20a548f3f545af39c9ab6f8b646befa586d21026361cee457
src/bin/Data/Interface/New_lo_webzen_logo.OZT,.OZT,original/Interface/New_lo_webzen_logo.tga,RGBA,53,46,"[0, 255]",1326,1107,5,af3e00ed26d085612699a9381294704d2e6c4174d343a082ddbacf136a2d4e1f,2d037ed6f95979df8696e718b5aba6cb1d81d56f9cbb951fa862b51b16f0743a
src/bin/Data/Interface/Newui_Pet_Lifebar01.OZJ,.OZJ,original/Interface/Newui_Pet_Lifebar01.jpg,RGB,151,12,"[255, 255]",0,0,1812,12b1d6e0c4169804fa6bd547cb08bffb7f1de20dd0e5204da9c29dce9f086b85,3ef139c4fdf0c3d718db9aca96bae38df211cf832689045aeaed9d3117608408
src/bin/Data/Interface/Newui_Pet_Lifebar02.OZJ,.OZJ,original/Interface/Newui_Pet_Lifebar02.jpg,RGB,147,8,"[255, 255]",0,0,1176,7a824f72c6f5228227b487645d12bbb3ac1d06addc5f50d7b0a304587215cf20,c35a619582ab08032f69794a35bffafd33a12107509c5e9c10d465d05be2a579
src/bin/Data/Interface/No_i0.OZT,.OZT,original/Interface/No_i0.tga,RGBA,56,66,"[0, 255]",909,229,2558,5b2f25ef5e0a9528be10969e0db9ae1729eb15ee43eaf22fc2b4de11dbdb98c6,9bc5cedf91bd6196a5d70d0833b6f31d7a3f15c75437f0b31033d6633d4ecabc
src/bin/Data/Interface/No_i1.OZT,.OZT,original/Interface/No_i1.tga,RGBA,56,66,"[0, 255]",1874,178,1644,69091dbf36c25461a7fc3e8fe03836ed7551ef8a08d30cc6aaeae129a5cbeaa8,a780df90ee0f66be2d07a6a5e56f55a46c6f2f400db01d0111952185c2b7daeb
src/bin/Data/Interface/No_i2.OZT,.OZT,original/Interface/No_i2.tga,RGBA,56,66,"[0, 255]",960,205,2531,ed5e6adca7173a55ee849c340985b91e1e562dcc0d2035e8ddee26a81cdb6af0,808d9d6fe585b8bcad3253721d418daef9dd60a60c1798d4aa1a6e447318f09d
src/bin/Data/Interface/No_i3.OZT,.OZT,original/Interface/No_i3.tga,RGBA,56,66,"[0, 255]",1134,242,2320,ac6005bdc6e2d7c07fe270ccc888a9b1e627840c4d4b824988feefbbde557b4a,7a3e390ef31b015ccc4a04b12c5bc5e0f9af54cb2bf68e01f5b27f62b69b1101
src/bin/Data/Interface/No_i4.OZT,.OZT,original/Interface/No_i4.tga,RGBA,56,66,"[0, 255]",1215,185,2296,fd867e004b6c5335dc076f1ef5c8c0bfa71cd2c9db804f171b413aae8f45cb59,d100f6c4ce1fe00be09afb346bca0ae4577134c6807af0becdfe79b790b62168
src/bin/Data/Interface/No_i5.OZT,.OZT,original/Interface/No_i5.tga,RGBA,56,66,"[0, 255]",863,269,2564,1351c2660504045bcdb7dac1d8f10ecfc754f0bb7409905c2117815ed00ec32c,c4c053363ab8170da1b31149831bfba5fbb157e08461baf1d5152d5d48c01504
src/bin/Data/Interface/No_i6.OZT,.OZT,original/Interface/No_i6.tga,RGBA,56,66,"[0, 255]",831,247,2618,3f17464427775f584d728255b48bccb74b80cc9a92605f55b3e5f40dad86f293,33cbda978bf119be20bf3fc4ac1c792b297075ac0e00d6c85b257d0a8bfcef8f
src/bin/Data/Interface/No_i7.OZT,.OZT,original/Interface/No_i7.tga,RGBA,56,66,"[0, 255]",1610,204,1882,362ab6c55683c22986f7396d0aba1da1c51a672888dfc0b78ea10d76a40c89b5,24d99b606f067d1c9aeb51721877df96e983d329c9cb3adbc924d0aba72679da
src/bin/Data/Interface/No_i8.OZT,.OZT,original/Interface/No_i8.tga,RGBA,56,66,"[0, 255]",792,240,2664,ee4c5810f15c764d4bb23fd1985e23face7538170520c673b0a3f017603c68a1,953365ed66821f8468f342dcd762cc74b97e746201f133776a80b775499ef464
src/bin/Data/Interface/No_i9.OZT,.OZT,original/Interface/No_i9.tga,RGBA,56,66,"[0, 255]",833,241,2622,d3183fe768bd12b3279e7de7e07377e93eb6ef72fd0df90ad69087e55697ddb2,df1f1cd12a08e4d4a9cae4f06a2f6eb037ce549bc2df8360b6e89119fdb2aa42
src/bin/Data/Interface/No_m0.OZT,.OZT,original/Interface/No_m0.tga,RGBA,56,66,"[0, 255]",909,229,2558,f0a1ced4f0cda13d64becbc69d664282ee465e47540e9887f38299312b812941,8dc435875d25e0e3d1a40207edafc405be85789b76c28aa8af99fcf62bad8bb9
src/bin/Data/Interface/No_m1.OZT,.OZT,original/Interface/No_m1.tga,RGBA,56,66,"[0, 255]",1874,178,1644,bca610f87cd986d22e001ccf7f51ba9500c65d82f000fbbe0c83bc695cb3de92,3a437b09fc987bc6da5bb6668109b2bdb1daa7c77e440b378c12a1d98cee1c05
src/bin/Data/Interface/No_m2.OZT,.OZT,original/Interface/No_m2.tga,RGBA,56,66,"[0, 255]",960,205,2531,8c3d25547df029b57e15b20606d523711b0bd9b5ac32aeea5f41086b88c57fe7,89d4f6cb10671d022cfeacee91b5d3816ceea83988da29639ae163a77e9263d0
src/bin/Data/Interface/No_m3.OZT,.OZT,original/Interface/No_m3.tga,RGBA,56,66,"[0, 255]",1134,242,2320,0f690250d4c16ef7df00ceb9db769155b39bf82940dcaf60c85b53b20a53b161,e547078ef0d01905ca515280f6ab8fdf302f0fc62b64e57b6d859285c467c4d5
src/bin/Data/Interface/No_m4.OZT,.OZT,original/Interface/No_m4.tga,RGBA,56,66,"[0, 255]",1215,185,2296,949c2a3c9cbdca70757548f8c5386c171c8bba792bb2abcf707bd5c027c06a10,86685c89fdec920a58c7fc6dac42274be87f3bbb620e60780dae626370c726da
src/bin/Data/Interface/No_m5.OZT,.OZT,original/Interface/No_m5.tga,RGBA,56,66,"[0, 255]",863,269,2564,d8a6aa4e3d652a9d2f959216a7677a9c5dfc098326fd9ddb6970e4033d4e0694,00b1e2d4eb626e5312ba7e01eadad407841d436f8682b79a405855e0c62b3a2b
src/bin/Data/Interface/No_m6.OZT,.OZT,original/Interface/No_m6.tga,RGBA,56,66,"[0, 255]",831,247,2618,4c39d4421b6e8fcd324ea1a66336c5cb307d037571864e7c59fa2338619c7a67,8c2306d95339caadb44b28c5111df3321920b198d51f3681c2b4837e2724378a
src/bin/Data/Interface/No_m7.OZT,.OZT,original/Interface/No_m7.tga,RGBA,56,66,"[0, 255]",1610,204,1882,da8a69ded8177b3c50cab517248e272ec1b45192b641b43e01b0c22fabd82b84,755d040507ade0cb7a7060ac9d428e45233a4bcd986f71540db16b4d65496b20
src/bin/Data/Interface/No_m8.OZT,.OZT,original/Interface/No_m8.tga,RGBA,56,66,"[0, 255]",792,240,2664,028b802d75185e857e57daac681bff406962824f9f82043b8ca2516d8e811496,36961031d60344cedf26cfc0dfb8633a0e20cff5a7648a511e4cc970ea876f41
src/bin/Data/Interface/No_m9.OZT,.OZT,original/Interface/No_m9.tga,RGBA,56,66,"[0, 255]",833,241,2622,7c3cbbf479dc39b7d7b21da8fc21359ae3e86ef0086d1385c99393db8b013569,7cbb2ca436a8a884dabaa2cce5ba49055c77279b3eea8012a77f15cf821e70b7
src/bin/Data/Interface/Pk_box.OZT,.OZT,original/Interface/Pk_box.tga,RGBA,57,17,"[0, 255]",565,1,403,c4a528d7452358218847c012f95ed293a40bd7a3ced31539e9253b643d7642f2,e1cdec92e2662d03a64a25ce136c4f4f2e1e2decdba9a70b4245209f349856e3
src/bin/Data/Interface/Progress.OZJ,.OZJ,original/Interface/Progress.jpg,RGB,200,16,"[255, 255]",0,0,3200,097436389ce352ba63799f7cf94ca779e35ff1e9778395d658b28a6d2c2e477b,592e99a8db4d72270cb9d347448168aebc1f2ba22a58f3839b5c6d8f727853f9
src/bin/Data/Interface/Progress_Back.OZJ,.OZJ,original/Interface/Progress_Back.jpg,RGB,200,16,"[255, 255]",0,0,3200,69f51d26047aed4515d78c705864d7508d2046861081a8a295a6be33f4a4bbb6,37b193e5b94e847af598b9b71b572bec723a8799fec1b265d6d88ab182bbc216
src/bin/Data/Interface/Quest_Bt_cast.OZT,.OZT,original/Interface/Quest_Bt_cast.tga,RGBA,36,58,"[0, 255]",6,270,1812,74a8f1304e648df8e8bfa81b66795be1cf30ec734bc99bf301c58619b107af4e,1f713a3f8b1c637335f4e8c28c27e1024cb0c78152253a88e565a5619283f373
src/bin/Data/Interface/Quest_Bt_open.OZT,.OZT,original/Interface/Quest_Bt_open.tga,RGBA,36,58,"[0, 255]",6,270,1812,8319946b6ce42e59fb77a010107c207d5652cc26a36e4dc12498d401a35c938c,3d3d63e575771bb05e56b2299aede3a192ccde982312f457191e2c3e1a5c9da0
src/bin/Data/Interface/Quest_bt_L.OZT,.OZT,original/Interface/Quest_bt_L.tga,RGBA,17,36,"[0, 255]",244,194,174,08fc56eb304c204bb3d12b82bb455468b150a1824b93b4ba7e5102a2c33268b8,cdaefafa5006c42addbab5582c880e74d7298dbd42c225d83126f303a7df63bb
src/bin/Data/Interface/Quest_bt_R.OZT,.OZT,original/Interface/Quest_bt_R.tga,RGBA,17,36,"[0, 255]",244,194,174,0970e2de753ca6e1fc7db8fdee6dbbad21ba5770bc78fd2745b7c9ff44083a26,43dc1135acf38218907814ea0f62aa90e158ffb756b55f3b00860b67d5888309
src/bin/Data/Interface/Quest_tab01.OZT,.OZT,original/Interface/Quest_tab01.tga,RGBA,166,22,"[0, 255]",336,583,2733,7d81f99b68cd3ffb91f7f036db394dacfe05bd0f4a8d291d1752caa9d6636e8d,24357aa9876d8c805096b9463179ce3723b1c2332897161c47bc2aabbaedbbba
src/bin/Data/Interface/Quest_tab02.OZT,.OZT,original/Interface/Quest_tab02.tga,RGBA,48,22,"[0, 255]",10,114,932,7f1f490118c7dbfcb06f0c6eaa78172b4b5ce272a383b564945aa0cf036d5333,90f6fc7ca6879bdf3e85eeb4d35cc0821e1e940531af19c828314b2b99cef268
src/bin/Data/Interface/Quest_tab03.OZT,.OZT,original/Interface/Quest_tab03.tga,RGBA,72,22,"[0, 255]",10,162,1412,289ddbf6dc302589dd679af3902477d1bf53ee57ba3b3497ef18988a002fc87e,0bb146b4c930f3c8b62cda24fb7774d275636d577c551f7bafeb2c920fbbb921
src/bin/Data/Interface/Relic.OZT,.OZT,original/Interface/Relic.tga,RGBA,14,14,"[0, 255]",24,96,76,20023ef5ef20ef65279ad3aae86a359e12e78d4dc65cc12f9eb1b923ce15b57d,3295c5a3ed21bdc6f764459b13281fdd90dac3f5b6404412c5361bb6be84f91c
src/bin/Data/Interface/Skill.OZJ,.OZJ,original/Interface/Skill.jpg,RGB,256,256,"[255, 255]",0,0,65536,069d068efa602c190bc34122c9cd7188d53dd788323ec3bed4bad6177619419d,0e6e89f7619e434c98f5bb2000e45fb145ba72a376cadfa634b0de272a3d9dc0
src/bin/Data/Interface/Success_kantru.OZT,.OZT,original/Interface/Success_kantru.tga,RGBA,372,99,"[0, 255]",19611,3385,13832,d63b9e403cdec6e11a4766f81dc7e44804a79e38714fd61a418634bc78b992d0,3fa7979a050d85f5f1a9d156463350b6d7f1a198b76ec2ba20da72179ce85968
src/bin/Data/Interface/SwampOfCalmness.OZT,.OZT,original/Interface/SwampOfCalmness.tga,RGBA,166,90,"[0, 255]",7331,1922,5687,7c52d61d65f7947038e72929b40e0007c287cd3d451bc4c8330da137f652c395,16b44e3bcca23c6e1758490d75b6c4db6528d32d89b6db5589496f232d2e5f61
src/bin/Data/Interface/TeamA_box.OZT,.OZT,original/Interface/TeamA_box.tga,RGBA,9,8,"[0, 255]",21,0,51,8d0180072400ccd0bed13812cff4e5a88df313194ad2bc6f803ff395ff193de0,d204d220414c72124035708617b4ec8e6e9f3fb3147237279e1212ba4b44787d
src/bin/Data/Interface/TeamA_member.OZT,.OZT,original/Interface/TeamA_member.tga,RGBA,7,7,"[0, 255]",12,0,37,e6833fec50b393a419e7b377436849f7e3d309bb6ee33e699408e720fd08ed0e,452e808bb4322a20a476b7079f57cca68a5c740a64c23f40b51c100ed3dfe859
src/bin/Data/Interface/TeamA_npc.OZT,.OZT,original/Interface/TeamA_npc.tga,RGBA,9,9,"[0, 255]",10,1,70,bd4b4e056d8f60364856676dc289764a0caf5902b6baa153249486c25a506471,aa5a3fd4daa0dd1c87e2f941c55b67af41a058f97d8f40fc5e12d146cf8ff5a2
src/bin/Data/Interface/TeamB_box.OZT,.OZT,original/Interface/TeamB_box.tga,RGBA,9,8,"[0, 255]",21,0,51,59f3ca24966a7fe7406be8b92e76618161e9213479cd8562bc4c1c5bbc265aa6,43ff8b08f9776955f1287bb8c6faa83de217afe8e1ec1c710fb0ce489a3fc0de
src/bin/Data/Interface/TeamB_member.OZT,.OZT,original/Interface/TeamB_member.tga,RGBA,7,7,"[0, 255]",12,0,37,9905b4cdba3ce6e727260c7e49ed41dad6abd30b0e0f6ed0c1d34d8435fa28bb,55be7af014ff1c0e0a4b2919fcaaf6e069db9c0829010058ce4ac4ac686e6a04
src/bin/Data/Interface/TeamB_npc.OZT,.OZT,original/Interface/TeamB_npc.tga,RGBA,9,9,"[0, 255]",10,1,70,6b70b31ed0d2466884af00a3c58fad105c65b878de8cbce3cbcdfd5ca9762790,1d460ef47ffa24b6e2962e1f5cb099ca9137c2b75e558dfd21eb8d205362f6a1
src/bin/Data/Interface/Trading_line.OZJ,.OZJ,original/Interface/Trading_line.jpg,RGB,190,10,"[255, 255]",0,0,1900,2b96394e26a8e34f5d5b288e892856f2ce0c8bce725b932fa0b01d8cd44e4e29,fadaa08636ca36965da5197efe39e306bb0e697f5dc41112b3df81743a4482bc
src/bin/Data/Interface/accept_box01.OZJ,.OZJ,original/Interface/accept_box01.jpg,RGB,24,24,"[255, 255]",0,0,576,4d4b9f239330b1add0c03a44b9eec1440e11328940053f07e783f3e9d9cd072f,f4d7b46a12b37bec2ded1315ee9e8845df4406fd7234cfdab49e3623b60551db
src/bin/Data/Interface/accept_box02.OZJ,.OZJ,original/Interface/accept_box02.jpg,RGB,24,24,"[255, 255]",0,0,576,016ea5a95d9665b5c33c16c94d8798a1961a1eb808032fd41500cddb4f7ede57,de0f8931be8480b25d2ba246c31adc839d7960be3211362216d6b2d5616aeecf
src/bin/Data/Interface/aida.OZT,.OZT,original/Interface/aida.tga,RGBA,166,90,"[0, 255]",9731,1411,3798,4006b5c0b200080ff9b34b0b314839de4eb62f135b5bef86c89cddf353155c59,275879f4722f0d9e1856ce08a2d5416996a030d4f31eab125e0210b8ed0a25ba
src/bin/Data/Interface/atlans.OZT,.OZT,original/Interface/atlans.tga,RGBA,166,90,"[0, 255]",8240,1857,4843,df1981f3f5ed46cafbe609fecc13428c10fb6a78a695718680e00a9ea7bcb01e,47f391ea3bbbb3436951a4dea57b7f3b300d771a6348e42dd8b4f0c79406032b
src/bin/Data/Interface/b_command01.OZJ,.OZJ,original/Interface/b_command01.jpg,RGB,30,18,"[255, 255]",0,0,540,6839e40ea1b96503c606c143cac5954e3bab46ff22847f47d781ec88ac2d4226,155f79bc5148bf483c22200d9aa34edc874c547d0a9eaf12395991d8516d2ab2
src/bin/Data/Interface/b_command02.OZJ,.OZJ,original/Interface/b_command02.jpg,RGB,30,18,"[255, 255]",0,0,540,da08d37b8ffd3acfd5a1fe4e5f8e1902f91552a5f9ec7ea09f761b68ac4f8aca,72e624885bd490d2877f78ddc0f071077e12f9c5f95bc93d20c05723ad045ebc
src/bin/Data/Interface/b_connect.OZT,.OZT,original/Interface/b_connect.tga,RGBA,54,120,"[0, 255]",8,64,6408,301ded0a072e52a08d7164c5e7820bbea92e4147bf0c77dcba6cea37ae6d45f5,9b86914c124fde95f9e3676d2da740ce21fcce30e994f114bcd788419877f666
src/bin/Data/Interface/b_create.OZT,.OZT,original/Interface/b_create.tga,RGBA,54,120,"[0, 255]",8,64,6408,e21714c018ccb5875e6477dc3f2cb44868c4802c94d077ee28ffae195091ceb7,240fd52811b9230f6739cd815c054759dc2f29cd7c280ecec651dd1e238c627b
src/bin/Data/Interface/b_delete.OZT,.OZT,original/Interface/b_delete.tga,RGBA,54,120,"[0, 255]",8,64,6408,3f8389fd069e6b34da7e913ec449d4098d14f309e70efe1e634d15b8d4ebcf81,b587737e13e40c065171ba7368315f41e284c401d3a4ed19e85e3e157be27e1f
src/bin/Data/Interface/b_group02.OZJ,.OZJ,original/Interface/b_group02.jpg,RGB,19,18,"[255, 255]",0,0,342,66b92873b5992de16821e7f5d45bcbc367a966503f8771c6e9d813ddbb992894,5c4f572458ec88642ab24684d5d1e0a8afdb4612befe15b688ff71224cdf49fe
src/bin/Data/Interface/b_zoomout01.OZJ,.OZJ,original/Interface/b_zoomout01.jpg,RGB,24,22,"[255, 255]",0,0,528,f397400cfb169c634f3476ede62636a7720e94f52adf7577be8d75ad7a310e92,6a3155830a991fca146ace39afe5b2ccc53b0d74e3e89fd07f7215547ddb0528
src/bin/Data/Interface/back1.OZJ,.OZJ,original/Interface/back1.jpg,RGB,32,32,"[255, 255]",0,0,1024,6c3d87545d8f2e7c3cc0c3a69b1abe9f0343be4532a7cfcaddf10eec551551d6,1739fd204eb7062bda2781ac8696dfd63711683ceec82f511595eaa8f3ca42d2
src/bin/Data/Interface/back2.OZJ,.OZJ,original/Interface/back2.jpg,RGB,32,32,"[255, 255]",0,0,1024,14d6b2bcef41485e6e53048abf6ec998d92350664c88b77c1d037a45da23364a,693729b0df04e5f6fde4d09db52606490ca3038c44614121f1cef8688acd3c39
src/bin/Data/Interface/back3.OZJ,.OZJ,original/Interface/back3.jpg,RGB,32,32,"[255, 255]",0,0,1024,07c23f54d378618a08e364545c82750d1843be1fce1a5bdc6a0ecef54e8a03ed,2097546fbd46e98381d648b133589c869115746cf272831c8427904b62a56c77
src/bin/Data/Interface/backpanel0.ozt,.ozt,original/Interface/backpanel0.tga,RGBA,256,256,"[0, 255]",9472,0,56064,977b913e8ffaa6bfd68299d19f46b69e23547520e8ae2040c55b093eb29d2e57,526533f691e51ae8cd5499816ded3821afec8e5b4c68a242bb3f8a3be9d3f7c3
src/bin/Data/Interface/backpanel1.ozt,.ozt,original/Interface/backpanel1.tga,RGBA,256,256,"[0, 255]",9472,0,56064,51bd92c3592e4dc1e130f944c87b25713c83a5b2441668f89f627561c75db5ca,1086c608a3be093e7d5a9a38fb6f5c1cad3aae686f705c84fc942b95fa4c64eb
src/bin/Data/Interface/backpanel10.ozt,.ozt,original/Interface/backpanel10.tga,RGBA,256,256,"[0, 255]",18432,0,47104,01fab074ad00b5b10fc0067b5576e35733670e437200acc36baad10c9c5e4587,849d6181fe51a1a9923d6251961ecb3b2e54fbd53888cf1c739d773e1207c4e2
src/bin/Data/Interface/backpanel11.ozt,.ozt,original/Interface/backpanel11.tga,RGBA,256,256,"[0, 255]",18432,0,47104,75f97e4972aeba1418b5cd787b87894545c61a901239f2ed4cc80b80cb3bf7bb,b01571f6c1ff9b77577097ab777befd6ca0d872d7fcbf732a90cfd6483e4eea5
src/bin/Data/Interface/backpanel12.ozt,.ozt,original/Interface/backpanel12.tga,RGBA,256,256,"[0, 255]",18432,0,47104,2a868978beff57907c751a44a781d7c89ff54cf2d0bcea12b596576a6cbc42d0,44e4f8e414553367985781c20f34e83a27061417d077252c2f8bc473de3aa613
src/bin/Data/Interface/backpanel13.ozt,.ozt,original/Interface/backpanel13.tga,RGBA,256,256,"[0, 255]",18432,0,47104,5c1047e087fd3158f1ae306d3d0d6a988f2bf4a0f2b4add1f5ae3df71f2cfce2,9ab4c4cab4b553eb9b9d399ed8c5cd720b8f776380dc1109f34adc97d63fae8f
src/bin/Data/Interface/backpanel2.ozt,.ozt,original/Interface/backpanel2.tga,RGBA,256,256,"[0, 255]",9472,0,56064,a29ccb7c08adf1f9596eab15b6c962eb29b6b631a99e2a78e2959280a84c38c7,bdc40a7bff6381dcf12bc0faebb6a5ca0fd4c1818abcdc5a1e9b2bc68533fa9a
src/bin/Data/Interface/backpanel3.ozt,.ozt,original/Interface/backpanel3.tga,RGBA,256,256,"[0, 255]",9472,0,56064,b02914b6fb06d7efdd4fce3873076f7d05cad5dd617ce204dff410fe4d8c1e54,06c379ccc82c3f0866c73636376694e56b9b74fae36204f2c749ee1e247b11d9
src/bin/Data/Interface/backpanel4.ozt,.ozt,original/Interface/backpanel4.tga,RGBA,256,256,"[0, 255]",9472,0,56064,9457b3067d8495aac319719c41f529dc3eeaee1e7c3c6e992d65f9d27a9276d7,253991f04bcb1ab4db6c051e699e5a1859103b1e3d9509a80c2220d1c7b5837c
src/bin/Data/Interface/backpanel5.ozt,.ozt,original/Interface/backpanel5.tga,RGBA,256,256,"[255, 255]",0,0,65536,6a3c605884fc4efbd9e73c97fbcce08e10c158bd1bb38ace0522d7eb47fa166d,7f885bcdaf52d7fe7c742cb730f01c328a55582b4840ca458b50a2d7dfedede5
src/bin/Data/Interface/backpanel6.ozt,.ozt,original/Interface/backpanel6.tga,RGBA,256,256,"[255, 255]",0,0,65536,e6525abf6c528c9558a8e70dd7f76c7ea4a37337c8073a0a21d7169935bdcd59,b0db59ce72a3576c1738bc52569616b80016fc805ffd3a57a578e6824420f8e1
src/bin/Data/Interface/backpanel7.ozt,.ozt,original/Interface/backpanel7.tga,RGBA,256,256,"[255, 255]",0,0,65536,15461faee6254d8808a9a622a29c62a5cb63526966a54e9d1f1362671dcae505,9d5d23f2692992eb008c67cc3a4bdb77609fdb321ce51151b946b6772a9f17af
src/bin/Data/Interface/backpanel8.ozt,.ozt,original/Interface/backpanel8.tga,RGBA,256,256,"[255, 255]",0,0,65536,3dc52df80c6a170b744a0874f3a145d93ac97361dd88b3a0210b96504be3c397,767c0af806b047c690276de984ef70899daab2795c982e023d4ca0550c33a31c
src/bin/Data/Interface/backpanel9.ozt,.ozt,original/Interface/backpanel9.tga,RGBA,256,256,"[0, 255]",18432,0,47104,5ad631d3e58aef5c5da10aac5e4ded7bb672912c9884d3d59d968da4f393cef8,f48210660228116d096befd9c8b83c8f5bf2fa48a9d033e8a42572cbf282b7f9
src/bin/Data/Interface/bar.OZJ,.OZJ,original/Interface/bar.jpg,RGB,40,18,"[255, 255]",0,0,720,34671424f94f37aaf145de19653fe276667e9b4509381180dd81b1daea0f151f,0e88993891d0692d93e48d1f97e86d76e7b7d3b13317bcde4532701e48781340
src/bin/Data/Interface/bloodcastle.OZT,.OZT,original/Interface/bloodcastle.tga,RGBA,166,90,"[0, 255]",7979,1898,5063,5db1cee42a775ffb24daac3c2d81eb1a9216e0bbf52b70b14c387ada1aae04d6,f9ef63676acb2c91a2043ebb9939f800a43ee7de2e3a399e7cc3ab18a32d39dc
src/bin/Data/Interface/cancel.OZJ,.OZJ,original/Interface/cancel.jpg,RGB,70,21,"[255, 255]",0,0,1470,07555f04270355958aff51e66917137533db112ca04bca2cd3577e3d8b6793fb,76cd1954ab17a7c9c8ada9676a4b706ca02b2e0d28a832ad61769d0e5780ca8c
src/bin/Data/Interface/cancel2.OZJ,.OZJ,original/Interface/cancel2.jpg,RGB,70,21,"[255, 255]",0,0,1470,0793c5bf1bb8b0a28bd9dd1aab47d0dc2b9ed24d00c9998b0f3e99d37dd84f7e,4127251dfd610a795a178249801f1a1ef0aafc3725dc34549d56714b4215438f
src/bin/Data/Interface/cha_bt.OZT,.OZT,original/Interface/cha_bt.tga,RGBA,108,104,"[1, 255]",0,8126,3106,52fab0fff2e07a30c27c55c4ec7efa77723d6b1d846921304c77a2ede57390d0,39d8fe755b015d087afb4b9327519b20dfdb3f039c7f0553c9ab2d4e7bfef87d
src/bin/Data/Interface/cha_id.OZT,.OZT,original/Interface/cha_id.tga,RGBA,346,38,"[0, 255]",4319,475,8354,dfb6f5db029d974e9cd2bfb676b622491b5e6c0a4ef83fbd34984f3ac836fa22,4ebe755e4bcf677ed3a16ef7dedd2471ce3d185db85df549e6f3c3bda81b8f91
src/bin/Data/Interface/chaoscastle.OZT,.OZT,original/Interface/chaoscastle.tga,RGBA,166,90,"[0, 255]",8200,1892,4848,acbce06e5a1696373e2e75bfea5755b0cd559c097494f86b7c331b23cbb24e85,69aacc99b22a06ee4da33024618a5f114462b41c830e553baaaff6c6823fe6d4
src/bin/Data/Interface/character_ex.OZT,.OZT,original/Interface/character_ex.tga,RGBA,118,54,"[97, 255]",0,5435,937,eebe413f67dc2d2ff7a9d6bb7cece5b8dd2c2b30888474f2a439af1f3127363c,54340d0f2a65c8dd5ccbfd7a3bf6a4408e085d592fec9f800d4fdc7c97ef28be
src/bin/Data/Interface/cmdType.OZJ,.OZJ,original/Interface/cmdType.jpg,RGB,256,256,"[255, 255]",0,0,65536,86d550448b744c3092069a2a00830fbc6b47761a83cb465e759aaa768e1ae51d,43f09ebddc2cadcb6f9c8a60c7c3f3795c070279f62a4ec97f70649bca0ef15b
src/bin/Data/Interface/command.ozj,.ozj,original/Interface/command.jpg,RGB,256,256,"[255, 255]",0,0,65536,2d385a6fccf3f4a735f22ee36ac8ac83c07d44eaf54572021a8c330d3885cafa,b17b7f7188444ede96900d5e828ab11b54243c0e75c8428341a9cb5cdf860482
src/bin/Data/Interface/cr_gr.OZT,.OZT,original/Interface/cr_gr.tga,RGBA,130,126,"[0, 252]",882,15498,0,5da8fea6d73ce6de88951c6640150b49b963041b0609dd5c5171b103ffd60ecb,990b2847139ce369cc85c67dda20e0c9d8790d45a8d32ea1046bee4ba1ab531e
src/bin/Data/Interface/cr_gr2.OZT,.OZT,original/Interface/cr_gr2.tga,RGBA,130,126,"[0, 252]",882,15498,0,ed89b272d0a4618ce93e72d278c0cb6e3a164c3bde4eb02069bef42a5176c56f,86b5e89d6a57042f6fd5aadab01f2be45c6675a8b877ceeb36508238af3a7da7
src/bin/Data/Interface/cr_mu_lo.OZT,.OZT,original/Interface/cr_mu_lo.tga,RGBA,290,41,"[0, 255]",5986,4154,1750,803754bb95b489707ca5a33d4d3ebb39153f95da04a886b8c370728b3213386e,7d382ec146ead99eba53ad8a0aa6fb19e45149ee936692d1f2429c3687060820
src/bin/Data/Interface/crywolffortress.OZT,.OZT,original/Interface/crywolffortress.tga,RGBA,166,90,"[0, 255]",7711,1906,5323,513dafd9f9056d9046aebd611fb5f38da1287983e223ada28d2dfb4fe7e127f2,c3cd351edf1a68ecb785db50f257de10a44c520078bee9bc6310e183571981bb
src/bin/Data/Interface/deco.OZT,.OZT,original/Interface/deco.tga,RGBA,189,103,"[0, 255]",14555,1837,3075,9546214aa55a652113bfafab60ee14af9ec887b80081fc41bce4e6263e8f5a33,33c215ea11e4aa9cbb005cbe3bbd3b5b501773992466fc161ad0d28586ef349f
src/bin/Data/Interface/delete_secret_number.OZT,.OZT,original/Interface/delete_secret_number.tga,RGBA,171,23,"[117, 255]",0,52,3881,cd59865c2a05b13d65b8b45d4db4a2579a9fd16143978117ed579558b2d871b4,faf086e3dfdeb8d329075f9b0308846303cded99ebc8a3bf4fbac346672f48f5
src/bin/Data/Interface/devias.OZT,.OZT,original/Interface/devias.tga,RGBA,166,90,"[0, 255]",8470,2001,4469,c54cba0fd6f6dcb52d472da8473a6247e8ac9d8d1ba62bec620cd5c070a3bc45,8f46245ba0b14657fe1dee6e8fd51cd17e6d04003b2b77fc10a3b1a5f5475fcd
src/bin/Data/Interface/devilsquare.OZT,.OZT,original/Interface/devilsquare.tga,RGBA,166,90,"[0, 255]",8164,1820,4956,f49388e7e85f21d085235cf8da46ba32daabb4c31d3c220b393e17ce8e03876b,fed15427e848f0b4d6a8c42fb4b5091c52fcd9012eefe5e4a57dd301ee366fd7
src/bin/Data/Interface/doorCL.OZJ,.OZJ,original/Interface/doorCL.jpg,RGB,155,168,"[255, 255]",0,0,26040,597eee0dfedaeed48621579e34e74c228ade97af731d24fe88bd1dd27b7b42ca,a929f777b94d84868f85d25d0d1f11f730abb4b64ed5f2915bc5a49fa0ef065f
src/bin/Data/Interface/doorOP.OZJ,.OZJ,original/Interface/doorOP.jpg,RGB,155,168,"[255, 255]",0,0,26040,8de5aac9bda172e750a1c4cf7631abae9b2437ce51d4824e66b8911c0fff2ab5,c5c304070e065b90a5090de185e3019a14b2ca51ec0dc03addd1d3d01e7824e6
src/bin/Data/Interface/dot.OZT,.OZT,original/Interface/dot.tga,RGBA,3,9,"[0, 255]",9,16,2,6c8d44c6f20c91f4c1180fd2aaffcad1d908bf8982490310ced6abd78eb01f63,7c46a4bf97d9b60c9a75566c70636f4cd91aa6bd9522e734c0a252e8c04c5f37
src/bin/Data/Interface/duelarena.OZT,.OZT,original/Interface/duelarena.tga,RGBA,166,90,"[0, 255]",9005,1606,4329,623bab5af9e48d50c70c2322d1916069ca8290912333e69e1d5084f8cc45cd84,cf54187d560ab25995140f5216dcdb97963b5e52774d8721b53d0cb8113b1542
src/bin/Data/Interface/dungeun.OZT,.OZT,original/Interface/dungeun.tga,RGBA,166,90,"[0, 255]",9851,1387,3702,5163824492a0334da6a07c8d8dfe40ebb6b648def6549d4539601255f4a9b4e4,f3785849ac94dcc8c388b21d5f538d07c9b7dc3c37540e06c68b64fc8b93e633
src/bin/Data/Interface/exit_01.OZJ,.OZJ,original/Interface/exit_01.jpg,RGB,24,24,"[255, 255]",0,0,576,ff30ea6b7b373ee74142c071fd0ada8c4e9559ec5f86e37a68c7539dda7a1c92,a83b5aad093029dc2301fcde3d38be909f2547566342eaf9386e9c531d1eb482
src/bin/Data/Interface/exit_02.OZJ,.OZJ,original/Interface/exit_02.jpg,RGB,24,24,"[255, 255]",0,0,576,003107b1a37be4e84e889ace07d7211ded6e976eb780a7452bf7ae2ef5b736cf,e87a998a088a712e69ae273829d5ee85c5b93546abd5f13a4d5ca1a307c67225
src/bin/Data/Interface/frame.OZT,.OZT,original/Interface/frame.tga,RGBA,151,173,"[0, 255]",15493,3,10627,d7e67cf67924c85d476c00d5bee88dab93b6658ecd2733c4afef68920800f05f,b40801adcd78133f745925c4e07519044ca6918c3b7727a836ec077b7111e2c3
src/bin/Data/Interface/gamecensorship_12.OZT,.OZT,original/Interface/gamecensorship_12.tga,RGBA,99,116,"[0, 255]",20,37,11427,72f587976276ef47c71eaed0cf7ff619694baeb58565ec4249aab46c64431ff4,af2a463a3fab17495d40067ca93d4b86d6a5f75352b81277a265ca43f6c686d6
src/bin/Data/Interface/gamecensorship_15.OZT,.OZT,original/Interface/gamecensorship_15.tga,RGBA,99,116,"[0, 255]",20,37,11427,4e9d5546193164016203b500f0b7325a5c8bfdb1249ec62d65494617a46c791b,ff4c1eda3a263c2e25adb7deea428e49f532e390a87fbeeb966bbe2bf59f29f0
src/bin/Data/Interface/gamecensorship_18.OZT,.OZT,original/Interface/gamecensorship_18.tga,RGBA,99,116,"[0, 255]",20,37,11427,6ebe0dc462cdc901c01a36c66549b284abe5f0ec647c88c2cde52d6e5565e573,8e7b71ad3a52280ea7c7e1252586c4b496036f4d1351b61e29aec3862acabf12
src/bin/Data/Interface/gamecensorship_fear.OZT,.OZT,original/Interface/gamecensorship_fear.tga,RGBA,99,116,"[0, 255]",20,37,11427,dd9309971f444c3424c687c539cab90da4b558b2e9f2ee6051d8e42d87a2311a,116e91b7688d69f6c0c00a38700c8604195a9be37bfcfb4337381ade6ff9cb7a
src/bin/Data/Interface/gamecensorship_vio.OZT,.OZT,original/Interface/gamecensorship_vio.tga,RGBA,99,116,"[0, 255]",20,37,11427,53b338a4c089e1c1f65ebec9d5402a5f5f9473cf806f8dd45c68da96a968009b,f6760babaf5d680a6275e9fecbc99a08d9a98a8b841caf0eed21428e9798468b
src/bin/Data/Interface/gate_button1.OZJ,.OZJ,original/Interface/gate_button1.jpg,RGB,24,24,"[255, 255]",0,0,576,cf5c07d5b957c2877ae2ec7a90f16387658c4fae1807329e986e609875e09305,63903b36f42ce3f5ac23b1eeda860028c27df20358b7f32bcc9b252c0e66a2b0
src/bin/Data/Interface/gate_button2.OZJ,.OZJ,original/Interface/gate_button2.jpg,RGB,24,24,"[255, 255]",0,0,576,46e61416d79a5bb906cd2d1d51152c00ee4c2d442a47c953d8e8b9223b99e155,d091f1a8badec0c7890141d90752cee5b43a1ea060934815dc3e9a9c6b0d33eb
src/bin/Data/Interface/guild.OZT,.OZT,original/Interface/guild.tga,RGBA,8,8,"[255, 255]",0,0,64,b659c6fbc403d7f4a2ac4d8068c90ec1664519894a939946fca3ac8d01a5fb7e,f03d450d22d89db3a296ae0cf320a9c08231922f0ce9070670f47c213ac60b2e
src/bin/Data/Interface/hit.OZT,.OZT,original/Interface/hit.tga,RGBA,27,15,"[0, 255]",185,106,114,c47e941d9d82463cd0ebacae0ae485c87e58aca270ac3c1ed104c3ab8268dff0,e625df8e7543ec491f7c69cb9cfe6dcf7b0051b145f8b45067ebc49e7227e4a2
src/bin/Data/Interface/hourglass.OZT,.OZT,original/Interface/hourglass.tga,RGBA,154,23,"[0, 255]",671,331,2540,4a9463572757f22e4d1070d8b1a0d2f705a3188373be016f97ca08120ba11f1f,082ffd1bffee1fd73f233cb9130f96eff6474366a3a575df8069bceda23a991f
src/bin/Data/Interface/i_attack.OZT,.OZT,original/Interface/i_attack.tga,RGBA,13,13,"[0, 255]",80,0,89,f49e0ef2202dce03a5d20fc509074fd6563f8cce04bd469f0acafe6a40f304bf,315910ab2c15557ebf7b58f841f499e81c1f48bbd0bf825143e57d9448126e5c
src/bin/Data/Interface/i_defense.OZT,.OZT,original/Interface/i_defense.tga,RGBA,18,15,"[0, 255]",149,0,121,37d21f5d971c06b50b76c06933bd707f84686854101afdb2060b052ed07feedf,3b816a8884c793f88ba3b5a04e87d606ca712eab935835368cb0727e7a4e9c9e
src/bin/Data/Interface/i_wait.OZT,.OZT,original/Interface/i_wait.tga,RGBA,11,12,"[0, 255]",32,0,100,425ace48e533e1bf1eeae455cb5094304c2c46367dae2e2e287cfb86b1a02893,7989c97c2b96d5dd8c245e8ab0bcb0d25b055e87d9d174cc151713fba9148ec2
src/bin/Data/Interface/icon_Rank_0.OZT,.OZT,original/Interface/icon_Rank_0.tga,RGBA,15,19,"[0, 255]",56,48,181,59a6807206e3ca5497b1f2e1b9e2c98d44da9a387c1858b1b5a38793d6487da0,db37dba6ef934d3587a3f4bbbf358125a62f9735c81a715b2f5e7b993474f332
src/bin/Data/Interface/icon_Rank_1.OZT,.OZT,original/Interface/icon_Rank_1.tga,RGBA,15,19,"[0, 255]",113,47,125,815e4df53eabbbd62c592964cd5061c2abbf330547646e91cd1c118f9e938104,db771d90aa15a1e6f5331515adf85c6548bcb47fb6bdcb23bc598c6430827da6
src/bin/Data/Interface/icon_Rank_2.OZT,.OZT,original/Interface/icon_Rank_2.tga,RGBA,15,19,"[0, 255]",70,60,155,2927879ef55533382a77d88fb5ddb0249c7684cce40fe9c2c25472e7cd355205,d0312f3d60fe3eb37c9797c0c0c28ece6b1407b7b38242f6e79df202e34d7c77
src/bin/Data/Interface/icon_Rank_3.OZT,.OZT,original/Interface/icon_Rank_3.tga,RGBA,15,19,"[0, 255]",69,67,149,9d84f3bfd3d8f55c474d6723a552eb8a743f56023cf93e2b93d713aa35e1385d,7648c8b97b0a83c618fb943227fb4630c016e52418e010146a0e02173672383c
src/bin/Data/Interface/icon_Rank_4.OZT,.OZT,original/Interface/icon_Rank_4.tga,RGBA,15,19,"[0, 255]",93,48,144,35b1fd40f6d198fc26dd3b69d652d2b8bd05792c5d534eb97531176bcc0b535e,130fd9b1daf38209276b7db73626095a2f91ce0fb463012b6d7588617d91ef0d
src/bin/Data/Interface/icon_Rank_5.OZT,.OZT,original/Interface/icon_Rank_5.tga,RGBA,15,19,"[0, 255]",58,59,168,6d0c228edcf4532361ffe09c4932c4009ef6cdec23817b3732893b60433fe909,98e932431bb3a7ff487dff7cdddb06847815cbf19320a4925f2f4017be6a3407
src/bin/Data/Interface/icon_Rank_6.OZT,.OZT,original/Interface/icon_Rank_6.tga,RGBA,15,19,"[0, 255]",71,51,163,c89fbf75c895fc3792da6d5e520a9a3e2e4ec052128a8ab80bb292d86705f8de,c46d1a396a8f496f597e55717316f89bc76c3d594e64b1d37f474d4988d0b842
src/bin/Data/Interface/icon_Rank_7.OZT,.OZT,original/Interface/icon_Rank_7.tga,RGBA,15,19,"[0, 255]",108,53,124,4e56c8f6214aa9ec9bf0dc76ce6e5e3759b55080ce7f6dc3055e6ede972eaa94,d9020ec6dc7bfe85731b68c89164515be22102fc34958663e7939d88b38ae2a1
src/bin/Data/Interface/icon_Rank_8.OZT,.OZT,original/Interface/icon_Rank_8.tga,RGBA,15,19,"[0, 255]",52,48,185,997843b89f4ead79f0579224250f7a9e7569efd585d12553dbe9ac648d50a9a9,d2a57e52b4376c40d0f0a08babf4c711835e5efb40d97b6bc02c60b4cd62977f
src/bin/Data/Interface/icon_Rank_9.OZT,.OZT,original/Interface/icon_Rank_9.tga,RGBA,15,19,"[0, 255]",73,49,163,21416735ae757340b45fe629faf72d237e56da33fd9a9b1136c92ba6d81d1ace,fc729376a21add490b57225c7612c22df019b30cc66d1f897fa561b93ca3efda
src/bin/Data/Interface/icon_Rank_A.OZT,.OZT,original/Interface/icon_Rank_A.tga,RGBA,29,28,"[0, 255]",374,96,342,5de8debc358524be831cba706e1cb69f11b972f8c8f81f6341721e985e485b3b,925dcb8531feda3105b1a278e3c2c8ba1d3a255fff7c5156a096aca352f2299c
src/bin/Data/Interface/icon_Rank_B.OZT,.OZT,original/Interface/icon_Rank_B.tga,RGBA,29,28,"[0, 255]",217,113,482,9c049f7e183c6e42ef9af023f601bd168cb5d6a9a2db0e58cc5a77a98d3d3137,d471e47a497f9a5f10e817b48528256ff62ad029e7f93aea9d9a7c1d0f349405
src/bin/Data/Interface/icon_Rank_C.OZT,.OZT,original/Interface/icon_Rank_C.tga,RGBA,29,28,"[0, 255]",340,106,366,cf1b3b5dee46dc8208f9ef99041337c9e527aa0b30a42f3d182f819725e6ec36,b5200bb9cafaa5822533a9d008ea018a5832518166a485aba9a2345caa268c20
src/bin/Data/Interface/icon_Rank_D.OZT,.OZT,original/Interface/icon_Rank_D.tga,RGBA,29,28,"[0, 255]",222,109,481,a9776ae0cdf38e6f102d521f3c4dcf9597bb2e31538e88bb66a00fb2a442e17e,35bc1f767da0fce7e0981e1c6e5bb28f93cee1803817499570bb81c0b9a3d1ac
src/bin/Data/Interface/icon_Rank_S.OZT,.OZT,original/Interface/icon_Rank_S.tga,RGBA,29,28,"[0, 255]",321,117,374,7f5ea0172cdd8e196365b0b3642f9e8de4a409c35812ee0900bcfdbaee87e012,b3cc9fc653bbefc13f6fe80d251cba37488ec2c9a9012c6f0c469ac800d8adaf
src/bin/Data/Interface/icon_Rank_exp.OZT,.OZT,original/Interface/icon_Rank_exp.tga,RGBA,60,19,"[0, 255]",236,208,696,610671af3747a446bb80726449ff3ff8a48ac3e55a784925fb4b0ab5205cf180,8cea23606b3ee1de3af5a0facbe6aaa0a2ff6403ba6d71f1433dee5beceb1235
src/bin/Data/Interface/icon_Rank_rank.OZT,.OZT,original/Interface/icon_Rank_rank.tga,RGBA,110,28,"[0, 255]",856,447,1777,654e4dbdf51cc719fedae811082f43e12c6362d04d2221e3c068dd340117c12c,27a6c5d7abe4dbdbf6df8553f36f9e489ab93b3d2cba4617b7df258347edbefa
src/bin/Data/Interface/icon_Rank_table.OZT,.OZT,original/Interface/icon_Rank_table.tga,RGBA,196,141,"[0, 255]",21647,3004,2985,92df55a5a314f799f8cb5e423a7e38c6a5b2cac807ce593603a3aa8bc4aa10b9,cb0003bcbaedfd5f790606f9026a584428c58ef591aaf3458fb3b161e7605794
src/bin/Data/Interface/icon_failure.OZT,.OZT,original/Interface/icon_failure.tga,RGBA,329,94,"[0, 255]",15088,3633,12205,0b6d1cd0a72e4ebe96c5eb68d9ca0c4c4a5b37feeeb35b0621d2a4b7c0e28991,921cbea98c9b3020ddf3b9d7c8d29f66ed49daa5031450a080ac0c8bcdf68c87
src/bin/Data/Interface/icon_success.OZT,.OZT,original/Interface/icon_success.tga,RGBA,329,94,"[0, 255]",14603,3419,12904,063f80fa668576b02fa4f58601735684012dfc989ff94dea70bdc89fc766de57,8407410c2e9f82d43219891fd9fd6c3c2382ac90e21c3cc983beab27773927be
src/bin/Data/Interface/illusion_failure.OZT,.OZT,original/Interface/illusion_failure.tga,RGBA,351,115,"[0, 255]",22101,4544,13720,8913626facb3dbe5c528c740e84e8e25555227c5fc28debdbbf710c147849f5e,a3eddea7da58cdcefea687f9935a7a3d3328a8c02086dcbc90a41fb4a885dd34
src/bin/Data/Interface/illusion_success.OZT,.OZT,original/Interface/illusion_success.tga,RGBA,351,115,"[0, 255]",21166,5351,13848,25a1ac5a804f4c716d8bb9b5f1f0cb48b6a9089e0bfff9a64efe71074a379226,78211053e80bf0322a32c0e4b813ee1a7310a34af1dc2d5a61fd0d40253b1cc4
src/bin/Data/Interface/im1_1.OZJ,.OZJ,original/Interface/im1_1.jpg,RGB,400,400,"[255, 255]",0,0,160000,25ed0a84769f5e6e5e7fcb8f3b46a9a16c71537ae09139089a9ad6261e3643c9,73c059c68db590a44628b8a4f5a843536137c842273e2ba3f2613f9a5da28b6a
src/bin/Data/Interface/im1_2.OZJ,.OZJ,original/Interface/im1_2.jpg,RGB,400,400,"[255, 255]",0,0,160000,225c4512c279248766a7caed8cc17bc268c44ad2f83ec63918c8fca11b017924,6a0ab712e48345fea26c355421e576a4d2833f447320e7e41ac9372fe252251f
src/bin/Data/Interface/im2_1.OZJ,.OZJ,original/Interface/im2_1.jpg,RGB,400,400,"[255, 255]",0,0,160000,3bc7c39679f4509f1055263db9f6be95cb02e78afb00c13a9481c7655ca952cd,ef3f975de524a25bd26d3da9be8954f8574c4a51d9ee62ba6b730d043ed62c6a
src/bin/Data/Interface/im2_2.OZJ,.OZJ,original/Interface/im2_2.jpg,RGB,400,400,"[255, 255]",0,0,160000,fd40194b3428cad7571da4bdd331fe01ae467b2d1b40444b105fda5edeedddeb,9346a5d76d06db99126894ffda25f4e8acc6151181830f004c563268fb9e6f49
src/bin/Data/Interface/im3_1.OZJ,.OZJ,original/Interface/im3_1.jpg,RGB,400,400,"[255, 255]",0,0,160000,15d16573f5b536a79697c361b2da5f264690a9a74836560ab6a41d08d94a0439,db41abb6095da4a0a1054acd1befa5811ef60cc88534a6a90ee6688d757fbefd
src/bin/Data/Interface/im3_2.OZJ,.OZJ,original/Interface/im3_2.jpg,RGB,400,400,"[255, 255]",0,0,160000,b585dc94168073696b471d5f21b5bdb24bae7c037c12e865ca833744eca36f06,0adaa956cc455bb6be7afa806da01a7aed22344eafe6d3af9639a9ad5a73c44e
src/bin/Data/Interface/im4_1.OZJ,.OZJ,original/Interface/im4_1.jpg,RGB,400,400,"[255, 255]",0,0,160000,22fe2a3f723c7d8946c2146991de579e8370a10986ff287e0c4ad3960a526d1c,a0386cf36a0ceb3e2c65975f266c3364d9368fb397a158f38bf299f6874da445
src/bin/Data/Interface/im4_2.OZJ,.OZJ,original/Interface/im4_2.jpg,RGB,400,400,"[255, 255]",0,0,160000,3a6a9098e347bb518111cfaca45f1403822604c859291efe36d4aafb0343c3c5,82dd311d6daabfc68e3a0702c5ea5e08b9a0b323b82a32c1f92f976037111c82
src/bin/Data/Interface/im5_1.OZJ,.OZJ,original/Interface/im5_1.jpg,RGB,400,400,"[255, 255]",0,0,160000,87df173efcbb201c14e06eb191e0d4cd5080d558c98505f0d5aefd522d15f340,dff4a2b0ef039dbb7b70c9912ed3449ac559bb919511662cd294b4dbbc62b683
src/bin/Data/Interface/im5_2.OZJ,.OZJ,original/Interface/im5_2.jpg,RGB,400,400,"[255, 255]",0,0,160000,7d4f0256975c0e4e259facd103d7f7012859f8b965387abaf0ea5a33dcc1ae74,6cfc0eab7f055cd5db5965deea9c01081c25645dd06593d9205ae18f14d6a65c
src/bin/Data/Interface/im6_1.OZJ,.OZJ,original/Interface/im6_1.jpg,RGB,400,400,"[255, 255]",0,0,160000,391d3c02c38d09b41b42fe99217e6d42ae37ae72a16a214d14ac0e783632beb0,cce692efaa94443798eb1a50d084fd0d4e1a97fbbc5061433b9ecc9fcba82c1c
src/bin/Data/Interface/im6_2.OZJ,.OZJ,original/Interface/im6_2.jpg,RGB,400,400,"[255, 255]",0,0,160000,b43c3a3680f2a200ac8f676b0d49677c91afd3ab7f53c01b5ffb90e377e4a3c7,08ad865a08a9fdc0ff34fc5c00a67f97a41a08448ac75a28c06f2048acfd7b44
src/bin/Data/Interface/im7_1.OZJ,.OZJ,original/Interface/im7_1.jpg,RGB,400,400,"[255, 255]",0,0,160000,d4d3cce6a2f3211318a6e5224d0e98983f9388e264e98f344938b7d39dbc2781,e6d7f65624be715599327328a3b5cf5ea08ff0d2a572bd05fb703cc9d248be15
src/bin/Data/Interface/im7_2.OZJ,.OZJ,original/Interface/im7_2.jpg,RGB,400,400,"[255, 255]",0,0,160000,23d60fb0f58e94ed4f633f2a14ae20bcaac07f9f251ebebb4658e45c0eae5d70,da7f3200496b1b79ad47058bb862e93cc7030ea8b9617c04f58064a097d88d64
src/bin/Data/Interface/im8_1.OZJ,.OZJ,original/Interface/im8_1.jpg,RGB,400,400,"[255, 255]",0,0,160000,7024bf8e483378b02b41355eea024920878415fef6022bbca8f6d773817e965c,5853419c828558c81d5806a446232e2a1ef1f93ff74fc126eedbf2705b22ef17
src/bin/Data/Interface/im8_2.OZJ,.OZJ,original/Interface/im8_2.jpg,RGB,400,400,"[255, 255]",0,0,160000,5b0044ef1d259ed2db6dc8b0a568c7a4e15d004dd495ecd6f2fbfb0d6ceb0c0d,f7a15f8438d9569c7237020ee63fe243019deb8027c8fc2f5791834fd42f6948
src/bin/Data/Interface/in_bar.OZT,.OZT,original/Interface/in_bar.tga,RGBA,97,21,"[6, 255]",0,117,1920,e35d3f5f1b237b3d33c2508b555755715e14d3c91a69252bb4fb3d1ada48d1c6,28adc4116f28339e456e5998cf6816d738bd4f4c27ca9510b30177ffd68799a3
src/bin/Data/Interface/in_bar2.OZJ,.OZJ,original/Interface/in_bar2.jpg,RGB,68,8,"[255, 255]",0,0,544,1570eda6578655b1790c1b0e09b3d9027939fef3bc7bed9fea5de7e01f80e04f,ec02381a1eb8ace47c53175f76c3abfe81094bbc3163a810df27581be61b90e0
src/bin/Data/Interface/in_deco.OZT,.OZT,original/Interface/in_deco.tga,RGBA,20,9,"[0, 255]",48,97,35,e8b5afeb9ac7f1d2ffdb7a78179b2b521ff1426ea2352889083a6862c827fe89,c0388295cf0dc19ca404c67d5afad838c09e9bbafc6dca0b0bed6a13fab5af38
src/bin/Data/Interface/in_main-New.OZT,.OZT,original/Interface/in_main-New.tga,RGBA,122,119,"[0, 255]",3212,1568,9738,0ce466bbdf4e133787104830b88e52df74b875f7edb2da5bd4fe306eb1bcd2ae,8d82569ca7287358f392d8d14b894fc2ae5cfe653a25090f4eeb0d2aeae7fb24
src/bin/Data/Interface/in_main.OZT,.OZT,original/Interface/in_main.tga,RGBA,122,98,"[0, 255]",2595,1652,7709,180b6c6ce3197c7eccba46e6b52bf7a518253e8dc4cc3e6d219f2418f0e72d6a,e039e35148dedeff545d279c75b3251684bfc16dc90566e1be085f6ac2fe245f
src/bin/Data/Interface/in_main2-New.OZT,.OZT,original/Interface/in_main2-New.tga,RGBA,89,30,"[0, 255]",1158,702,810,208b0513f0465ad894304c79811981b3a0f90e18d2df4ae237c7521521f8232c,26b3dd507d12e6513731647b2b7e0323b2b8f3458b93556efdafa36943ba860b
src/bin/Data/Interface/in_main2.OZT,.OZT,original/Interface/in_main2.tga,RGBA,89,30,"[0, 255]",1158,702,810,bdfa975a7179f0985e60b1e43a60c9e1b09d10039f407c298b9fea4420c1ca53,b1f1de8b54ccd47d81a4e4e94f314599d942b98b1e581d6b0497a9f9b2fa36db
src/bin/Data/Interface/in_main_icon_bal1.OZT,.OZT,original/Interface/in_main_icon_bal1.tga,RGBA,15,15,"[0, 255]",26,27,172,d9963a0406bc22ae213090898ef6cf5ad3fe828889fec58c56478de15a09324b,a9b4ffddd7d50f51a30596393d6f2df7f3ef4e350a9b2496e88fabc84825629f
src/bin/Data/Interface/in_main_icon_dl1.OZT,.OZT,original/Interface/in_main_icon_dl1.tga,RGBA,15,15,"[0, 255]",10,80,135,fbd60a995cf87c37029e5bff1a81421efef60e4edff734749e34f4e10e00a8e8,2495b162c0610554982bde1ca8777565af27b4b7d5c5cf4e41548b108975c5e8
src/bin/Data/Interface/in_main_icon_dl2.OZT,.OZT,original/Interface/in_main_icon_dl2.tga,RGBA,15,15,"[0, 255]",10,80,135,9d9951d17688039e3ed670dcccbbacd17d2bf34b4e122bd041eaf6e759fafd28,18260fcb4cb5b9023e276a680806121eb6a3bf090b0b3fa0e2556a43f617175b
src/bin/Data/Interface/in_main_number0_2.OZT,.OZT,original/Interface/in_main_number0_2.tga,RGBA,13,13,"[0, 255]",20,49,100,f36c61be2893c3f3c049f35ed28a2eb48c23713ed9c2803a58ccd21478a1e9e0,af6a6aeefc25a21a4ce5553d6679626a3a20c09b4ef3aa50a2f05215e73b92c8
src/bin/Data/Interface/in_main_number1.OZT,.OZT,original/Interface/in_main_number1.tga,RGBA,13,13,"[0, 255]",20,48,101,530f49f0e4b036f95d805e616f0b66df53416688e631d3d08f2ba1a34c8fe490,3681be1743f9fecb6b94eb0404b108433f31f5cb3201f26ed21c4bb1c437ddc4
src/bin/Data/Interface/in_main_number1_1.OZT,.OZT,original/Interface/in_main_number1_1.tga,RGBA,13,13,"[0, 255]",20,49,100,75be49ac8d60397b8b59d997226b4b0be4b48ffcb9986ffcbfb26e6614fb06ca,ab1ecdb24fd4fd7ba70f271423afbd548f59d734386ad2dbefcdf866d5728621
src/bin/Data/Interface/in_main_number2.OZT,.OZT,original/Interface/in_main_number2.tga,RGBA,13,13,"[0, 255]",20,48,101,e79b34ae5fa0e6f0aa8ad77dae2382b4c0c6d02d88b6e9cc8f68e91bb8934039,e2c95b4092807fb2b11e711a5860f7f95d4873015642dc246a9bcc15907a2a38
src/bin/Data/Interface/in_main_number2_1.OZT,.OZT,original/Interface/in_main_number2_1.tga,RGBA,13,13,"[0, 255]",20,49,100,74072750c27d4005b44e33626016a49df5e15ba5c7e894ee5d9acf0d3ad8177a,64feb103aaa08a545fe92332d356b2c001127f25b7ff1e57363de4a255c3c0dd
src/bin/Data/Interface/kantru.OZT,.OZT,original/Interface/kantru.tga,RGBA,166,90,"[0, 255]",8972,1654,4314,b14ac8e8697b5ae8e3962b644c6e72c9321d41250a4d72b3019ff5a337c4a7ef,daaedfe4b2b6bf307ff23d52e1971fcd02aa840f3208024b08cbee051046d8d5
src/bin/Data/Interface/kundun.OZT,.OZT,original/Interface/kundun.tga,RGBA,166,90,"[0, 255]",7997,2021,4922,d19dc05470dc542472fb68a42aa04dcb129116380e37fef3cf12e31d4a5c40d4,12a878ce3a11cd5e3d1391324e54b9fdb0992460cba87f75d1d89def8a40e4ed
src/bin/Data/Interface/lo_121518.OZT,.OZT,original/Interface/lo_121518.tga,RGBA,256,206,"[0, 255]",38519,4121,10096,3f890347fb361d8f47f7fbc56f98f248003b8e381d6b9f8c88b33d746ff30429,3ab7f52393e4e5a3ef77bf5abd0ea042974aa55a4efbe0148377cb77430e941e
src/bin/Data/Interface/lo_back_01.OZJ,.OZJ,original/Interface/lo_back_01.jpg,RGB,512,478,"[255, 255]",0,0,244736,9e7e0f0fb885da090758921151db850f25ca604b3bf7814e54c71233250a8b04,96869031cd983f75e83e2ee24ce27ba7174ec6e7d67f41d4db9439e346793506
src/bin/Data/Interface/lo_back_02.OZJ,.OZJ,original/Interface/lo_back_02.jpg,RGB,288,478,"[255, 255]",0,0,137664,f2c1527a3745634e3c0475fa27672440e15e96233bcdac9423b039f4931718e8,d7005c6c20a148c06cfb03d90aa7897fc51317010addc6865c0c88c1c28c28a5
src/bin/Data/Interface/lo_back_im01.OZJ,.OZJ,original/Interface/lo_back_im01.jpg,RGB,512,512,"[255, 255]",0,0,262144,8aa29ba5ecfc6233285991f2cdf545f9517d9ef1a35799e06c0e98afb4446e35,f663373bdb7548a0aa4dcb0838545c8e07b6863801c6f35484f0444658dd6cba
src/bin/Data/Interface/lo_back_im01_Blue.OZJ,.OZJ,original/Interface/lo_back_im01_Blue.jpg,RGB,512,512,"[255, 255]",0,0,262144,fe6028f68c0d26607cce827d883c519dc2c27d15ffbdf9f4f08aec6eff8b062a,e8b878a9e6ef0860a6852fb74cd046d61905a9949a3043ed15b7b159ebadef93
src/bin/Data/Interface/lo_back_im02.OZJ,.OZJ,original/Interface/lo_back_im02.jpg,RGB,512,512,"[255, 255]",0,0,262144,9a6083bdb43ed02db9766c964e4c65f55b5dcca60e46d04194dd69cc96709c8a,7a0f6411b0c9276988a9ce864e95e93f7ce1e33e3bc7765972dfc52e48e8439d
src/bin/Data/Interface/lo_back_im02_Blue.OZJ,.OZJ,original/Interface/lo_back_im02_Blue.jpg,RGB,512,512,"[255, 255]",0,0,262144,96417c6bf6e94f618cd0fa74247970c9092907f52ae7cb8713ab8b21eabeb5af,fd401dad9aa492e1bbf46a5e36481ffada30cad9a3facdae411797a2f61cc013
src/bin/Data/Interface/lo_back_im03.OZJ,.OZJ,original/Interface/lo_back_im03.jpg,RGB,256,512,"[255, 255]",0,0,131072,f5be9a889f4c9df5d1e2e24f69f92ac1ef343df730b6bdaf8b318083cb5ceef4,d1d309db60f3c8248d510dbe7d2e40d69c946f29e3db83553afa1a5460d8d016
src/bin/Data/Interface/lo_back_im03_Blue.OZJ,.OZJ,original/Interface/lo_back_im03_Blue.jpg,RGB,256,512,"[255, 255]",0,0,131072,def2e8433aeb002f5861ce5bb063cc53f714414f152e4c92ecea64d7876e2e9b,0cc367a636162e5b5540a140e7fd867460220fadffc5c867a392ac76e9e896a2
src/bin/Data/Interface/lo_back_im04.OZJ,.OZJ,original/Interface/lo_back_im04.jpg,RGB,512,223,"[255, 255]",0,0,114176,37eed97cc5cca468c2d2ade5f0d3667d6c9d2255eda1f0af0cc0ef8be031149a,e8a7d49e81d66773265b1f7d06fd07e3bb9a9b8f4e03706c506129088a393395
src/bin/Data/Interface/lo_back_im04_Blue.OZJ,.OZJ,original/Interface/lo_back_im04_Blue.jpg,RGB,512,223,"[255, 255]",0,0,114176,bcb6f43525d21c0224afc20e2a2cfec6f4a07812d1a1d71ea2947e6b0e8aa41c,4a4ac462a36c5a379196ca8118af476429f825899e03fa4e72f04cfd03f66e1d
src/bin/Data/Interface/lo_back_im05.OZJ,.OZJ,original/Interface/lo_back_im05.jpg,RGB,512,223,"[255, 255]",0,0,114176,c004547c2b30b1ae902ae098b772e7703948b6eff129ed815b42d61af6d6f6c0,3adc3d4f806b8819f2a8ae4feccbb86746bfbe22edec55dc4b6ed305887892e6
src/bin/Data/Interface/lo_back_im05_Blue.OZJ,.OZJ,original/Interface/lo_back_im05_Blue.jpg,RGB,512,223,"[255, 255]",0,0,114176,d579c26cb52ecaaff0636b50d598f5d0bf5f138778f28859ef5c1949b3eff1f4,fdf6a84eaac863729057412156d0854f4ab315a01a5f605f4b347c38dd5b958c
src/bin/Data/Interface/lo_back_im06.OZJ,.OZJ,original/Interface/lo_back_im06.jpg,RGB,256,223,"[255, 255]",0,0,57088,e9338d9d2e607eac666eb1fb41934553a824285c8ee42aa84a6dfb1041805a2b,ee6c2b8c2314c2130dc4d80f43a0544eff90d0a9cc96fea97284b3604572c4b4
src/bin/Data/Interface/lo_back_im06_Blue.OZJ,.OZJ,original/Interface/lo_back_im06_Blue.jpg,RGB,256,223,"[255, 255]",0,0,57088,0e6befef66514217036f195e08af79971a5c368b61869e722ace9c0ce37864bf,d83e4bb36e44d08e483c34a9f0fe14cba50438e031408146c22d40f8853ef8bd
src/bin/Data/Interface/lo_back_s5_03.OZJ,.OZJ,original/Interface/lo_back_s5_03.jpg,RGB,400,100,"[255, 255]",0,0,40000,ccb7709b6ac8eeaf727dc15c8d1b45aed0cd8cda4efe5787a565576a05c95630,faa19da77674f78e734cd826597e3227a49a9e7ffd295feccd7afc9e727d2c4a
src/bin/Data/Interface/lo_back_s5_04.OZJ,.OZJ,original/Interface/lo_back_s5_04.jpg,RGB,400,100,"[255, 255]",0,0,40000,61bca6d241d6c2f41a25076bad45f866f0f29a23b2ce5628a4079851e44e449f,47202b7a4c46d91dfc5a6b25000ec1b1afc21284433c0d71849f101bf9921c3b
src/bin/Data/Interface/lo_back_s5_im01.OZJ,.OZJ,original/Interface/lo_back_s5_im01.jpg,RGB,512,512,"[255, 255]",0,0,262144,74235f3171d773db4128946f71d18ccc4073a6984d3f8c5ee1c8c332d62009c8,32bd20ce55e1300220f0624504f56332faf6d68affe3390108d50da29c021524
src/bin/Data/Interface/lo_back_s5_im02.OZJ,.OZJ,original/Interface/lo_back_s5_im02.jpg,RGB,512,512,"[255, 255]",0,0,262144,5d9d54e52cc7e8a0232b262ffaa91e2c7f02839091c3b2e587879bf9b1fb9161,ffaf780c10110c7f000a08fe109772c8f8b7691c0862c74085d1d4697f633c75
src/bin/Data/Interface/lo_back_s5_im03.OZJ,.OZJ,original/Interface/lo_back_s5_im03.jpg,RGB,256,512,"[255, 255]",0,0,131072,fc980a08688ff2f37805818c610952ba75bfd8450efdece07d11c858565c6799,d6346e346f9ea2311cfdc029b228aa6433073ba403012e1d4f677db0cf357a38
src/bin/Data/Interface/lo_back_s5_im04.OZJ,.OZJ,original/Interface/lo_back_s5_im04.jpg,RGB,512,223,"[255, 255]",0,0,114176,859a2851235bb900d14d50b02a1d421e6f5ca941c076853f9d5824738e05aaec,8b0e62b6e0a5cde92ec45b6eb7e657a78a16d122ff2e1511debad9d58592e5f9
src/bin/Data/Interface/lo_back_s5_im05.OZJ,.OZJ,original/Interface/lo_back_s5_im05.jpg,RGB,512,223,"[255, 255]",0,0,114176,2e1aea9cd74382005a4f0385763925ef7c6a5a2bbadd7c9e70d5357cc7e69113,2d7f20ccd3d27720c0e22347c8766ae3734439bf5267d183bef364c21dd80ba8
src/bin/Data/Interface/lo_back_s5_im06.OZJ,.OZJ,original/Interface/lo_back_s5_im06.jpg,RGB,256,223,"[255, 255]",0,0,57088,281fa210925e0d5d37559cc8d7fb09f55ec14f49c57657d4346be5d4e6304946,61ba8a90e28f3ed9135ff1d487953559451f6b17995727daa1f730b6b183b67e
src/bin/Data/Interface/lo_lo.OZJ,.OZJ,original/Interface/lo_lo.jpg,RGB,4,15,"[255, 255]",0,0,60,a45ff736ead654cbab7661425f61bab8b09d91df4a6ee8c7194875660013c92e,7b4e1bcd6fd93caa96186b7d7d1b1e1d22659bc8d83f60e4cad56716c76d2dd4
src/bin/Data/Interface/lo_mu_logo.OZT,.OZT,original/Interface/lo_mu_logo.tga,RGBA,93,48,"[0, 255]",1792,704,1968,9419b03ae31becb3506c509002c515af01f9ed0ff351cbb23526d3cd9c10a96d,55044d94dfca48724a608a4263346ace8bcd1eaccd00dfd798939487fe9c0185
src/bin/Data/Interface/lo_webzen_logo.OZT,.OZT,original/Interface/lo_webzen_logo.tga,RGBA,187,151,"[0, 255]",17578,4647,6012,6137cbf90a4630786a6f879395fdfc3c6829ee15ab22af975a59686fb1be9f50,5c7fef9fefcdfd9e90186972b6a31b59c874b7d6cf395c3c7696bd49029440f0
src/bin/Data/Interface/lo_webzen_logo_Eng.OZT,.OZT,original/Interface/lo_webzen_logo_Eng.tga,RGBA,512,122,"[0, 255]",38214,4258,19992,7f6ad3d737356b5926a917219b82acbaeae2ebdbaacb598a28ae7f1d693f1763,fde3d03c8a1fafd2ec8704d91c377343dcf8569da59de39d0f33564f76b51e23
src/bin/Data/Interface/lock_01.OZJ,.OZJ,original/Interface/lock_01.jpg,RGB,24,24,"[255, 255]",0,0,576,d9f7d8e096bdedb8a2de8bcba1e52bbb7bf3b28e49eaec589f434f7ce81d76ec,06620ca9b0c6cca51ffbe4a55e9c76a94dc3834f49679685e25eb0de1786c827
src/bin/Data/Interface/lock_02.OZJ,.OZJ,original/Interface/lock_02.jpg,RGB,24,24,"[255, 255]",0,0,576,3d4eaf5f6cc4e3b9b9950d8e22407e3fc2faf072807bdb1bc51ce84c687412af,eb979bc55acc3c439974783d4eb818cf865473fbbd8625f6c5daeec42a016d5b
src/bin/Data/Interface/lock_03.OZJ,.OZJ,original/Interface/lock_03.jpg,RGB,24,24,"[255, 255]",0,0,576,96975d08bedfadb4e8973874aa8d9cb7f57f10d89baa881b5e6b9aa42d02e819,ea24ffe6c2adcc35b2b2c7cd64fb5173b560deb9c366f4f19d08532390eaf519
src/bin/Data/Interface/lock_04.OZJ,.OZJ,original/Interface/lock_04.jpg,RGB,24,24,"[255, 255]",0,0,576,35cd05b83e1f4c8f427f49c999b4c153384fd12093f8770c1a5a7a120e8f1ef3,dce07ad7cf18beba9e3d62c48c7ec9c5a50bb43f972343cea74caa54cc099173
src/bin/Data/Interface/loding_cancel_b_all.OZT,.OZT,original/Interface/loding_cancel_b_all.tga,RGBA,54,90,"[0, 255]",8,34,4818,a38cdc5694182a2adb2dc5402c0dec93ef7ecb68166e625718baebd08f869407,565236ae0ecbff5c2251c5e7a625f157507da26e261b86e57f56d03204b1031a
src/bin/Data/Interface/login_back.OZT,.OZT,original/Interface/login_back.tga,RGBA,329,245,"[0, 255]",11716,1011,67878,0efd9f3a5ade34662e3dc5d4255753543ffe68b8e3a773a9d7fb5fa29e84ec36,4a649d451577be51b4612eb0dbf36ae4acb895c63385359056e95bd0767d5a9c
src/bin/Data/Interface/login_me.OZT,.OZT,original/Interface/login_me.tga,RGBA,156,23,"[57, 255]",0,27,3561,be848dcea17320736b258f28b2bed325b9a59734f048219fc70c4c66563ed3e4,a27626494d6c5a400c1cdadb976fdc25233dbff0ef599e30b50750afa8114814
src/bin/Data/Interface/loren.OZT,.OZT,original/Interface/loren.tga,RGBA,166,90,"[0, 255]",7960,1916,5064,8a48e787dcddf452ba9d377677a7a828dab36446826f1ca32a0f9dfc3db18e9d,a55a87a0042c6b07fa2dbd95caa7b02242ba637bf8cb0b82ca9711b50893cd49
src/bin/Data/Interface/lorencia.OZT,.OZT,original/Interface/lorencia.tga,RGBA,166,90,"[0, 255]",8465,1820,4655,d4a5ee91442cdcf7aa932dfb6ef24b425689e044794b5f04ee30cb7f1fcbd11f,955968bccb89dc6fe5ec9521b054c95d1ef1e64af625799fa5c37fe69f875412
src/bin/Data/Interface/lostkalima.OZT,.OZT,original/Interface/lostkalima.tga,RGBA,166,90,"[0, 235]",7638,7302,0,3eb97441d423a8ab324f6b95a0499e922268c6a39e89af9e50c444c2726fb052,dbb52825db1159451004106e8b4d69686b010f7b7b9727fbcfeef81f5ccd94b7
src/bin/Data/Interface/losttower.OZT,.OZT,original/Interface/losttower.tga,RGBA,166,90,"[0, 255]",8527,1891,4522,b1619ff839f80d75a338b78981def1d312cc94680fd3e2fa5c31094a4f60ce49,cc387cc8942dc3e5d5d12b41e392a398c41ed4216c314aedfe0dc95ff0a45946
src/bin/Data/Interface/m_b_no1.OZT,.OZT,original/Interface/m_b_no1.tga,RGBA,54,30,"[0, 255]",2,16,1602,87a0c2ff2d27839795a3158f5d7e1133c25d95a5ed5e7b0432d25185830eebb4,728d4a60c5237f9f8ce7b8a7ba51816ee3265e80819f5527ebb4b626f2b5f9af
src/bin/Data/Interface/m_b_no2.OZT,.OZT,original/Interface/m_b_no2.tga,RGBA,54,30,"[0, 255]",2,16,1602,2c874237a17d6e6789e69fbacef964b0e9a7484d58a5cc12da371c918b062f1d,d16ef2da199078d1768cc096d6632e000807c09e814ee39d743466f0b9bb22a1
src/bin/Data/Interface/m_b_no3.OZT,.OZT,original/Interface/m_b_no3.tga,RGBA,54,30,"[0, 255]",2,16,1602,c82edc94551e718e2114665086d798983b52c5c99228f512b4ad8da19c6c93a1,cada9555810b00ad2603405e1204ae31f1229806bc73902629f973b8c625e01d
src/bin/Data/Interface/m_b_ok1.OZT,.OZT,original/Interface/m_b_ok1.tga,RGBA,54,30,"[0, 255]",2,16,1602,0c6b6c97ac79ad59cb7d3a8a9e2ad6b1a0a13fd195216d5c132d5be8e1444b3c,1a8cbef61d870eda0f42a572418b2f188dcb4ba1d60e1a692bc6b79bc5710174
src/bin/Data/Interface/m_b_ok2.OZT,.OZT,original/Interface/m_b_ok2.tga,RGBA,54,30,"[0, 255]",2,16,1602,a9db9cf1597a7fffc69c9ac8e62379b0563d28dc937a854d1d8452810d028ea8,320b6920c035ddfe138101b74f89a7293375ac52d0bf2cfdcf70dcfe27d65de7
src/bin/Data/Interface/m_b_ok3.OZT,.OZT,original/Interface/m_b_ok3.tga,RGBA,54,30,"[0, 255]",2,16,1602,6c58e2f4facd557be456a43f8ab8689223cfb0f7666f4ebe5f9e4a6171bf1f1d,470aa3b1b0af20f01fd7f807bef99f53fc0605423f2cf6774665ef30c9c43a98
src/bin/Data/Interface/m_b_yes1.OZT,.OZT,original/Interface/m_b_yes1.tga,RGBA,54,30,"[0, 255]",2,16,1602,821ed7b09d0c5826a7dccab4103c0e5f338dc4b477030ba0a22790c6b67262d4,c89c24d95f62f8dc24aab4f14664fbb0b752762d253a92b3b25f321de43822d2
src/bin/Data/Interface/m_b_yes2.OZT,.OZT,original/Interface/m_b_yes2.tga,RGBA,54,30,"[0, 255]",2,16,1602,57d55081496af4e03e4521f887f736815374579eab14e9121e801162917e4f79,51388e8479b035aea8bff55fc70ef7de92ba1dfdab5eb912608be58249b2630b
src/bin/Data/Interface/m_b_yes3.OZT,.OZT,original/Interface/m_b_yes3.tga,RGBA,54,30,"[0, 255]",2,16,1602,0507238e0887b0e4dbd5219ccd204322ad351b680e581f6d07df010063c455c1,2c75c7edf0936a924efb57a81bb0d66becc7c6a4e85451e5af34ba14cef83590
src/bin/Data/Interface/m_main.OZT,.OZT,original/Interface/m_main.tga,RGBA,209,80,"[0, 255]",7,1372,15341,c5ec3b1a9380a1c6a5f0d414d558edc7aa21130881d5e9c95fde0190349078fb,acf15f9bbabba68bdc6d8fbf39abb090a637772991a2387d327325bb7cd8b75a
src/bin/Data/Interface/m_main_rank.OZT,.OZT,original/Interface/m_main_rank.tga,RGBA,252,329,"[0, 255]",630,3038,79240,93a5a66d378ef96cb0666229d182d92c1d66db5ac9d6637a2a5256b42a4d5b7a,b16e16b189504d580dfa69f2182c7cadafde58b286ff82ac5b811b7d0d8dcbda
src/bin/Data/Interface/mapname_raklion.OZT,.OZT,original/Interface/mapname_raklion.tga,RGBA,166,90,"[0, 255]",7856,2069,5015,e41d23410636f1b637adb8f6d8a930d9d6b19a4b587d0373fb6bce10d0572ee6,d2bea5690c2c8c8c1d682f3efdc102ae9ec6b18e2309b645b68fa2a530719aa3
src/bin/Data/Interface/mapname_raklionboss.OZT,.OZT,original/Interface/mapname_raklionboss.tga,RGBA,166,90,"[0, 255]",8542,1802,4596,420638b46344383802869bb89660014560fb8abdae61042891be6a78e2adebe6,e135ca8540e270b9d4ef870222862f1cec8159e4b2f555832090f6c49dbf5160
src/bin/Data/Interface/menu01_new2_SD.OZJ,.OZJ,original/Interface/menu01_new2_SD.jpg,RGB,15,36,"[255, 255]",0,0,540,b5a439ed250978c75cb564b91ae4b9a59c296e78023233311de1c1ef5d610a08,e2b4b8fa7776e1045160fab0226d7ddccc9e80ede7664ff4424779f355892083
src/bin/Data/Interface/menu_pk_01.OZJ,.OZJ,original/Interface/menu_pk_01.jpg,RGB,256,51,"[255, 255]",0,0,13056,1da204e1a04f431ace2d9fa920a9f2ca5d3df089a96c8ea4e6bd858ede110b79,bd5c8ca3ae722ec7a80aa8b979ed561f2a7e41d5fbbf5e498d6c7e3ababf76af
src/bin/Data/Interface/menu_pk_02.OZJ,.OZJ,original/Interface/menu_pk_02.jpg,RGB,128,51,"[255, 255]",0,0,6528,ebfc7da1e52802602559ebafa3ddc205d944d3c8f75dc874ab0d0ec2c67029ad,4a6d340b1124c828dda2b70519a58baad0869f9b0c59eb0d9d6f51e619aa66f8
src/bin/Data/Interface/menu_pk_03.OZJ,.OZJ,original/Interface/menu_pk_03.jpg,RGB,256,51,"[255, 255]",0,0,13056,d3b8f03ab6e45c74e8e8a7ac9b1609575c710e9f096208c030916a3d36d28719,2c857b224142fb093b1b262b4a0b949e1eeada8cfc6e6254cd2e83d22f0a254b
src/bin/Data/Interface/menu_pk_bt02.OZT,.OZT,original/Interface/menu_pk_bt02.tga,RGBA,16,17,"[0, 255]",104,165,3,76e4f952c3cba5f82baf42a4431c2376fbcf2d2bd1ee4992041bbc608a97f33a,0d1b0b08e76716b25e95c4bb0c07c52e1bc0d51701adfa6cd99847557baa7332
src/bin/Data/Interface/menu_pk_hp03(bar2).OZJ,.OZJ,original/Interface/menu_pk_hp03(bar2).jpg,RGB,236,7,"[255, 255]",0,0,1652,f90dce9a656e55a999d96c47982537b59d283a81cb25648ad387b26370d5e4f8,7e0fe0d014bc7124ef95c44708fb2a7b3aef7e50e59d67cf92b78b1fc6bf5075
src/bin/Data/Interface/menu_pk_hp06(bar).OZJ,.OZJ,original/Interface/menu_pk_hp06(bar).jpg,RGB,236,7,"[255, 255]",0,0,1652,379e0668d778bb4668032910d5171af7561de7a0bfb0e04d069d24a9477e74d8,6e3b2351d685a74cf96925555a885df7ffa5da8bb72a01698aaba3d93a94c684
src/bin/Data/Interface/menu_pk_sd03(bar2).OZJ,.OZJ,original/Interface/menu_pk_sd03(bar2).jpg,RGB,154,4,"[255, 255]",0,0,616,70cfc9e22f3dc50eb9f764c8a67705faa16280944751b6540fdd1444f2febdaf,40571362d96fc6e7b21ffb3bbd79d8fb6acbd1daccce450a9d125deebac2df31
src/bin/Data/Interface/menu_pk_sd05(bar).OZJ,.OZJ,original/Interface/menu_pk_sd05(bar).jpg,RGB,154,4,"[255, 255]",0,0,616,d0fb424ad29bc5cc47876b3751f604c20640852966ee3a0f5905f6db6bc84a8e,5b45bab6783ae9ab13c35e354370ddeaf3938059c572096327bb98775ed39e4f
src/bin/Data/Interface/message_back.OZT,.OZT,original/Interface/message_back.tga,RGBA,352,113,"[0, 255]",1,73,39702,f8b1084c133cc6bbfcbed90b76d89ca27ce495ab9e54352260d9952c69b9d87d,131ba02fb6c578bca5763471d69db5fe4bd624ae90b7fae2784563a16024b3c3
src/bin/Data/Interface/message_close_b_all.OZT,.OZT,original/Interface/message_close_b_all.tga,RGBA,54,90,"[0, 255]",6,48,4806,a3d3a5ac042598941181904222f0600f982b0122f1b92e552922c5b997982091,d7fb63ceb8b06fe326085fee92cfb4e187005469f17d6524e7c477cae566c636
src/bin/Data/Interface/message_ok_b_all.OZT,.OZT,original/Interface/message_ok_b_all.tga,RGBA,54,90,"[0, 255]",8,34,4818,e03d9adfcb6a4ee77b26c1311d85650f6c822979e1e7ecf7b42a7cbe00587871,bc60a9d077646ca024d6189df4bb367380adea33ca33e91bfe75daf6ca85efef
src/bin/Data/Interface/mini_map_ui_cancel.OZT,.OZT,original/Interface/mini_map_ui_cancel.tga,RGBA,36,58,"[0, 255]",1462,128,498,2549a6871320a2d65de56829389d458808c4b4d596c157bc7f61e73041fe937d,ee1786bd1d8de0fd75274864acd8461d00c41cb55401e0c9256b053eaee0a753
src/bin/Data/Interface/mini_map_ui_cha.OZT,.OZT,original/Interface/mini_map_ui_cha.tga,RGBA,18,18,"[0, 255]",112,32,180,4b7710b1dc81b59bafc89fa8e46ccb4dd040e080a6d51c5018f52b8b0045ce4b,926e10451b820b2f9c7b2d5406f9e161e8b7c4651b68d1f0d6152c45886dc68d
src/bin/Data/Interface/mini_map_ui_corner.OZT,.OZT,original/Interface/mini_map_ui_corner.tga,RGBA,42,42,"[0, 255]",1075,88,601,cbe5bc77baf5fd174a891f39254d7ca38736891a8ebc5101ccbe0644144ce6c5,0cf3616b57f7f09190f208f9ea8f943db1ab805bdb976f8d14e7f6fb29d1f44d
src/bin/Data/Interface/mini_map_ui_line.OZJ,.OZJ,original/Interface/mini_map_ui_line.jpg,RGB,42,8,"[255, 255]",0,0,336,c69f781262c3fc7d832bcd99efdb3e391d2717bc398c0a27fc598387570fe932,e5d2b0ed90e48f02491e45373d36bbe5e1a20e38bfa412c6cdcf69b570bf18dd
src/bin/Data/Interface/mini_map_ui_npc.OZT,.OZT,original/Interface/mini_map_ui_npc.tga,RGBA,18,18,"[0, 255]",48,60,216,d367ec63a9cabae1094f6d4083815689509f14a5d3456031059a1cba28c6dfc1,dd7a5fa61ddb6e7151e7cea182b2c99e4c627035ec0d7f825116fdfd986a989c
src/bin/Data/Interface/mini_map_ui_party.OZT,.OZT,original/Interface/mini_map_ui_party.tga,RGBA,18,18,"[0, 255]",112,32,180,76ad80ca57f8e8d8e9b15704548a6b11f83229d40cb9c7f292c812e2ac1dd8ef,339c566976c69414e6f65b67c7d1b9c7e87cacf5c48053cb073380c1a7c8fe16
src/bin/Data/Interface/mini_map_ui_portal.OZT,.OZT,original/Interface/mini_map_ui_portal.tga,RGBA,18,18,"[0, 255]",126,44,154,52bd283825e956fae7f24301cd0a28896e1af1f5c0057620e5cc75c55adf5b17,95b7759715d267933969eeed019a8dc943bd887c740aae37bdaa7a5d17530269
src/bin/Data/Interface/mix_button1.OZJ,.OZJ,original/Interface/mix_button1.jpg,RGB,44,32,"[255, 255]",0,0,1408,ed91c283bb2669f82dc3eee59388afe8397a1bd3af0d8877ce887553f7210adf,cb3a9495108f3966051a19c28449d6a6e4343d320015201e27fc741356dcc44b
src/bin/Data/Interface/mix_button2.OZJ,.OZJ,original/Interface/mix_button2.jpg,RGB,44,32,"[255, 255]",0,0,1408,b44e5010c2a82e7f1797227c98253e10fced1a2a5d174844a20997acc688a9f0,14793b8e588f949a304f438011cbb79e7a7e1fdd9421decbc13d76218048e4f5
src/bin/Data/Interface/mod_newui_item_box.OZT,.OZT,original/Interface/mod_newui_item_box.tga,RGBA,21,21,"[0, 0]",441,0,0,0a0d8cb0671fea7bdee84104dcb5f25f61975c9b7ff5e1fa26e09b0dc21f7dd7,0ebccc555f4f92192c4bfa10e0f7daebdcbd76cb50e9783b7a3363d7095fa919
src/bin/Data/Interface/movie_b_all.OZT,.OZT,original/Interface/movie_b_all.tga,RGBA,54,90,"[0, 255]",8,34,4818,e3ad361d2938b3cc4172250d97a1e587597b6d1e2d873f5468d12b2fdfc47145,d3018933315b0e2b5c413a0eff29405f41d725c500f7534f674075a78653815a
src/bin/Data/Interface/new_Master_Icon.OZJ,.OZJ,original/Interface/new_Master_Icon.jpg,RGB,512,512,"[255, 255]",0,0,262144,888aed7636b2d5f58e4fbf5c4ba5b366289e12e9b1f4a4982c52d035e3ac077f,47a23d91159f770bac75990d7069f6522b2075948a9ca893168ccb62a951c8db
src/bin/Data/Interface/new_Master_arrow01.OZT,.OZT,original/Interface/new_Master_arrow01.tga,RGBA,28,7,"[0, 255]",96,73,27,4e3c52277722958b4262b8f8b1b5e91207de2c1880f9ccac48ab4815faf0a798,fcb2a96f59c85e0860d3a388bc752465acc4db113eedbf6b95d789ea8f761d17
src/bin/Data/Interface/new_Master_arrow02.OZT,.OZT,original/Interface/new_Master_arrow02.tga,RGBA,28,7,"[0, 255]",96,73,27,795a6e77eddee1c1740313e3f39e76e261045e2df1c50f22dcc2838dda4665a6,b797dfbf4b592c2a82540956c9d4f8377b1cd1de2ba8b7e714cba65bcfbe368e
src/bin/Data/Interface/new_Master_arrow03.OZT,.OZT,original/Interface/new_Master_arrow03.tga,RGBA,7,12,"[0, 255]",35,40,9,0a363026826946bad8729abffa0951da2485032f0f771af1ede0903319620111,05833228e47aae9caa3bd0f5dd8325de44d0ba78ef33b783cd246924f9b3a6a6
src/bin/Data/Interface/new_Master_arrow04.OZT,.OZT,original/Interface/new_Master_arrow04.tga,RGBA,7,52,"[0, 255]",197,149,18,42985b4697731157b75841a63cd667b097468806190596a7697e48d2839aa34d,dbb00d938ccf560f003419b917932e411a6cc0c88b36a073a59234a9219ea32c
src/bin/Data/Interface/new_Master_arrow05.OZT,.OZT,original/Interface/new_Master_arrow05.tga,RGBA,42,31,"[0, 255]",1064,186,52,259d4ec9f23ceba07235e90ece2ba749c0f6af57c4ec6ff7afcc6092dd1c7a90,5a5b6c8a703a1f6207c0ca254e06734f2bcc608182f48ab81c4d47ec877ac6d4
src/bin/Data/Interface/new_Master_arrow06.OZT,.OZT,original/Interface/new_Master_arrow06.tga,RGBA,42,31,"[0, 0]",1302,0,0,72582e2918365c77200f9bcb6ccf399b27dbd80852cd7c1cccd86739d16e9b6f,b17a4a2282407d485e2d1ed0510425bed3dec1a2e5bc98f3bba7fa9e483b7b2c
src/bin/Data/Interface/new_Master_arrow07.OZT,.OZT,original/Interface/new_Master_arrow07.tga,RGBA,40,28,"[0, 255]",897,175,48,c0339540e96569426c9e080d9bcd391f5a2da307555b37779bb17935b3a3228b,a6632ab9989034394c17d4c07403c063072bbed9dedceb9e7c61965c04571b87
src/bin/Data/Interface/new_Master_arrow08.OZT,.OZT,original/Interface/new_Master_arrow08.tga,RGBA,40,28,"[0, 255]",897,175,48,3da78cded10113d567b8b2d2789adb8749c18cbfaaadc41031af189b1da709ae,95b699224167fec74d5d259585e89d69c386fd93a4b35244bf3b11a7ef3a70b6
src/bin/Data/Interface/new_Master_back01.OZJ,.OZJ,original/Interface/new_Master_back01.jpg,RGB,512,428,"[255, 255]",0,0,219136,e0bdb325d077a1f1cdcb658eeb4d2831e274382316b64a8f3041cff931e8b818,bd2cddd7dfef0c5b46261d714e33a31fb743d5b83b7ae99ff2eb9355b55bc267
src/bin/Data/Interface/new_Master_back02.OZJ,.OZJ,original/Interface/new_Master_back02.jpg,RGB,128,428,"[255, 255]",0,0,54784,01785a232a339d2741911e269761a20ee2b6b599421a13fe4394e96d95c9f486,887267c75bd69d80fc9ad1fd57c43864757317f6b543da2e199d730f105a6c88
src/bin/Data/Interface/new_Master_box.OZT,.OZT,original/Interface/new_Master_box.tga,RGBA,50,38,"[0, 255]",269,1146,485,ed05d5112bddfc1cab69e4b6851643de524462158490403a11c965154ce42c2c,c7bc789feca2f947cb6831cc2c6d7e9f57f4829f9ebd94c10787d31c3998007f
src/bin/Data/Interface/new_Master_exit.OZJ,.OZJ,original/Interface/new_Master_exit.jpg,RGB,13,28,"[255, 255]",0,0,364,61b8ce50f946394c1f343265577f06556627210ee10ee23ee182d729a91c3b9e,6abcff17f36d9d0d77cd9f8bf96fb71edfb9966e1b8a77478347026ce322879c
src/bin/Data/Interface/new_Master_non_Icon.OZJ,.OZJ,original/Interface/new_Master_non_Icon.jpg,RGB,512,512,"[255, 255]",0,0,262144,6dae0e82a7c059e45b10648b68575c6cfc0f4791ada2483f5e3a5b05b3095f8c,b903f07cc1d95cce24b648a3cdd3ada1d8cfe5ecf1c571857670627d546320ce
src/bin/Data/Interface/newui_Account_title.OZT,.OZT,original/Interface/newui_Account_title.tga,RGBA,170,28,"[0, 255]",20,3373,1367,5e1af42101ef091b1480e4f2654ea451b82df1bc22472c0bb8269e71c6a0a2c9,7d6d80b95d48477ec739767111853190599114727c26a00c160d2889a796932c
src/bin/Data/Interface/newui_Bar_switch01.OZJ,.OZJ,original/Interface/newui_Bar_switch01.jpg,RGB,160,18,"[255, 255]",0,0,2880,8eda6b05e2e32ebc8b11d8a5e0a9edfb8cdd62bb1d6f24fa5b7daf2940da42c8,fe71e5a9409a7cfecef893825fd483c707bb7045fb49145fa27dd5106644ca61
src/bin/Data/Interface/newui_Bar_switch02.OZJ,.OZJ,original/Interface/newui_Bar_switch02.jpg,RGB,150,8,"[255, 255]",0,0,1200,6a020a3482cba39cd895ac0d18e29c73effff803dfa384302521cbab90e42d5c,d3dd6d0e4a4ed212f7d9c980360b4d34b3bfa7eae6f574632ef2c7a38e725a98
src/bin/Data/Interface/newui_Box_openTitle.OZT,.OZT,original/Interface/newui_Box_openTitle.tga,RGBA,169,26,"[0, 255]",2,591,3801,f6d0dfa8e6fd547b7f351529bcb3d16e8f5e049068c2250c902825f4f3728b43,a344431f99eadb82cc5b78a8aa8912e11daadd2f39587be3b624d23f002cdd1a
src/bin/Data/Interface/newui_Bt_Chat_guild.OZJ,.OZJ,original/Interface/newui_Bt_Chat_guild.jpg,RGB,27,52,"[255, 255]",0,0,1404,53790a73a91cd42511ac371433778665a2dadac4ac0c6c90104c0b5331fbd5bc,a4267001f504f0b7b333b1f6ab5f282407ccef71bd34b288de01e04e9b28af70
src/bin/Data/Interface/newui_Bt_Chat_normal.OZJ,.OZJ,original/Interface/newui_Bt_Chat_normal.jpg,RGB,27,52,"[255, 255]",0,0,1404,a53015933241633cd103a7ad306079e3c282b1eaee2d5142db9d685d0467d8d2,40356403309999f4d2fd47e4afb021095014ff475c07ecaeb099dbf582d3bf20
src/bin/Data/Interface/newui_Bt_Chat_party.OZJ,.OZJ,original/Interface/newui_Bt_Chat_party.jpg,RGB,27,52,"[255, 255]",0,0,1404,928fc449b4d1ccd193752b570543179ca8847c832ac02f3938b67c095d5f98fc,33e009a72c599f13f5e91da47452aecbf3cf7aefa45ff15424fa8eb67aacdf00
src/bin/Data/Interface/newui_Bt_Chat_system.OZJ,.OZJ,original/Interface/newui_Bt_Chat_system.jpg,RGB,27,52,"[255, 255]",0,0,1404,89333bab6dbd38e7b5d180d4ba6a0f7d52d311f4353fddd2fb97238b6447353a,375b9fa042146e144fa0c540d32640eaa0dfa67b1d8e4a0de9048af7acc82106
src/bin/Data/Interface/newui_Bt_accept.OZT,.OZT,original/Interface/newui_Bt_accept.tga,RGBA,36,58,"[0, 255]",14,262,1812,9d0fef3a2becc1801d2308ac1588c04329640c0da3b41b143561e44c16329087,aebcd00a191cd0e2ba8b68e0e22c46f2f92f27037eaa01e9f8fa56170c0b34d9
src/bin/Data/Interface/newui_Bt_clearness_illusion.OZJ,.OZJ,original/Interface/newui_Bt_clearness_illusion.jpg,RGB,38,72,"[255, 255]",0,0,2736,1d0876a40a092a64343d048ed1da6c7ce8fac49a7d9ff90a7e21e93c6aa6a81f,767184da05ec77e697c0ea71269b9d8312e89fd6f95665ab6b7e7229b6db7f7b
src/bin/Data/Interface/newui_Bt_closeshop.OZT,.OZT,original/Interface/newui_Bt_closeshop.tga,RGBA,36,58,"[0, 255]",14,262,1812,2baaf9cba61feff613ed3026ed165eb33bee9125e7f489e69ef2a02542719db2,26db514193a812ff3c9ec4905960ee3908d7973dd49f2d4e4b6ea81e500f49e7
src/bin/Data/Interface/newui_Bt_lock.OZT,.OZT,original/Interface/newui_Bt_lock.tga,RGBA,36,58,"[0, 255]",6,318,1764,cf40cf3cc2da6498de2bd16578721eff5b359a688e53005e1abf95216cd44e78,96652a579f437e1b843d44a9e5d64fbaec3625697d0ace1941691aecb3b168f8
src/bin/Data/Interface/newui_Bt_lock02.OZT,.OZT,original/Interface/newui_Bt_lock02.tga,RGBA,36,58,"[0, 255]",6,318,1764,6651184c3054dad983d1204bc69594187fe285a52b6b16f402ed432d08014765,cdb31581755f531e9d57dc94173b4c4ae2f89e0fa83142c07723541b15617afc
src/bin/Data/Interface/newui_Bt_mix.OZT,.OZT,original/Interface/newui_Bt_mix.tga,RGBA,44,70,"[0, 255]",6,376,2698,626f16c6facb9960cb28bd8909e7023373a217d356ab252924ef5e8062c01f5b,ebeaad3bcdfb2e8b19c60cb169fe6667a0dcafe645cb0426060b5f2a3be75e5b
src/bin/Data/Interface/newui_Bt_money01.OZT,.OZT,original/Interface/newui_Bt_money01.tga,RGBA,36,58,"[0, 255]",6,318,1764,163db89151ad4155a51d57d0fb7f867d8325298eff663fb5ad335fefe1f0c0ab,5ee4e5971266a004c8d70101bf59391e817839708c87a1fe329d118c5cd5659d
src/bin/Data/Interface/newui_Bt_money02.OZT,.OZT,original/Interface/newui_Bt_money02.tga,RGBA,36,58,"[0, 255]",6,318,1764,d906ac3ca76de4e900c2cd2fa4ad6a25df9f265ee964d9c7d496516c590661df,0cacbb412cd6d2fe951162c514919876d1808138ea74273e0d73c4e135287707
src/bin/Data/Interface/newui_Bt_openshop.OZT,.OZT,original/Interface/newui_Bt_openshop.tga,RGBA,36,58,"[0, 255]",14,262,1812,94a8ef62e669931a6ea708461d5681f1f876f1143851818ba765484a5ba4adbc,20c595d171399651cd245828af798b138983db727e7bce9044233aab2215f152
src/bin/Data/Interface/newui_Bt_scroll_dn.OZJ,.OZJ,original/Interface/newui_Bt_scroll_dn.jpg,RGB,15,39,"[255, 255]",0,0,585,064f7dd30ea760f599097d6f2a02a6e090122aaf8d85df219d4c056acd022618,ef611074a251252c4fc14bc49aef3d349695c9a8c4bd1d9953ab9a892b2654a0
src/bin/Data/Interface/newui_Bt_scroll_up.OZJ,.OZJ,original/Interface/newui_Bt_scroll_up.jpg,RGB,15,39,"[255, 255]",0,0,585,26fa2e3e800bb7cc7dbb8aa071d2036fb42c0cd770c5bdadbe8939a5e92123e2,343cc2a5d2555b6c7fb863abf31ab0a1f5118c6d5b2cce7a53a137112625606a
src/bin/Data/Interface/newui_Bt_skill_scroll_dn.OZJ,.OZJ,original/Interface/newui_Bt_skill_scroll_dn.jpg,RGB,15,39,"[255, 255]",0,0,585,643ac5f4bbfb1894223e5e82c91331b40c18f4c035da39cad6bf1495a588f13b,8ff09b37c51bc769c47b51ddda603d0cdaae35cc1791abab87db4ad0f4761d82
src/bin/Data/Interface/newui_Bt_skill_scroll_up.OZJ,.OZJ,original/Interface/newui_Bt_skill_scroll_up.jpg,RGB,15,39,"[255, 255]",0,0,585,d4773d74bb7954f7d6cb32fc2f86d40754c60c8526aef68bad51d69b0dfe8330,d63a8a67f7f9d1ac4c397d2fa51f63599e044b63330612bc20c9af6908d9b525
src/bin/Data/Interface/newui_Btn_gate.OZT,.OZT,original/Interface/newui_Btn_gate.tga,RGBA,46,108,"[0, 255]",21,495,4452,069b3820371aba514d797ebd7a153a90487cdce1005b604fcfe4a3e63a2ca043,d307347dfc060f0da43005cf597b6b026ee4e0df1605c33815fb9f6a28620e40
src/bin/Data/Interface/newui_Btn_round.OZT,.OZT,original/Interface/newui_Btn_round.tga,RGBA,77,141,"[0, 255]",21,747,10089,d66ae1f47f70f42ea1cc948e84e4e9e145ba6027d697122193d91e94c1feba5d,f16065aa8ba697c95fb91a5d117490c2d01566adafb737a8b5c6abf956a85d98
src/bin/Data/Interface/newui_Cursorid_wnd.OZJ,.OZJ,original/Interface/newui_Cursorid_wnd.jpg,RGB,128,32,"[255, 255]",0,0,4096,a57c41142f434f1c8a2a33fd1f0bbd2c5338283433556137c328c3edc679be33,7b7ae909c704d66513307faeb509f878fc03f606a06240388de87926cb985ccc
src/bin/Data/Interface/newui_DuelWindow.OZT,.OZT,original/Interface/newui_DuelWindow.tga,RGBA,148,138,"[0, 255]",4750,5754,9920,a10ac477b40daa6eec04af09055f7159d14a3024976cf2074b0d88b0893756f0,951700e1f1e08d82870d0980b8b28daaa9d6224738dc927d031bf430e1287c8a
src/bin/Data/Interface/newui_Exbar.OZJ,.OZJ,original/Interface/newui_Exbar.jpg,RGB,6,4,"[255, 255]",0,0,24,3ca37ea80541b5f7f9cd6bdc23228db681af6ab4841ca3b4714f9d5393375b04,35ff136a845d48f219e1979e39efc10765a850ce1098d670cd500ce7b1677136
src/bin/Data/Interface/newui_Figure_blood.OZT,.OZT,original/Interface/newui_Figure_blood.tga,RGBA,124,81,"[0, 255]",807,372,8865,9d2e1eda8e56868d9b545499db4f773904e9a1c1f2b8d9fa44d492a34ac75663,e4b19dd8d8cebfb503ff659b5b8f9a9979aa68e23eb3e4738cbc7d80b8e16dc0
src/bin/Data/Interface/newui_Figure_ground.OZT,.OZT,original/Interface/newui_Figure_ground.tga,RGBA,131,70,"[0, 255]",3750,284,5136,5bf8cde1406cdfe75cb4fe39f9f8a2e8f8efd62cb3c0a0cdd2c7538a33c08800,e684b994c79a3199ddb99c3e30ad8eef9e64a790ce12091c19826640c62fdfd0
src/bin/Data/Interface/newui_Figure_kantru.OZT,.OZT,original/Interface/newui_Figure_kantru.tga,RGBA,99,78,"[0, 255]",576,397,6749,e9dea6d143beaef43f02480edd41e2a71a547e34583ddd0d9dd8237a4eb961d6,0da4c5490fd0babd702ab33395028debf786377c1d0370898566c28848fd3e6b
src/bin/Data/Interface/newui_Message_03.OZT,.OZT,original/Interface/newui_Message_03.tga,RGBA,230,67,"[0, 255]",7622,842,6946,b5f9632c1993f0443cb618680f90a555564441cf05ddba4a063c218b075cbf4e,834ff11354e7acb2eeeede099af61367e113513894b2e9dcd8a61c9cde727f6e
src/bin/Data/Interface/newui_Message_Line.OZT,.OZT,original/Interface/newui_Message_Line.tga,RGBA,223,21,"[0, 255]",2840,1075,768,f9b59d5e74913ee0dd147b503dc251b3eef25e010bdaae6f3432422ee1ddc878,eb74fc9d2fbff695b95ab85a74331de8b8bdadfdef2e25176681ab1fba384a30
src/bin/Data/Interface/newui_Party_Back.OZT,.OZT,original/Interface/newui_Party_Back.tga,RGBA,77,23,"[0, 255]",785,14,972,f4517023484b8ebdf53dfac0c50afbd690563f5363dafd605a64db25ee31fabb,053d658458a7d2deec42226732d263071f841ae3c6668d8fd66598f09fbcb09f
src/bin/Data/Interface/newui_Party_HpBar.OZJ,.OZJ,original/Interface/newui_Party_HpBar.jpg,RGB,69,3,"[255, 255]",0,0,207,f5a96c463903cab9ebecedcc0526f42a4a2d10eea170c2e4ccb3c6e59ed740aa,e06d755b859c61a291eb8ba6aa1e69148177310adc43cbf92a6538fed85c92c8
src/bin/Data/Interface/newui_Party_Lifebar01.OZJ,.OZJ,original/Interface/newui_Party_Lifebar01.jpg,RGB,151,8,"[255, 255]",0,0,1208,8dc6f1476441d491a3cdc8cde997b886a7533b4682664993e45ac0131c9e78c6,7b64ee718a3159217deb56e78c5be4d1fb81633e920e9d5889198d49e7e70e16
src/bin/Data/Interface/newui_Party_Lifebar02.OZJ,.OZJ,original/Interface/newui_Party_Lifebar02.jpg,RGB,147,4,"[255, 255]",0,0,588,0fe16ec0904ba41a43fe6c96492a59f4db3627ddbfa26dab134271c461811d14,fe87026f360bcc8890760184394849d87fc937a66534dbc7597bb77ec34199a7
src/bin/Data/Interface/newui_Party_X.OZT,.OZT,original/Interface/newui_Party_X.tga,RGBA,11,22,"[0, 255]",8,0,234,c66f27f8951d3a9f76d36114ff0a6b699ebc6e934fcb1cd59a44f56ce42aa122,2603dbf5e7fd7a937a02ed403e07c82f70ef1c5f1f0e8b644b137716257121e3
src/bin/Data/Interface/newui_Party_flag.OZT,.OZT,original/Interface/newui_Party_flag.tga,RGBA,9,10,"[0, 255]",39,0,51,744633672c780b7f1edee199887dd915a747a7a86c2cb2f5c22adfb5ebf563d3,454ff3bd1b501f3d3b434cfeb27dc7148712ae0e538fda5367b68902c797750d
src/bin/Data/Interface/newui_Pet_Back.OZT,.OZT,original/Interface/newui_Pet_Back.tga,RGBA,57,23,"[0, 255]",565,14,732,a128c4699d943d6da5bf8d749fd045372c6c1410d50a2bd0dfb36802047e6b09,77c39fc6d11ceb132d1e24880c3c83bcb320382e3835f2dd3c9c4504d74d2932
src/bin/Data/Interface/newui_Pet_HpBar.OZJ,.OZJ,original/Interface/newui_Pet_HpBar.jpg,RGB,49,3,"[255, 255]",0,0,147,2228948a0a4e3a0545e9c742049043cd6cc267167ca35cefcdd12b743eabe537,ba0028a09511d614c5e2f1ab7ccfc7738f8243df7c02887e268ce8b2e519056f
src/bin/Data/Interface/newui_SW_Battleskill_Frame.OZT,.OZT,original/Interface/newui_SW_Battleskill_Frame.tga,RGBA,128,53,"[0, 255]",1575,563,4646,d312ab4ff326ea556c78829cdbedd91230432552ea38beecc45e6736783b568f,15bed9418e7b25ff035b0cd105d0458c7c75e6d78e4e2e37075cc2383bd12361
src/bin/Data/Interface/newui_SW_MiniMap_Bt_clearness.OZJ,.OZJ,original/Interface/newui_SW_MiniMap_Bt_clearness.jpg,RGB,38,69,"[255, 255]",0,0,2622,5793ed91a6b36a9876c2761e267cea2f5d1a7d457fcacabc14c4a88386db4567,c1aea4d6dc023a7f8a1f48b6aa54a8c5013389c2639f8d88a835c200ead091a4
src/bin/Data/Interface/newui_SW_Minimap_Bt_command.OZT,.OZT,original/Interface/newui_SW_Minimap_Bt_command.tga,RGBA,30,66,"[0, 255]",27,0,1953,69c7e12490617185ac2eb1b7e7dc2b8b246ae3e441a0817ba96950d74e09eee0,73107778fcfc0f38823b78c059846cac1643e4a9f58e35f833a73568792c0523
src/bin/Data/Interface/newui_SW_Minimap_Bt_group.OZT,.OZT,original/Interface/newui_SW_Minimap_Bt_group.tga,RGBA,26,66,"[0, 255]",27,0,1689,bb7b81bf2cf032118290a1268f455c4423b3551b7db7170c3db880dea514076e,aa6877453cce876dd22fca03f372b8793b134c550f207f7436ef8f787c8b56b5
src/bin/Data/Interface/newui_SW_Minimap_Frame.OZT,.OZT,original/Interface/newui_SW_Minimap_Frame.tga,RGBA,154,162,"[0, 255]",12769,299,11880,df1b034221e72b97d0db737b74d1141777c034b2310acbf665960dc1033e0ac3,068b331b576b4c95842517077a3cc70562d1a612ce1b20968e56ccd8431b031e
src/bin/Data/Interface/newui_SW_Time_Frame.OZT,.OZT,original/Interface/newui_SW_Time_Frame.tga,RGBA,134,37,"[0, 255]",1003,359,3596,dfcb35be92c6280f896a3f533032f3a2418d31d9d55b03e97ddf01102b47b461,76dd61af37d20d11f96eea61040b76dd301aa65dd00b24d266efa691efdce3c0
src/bin/Data/Interface/newui_Scrollbar_stretch.OZJ,.OZJ,original/Interface/newui_Scrollbar_stretch.jpg,RGB,281,10,"[255, 255]",0,0,2810,07a61a47069af5023f6bf0b3e711f70ed1d5882ce1774c9cf9c543bd4ddccbaa,3d3dec42d4954888e7451b71cd3c0f642167753a7f7722f6c66105cbfa70afb4
src/bin/Data/Interface/newui_arrow(L).OZT,.OZT,original/Interface/newui_arrow(L).tga,RGBA,6,9,"[0, 255]",20,0,34,c908790ae7917c122b6156e54fcf7081247eb739976e0ffcd45a977e45a73723,0a48555ab3ca8e0259c435bbb361c19706384698d83651ffa1dba1ff35164c00
src/bin/Data/Interface/newui_arrow(R).OZT,.OZT,original/Interface/newui_arrow(R).tga,RGBA,6,9,"[0, 255]",20,0,34,c1a78c2c984186808e1bb68752b09a742d3f0eeec11d93868c8d9d9d8e854b7b,75d62439824aea7af5dd8c58405f5bcb9f43371532c1ddea17122187350f4a2d
src/bin/Data/Interface/newui_bt_Off_all.OZJ,.OZJ,original/Interface/newui_bt_Off_all.jpg,RGB,27,23,"[255, 255]",0,0,621,20043f85ee49d7639211f5f5a1663bd40d986e68efca184246520ffddb355b92,1cc1f250747b08393160e0bf1bff4c1cf267004817dcb15a1dae8ffa10b34ec7
src/bin/Data/Interface/newui_bt_Off_chat.OZJ,.OZJ,original/Interface/newui_bt_Off_chat.jpg,RGB,22,23,"[255, 255]",0,0,506,cb24c08b668203e66146435071ee077e93a7c07c22a9183452d813c0059ca3d8,d3354ea3a1e5ae1f9642265bff041e69305ea9893f31825db8c78df6a1ed7dcb
src/bin/Data/Interface/newui_bt_Off_clear.OZJ,.OZJ,original/Interface/newui_bt_Off_clear.jpg,RGB,22,23,"[255, 255]",0,0,506,6ffb5402f420ccfd6f242cf23822dfc8782038d7338fae1538c1552e8c27bec3,9fdcdbe92cb7c5056034813b12f142f3862dad6a14fa5b7cde4780cf9590f303
src/bin/Data/Interface/newui_bt_Off_guild.OZJ,.OZJ,original/Interface/newui_bt_Off_guild.jpg,RGB,27,23,"[255, 255]",0,0,621,759a41399658d955453e5c0df751e4b1598b5eeded790dd140ba1623ea6b5623,db1f47d75170c2a08948f65c10b33a7780e8dfaa60ff35d40043881e77f8df20
src/bin/Data/Interface/newui_bt_Off_guildall.OZJ,.OZJ,original/Interface/newui_bt_Off_guildall.jpg,RGB,27,23,"[255, 255]",0,0,621,ecbbe4598a607347db317d49ab1adab941f7fb1b99621029cebbc35fba0f374e,a1f5491f7c5d5fc7f8590ab56df3df47cb47558236fdf53561471f90c8463ca0
src/bin/Data/Interface/newui_bt_Off_party.OZJ,.OZJ,original/Interface/newui_bt_Off_party.jpg,RGB,27,23,"[255, 255]",0,0,621,a5462232953589529d85c95b476f5331a8d4f5bafe7b26fa5ebab4f0b91bf3e5,b7dfee64b57fd3315d035c9970689fe39ca24e785fd517bd302a82cc834a1e6a
src/bin/Data/Interface/newui_bt_Off_size.OZJ,.OZJ,original/Interface/newui_bt_Off_size.jpg,RGB,22,23,"[255, 255]",0,0,506,7226b32037c89ba75bb25b05c57de5882a0e305890cc778a752340eb2ba96ccd,0309654526f6d345db79f6e164b1cde5a75ab0a3d1f91fbdac92ab53593b0304
src/bin/Data/Interface/newui_bt_Off_system.OZJ,.OZJ,original/Interface/newui_bt_Off_system.jpg,RGB,27,23,"[255, 255]",0,0,621,6750015f3b7eb7fb2da25c1d1174756ea7b81e6825af840af4e273ad2c486db1,3f5f92eaaddbc808bc0a9f4ce7d1c370ef2f6f5d8b40fb9bcf97f6ce6f6c6e91
src/bin/Data/Interface/newui_bt_Off_whisper.OZJ,.OZJ,original/Interface/newui_bt_Off_whisper.jpg,RGB,22,23,"[255, 255]",0,0,506,b2ed31f251f69510db4c6ea559e69b3db24ad4e7f88c6cb0208a7a914b6537a5,46f840dd479278b5d67dce84f06e274ea6dca3bd12ba213702f928c2ee4b7946
src/bin/Data/Interface/newui_btn_empty.OZJ,.OZJ,original/Interface/newui_btn_empty.jpg,RGB,108,90,"[255, 255]",0,0,9720,57628721d1f0920b408204788c8c95c17f7376ebe08804b9e10475cf4bec8663,fbeb8161ba03787a041ab46e19d494c0c72ecd5030e473e5f1630f1f91a014bd
src/bin/Data/Interface/newui_btn_empty.OZT,.OZT,original/Interface/newui_btn_empty.tga,RGBA,108,87,"[0, 255]",12,899,8485,8264ade35192d9a6f069937171766e534579145b826e5357a4a1878bd76fa844,78d5e4465f366c4203993587eb7a58c0a6c339bfd2b16f45b4c2da296733224e
src/bin/Data/Interface/newui_btn_empty_big.OZJ,.OZJ,original/Interface/newui_btn_empty_big.jpg,RGB,108,90,"[255, 255]",0,0,9720,57628721d1f0920b408204788c8c95c17f7376ebe08804b9e10475cf4bec8663,fbeb8161ba03787a041ab46e19d494c0c72ecd5030e473e5f1630f1f91a014bd
src/bin/Data/Interface/newui_btn_empty_big.OZT,.OZT,original/Interface/newui_btn_empty_big.tga,RGBA,180,87,"[0, 255]",12,1332,14316,e62c16a1e6dfe08b7820067d2af6cdd764029f03643289782bdc7d6f76eba16f,f32ad4e4a7c989878fe9257fd1b3c4ca0e320d81b8bae9b13cbbbe8a05ca0dad
src/bin/Data/Interface/newui_btn_empty_small.OZT,.OZT,original/Interface/newui_btn_empty_small.tga,RGBA,64,87,"[0, 255]",12,636,4920,d7820e3f2d58e977e21aeaf78375e6d36c15075086f0f7ece5e7f79f04419e0f,6a60a652311164c0b26d00ecc62784714a7f15350ad7f55122fc997df27b38fc
src/bin/Data/Interface/newui_btn_empty_very_small.OZT,.OZT,original/Interface/newui_btn_empty_very_small.tga,RGBA,54,69,"[0, 255]",12,537,3177,5085bf255ee97f483e3f2d46a41edb0e0a9029a0da58462f099b730056ab50c4,08552bc8629e63f7e6eaf9dd4d1b5e6252b56a59adf247930b985f50cbc416b9
src/bin/Data/Interface/newui_button_cancel.OZT,.OZT,original/Interface/newui_button_cancel.tga,RGBA,54,90,"[0, 255]",8,34,4818,e2e2d4a98c8e9de4e0f096427090dafe3295d629608779b7aba63dceb42c49d0,a48f1a93c14dd3a7dc0846080740e1d2eedbce858d99d054cbc9df5a8ccfc301
src/bin/Data/Interface/newui_button_close.OZT,.OZT,original/Interface/newui_button_close.tga,RGBA,54,90,"[0, 255]",6,48,4806,f90e05a98f6c7b0821ae33030f0a65759d741fd17ec71ab8fd3c536fef61790d,809ee44187d22217be0aa92148d6af623787dbff1771204d57c08186997eef0b
src/bin/Data/Interface/newui_button_ok.OZT,.OZT,original/Interface/newui_button_ok.tga,RGBA,54,90,"[0, 255]",8,34,4818,5d4544d92cc9ea4b855b7479a8074319d7108a5e9f5beebe92ac88310646a248,dd560fb02ec64c4eda7926df89bf812bf46ef3961e9ffc243288194114b73c57
src/bin/Data/Interface/newui_cha_textbox02.OZT,.OZT,original/Interface/newui_cha_textbox02.tga,RGBA,170,21,"[0, 255]",2,782,2786,a15f40322a0258b1fb3fdf9f3010f4a41f40715409e10704d5d5e0744a89e5d9,ef736a7a24fae8c44056dd1825f02d9105e808b4531ef924b3eda8524fcd2281
src/bin/Data/Interface/newui_chainfo_btn_level.OZT,.OZT,original/Interface/newui_chainfo_btn_level.tga,RGBA,16,30,"[87, 255]",0,36,444,e101fdc80153a635d63d62d33af96a088d95a9a10e51abc1a96a9c5f2fba955e,bc6ff09dc679a187c62551b44266ae471886fa95e33a9edcad58943ac4033ec3
src/bin/Data/Interface/newui_chainfo_btn_master.OZT,.OZT,original/Interface/newui_chainfo_btn_master.tga,RGBA,36,58,"[0, 255]",14,262,1812,b3f23ec6d17b3bebd8aaff0c8693991603d475485afbb36a5d835e14b5201dfd,5a8a96e412ba08dca1c816cc4e9400fc5cce5bcf88aa7e622ea89e5a5e990bd3
src/bin/Data/Interface/newui_chainfo_btn_pet.OZT,.OZT,original/Interface/newui_chainfo_btn_pet.tga,RGBA,36,58,"[0, 255]",14,262,1812,8d147fafdeac40a3fe882091a3e8e4db4f0cce96ac6a67ea15f3ac4bcbe60d42,526432c77c64bfc57ae54f16df2bbf97373765f02aedc81af2042cc201eab07e
src/bin/Data/Interface/newui_chainfo_btn_quest.OZT,.OZT,original/Interface/newui_chainfo_btn_quest.tga,RGBA,36,58,"[0, 255]",14,262,1812,3af8657945ad959e7aea23699bee76cd25986d9e7a9a4daee0184bc41929cb3c,adb1ebb3a1a73f2b556919d085eb9f88ddc64eb998f806120a93d8ee8321a509
src/bin/Data/Interface/newui_chat_back.OZJ,.OZJ,original/Interface/newui_chat_back.jpg,RGB,281,47,"[255, 255]",0,0,13207,1a72c43578638f532cd8fd35b277be921db459a8cf7964386a0d75455d30c1b6,c6f3647ebaae9fe8454a3802911c3c92d436d629650bb0e5d1fc11280c90b8d2
src/bin/Data/Interface/newui_chat_btn_alpha.OZJ,.OZJ,original/Interface/newui_chat_btn_alpha.jpg,RGB,27,52,"[255, 255]",0,0,1404,af86ebb916d6e35e0127091d7a3ac68e926df017103cba8d2ee39ac96d5ec69e,fab35f74df1737c2b02be46fb571c644330c6d12ea13f8473f8cb7c392146c42
src/bin/Data/Interface/newui_chat_btn_size.OZJ,.OZJ,original/Interface/newui_chat_btn_size.jpg,RGB,27,52,"[255, 255]",0,0,1404,fa57408c52fb3d0e560e36931e99ac3e25817723d5cb5f3b5ceefa36682a3c5a,4f55009f34aaa92342f80a509b5ba0e73d2b4462ccaa7079620fd3b63be569fd
src/bin/Data/Interface/newui_chat_chat_on.OZJ,.OZJ,original/Interface/newui_chat_chat_on.jpg,RGB,27,26,"[255, 255]",0,0,702,84383b66b449b0dc07a46a1bc37b4c7c36497d6c67cff1647049894769c9567d,9927f6f752ea826b4476102006d543cd0836a7f8663febe6c40f7e625b9ab4c2
src/bin/Data/Interface/newui_chat_frame_on.OZJ,.OZJ,original/Interface/newui_chat_frame_on.jpg,RGB,27,26,"[255, 255]",0,0,702,57d59ae6fed0a7859f777e0d35372a8db1d7c38a953ab085572aa53a427267e8,c2dd772fb41a80ca79c27435f9678a281eb18592cd7feaa1853e6c678fdf5765
src/bin/Data/Interface/newui_chat_gens_on.OZJ,.OZJ,original/Interface/newui_chat_gens_on.jpg,RGB,27,26,"[255, 255]",0,0,702,9a44ad15e1c07be1d795cd168ec7504ad8e35eabcc84b9a4f0bba59d62bf13d2,f6726a47d3c9db32b33eec47f7eb568de12e0cf932e15de0d08aa24113398e42
src/bin/Data/Interface/newui_chat_guild_on.OZJ,.OZJ,original/Interface/newui_chat_guild_on.jpg,RGB,27,26,"[255, 255]",0,0,702,3deb3e1a695019bec64b5b1a8448748337e7cc95bc725456f4fa9534c086fac2,a9cd5f0e8805afa0ddc57f022771de11b9c3b2fddd19b3e9ba36ddd57b72d057
src/bin/Data/Interface/newui_chat_main(s).OZJ,.OZJ,original/Interface/newui_chat_main(s).jpg,RGB,166,21,"[255, 255]",0,0,3486,09e918bb473f13c0e52a1a1819039de8e5d6d729a897d533634e93ce691b6245,3722d6d46f733a2784350e75c38188ebae138e62e42bbae74d92e1259a613c22
src/bin/Data/Interface/newui_chat_normal_on.OZJ,.OZJ,original/Interface/newui_chat_normal_on.jpg,RGB,27,26,"[255, 255]",0,0,702,8e410462a0a6d36d4abfd16527732d521c244b87e7435f0a81eb9ecc5b5b1d9d,ad9629ad3e411a0bff6d407d8b4821154931ca88d45b927b58707178ceb1dac0
src/bin/Data/Interface/newui_chat_party_on.OZJ,.OZJ,original/Interface/newui_chat_party_on.jpg,RGB,27,26,"[255, 255]",0,0,702,70687ccf2fa8842769e08127466b99f934fb2b82f8550083eb99f7f30077bb41,cb78ceeeff54c68b8b357d751276c8afb0fdbfb4717b7ee2596f10d36852cc57
src/bin/Data/Interface/newui_chat_system_on.OZJ,.OZJ,original/Interface/newui_chat_system_on.jpg,RGB,27,26,"[255, 255]",0,0,702,16a73ce79b6e4f2cd1442e6c5004d9a4788fa7be3e6038c44e51cf09e7f9d0c5,66d2370b37d786ff600909f7edb8acc42396a56f3ad202b829e9fb52b845d18b
src/bin/Data/Interface/newui_chat_whisper.OZJ,.OZJ,original/Interface/newui_chat_whisper.jpg,RGB,71,20,"[255, 255]",0,0,1420,fb0c2236ab4439f8593d607ebb63af07dd0b9f7b091f7d1dd8f68a10e3c6dcdd,f8ea9888e1a19b8e037f404f8d0c2ecd24f66c4378fa70e3ce849af37caa1a76
src/bin/Data/Interface/newui_chat_whisper_on.OZJ,.OZJ,original/Interface/newui_chat_whisper_on.jpg,RGB,27,26,"[255, 255]",0,0,702,0904196e055d5cfc24866cb2287281e0cdad04b64021a8b0aca4897051d5660b,2a8c0182712663b3ff38910995ed1e40c9ce24f5ae6db7b474cb7ce9f09a81cb
src/bin/Data/Interface/newui_commamd01.OZT,.OZT,original/Interface/newui_commamd01.tga,RGBA,112,45,"[0, 255]",1568,2301,1171,3db890ee4e82f32e7c5f163e439db164c8725197f072754f8d9c15a48dba9969,a43b41328bba1adf915e8a6e4deb6172ffa72ffecd362ca4339d5b8f81879362
src/bin/Data/Interface/newui_commamd02.OZT,.OZT,original/Interface/newui_commamd02.tga,RGBA,112,15,"[0, 255]",1050,540,90,aa342fe46424baa45a1e00dfdb34e24dacf9e32b26572dc9bb55179741c114c9,c85f8eb92922127bb5d8a43ffd93d14f603d5da804bb103b812e0dbc3b4695ad
src/bin/Data/Interface/newui_commamd03.OZT,.OZT,original/Interface/newui_commamd03.tga,RGBA,112,45,"[0, 255]",1568,2301,1171,548725ec8d78b2c9438185f524df26f06954d04ad3f8bfd458ce49f04030138a,ed47027a78644997d07f089c1029ae834807e53a38a47586bff03eb3fa49b3b5
src/bin/Data/Interface/newui_commamd04.OZT,.OZT,original/Interface/newui_commamd04.tga,RGBA,112,45,"[30, 255]",0,1554,3486,d73ed27ebf40b70edf72ca97b380ed7cfdecc1c182b33a30df4c0f35e05c6640,31070ebfdd6fa169fa75179f548a4b49cc64e7020ae28dea024a8c589856b1dc
src/bin/Data/Interface/newui_commamd_Line.OZJ,.OZJ,original/Interface/newui_commamd_Line.jpg,RGB,82,2,"[255, 255]",0,0,164,c44a218ff6f3ca68edaecf4137728df335c9dfdbbd804cf4d6b080016b3c199c,d725ebe04c9f3c73c5572143d0963f90d17e4ae4d748b930c9cd75ebe5e81670
src/bin/Data/Interface/newui_command.OZJ,.OZJ,original/Interface/newui_command.jpg,RGB,256,256,"[255, 255]",0,0,65536,e8b2675a3c8ad5d646042d6e09e5287fcfd6d624630a51d9d03d7de15692e8b0,f3828fbda685e9696d8a4a8e4870685b4e8210154c2bcd804899d52ae568d34e
src/bin/Data/Interface/newui_ctgametimeframe.OZT,.OZT,original/Interface/newui_ctgametimeframe.tga,RGBA,134,37,"[0, 255]",1003,359,3596,dfcb35be92c6280f896a3f533032f3a2418d31d9d55b03e97ddf01102b47b461,76dd61af37d20d11f96eea61040b76dd301aa65dd00b24d266efa691efdce3c0
src/bin/Data/Interface/newui_ctminmap.OZJ,.OZJ,original/Interface/newui_ctminmap.jpg,RGB,128,128,"[255, 255]",0,0,16384,99fdb3e07af11a49e65fcf250c9841c4564b664650e91fad1e15af595dd08c1a,b906c2c97d6058e074b909b816e4de55129d54bb72c4c6189cf856eb0e192722
src/bin/Data/Interface/newui_ctminmap_Hero.OZT,.OZT,original/Interface/newui_ctminmap_Hero.tga,RGBA,11,11,"[0, 255]",12,68,41,6fd8dca4e01d90c979df13efc008fd8ae25c8e7ee9e30675a5c624ac07e53178,2301421ed109e414dd6f34200becf2dc41c1e0fc4204da1810b348471b3ce3c3
src/bin/Data/Interface/newui_ctminmap_Relic.OZT,.OZT,original/Interface/newui_ctminmap_Relic.tga,RGBA,14,14,"[0, 255]",24,96,76,20023ef5ef20ef65279ad3aae86a359e12e78d4dc65cc12f9eb1b923ce15b57d,3295c5a3ed21bdc6f764459b13281fdd90dac3f5b6404412c5361bb6be84f91c
src/bin/Data/Interface/newui_ctminmap_TeamA_box.OZT,.OZT,original/Interface/newui_ctminmap_TeamA_box.tga,RGBA,9,8,"[0, 255]",21,0,51,8d0180072400ccd0bed13812cff4e5a88df313194ad2bc6f803ff395ff193de0,d204d220414c72124035708617b4ec8e6e9f3fb3147237279e1212ba4b44787d
src/bin/Data/Interface/newui_ctminmap_TeamA_member.OZT,.OZT,original/Interface/newui_ctminmap_TeamA_member.tga,RGBA,7,7,"[0, 255]",12,0,37,e6833fec50b393a419e7b377436849f7e3d309bb6ee33e699408e720fd08ed0e,452e808bb4322a20a476b7079f57cca68a5c740a64c23f40b51c100ed3dfe859
src/bin/Data/Interface/newui_ctminmap_TeamA_npc.OZT,.OZT,original/Interface/newui_ctminmap_TeamA_npc.tga,RGBA,9,9,"[0, 255]",10,1,70,bd4b4e056d8f60364856676dc289764a0caf5902b6baa153249486c25a506471,aa5a3fd4daa0dd1c87e2f941c55b67af41a058f97d8f40fc5e12d146cf8ff5a2
src/bin/Data/Interface/newui_ctminmap_TeamB_box.OZT,.OZT,original/Interface/newui_ctminmap_TeamB_box.tga,RGBA,9,8,"[0, 255]",21,0,51,59f3ca24966a7fe7406be8b92e76618161e9213479cd8562bc4c1c5bbc265aa6,43ff8b08f9776955f1287bb8c6faa83de217afe8e1ec1c710fb0ce489a3fc0de
src/bin/Data/Interface/newui_ctminmap_TeamB_member.OZT,.OZT,original/Interface/newui_ctminmap_TeamB_member.tga,RGBA,7,7,"[0, 255]",12,0,37,9905b4cdba3ce6e727260c7e49ed41dad6abd30b0e0f6ed0c1d34d8435fa28bb,55be7af014ff1c0e0a4b2919fcaaf6e069db9c0829010058ce4ac4ac686e6a04
src/bin/Data/Interface/newui_ctminmap_TeamB_npc.OZT,.OZT,original/Interface/newui_ctminmap_TeamB_npc.tga,RGBA,9,9,"[0, 255]",10,1,70,6b70b31ed0d2466884af00a3c58fad105c65b878de8cbce3cbcdfd5ca9762790,1d460ef47ffa24b6e2962e1f5cb099ca9137c2b75e558dfd21eb8d205362f6a1
src/bin/Data/Interface/newui_ctminmapframe.OZT,.OZT,original/Interface/newui_ctminmapframe.tga,RGBA,128,165,"[0, 255]",12360,246,8514,bcc27472eb645e6d686aad7b4ef09e1131b16ab1650766d687c0a710d97a123b,9428131e36401c68ac2ee213fe87549299376418cc841f63ebcde9e2f55296d0
src/bin/Data/Interface/newui_ctscorealliedgaail.OZT,.OZT,original/Interface/newui_ctscorealliedgaail.tga,RGBA,40,36,"[0, 255]",300,0,1140,0bdd85ab2e3398500c36318a9738aa6b495596e318717e0d21a93aae47e43442,63398f9649c334444a27ec1752f4bc86b0786345eb638a46df52093cea4e0b90
src/bin/Data/Interface/newui_ctscorealliednum0.OZT,.OZT,original/Interface/newui_ctscorealliednum0.tga,RGBA,56,66,"[0, 255]",909,229,2558,f0a1ced4f0cda13d64becbc69d664282ee465e47540e9887f38299312b812941,8dc435875d25e0e3d1a40207edafc405be85789b76c28aa8af99fcf62bad8bb9
src/bin/Data/Interface/newui_ctscorealliednum1.OZT,.OZT,original/Interface/newui_ctscorealliednum1.tga,RGBA,56,66,"[0, 255]",1874,178,1644,bca610f87cd986d22e001ccf7f51ba9500c65d82f000fbbe0c83bc695cb3de92,3a437b09fc987bc6da5bb6668109b2bdb1daa7c77e440b378c12a1d98cee1c05
src/bin/Data/Interface/newui_ctscorealliednum2.OZT,.OZT,original/Interface/newui_ctscorealliednum2.tga,RGBA,56,66,"[0, 255]",960,205,2531,8c3d25547df029b57e15b20606d523711b0bd9b5ac32aeea5f41086b88c57fe7,89d4f6cb10671d022cfeacee91b5d3816ceea83988da29639ae163a77e9263d0
src/bin/Data/Interface/newui_ctscorealliednum3.OZT,.OZT,original/Interface/newui_ctscorealliednum3.tga,RGBA,56,66,"[0, 255]",1134,242,2320,0f690250d4c16ef7df00ceb9db769155b39bf82940dcaf60c85b53b20a53b161,e547078ef0d01905ca515280f6ab8fdf302f0fc62b64e57b6d859285c467c4d5
src/bin/Data/Interface/newui_ctscorealliednum4.OZT,.OZT,original/Interface/newui_ctscorealliednum4.tga,RGBA,56,66,"[0, 255]",1215,185,2296,949c2a3c9cbdca70757548f8c5386c171c8bba792bb2abcf707bd5c027c06a10,86685c89fdec920a58c7fc6dac42274be87f3bbb620e60780dae626370c726da
src/bin/Data/Interface/newui_ctscorealliednum5.OZT,.OZT,original/Interface/newui_ctscorealliednum5.tga,RGBA,56,66,"[0, 255]",863,269,2564,d8a6aa4e3d652a9d2f959216a7677a9c5dfc098326fd9ddb6970e4033d4e0694,00b1e2d4eb626e5312ba7e01eadad407841d436f8682b79a405855e0c62b3a2b
src/bin/Data/Interface/newui_ctscorealliednum6.OZT,.OZT,original/Interface/newui_ctscorealliednum6.tga,RGBA,56,66,"[0, 255]",831,247,2618,4c39d4421b6e8fcd324ea1a66336c5cb307d037571864e7c59fa2338619c7a67,8c2306d95339caadb44b28c5111df3321920b198d51f3681c2b4837e2724378a
src/bin/Data/Interface/newui_ctscorealliednum7.OZT,.OZT,original/Interface/newui_ctscorealliednum7.tga,RGBA,56,66,"[0, 255]",1610,204,1882,da8a69ded8177b3c50cab517248e272ec1b45192b641b43e01b0c22fabd82b84,755d040507ade0cb7a7060ac9d428e45233a4bcd986f71540db16b4d65496b20
src/bin/Data/Interface/newui_ctscorealliednum8.OZT,.OZT,original/Interface/newui_ctscorealliednum8.tga,RGBA,56,66,"[0, 255]",792,240,2664,028b802d75185e857e57daac681bff406962824f9f82043b8ca2516d8e811496,36961031d60344cedf26cfc0dfb8633a0e20cff5a7648a511e4cc970ea876f41
src/bin/Data/Interface/newui_ctscorealliednum9.OZT,.OZT,original/Interface/newui_ctscorealliednum9.tga,RGBA,56,66,"[0, 255]",833,241,2622,7c3cbbf479dc39b7d7b21da8fc21359ae3e86ef0086d1385c99393db8b013569,7cbb2ca436a8a884dabaa2cce5ba49055c77279b3eea8012a77f15cf821e70b7
src/bin/Data/Interface/newui_ctscoreillsiongaail.OZT,.OZT,original/Interface/newui_ctscoreillsiongaail.tga,RGBA,40,36,"[0, 255]",300,0,1140,43f2c5c3c678f28f4c32139cafae21bd493e52b056d688838af77156ee37fa23,14e248b4bbeddf00263104a67b79746c3166cac826d223b93e78555725758b31
src/bin/Data/Interface/newui_ctscoreillusionnum0.OZT,.OZT,original/Interface/newui_ctscoreillusionnum0.tga,RGBA,56,66,"[0, 255]",909,229,2558,5b2f25ef5e0a9528be10969e0db9ae1729eb15ee43eaf22fc2b4de11dbdb98c6,9bc5cedf91bd6196a5d70d0833b6f31d7a3f15c75437f0b31033d6633d4ecabc
src/bin/Data/Interface/newui_ctscoreillusionnum1.OZT,.OZT,original/Interface/newui_ctscoreillusionnum1.tga,RGBA,56,66,"[0, 255]",1874,178,1644,69091dbf36c25461a7fc3e8fe03836ed7551ef8a08d30cc6aaeae129a5cbeaa8,a780df90ee0f66be2d07a6a5e56f55a46c6f2f400db01d0111952185c2b7daeb
src/bin/Data/Interface/newui_ctscoreillusionnum2.OZT,.OZT,original/Interface/newui_ctscoreillusionnum2.tga,RGBA,56,66,"[0, 255]",960,205,2531,ed5e6adca7173a55ee849c340985b91e1e562dcc0d2035e8ddee26a81cdb6af0,808d9d6fe585b8bcad3253721d418daef9dd60a60c1798d4aa1a6e447318f09d
src/bin/Data/Interface/newui_ctscoreillusionnum3.OZT,.OZT,original/Interface/newui_ctscoreillusionnum3.tga,RGBA,56,66,"[0, 255]",1134,242,2320,ac6005bdc6e2d7c07fe270ccc888a9b1e627840c4d4b824988feefbbde557b4a,7a3e390ef31b015ccc4a04b12c5bc5e0f9af54cb2bf68e01f5b27f62b69b1101
src/bin/Data/Interface/newui_ctscoreillusionnum4.OZT,.OZT,original/Interface/newui_ctscoreillusionnum4.tga,RGBA,56,66,"[0, 255]",1215,185,2296,fd867e004b6c5335dc076f1ef5c8c0bfa71cd2c9db804f171b413aae8f45cb59,d100f6c4ce1fe00be09afb346bca0ae4577134c6807af0becdfe79b790b62168
src/bin/Data/Interface/newui_ctscoreillusionnum5.OZT,.OZT,original/Interface/newui_ctscoreillusionnum5.tga,RGBA,56,66,"[0, 255]",863,269,2564,1351c2660504045bcdb7dac1d8f10ecfc754f0bb7409905c2117815ed00ec32c,c4c053363ab8170da1b31149831bfba5fbb157e08461baf1d5152d5d48c01504
src/bin/Data/Interface/newui_ctscoreillusionnum6.OZT,.OZT,original/Interface/newui_ctscoreillusionnum6.tga,RGBA,56,66,"[0, 255]",831,247,2618,3f17464427775f584d728255b48bccb74b80cc9a92605f55b3e5f40dad86f293,33cbda978bf119be20bf3fc4ac1c792b297075ac0e00d6c85b257d0a8bfcef8f
src/bin/Data/Interface/newui_ctscoreillusionnum7.OZT,.OZT,original/Interface/newui_ctscoreillusionnum7.tga,RGBA,56,66,"[0, 255]",1610,204,1882,362ab6c55683c22986f7396d0aba1da1c51a672888dfc0b78ea10d76a40c89b5,24d99b606f067d1c9aeb51721877df96e983d329c9cb3adbc924d0aba72679da
src/bin/Data/Interface/newui_ctscoreillusionnum8.OZT,.OZT,original/Interface/newui_ctscoreillusionnum8.tga,RGBA,56,66,"[0, 255]",792,240,2664,ee4c5810f15c764d4bb23fd1985e23face7538170520c673b0a3f017603c68a1,953365ed66821f8468f342dcd762cc74b97e746201f133776a80b775499ef464
src/bin/Data/Interface/newui_ctscoreillusionnum9.OZT,.OZT,original/Interface/newui_ctscoreillusionnum9.tga,RGBA,56,66,"[0, 255]",833,241,2622,d3183fe768bd12b3279e7de7e07377e93eb6ef72fd0df90ad69087e55697ddb2,df1f1cd12a08e4d4a9cae4f06a2f6eb037ce549bc2df8360b6e89119fdb2aa42
src/bin/Data/Interface/newui_ctscoreleft.OZT,.OZT,original/Interface/newui_ctscoreleft.tga,RGBA,67,125,"[0, 255]",5199,1250,1926,301b92c96e31a4cecec5b695cced080868f756c4bf6926d34e8a08c4eee2743d,51d162a17f658e0e2335221bc55cb13cc6f644281dbe052cb9503ced371a14cd
src/bin/Data/Interface/newui_ctscoreright.OZT,.OZT,original/Interface/newui_ctscoreright.tga,RGBA,67,125,"[0, 255]",5199,1250,1926,d21be38c0e775d4ccc00bce872431fa13bcc36de6b0e00b1dfc616eaef75d9b8,03e4e48611fd9b5c69d2106852b8e49c0737a22d70f635dc782f0baa0919b8f9
src/bin/Data/Interface/newui_ctscorevs0.OZT,.OZT,original/Interface/newui_ctscorevs0.tga,RGBA,49,27,"[0, 255]",234,169,920,19d591d7eb1f969ee4f7656cbed81b2c90b073abe3d7f2fa5f91b314f50e876c,aa7522f4a515b5ab8923a866965a03e7f11195b5865db728d79f66a68455c28f
src/bin/Data/Interface/newui_ctscorevs1.OZT,.OZT,original/Interface/newui_ctscorevs1.tga,RGBA,20,45,"[0, 255]",264,103,533,9aa812ab314d999048285bfe43de947f5f32ee7418fc50883ea54ec97052b9de,0171f7afccc34f10720db4f46053358224a3696a194fa78614e1ec56a2e5575d
src/bin/Data/Interface/newui_ctskilldown.OZJ,.OZJ,original/Interface/newui_ctskilldown.jpg,RGB,15,39,"[255, 255]",0,0,585,643ac5f4bbfb1894223e5e82c91331b40c18f4c035da39cad6bf1495a588f13b,8ff09b37c51bc769c47b51ddda603d0cdaae35cc1791abab87db4ad0f4761d82
src/bin/Data/Interface/newui_ctskillframe.OZT,.OZT,original/Interface/newui_ctskillframe.tga,RGBA,128,53,"[0, 255]",1575,563,4646,d312ab4ff326ea556c78829cdbedd91230432552ea38beecc45e6736783b568f,15bed9418e7b25ff035b0cd105d0458c7c75e6d78e4e2e37075cc2383bd12361
src/bin/Data/Interface/newui_ctskillup.OZJ,.OZJ,original/Interface/newui_ctskillup.jpg,RGB,15,39,"[255, 255]",0,0,585,d4773d74bb7954f7d6cb32fc2f86d40754c60c8526aef68bad51d69b0dfe8330,d63a8a67f7f9d1ac4c397d2fa51f63599e044b63330612bc20c9af6908d9b525
src/bin/Data/Interface/newui_durable_boots.OZT,.OZT,original/Interface/newui_durable_boots.tga,RGBA,23,23,"[0, 255]",4,0,525,2a3b0051fa3f08c02bd309ce0dc199289a16ed032b98d59841263785ce724019,5327d40394a4d27fab86703f40f51c6baf1f4f389115879409668d3c9356dffb
src/bin/Data/Interface/newui_durable_cap.OZT,.OZT,original/Interface/newui_durable_cap.tga,RGBA,23,23,"[0, 255]",4,0,525,7812cb5b2ef86805cb7e9c6d0089e017f7b3c5dc742eb43c9ee29748e2954c89,adb0fda34293ba1c7eb0e55cd9b80ccbc6d31ca86e92c428ca3ed1aefbbe0ada
src/bin/Data/Interface/newui_durable_gloves.OZT,.OZT,original/Interface/newui_durable_gloves.tga,RGBA,23,23,"[0, 255]",4,0,525,395e7a65be4837f59d007aefe22420a3b4923085f58e241babef62552d0b14ec,f34be1ecdb2e24c63d752bf2df7ba54eea9819ad8ddac4ca4774c3c1157c6614
src/bin/Data/Interface/newui_durable_lower.OZT,.OZT,original/Interface/newui_durable_lower.tga,RGBA,23,23,"[0, 255]",4,0,525,32978b6b91a86bf7da42a5bebd04e0f5dfca70ef2ab92cd27e324f073a41837f,f50bc5abd59775ba7d6ad8186f9aa06fd3e38c5f62d5e4c3531326101e7fe8da
src/bin/Data/Interface/newui_durable_necklace.OZT,.OZT,original/Interface/newui_durable_necklace.tga,RGBA,23,23,"[0, 255]",4,0,525,850f4012db6b9eed9cf6f75e5c7a90cc292c6015c11b47c6da48a9caecd7d428,235e27d86cbadc350b2633d4e4c7c3f6de94ecf81e4fad4ab52daa54b9202fe4
src/bin/Data/Interface/newui_durable_ring.OZT,.OZT,original/Interface/newui_durable_ring.tga,RGBA,23,23,"[0, 255]",4,0,525,2f804d76a030d6a92ddd2010e100c92f2031cdd7f9d09a7a7491240cb633ad86,35d7e370c37a4597672d5ffa316bc92e24cdb60bfe7df72e5a499d7b7a2bba80
src/bin/Data/Interface/newui_durable_shield.OZT,.OZT,original/Interface/newui_durable_shield.tga,RGBA,23,23,"[0, 255]",4,0,525,d7088ae0376848caa0c1f3368954a8835ee273f27bc97a42d5fe4ec92f62619a,09eb67dad4b13fdafc96d40823e55090862183ac715478546d7bc46014f7f821
src/bin/Data/Interface/newui_durable_upper.OZT,.OZT,original/Interface/newui_durable_upper.tga,RGBA,23,23,"[0, 255]",4,0,525,046ea4ad1a0d38d534869a91037903bd50775654194e40823c904e609e52606b,cc4f599dc9ae1d1afd75e2cce6e6c61365211a7bcfe6138eab3106a8d5ea4564
src/bin/Data/Interface/newui_durable_weapon.OZT,.OZT,original/Interface/newui_durable_weapon.tga,RGBA,23,23,"[0, 255]",4,11,514,914de63d8f7fe0f755b2d54254a97b3c5c7f49d511d7de5e5e6bef5c6cbf80e8,d9106760f2cc11c1ea57d0d75bcb1864be893663b80faf7c16d2c230b441c0bc
src/bin/Data/Interface/newui_durable_wing.OZT,.OZT,original/Interface/newui_durable_wing.tga,RGBA,23,23,"[0, 255]",4,0,525,671e1db1ea4f654b6656ddbce7c215c1ee77345e8b4f441eb88f6efe36d27780,0bf362cf0ca03c86a35880db0bc22b59577b63b3a8aa9f6b21fd6bed00fd7f6e
src/bin/Data/Interface/newui_exit_00.OZT,.OZT,original/Interface/newui_exit_00.tga,RGBA,36,58,"[0, 255]",6,318,1764,cfe3659d6bd8a4ba9b62efc224ca1c85fcc81972ebb495263d8c98bb6be55fa9,b8e05d56b2631f9760c8e762eead25befbdc3e4950654d2f311d1f48ed8b94ba
src/bin/Data/Interface/newui_expansion_btn.OZT,.OZT,original/Interface/newui_expansion_btn.tga,RGBA,36,58,"[0, 255]",6,318,1764,f6087202e0ad8de87ba468825c65a1cb3fffd3f4f19c53c799543f0dc4107ec7,e5239bd84a692fa080ca4ad9d341f4a6afba4a925c81fea5a64ac6cfcad04ac9
src/bin/Data/Interface/newui_gens_rankback.OZT,.OZT,original/Interface/newui_gens_rankback.tga,RGBA,170,88,"[0, 255]",5800,616,8544,2e0092c20f7b96dd67eeed68fb6dda541a17a5bea5ac8b5264106189be212d8e,14f90753ab56906b91b0fd9b916de4456e621cf48dedd9ecde037520a3d7d8d3
src/bin/Data/Interface/newui_guild_tab01.OZT,.OZT,original/Interface/newui_guild_tab01.tga,RGBA,166,22,"[0, 255]",336,583,2733,939d2c0a406d891aa6ce7a2c15cb2d6c4aef4299e8eb88a063e4a1d9486e9de2,d669f0467f98152cd7546f622e4c8f717535bc2f16fcbf7083b926a1164283da
src/bin/Data/Interface/newui_guild_tab02.OZT,.OZT,original/Interface/newui_guild_tab02.tga,RGBA,56,22,"[0, 255]",10,130,1092,030fd5228386182531160305bcbcdc26bc0b3eb4d3e1b85e60bf869f9d450a9b,4842b5a08bb450e0746c87bc1da63017c1bf1880394dd9aa356747e4ef5279eb
src/bin/Data/Interface/newui_guild_tab03.OZT,.OZT,original/Interface/newui_guild_tab03.tga,RGBA,63,26,"[0, 255]",70,62,1506,448538e6fd7a9fe3a5da727e0f449d2e75672ed00e2fb3352efe426b12b836ab,16966a9ce0896d9b27828824422fcb4b5b6fd7576eb8286df68f21cd39aef89f
src/bin/Data/Interface/newui_guild_tab04.OZT,.OZT,original/Interface/newui_guild_tab04.tga,RGBA,56,44,"[0, 255]",124,331,2009,d0e95f631b1ff5d596fe2fcc862d49af9340b9b8fd800f6b655598fa59a80e3b,f603bb2ccb9d82f32b16e93aa6ddee700e6166542fdaad168b1eba17f07af50e
src/bin/Data/Interface/newui_guild_table01(L).OZT,.OZT,original/Interface/newui_guild_table01(L).tga,RGBA,16,16,"[0, 255]",100,77,79,ffca28081ec83b39cd151089aa4bafc614ad4d677459555701ed3e4f9de4d53d,7216637209adc6df4865190914bf83c9f6aabe8877c633d9ee5230a7d6c86019
src/bin/Data/Interface/newui_guild_table01(R).OZT,.OZT,original/Interface/newui_guild_table01(R).tga,RGBA,16,16,"[0, 255]",100,83,73,a57d627a2709f0947293b220fe220ca34b3162eae299fddc4e55673ca954a68d,a1def5cea2d45f3599c04531a8fd739e1ae46b71b19259979f28867ac38ac986
src/bin/Data/Interface/newui_guild_table02(L).OZT,.OZT,original/Interface/newui_guild_table02(L).tga,RGBA,16,16,"[0, 255]",100,83,73,8d12eeb4ab4726f6dea8f8ee342d4d41eb8f877a4acc6f10f7198b164d5f4300,0c3f283b0c30c7649ea2f7a2b5075ecfee18b28a7e7aac835ee4972cc61bfb10
src/bin/Data/Interface/newui_guild_table02(R).OZT,.OZT,original/Interface/newui_guild_table02(R).tga,RGBA,16,16,"[0, 255]",100,89,67,373ff96e7c5f03b1a7e2146ceed35b403d21c06c8196e0f37ce96478a44e724a,2eba86e65e01fad6801b6e2ba2c10631164a2832c65d67ae474e7169ed2c21c1
src/bin/Data/Interface/newui_guild_table03(Dw).OZT,.OZT,original/Interface/newui_guild_table03(Dw).tga,RGBA,1,16,"[0, 255]",10,2,4,f6d6d18ae4879a03c0d745cfd3dc82ab7db8c8fdf6d88520e5c0884097de68f9,a7f43ee6193cae2d5c9e2da9b6468396d231bd396bdb46b62aee3099d0800b25
src/bin/Data/Interface/newui_guild_table03(L).OZT,.OZT,original/Interface/newui_guild_table03(L).tga,RGBA,16,1,"[0, 255]",10,2,4,d8a6de11f269399f814766c42a131a36942c28c3fb7d5fbfebfb554b8d20a353,a42d6e3ae2ce3a395788dd4656f3f2c803de25c3f798ebd52b7187e27e6d3dcc
src/bin/Data/Interface/newui_guild_table03(R).OZT,.OZT,original/Interface/newui_guild_table03(R).tga,RGBA,16,1,"[0, 255]",10,2,4,004eea96f9af5cbc165ac72b3fac223e7cb461df5ce19b04aee7e3a942b57b64,e1ddd7411dd83ac81c24bf4429c4916861081c1c8aa2f5f390cb2d4b7a4d0920
src/bin/Data/Interface/newui_guild_table03(Up).OZT,.OZT,original/Interface/newui_guild_table03(Up).tga,RGBA,1,16,"[0, 255]",10,2,4,1190d0a5a6e62c15a0923337146497cf9b25d70f0aa2bb91fdf9e3f956295adc,99c955b1237d6ae3169695b581862edb29638d7947de165918b1e277eefbcbe7
src/bin/Data/Interface/newui_guildmakebutton.OZT,.OZT,original/Interface/newui_guildmakebutton.tga,RGBA,108,58,"[0, 255]",8,599,5657,5f3c2ae70f0af10dbd0752015e36a249321715d8663e4f4c87d52f0dfd067525,90710e1ef42f3455554bdf0415da29c67e2c6bab1de7dd73f8632ec8e25dc82c
src/bin/Data/Interface/newui_guildmakeeditbox.OZT,.OZT,original/Interface/newui_guildmakeeditbox.tga,RGBA,108,23,"[0, 255]",4,285,2195,6fe7dacab065bb838c57f710d71139021fb813709acd572c13f2dc6c04d30606,0f42dde656775fc78b57b1da6a8e370f271fffe3fd93526eba21d812e79a6274
src/bin/Data/Interface/newui_guildmakenextbutton.OZT,.OZT,original/Interface/newui_guildmakenextbutton.tga,RGBA,64,58,"[0, 255]",8,424,3280,c01f528dc9c16ee3eba149ab1e1941ff7be176dc7e6299b8c6445975672c0041,5c63e0efb972e609e4bb9b6635ee0e0b393d2c19495897c912f4d8ac3607ceac
src/bin/Data/Interface/newui_inven_usebox_01.ozt,.ozt,original/Interface/newui_inven_usebox_01.tga,RGBA,19,19,"[255, 255]",0,0,361,7305ee388671f279dec61ff113e98f94791d11259c44b9fd77bccb76630e8a75,67d674ca977acaca3e776012babd74defb96f6dcc422c02e9afea45667e97b24
src/bin/Data/Interface/newui_inven_usebox_02.ozt,.ozt,original/Interface/newui_inven_usebox_02.tga,RGBA,19,20,"[255, 255]",0,0,380,9f953d5093e91d3390b45d236134196a65bf34155be7bb2b59551dd42fcd2fe2,9bef046e9e7393c8a1711155be4239892bb862f26edecab50bd5645dd65e9e5a
src/bin/Data/Interface/newui_inven_usebox_03.ozt,.ozt,original/Interface/newui_inven_usebox_03.tga,RGBA,19,20,"[255, 255]",0,0,380,f3a4429ba5cad98afcda5b9d5bbda91a823b24c996ce8a6ddff2ef9f04f4ddf6,717938d77ee5e88e6ca47fd2962b66a62033985010fcfa721ad92fb917414bc1
src/bin/Data/Interface/newui_item_add_marking_no01.OZT,.OZT,original/Interface/newui_item_add_marking_no01.tga,RGBA,25,28,"[0, 255]",495,119,86,c61f7a2cd93794fab42a24f74b67d42a252e23cd5b4703547e41d1a6036a0922,ca8eeaed67cb3d467ccb95bf0e396d7417a6150cd28cec067c91f1fc777052ad
src/bin/Data/Interface/newui_item_add_marking_no02.OZT,.OZT,original/Interface/newui_item_add_marking_no02.tga,RGBA,25,28,"[0, 255]",392,181,127,fa2ba47fc9c805e5e179f6953a62da59e4b7e9826194514b0d5411d92df95857,7d36be1e86747174f59c8b62f6c53f109d6f9f3fb5d292a420c0d73928481d04
src/bin/Data/Interface/newui_item_add_marking_no03.OZT,.OZT,original/Interface/newui_item_add_marking_no03.tga,RGBA,25,28,"[0, 255]",403,193,104,b8fee1b8ccc028df1c57571187358170dd1495bed698be1d7adf6e9da57d760c,d0c504997bb59ddd22448a56e7596ddb7c62224cb12edec5530189ee7a4044fd
src/bin/Data/Interface/newui_item_add_marking_no04.OZT,.OZT,original/Interface/newui_item_add_marking_no04.tga,RGBA,25,28,"[0, 255]",399,184,117,1964d7b45ef6f4a72d75e4959892f82330ca77130cea08462b254e9c61ef1ca9,05c56a875ef32a627e2c7860752ba4aa7f2a1b0132cab6391da6ac6b87bfdc4e
src/bin/Data/Interface/newui_item_add_marking_non.OZJ,.OZJ,original/Interface/newui_item_add_marking_non.jpg,RGB,161,81,"[255, 255]",0,0,13041,03e11225cd6e94147014d31ab988d55c2f193c0df1ef351ea713f8df1478f55c,aa13b862d262938e7cf0a760a4da8780d5b49a6381bc64c950aa8e8f9e1b8fe0
src/bin/Data/Interface/newui_item_add_table.OZT,.OZT,original/Interface/newui_item_add_table.tga,RGBA,173,87,"[0, 255]",12404,1024,1623,61e18ec39f04424fe4a81540a38b12df1378da605005022ec951d8f0a04ccbc5,39e37e3010ea10d8d8b260bdde7c62417bdbc7f1097aa9878b38d0d979fc0670
src/bin/Data/Interface/newui_item_back01.OZT,.OZT,original/Interface/newui_item_back01.tga,RGBA,190,64,"[0, 255]",1210,5398,5552,e65b4f1599f29a12aea792e20a26ee666aa7d6ebead0d0fe56e830e707844a10,43492d61ed1346444d0621fbb7dfb14016ff895522b942eccdd71da10f2870e7
src/bin/Data/Interface/newui_item_back02-L.OZT,.OZT,original/Interface/newui_item_back02-L.tga,RGBA,21,320,"[2, 255]",0,5795,925,c6c8989bdc3b557c3805901255c181dafc2506bd130d9e908385f1323139f13f,ede136d8f79b06a3c2b639bdb178c8264535342aa3b934ae42b2f4a7f80c0b7f
src/bin/Data/Interface/newui_item_back02-R.OZT,.OZT,original/Interface/newui_item_back02-R.tga,RGBA,21,320,"[2, 255]",0,5795,925,7ac87d35e0968512e7327f86b3d8975d37880588ec8d6b18610d80cdef3611a2,5fca640877a103297d63a940218028b479a6202e4018514be13793c880275c85
src/bin/Data/Interface/newui_item_back03.OZT,.OZT,original/Interface/newui_item_back03.tga,RGBA,190,45,"[0, 255]",3440,3712,1398,35996164b96ad43537e31cebbe7810817df2e2ccbbcd095ee7a14a7cac0c4423,456c659fa3995fa153c19582565fcc5a78b01318f60ea2efed6c25b75eb74a5b
src/bin/Data/Interface/newui_item_back04.OZT,.OZT,original/Interface/newui_item_back04.tga,RGBA,190,64,"[0, 255]",820,3217,8123,c9a4830651f52510f88fbc7360235919a1e8a1b2c1aab7f8ef500826542eec6f,fccb2505cf07a5f085408e1ab282cca03e5f7abf33b2ac07127bfd156dfb8d40
src/bin/Data/Interface/newui_item_boots.OZT,.OZT,original/Interface/newui_item_boots.tga,RGBA,46,46,"[1, 255]",0,458,1658,6584d76c98bfcac4cdf7f8f46deb1050f2aaf15117dc3d5620e0a4d29edeee5c,51c5e87a80b6711b0441d84dc449bf8c616a8e7e14396623677e8f3c674e2b0b
src/bin/Data/Interface/newui_item_box.OZT,.OZT,original/Interface/newui_item_box.tga,RGBA,21,21,"[120, 255]",0,361,80,3de9fad13fe9f7e783b7c854d76a7392f3863b7846b9eb05e61e918a9b68348e,36a4d41a0ed218c613f0be7de2aed788f35a590bb56af3e2ba3699caa986f7d2
src/bin/Data/Interface/newui_item_cap.OZT,.OZT,original/Interface/newui_item_cap.tga,RGBA,46,46,"[1, 255]",0,458,1658,ccce6d967a50ce50fd457caa4317f10949d632bcb2401068dc8a1b0ee4fec7c6,ea574d25bbed21c46d072d8e727e5048efb1c68094bbd4d726438873366607f8
src/bin/Data/Interface/newui_item_fairy.OZT,.OZT,original/Interface/newui_item_fairy.tga,RGBA,46,46,"[1, 255]",0,458,1658,0b014df29a01bd784a1c62ccf6548059577e7cb007692c9a93c018c134c3aab7,0115aa75dd6fa00c4878f25a543d1b3a20ece2ad566a12df46946a20e090de1b
src/bin/Data/Interface/newui_item_gloves.OZT,.OZT,original/Interface/newui_item_gloves.tga,RGBA,46,46,"[1, 255]",0,458,1658,d328572693e9cd21b1de87f1dbe958adb2198a6fe36817b7a5feff45a2500d79,eb9006cd8a9ba6f3203ead1021b478368215824706bc241adc23286f2720391c
src/bin/Data/Interface/newui_item_lower.OZT,.OZT,original/Interface/newui_item_lower.tga,RGBA,46,46,"[1, 255]",0,458,1658,984ec50dd92acbcf511a750d263cad7d929b69406717f7e8910785d21eabb9d5,e9a1b925dbb8b5c786d85db277f91c836b759ff9f76d56c162b23735ca050b16
src/bin/Data/Interface/newui_item_money.OZT,.OZT,original/Interface/newui_item_money.tga,RGBA,170,26,"[0, 255]",20,660,3740,de423266935fb688dd78f92e9fb1955a7b6be02d4828df0b577e7c8c17a24717,2f0441e166a65f7d4074c120af914ea99f92d4f5e1095f4454aa0ccf13fe0cca
src/bin/Data/Interface/newui_item_money2.OZT,.OZT,original/Interface/newui_item_money2.tga,RGBA,170,24,"[0, 255]",6,963,3111,eded9df1b6d2ba65dd1ee57857375a00eef3d72e39d5146be43c5b787d58f798,90b1f186e8a63653a7e1181ad8aac5badb1e154c42d3eb695291ae89c298c004
src/bin/Data/Interface/newui_item_money3.OZT,.OZT,original/Interface/newui_item_money3.tga,RGBA,170,46,"[0, 255]",40,984,6796,41ba0c35f9215d8a49e718603f5f6a71cbc9f52e9e3818f9f22f9e9ec0723dbb,5e6583cbe7cab3d010c68f2fed477ac08b1cd2d5dc33d6ccc3594f057f351c20
src/bin/Data/Interface/newui_item_necklace.OZT,.OZT,original/Interface/newui_item_necklace.tga,RGBA,28,28,"[1, 255]",0,272,512,efa40e75011279705a5b21c78fadae99382a827d8491598ead969aa353adc2e2,c4c356c87e25d7bb23a4b61119b5057b02a8ce735b49e5f1013ace18231e21a8
src/bin/Data/Interface/newui_item_ring.OZT,.OZT,original/Interface/newui_item_ring.tga,RGBA,28,28,"[1, 255]",0,272,512,5c3766cdb7c339107ea08ce70414b7b5504c1d3a4c1e7aeb03f4058029ca67dd,ad54690411597ce5fd44de9c41a077e7801a69aa40e0706d8a6ee55ed863fb21
src/bin/Data/Interface/newui_item_table01(L).OZT,.OZT,original/Interface/newui_item_table01(L).tga,RGBA,14,14,"[0, 255]",110,32,54,6c502af16031f348ff6fe90867dd79382e2993089f5b9bb70018712160b5b17c,6c24a1063b053398265bac2255fa85afe20dd878f7861c09bc5d2c5bed553d68
src/bin/Data/Interface/newui_item_table01(R).OZT,.OZT,original/Interface/newui_item_table01(R).tga,RGBA,14,14,"[0, 255]",88,57,51,b73c89a2c2819a546742fdfc920b4efad89970eaae1584c8e1c9214499989fdf,a255cd17e66dbb4c748e7bf40cd7b06457ffe250cdfbccd9976a2e18eb07e125
src/bin/Data/Interface/newui_item_table02(L).OZT,.OZT,original/Interface/newui_item_table02(L).tga,RGBA,14,14,"[0, 255]",70,94,32,372c56cfeb79cfb9a22a1f1e8f8b76787182dd163e198447e6921c5886a77634,a15dfaa319b09d0c74a267e9264aa263f852c2a5102a713919776e479a545158
src/bin/Data/Interface/newui_item_table02(R).OZT,.OZT,original/Interface/newui_item_table02(R).tga,RGBA,14,14,"[0, 255]",56,111,29,5d79150f8b312a71090063b533eca0720b51874c884d8db0d72c0655542d280d,ff2ea3c07d2802bfd410af4950c4b1688fec8803fbe40b18a2705d455b42f019
src/bin/Data/Interface/newui_item_table03(Dw).OZT,.OZT,original/Interface/newui_item_table03(Dw).tga,RGBA,1,14,"[0, 255]",7,5,2,5b7399909b2f5d12e8205f4b82e0ac2b7f4164e2476718783d525433419b7a49,947bbc1be0b124472c4550d211d79474dd112dac21d05b26fe2ef19d9d31eac1
src/bin/Data/Interface/newui_item_table03(L).OZT,.OZT,original/Interface/newui_item_table03(L).tga,RGBA,14,1,"[0, 255]",10,2,2,936c6d569369cf03a152a54dbd2a469598c97e1597618a562ee6a435f2ad5096,038916d167a0a80ded46c47f3bc1453c1e8a1c5b9b3ce2d641707de109a87f7d
src/bin/Data/Interface/newui_item_table03(R).OZT,.OZT,original/Interface/newui_item_table03(R).tga,RGBA,14,1,"[0, 255]",8,4,2,5780ed8f1931d9c7e55fd6d575f9caf2f5885ed7520dd1896f045851d8c69cef,7a48d801d981527450c29fd96098b27ab45fb99ab28be066fec8a1a34fac25ed
src/bin/Data/Interface/newui_item_table03(Up).OZT,.OZT,original/Interface/newui_item_table03(Up).tga,RGBA,1,14,"[0, 255]",11,1,2,e06062248086800b382aee74669dadd9787de8532d77a9295c84e94d23c5f5df,3ba71c4bd9ded5771e7eb1c65827a0466960bc0e2f1cc71b8edb138aa9cb34df
src/bin/Data/Interface/newui_item_upper.OZT,.OZT,original/Interface/newui_item_upper.tga,RGBA,46,66,"[1, 255]",0,578,2458,772043c7d96ac315ef6411711ee828af5e1b878a461453a38e5913a440a405f4,23c43f0b57272e077722693b537bfa9060f7edb8ddbded33013c64d224b9211f
src/bin/Data/Interface/newui_item_weapon(L).OZT,.OZT,original/Interface/newui_item_weapon(L).tga,RGBA,46,66,"[1, 255]",0,578,2458,1afb1d9eb177a65598e7ba4215300d6804a42d5dc92b12caeeb55d5814ddcba4,bfc2ed5cc4466bcd8a471515f625df44ad28f50c60576ea2af1c502733a54fef
src/bin/Data/Interface/newui_item_weapon(R).OZT,.OZT,original/Interface/newui_item_weapon(R).tga,RGBA,46,66,"[1, 255]",0,578,2458,258f99becc15df56be4a39a246a44511c0eb85d7c10a05f35030d0bd6f091223,d8f24b67740bc3bbb08aad45137a3745bc915338c722a52531df6d0bdecb4772
src/bin/Data/Interface/newui_item_wing.OZT,.OZT,original/Interface/newui_item_wing.tga,RGBA,61,46,"[1, 255]",0,539,2267,7c82ab209b9e7f4429ad4953693c4f2375daa09006a16c64f00b1688cb6879a4,34b0686740a3001d2950e72c4c54d2c18f3ef5619f056ac1e3a97d4effe7850f
src/bin/Data/Interface/newui_menu01.OZJ,.OZJ,original/Interface/newui_menu01.jpg,RGB,256,51,"[255, 255]",0,0,13056,d2457a291d5cc6768bfc93e34a95a809f21e2fbe1410ddc8f31808278fdf7f72,73b96357315b10312e8fbca2ec2f6973df7efa2ef81d8f7ffe3c0744421b3d47
src/bin/Data/Interface/newui_menu02-03.OZJ,.OZJ,original/Interface/newui_menu02-03.jpg,RGB,160,42,"[255, 255]",0,0,6720,103a21a6da1b74eaab5c1e1973b46d78f859b7bcf14209c918afd62e7eac346e,98541a47a8cd7d96614590199716a9944d2b986d7ea74f17c246412976dfbd97
src/bin/Data/Interface/newui_menu02.OZJ,.OZJ,original/Interface/newui_menu02.jpg,RGB,128,51,"[255, 255]",0,0,6528,e6002d056cd628362fe8fd5ad9780faaf30c60233e8b8162b48b55c5ecb9badc,0dd21d4333f9d3a2715c9ba5f6ee7fbeb30b0bea7e7330b671fe17f5072c8f0d
src/bin/Data/Interface/newui_menu03.OZJ,.OZJ,original/Interface/newui_menu03.jpg,RGB,256,51,"[255, 255]",0,0,13056,27b670f6d3feb93e9c1b9db2971d7b0d0a7776d973f5eb58ac842c00a5c4afd4,fb7489e674e50a1eeead36f5ebacac590e573bf36789179f7f00a0287a8806d8
src/bin/Data/Interface/newui_menu_AG.OZJ,.OZJ,original/Interface/newui_menu_AG.jpg,RGB,16,39,"[255, 255]",0,0,624,9f90b97d20296772615e70f42de6e8579bd7532498441cb70b623aadb842a53a,4b52ce62f9e25dcb323920c118300e837add67e091b31d37b36f6ebe4ae92fa7
src/bin/Data/Interface/newui_menu_Bt01.OZJ,.OZJ,original/Interface/newui_menu_Bt01.jpg,RGB,38,168,"[255, 255]",0,0,6384,8fec488660bb3b1446dd009b6abb64706f4f9b4d42472190bec690fc341589fd,5aa4e18fe65a2336c3f543f40d97f19897f0d600fc5207ea10be39740278d61b
src/bin/Data/Interface/newui_menu_Bt01.OZT,.OZT,original/Interface/newui_menu_Bt01.tga,RGBA,38,126,"[1, 255]",0,99,4689,569d1d8941dd053efa6b4dbb2c2895c8350353ae875494b80b47940522872104,3912e9a0b27c42f0539d883a64e40695ae90c6cf18711c7315ebaf9dfdf0e588
src/bin/Data/Interface/newui_menu_Bt02.OZJ,.OZJ,original/Interface/newui_menu_Bt02.jpg,RGB,38,168,"[255, 255]",0,0,6384,b0d4e93c059fbe8c7aad30ee7d8e5fadd6bcf66fa5018c22125b197a6c089a7c,627fdd78eea6e23b2803b19b6ddff6e42bac41ac55b5f9b2951b5e64afcbbdc9
src/bin/Data/Interface/newui_menu_Bt02.OZT,.OZT,original/Interface/newui_menu_Bt02.tga,RGBA,38,126,"[1, 255]",0,99,4689,569d1d8941dd053efa6b4dbb2c2895c8350353ae875494b80b47940522872104,3912e9a0b27c42f0539d883a64e40695ae90c6cf18711c7315ebaf9dfdf0e588
src/bin/Data/Interface/newui_menu_Bt03.OZJ,.OZJ,original/Interface/newui_menu_Bt03.jpg,RGB,38,168,"[255, 255]",0,0,6384,6609e1111a29711c0f55558177daff0cf0a31f589456e8fbe6b82a56817156e6,9934d7a832bd16187bcd1716e54969c016b81ae7c76e3a2ad5e303a10ca189de
src/bin/Data/Interface/newui_menu_Bt03.OZT,.OZT,original/Interface/newui_menu_Bt03.tga,RGBA,38,126,"[1, 255]",0,99,4689,569d1d8941dd053efa6b4dbb2c2895c8350353ae875494b80b47940522872104,3912e9a0b27c42f0539d883a64e40695ae90c6cf18711c7315ebaf9dfdf0e588
src/bin/Data/Interface/newui_menu_Bt04.OZJ,.OZJ,original/Interface/newui_menu_Bt04.jpg,RGB,38,168,"[255, 255]",0,0,6384,2655fbb510b96ba41c8e7066765b2a95a44b7443d9e391ec9152962971f96d74,bbc852f8344e1f81de72bb1faaf4385c9a635c5dec4410429e86e581ec5ada7e
src/bin/Data/Interface/newui_menu_Bt04.OZT,.OZT,original/Interface/newui_menu_Bt04.tga,RGBA,38,126,"[1, 255]",0,99,4689,569d1d8941dd053efa6b4dbb2c2895c8350353ae875494b80b47940522872104,3912e9a0b27c42f0539d883a64e40695ae90c6cf18711c7315ebaf9dfdf0e588
src/bin/Data/Interface/newui_menu_SD.OZJ,.OZJ,original/Interface/newui_menu_SD.jpg,RGB,16,39,"[255, 255]",0,0,624,4ab2adf482df9400bac76ac00806d3aa6e24ff42dfe40b1c66e12d3fa46584af,3f04bb1311e7ca29e730de39b39128188187e0c68fdd01e72d438c92dbf88dc7
src/bin/Data/Interface/newui_menu_blue.OZJ,.OZJ,original/Interface/newui_menu_blue.jpg,RGB,45,39,"[255, 255]",0,0,1755,d5785b6520991e5053e287d9a2a5e8ece959e7966542b0f41e370c83af15a4ca,044007556fb1ae98545471c4ac187b6252143409913bfe771dd34062407f7c2a
src/bin/Data/Interface/newui_menu_green.OZJ,.OZJ,original/Interface/newui_menu_green.jpg,RGB,45,39,"[255, 255]",0,0,1755,18f06e64f8483834228d9dfcb4b1b65bef9241cc501b74645daee1a4805440f9,35545dce580d00eac02149b77f39c758f2e968399934424cbcf041c76d367050
src/bin/Data/Interface/newui_menu_red.OZJ,.OZJ,original/Interface/newui_menu_red.jpg,RGB,45,39,"[255, 255]",0,0,1755,91b6299af1dd0fc277fe4a710c8eb19a3376f0169eb04b874cda83556b2fdb78,fbac847f2bc83d404bf18f6375559a06b6d3bc2bbcb2bbb6900ca0b1db099a91
src/bin/Data/Interface/newui_msgbox_back.OZJ,.OZJ,original/Interface/newui_msgbox_back.jpg,RGB,225,512,"[255, 255]",0,0,115200,8dc9b944a83c14ba9da1a8b8b25d2a0bdbe798071f9db8f0b1aeaf94a7a919c6,1bf1e5ccb759702c7ede830e3fc657edaebb5e5302df535bf71f29c64b536bc0
src/bin/Data/Interface/newui_msgbox_bottom.OZT,.OZT,original/Interface/newui_msgbox_bottom.tga,RGBA,230,50,"[0, 255]",7648,2100,1752,0481f2714917f872f49dc5bd5bed768b6e572005b73d98687cfdaf80d9594dd5,6062ae2d9c03bd63a819b93219c8983b5aadb5b1b7a1c44790f200f0227bf2df
src/bin/Data/Interface/newui_msgbox_middle.OZT,.OZT,original/Interface/newui_msgbox_middle.tga,RGBA,230,15,"[0, 255]",3180,150,120,315194d4d7f136e5375d881c6598a5a7026ffd774d1ce6a7ab9ac822215257ce,c5ef9e91782c646b13c404892ae659ecf5c0441af4c3b74c099c7335fa344620
src/bin/Data/Interface/newui_msgbox_top.OZT,.OZT,original/Interface/newui_msgbox_top.tga,RGBA,230,67,"[0, 255]",9761,1797,3852,5cef55e5c312cfacb4d8dcd503dc947c4e99303cc3e4432cd10af8ece7113961,4e846c7faa2575fd054a7780239b816f85a640406c786bdc2ce75b37b38ba4fa
src/bin/Data/Interface/newui_myquest_Line.OZT,.OZT,original/Interface/newui_myquest_Line.tga,RGBA,188,21,"[0, 255]",2350,934,664,52591f53216299b4444855ac13d6de9f65e81f04bb8e1e727c201c57eba21bd1,b972109c0656ce3c77f1aede4cc78549f9a05ee2126589cdd332d96e493f43c1
src/bin/Data/Interface/newui_non_command.OZJ,.OZJ,original/Interface/newui_non_command.jpg,RGB,256,256,"[255, 255]",0,0,65536,49e6c6e1836a5e000a4505302021e4284a85a39b15590545290b45325903ad9c,941d0b422cbcc3297b51cae53cf80dfc1f095ec9f4d93e2b43f7aea34d308911
src/bin/Data/Interface/newui_non_skill.OZJ,.OZJ,original/Interface/newui_non_skill.jpg,RGB,256,256,"[255, 255]",0,0,65536,fb9f0f7421304eccd79102763ee9eb504d555eef5f74a88806d5d58a915c450b,fc4edfbffd760c8f45a9a8ed21605391c19835b2c0c9d21fa45a06362a54b71b
src/bin/Data/Interface/newui_non_skill2.OZJ,.OZJ,original/Interface/newui_non_skill2.jpg,RGB,256,256,"[255, 255]",0,0,65536,bb8fabc1b57a575e5389490c9f0a1b43d1a5f4d13cf5ff565695f5ed95b1e9f5,2ee44d7b9febde995b4100731808d4fb5a70b6611552814a4f2dcdff75d7ae41
src/bin/Data/Interface/newui_non_skill3.OZJ,.OZJ,original/Interface/newui_non_skill3.jpg,RGB,256,256,"[255, 255]",0,0,65536,769a3d046e841a2fc03e8b1020db32a2f26f0d253799b6c77fe198151c30f962,9a43523017fdc78c2264ecb5c49c1f39b33da0b0356b93948f974db466c396cd
src/bin/Data/Interface/newui_npcshop_btn_repair.OZT,.OZT,original/Interface/newui_npcshop_btn_repair.tga,RGBA,36,58,"[0, 255]",6,318,1764,842a297c0eb98af2f59db03a7b98b13e6b1e3694c129fa125c10f1306974eefe,1d12b1de1ace25841fee193fde31becb9690c55c15ca93a1242ac6e686d5d1eb
src/bin/Data/Interface/newui_number1.OZT,.OZT,original/Interface/newui_number1.tga,RGBA,120,14,"[0, 255]",589,346,745,856d855746f9396ebd5f77ffec70cac8c5281281440b318c3a6bfe43849773f8,84a2de13b964ca19e02f9de4b928392d1b81991cd5c90ee47964410eaf1633fa
src/bin/Data/Interface/newui_number2.OZT,.OZT,original/Interface/newui_number2.tga,RGBA,140,14,"[0, 255]",854,405,701,77c39e811c16789d21750c13129c62da2a7aef42a64ce9ea17be01b61915114b,a37b970e5ad896ff233423f79a357832869522545c411e9280142aedc5143caa
src/bin/Data/Interface/newui_option_back06(L).OZT,.OZT,original/Interface/newui_option_back06(L).tga,RGBA,21,10,"[2, 255]",0,189,21,14749f608eb52d8ebc48cc0441f1bcfa33b00a04f57156d47bb4dbb4f3ce7eba,e35a358c25332f33a5c49397303443928bfa6ba5bc63ca68462146d8e6f98637
src/bin/Data/Interface/newui_option_back06(R).OZT,.OZT,original/Interface/newui_option_back06(R).tga,RGBA,21,10,"[2, 255]",0,189,21,c8f5d6b0f9525d2f6bc355a099aff3f7270bad5f88979170b29a4a509c7aac16,bdde34705676dcbed8df899bf4922ce54b24f57f1301325f223ff4ea0e7ce2c0
src/bin/Data/Interface/newui_option_check.OZT,.OZT,original/Interface/newui_option_check.tga,RGBA,15,30,"[77, 255]",0,112,338,b91a6164dbb3b2f2a664605d1b7b2090d8a46206f3dd430747771d03d73178c4,8fb5276b7ab70ee47f90f1e4e2c26fa5633c6d42473121ab7ca9bd48718f5036
src/bin/Data/Interface/newui_option_effect03.OZT,.OZT,original/Interface/newui_option_effect03.tga,RGBA,141,29,"[77, 255]",0,336,3753,0094304ca4c2550fb8cd432bb666996f25142258a963e006012256e56dd0edd8,7aca99c31af14a64276c7677e68ade84d1e61952aec4c7b9c44376a98653d576
src/bin/Data/Interface/newui_option_effect04.OZT,.OZT,original/Interface/newui_option_effect04.tga,RGBA,141,29,"[77, 255]",0,336,3753,5881c7a8f66870a05cafea5045396ab8929571499ef412a0e8ea3da8c047daa4,76301cba973e1fd7d4197ffb779b137e9191743313d9cd85027c0520841899a3
src/bin/Data/Interface/newui_option_line.OZJ,.OZJ,original/Interface/newui_option_line.jpg,RGB,154,2,"[255, 255]",0,0,308,764487d70b0ac3fdea1b4f301968057efdffc979bce2764c0480918bbccae1c9,f6b93ac41e1f64bd1bbc966839c7e5462b30920041341cd7e4977a97b5cdf3c4
src/bin/Data/Interface/newui_option_point.OZT,.OZT,original/Interface/newui_option_point.tga,RGBA,10,10,"[0, 255]",12,28,60,2a4119caf78135f7085517b509160238862f7983cc3fd986a33aebf353e167a2,dca75016c3c58a043b653aa6a4e0067adc71b4818264368c8cb6871899da020c
src/bin/Data/Interface/newui_option_top.OZT,.OZT,original/Interface/newui_option_top.tga,RGBA,190,64,"[0, 255]",1188,5204,5768,427f5116c601ad0964b8bd076f57718a0826a2b6912a6739265b50a63d752659,6a0b451fca8f35d8aff01448eca43dc99456cbe988cd7d0301f0a5b9581772c1
src/bin/Data/Interface/newui_option_volume01.OZT,.OZT,original/Interface/newui_option_volume01.tga,RGBA,124,16,"[77, 255]",0,276,1708,805f03efa5bef92c3a7154383280077b7e8a37d0fa88cfe405010983c8f99fc1,db9d513a9626aa47cbee91a347a4baae23c1e2fcf3202355ac0fa37ce9428cf7
src/bin/Data/Interface/newui_option_volume02.OZT,.OZT,original/Interface/newui_option_volume02.tga,RGBA,124,16,"[77, 255]",0,276,1708,19ea36fae56fad20aef7bd22bcc5b19801e116092f97e5aff7525d392a7584e2,f4e14445c93645dbca414e90237efd171c9fc00ff9299c28e176a3de0a83dcd4
src/bin/Data/Interface/newui_pcroom.ozt,.ozt,original/Interface/newui_pcroom.tga,RGBA,57,23,"[0, 255]",177,32,1102,81ed45f00bafebf18fd74f761f3c3bfb5cbb50155964f2aeb020d8352ed72a69,d7e1aaa0f389b61f2d979ea32f36d5342dca1e2b031983815f764160ca4fbc89
src/bin/Data/Interface/newui_position02.OZT,.OZT,original/Interface/newui_position02.tga,RGBA,70,25,"[0, 255]",650,100,1000,4679bbd3b862a3d05d3828ddf6ce05b69de7176f00914bfb391f0a399b9d5154,b4427cf72678e04704e8631d07f09bc16a41138facc8b228bb211986a252c5f6
src/bin/Data/Interface/newui_repair_00.OZT,.OZT,original/Interface/newui_repair_00.tga,RGBA,36,58,"[0, 255]",6,319,1763,983be1bda220f226a8945f7d1e3a2ad10f44b12ec834555e2aa5b4483eaf0ab8,39c5ad2d6529f6ef7ed65332938379bcf27030dd2341e1c69a88f30c744d12d8
src/bin/Data/Interface/newui_scroll_off.OZT,.OZT,original/Interface/newui_scroll_off.tga,RGBA,15,30,"[0, 255]",113,103,234,145017920b38807dbd68fc2f7ffe6471ec6ec27aa38118a335bb5e5089792fc2,7b0d73c914fc2a9d7e33f77e3c7e721936a86705151805d61fcf4c592709e492
src/bin/Data/Interface/newui_scroll_on.OZT,.OZT,original/Interface/newui_scroll_on.tga,RGBA,15,30,"[0, 255]",113,103,234,8125047a519e92efca90ae54335b1d04468720fe3657d43bec4c1cdde828cb01,6e88dbde652dca73d2c89ef1dcab125a9cc91d794714cf438844c37b189cafe9
src/bin/Data/Interface/newui_scrollbar_down.OZT,.OZT,original/Interface/newui_scrollbar_down.tga,RGBA,7,3,"[107, 255]",0,8,13,bca506fda960b07f57f3965019c79f6d9212ea7d31bd869b300e7d9507463b8b,e23a98ec61ca1e2cfdb3f4737aa7c941804db93fbc09c0a8328f7e4591aef576
src/bin/Data/Interface/newui_scrollbar_m.OZT,.OZT,original/Interface/newui_scrollbar_m.tga,RGBA,7,15,"[255, 255]",0,0,105,85304e2cc5dd30c89d8fce566d3f5c66dde569053802a4df599bfb2d15e1250c,906189b216841136c8508dfac7f507b4ee8e956018c53cf2e1a62e260c31ae4c
src/bin/Data/Interface/newui_scrollbar_up.OZT,.OZT,original/Interface/newui_scrollbar_up.tga,RGBA,7,3,"[107, 255]",0,8,13,aef10b692818bcf315532210430c27e2f090638a73b0d5ee24e4728a59154ed5,3804101f5f6f32ff8dab354a954e562065e68e382dd9d73bd38c0a6aee4e5fd9
src/bin/Data/Interface/newui_separate_Line.OZJ,.OZJ,original/Interface/newui_separate_Line.jpg,RGB,205,2,"[255, 255]",0,0,410,d112093c66622fa4dbf92a27df62e632971022ee41a657f62a2d4ca1744cf632,1a5c01bff0007d108b0f9a9fe8c96cb6c20ed27ae4e6118ca6e32dbf9cdf818d
src/bin/Data/Interface/newui_skill.OZJ,.OZJ,original/Interface/newui_skill.jpg,RGB,256,256,"[255, 255]",0,0,65536,f0ffc9cd08ffe38928d9cfafed53f110716338c45b01d0851d33855e71aa47bc,8142d105fb2b0d696bf72a337afebf89d3c5af5dad71218cb2eb9dc611eb48c1
src/bin/Data/Interface/newui_skill2.OZJ,.OZJ,original/Interface/newui_skill2.jpg,RGB,256,256,"[255, 255]",0,0,65536,c5276c194d21165018ad395c407d09af03483f4cca080b95c5631717d1d57306,5b85df1cdd5019bb9eb451578d8b06295b92d8107948c87796b745d5325096a1
src/bin/Data/Interface/newui_skill3.OZJ,.OZJ,original/Interface/newui_skill3.jpg,RGB,256,256,"[255, 255]",0,0,65536,3683e9f55974f27c3b490ee9a461f3df3c3ccaacbe0bb3a57d1045a24ef529a9,aca48aa5d805d9658739d31f18759e78e9b243d106359b7d2b91fe4e2b528813
src/bin/Data/Interface/newui_skillbox.OZJ,.OZJ,original/Interface/newui_skillbox.jpg,RGB,32,38,"[255, 255]",0,0,1216,e11e04e42a174f1cf143f3f79039b986628ed1007e8532eae40cfad4197f943e,b900155969f92739a0e34f7810a1e6ecc2fb457f97ec1a68604b3c7c66588fe7
src/bin/Data/Interface/newui_skillbox2.OZJ,.OZJ,original/Interface/newui_skillbox2.jpg,RGB,32,38,"[255, 255]",0,0,1216,b4ef63fad84c1ed30fa83fa46838fed4c1c5faf7d3cdd0ca6978f0b4840125b5,bbb6792040661080b69c402c93e0d1c7017b91abf82aff22e859269139e34bd5
src/bin/Data/Interface/newui_statusicon.OZJ,.OZJ,original/Interface/newui_statusicon.jpg,RGB,200,224,"[255, 255]",0,0,44800,b974d845441ea52b772102cf6327abc2b53230fbae234ef7da61515ef81a26ed,71e8e2d66adc7076afd70609313ac6bc457a8f620a75a7b88be9f384e91f5f1f
src/bin/Data/Interface/newui_statusicon2.OZJ,.OZJ,original/Interface/newui_statusicon2.jpg,RGB,200,224,"[255, 255]",0,0,44800,2beefa1d798ffe8db74e1996cfdb0b2e876b8b8ab41629d4f612be8d57905ae0,e7b0be6bfd4e05b05518abc07fd8f273798b5dc80daf1b9654c9fa9cce20c08c
src/bin/Data/Interface/newui_statusicon3.OZJ,.OZJ,original/Interface/newui_statusicon3.jpg,RGB,200,224,"[255, 255]",0,0,44800,a2751afe68582d86c2267de48f1a04abc93b13e83bcf7042f3faadb5aad59219,e1113431ceff785485f0a899ffa8777ff524dbc9ab152e9477e4aa62b61bf7e9
src/bin/Data/Interface/nis_back.OZJ,.OZJ,original/Interface/nis_back.jpg,RGB,13,1,"[255, 255]",0,0,13,586f302a2267db5dba7046cd1c50a200507d3d119e154e74f9e421d2fc5b221d,0c99c4420e52ff74fec9d03dfb180c5a114c6f56c00bfbc04585269676152752
src/bin/Data/Interface/nis_btnend.OZJ,.OZJ,original/Interface/nis_btnend.jpg,RGB,10,10,"[255, 255]",0,0,100,78036aa914974bbed5a7f0d8fb2cb6519ab1b97b4942cfec6fe260eebf057bbd,69c0eeb0612e771df1ced969b66c94166f5bc7cd5cc101246e850fcd32995b85
src/bin/Data/Interface/nis_btnmax.OZJ,.OZJ,original/Interface/nis_btnmax.jpg,RGB,10,10,"[255, 255]",0,0,100,b5a6c68578e51b509040b5c797f923472c27f32e278678afb3355c5a32560726,73486de7eadf2cc231257228d4eef72c50d1bcb6a779edaab5486aaa78a1e32e
src/bin/Data/Interface/nis_btnmin.OZJ,.OZJ,original/Interface/nis_btnmin.jpg,RGB,10,10,"[255, 255]",0,0,100,15723f59759f585e8907da2eec00bc02f95d68d6968c4b72f2d7a29ff7a3a193,562c28475f95d00f9e95380802359957ff286e7a6f055b39ddfea28d3ead7e39
src/bin/Data/Interface/nis_hframe.OZJ,.OZJ,original/Interface/nis_hframe.jpg,RGB,256,5,"[255, 255]",0,0,1280,b9f62c7e5c2fdcedd0092eb2bb4436fa02d7541415f233b1eae544a6035e3c39,cf73cfe399a5efb3b33a02a4b9d6b45a9bc51b8626d3c7e3163ed426b60cb108
src/bin/Data/Interface/nis_rsframe.OZJ,.OZJ,original/Interface/nis_rsframe.jpg,RGB,32,16,"[255, 255]",0,0,512,db5c46b8ed9de479ce6fcd4207e35943dba36aeacfe0fb94970cddde31ad0fc6,1867c5b524625ed2f6c97d89233c718aec92e4a3a11c7ca08ede6662fa787812
src/bin/Data/Interface/non_command.OZJ,.OZJ,original/Interface/non_command.jpg,RGB,256,256,"[255, 255]",0,0,65536,e5dbbbba6ca782566cf790dcf15aee713512852e9791f74d3c9dec3822d40317,f7a05dbd37f0d8008c2bc01fa55f95f5d4c7346c542ca983e748b52ba7670710
src/bin/Data/Interface/noria.OZT,.OZT,original/Interface/noria.tga,RGBA,166,90,"[0, 255]",9758,1528,3654,3e5cae9259bb9672dec3df4eeabbd77bc59ed49d65ad0511e74cc9a2ecba6f93,5e984267150a56830652a098f342cd779c9e48c4a901fac7e39f97a2567dcec7
src/bin/Data/Interface/ok.OZJ,.OZJ,original/Interface/ok.jpg,RGB,70,21,"[255, 255]",0,0,1470,2d4e12785316451601a4ea5f3e08ae6d998475fd451367f4db8572dc1a57acdc,32edde9463f83234f6902feb390215b58b2a147c51f0549d0e097a4ad4cc1ecf
src/bin/Data/Interface/ok2.OZJ,.OZJ,original/Interface/ok2.jpg,RGB,70,21,"[255, 255]",0,0,1470,0634602d22f078d6c58c6b42e055aa1e2e06a8a709a4d08b509cd5bffc19c1ba,aaedf3c2bf49c38ae8c4c9dcd1c9bc513046df9075faab9a1d24dc4806eceb30
src/bin/Data/Interface/op1_b_all.OZT,.OZT,original/Interface/op1_b_all.tga,RGBA,108,120,"[0, 255]",11,61,12888,64e6b96ddef005e735add10ab500d2e55fa54dfb128ca58094f890dcbf968635,495dadab971c046ee80baec13d3e9efbd02716ad60db11991969624f28946017
src/bin/Data/Interface/op1_back1.OZT,.OZT,original/Interface/op1_back1.tga,RGBA,213,64,"[0, 255]",8383,2207,3042,a5b7f37e8198d01e189424e76c5ecf18b67cabd7152c5f447ff3fa9f4ced5e04,44a1cb7b6a614bb45ca12ee30623d0a6c9673e41660ebfb691c270c5997c95d3
src/bin/Data/Interface/op1_back2.OZT,.OZT,original/Interface/op1_back2.tga,RGBA,213,43,"[0, 255]",6650,1312,1197,011c448882ddb4399576f179d42f65b292f028883bb6e3c78454214bcb9560a5,842775ef54f757e750d2318792a7e531dd4da776cce6f1e1290cb5c831c1a736
src/bin/Data/Interface/op1_back3.OZJ,.OZJ,original/Interface/op1_back3.jpg,RGB,5,8,"[255, 255]",0,0,40,c99637c377e8e4a2158cf0ed81bcfa02b065b9cf72b7ceecf402928783e6028d,454da0ba836f0ca44cb07220333a6f2017cafc0fde3b1217128928174d0220ce
src/bin/Data/Interface/op1_back4.OZJ,.OZJ,original/Interface/op1_back4.jpg,RGB,5,8,"[255, 255]",0,0,40,be6d634582a0daba1bf6a46a9f51caee8e2eead15fcfc8de4ce440dd8489e801,f34853ff3a06477a321d160834600301915882ac9779ca75cb70be7964a3d76b
src/bin/Data/Interface/op1_stone.OZJ,.OZJ,original/Interface/op1_stone.jpg,RGB,128,128,"[255, 255]",0,0,16384,7d074e4014d85b4c9f91e271efe49dde054a423fa7a26216fef41cb5f836aa97,9bc6d69430ecb239b92d06fcffe63cab0fbb105e0975f134086b15799b851f72
src/bin/Data/Interface/op2_back1.OZT,.OZT,original/Interface/op2_back1.tga,RGBA,213,65,"[0, 255]",6372,912,6561,ffec2f5a5209e7592b5ea8765add125736bd0252c26dfcd6ad2e01a2fc004c72,e443a7660a9bf3a29675f6a645ff3ba4c4527f3f19c696003adb41fbc73bb5ca
src/bin/Data/Interface/op2_ch.OZT,.OZT,original/Interface/op2_ch.tga,RGBA,16,32,"[0, 255]",24,2,486,5e97b86d3490dd1b7918cc836e75b1ffc3ba85b3669b14c7e1596c3a6622ad86,25fe49f7b4bb6af19836b60c6a965381002a95b7f9ce821899cc6e5ff67c5570
src/bin/Data/Interface/op2_volume1.OZT,.OZT,original/Interface/op2_volume1.tga,RGBA,98,13,"[0, 255]",12,0,1262,22cdda81e536f052fd718953e6b7357c065aa64fc318f2153b3a35be004c8187,cb5354724c5bbd5ef30a5e64c3b37876b79d73d25e66de95a5fb5490a1c0c6dc
src/bin/Data/Interface/op2_volume2.OZJ,.OZJ,original/Interface/op2_volume2.jpg,RGB,4,7,"[255, 255]",0,0,28,7306f735ac7ac7c8b083aa59f883f10f9cc3a52675d040ef7ac500d505aab085,fc3ef914fce254667291aa7abed5b1dd12e5bb90fe31383c92cd06c1a06f6aca
src/bin/Data/Interface/op2_volume3.OZT,.OZT,original/Interface/op2_volume3.tga,RGBA,13,13,"[0, 255]",8,39,122,4f7237998e1e7dbea2b0c3adfc8b3c9f3982cb4a92bb4d8524706cb73ac0561f,65169d4b325dce54df3fe4635505a439418d60e96c07cf06010f6812e2ae32ed
src/bin/Data/Interface/ordeal.OZT,.OZT,original/Interface/ordeal.tga,RGBA,166,90,"[0, 255]",8382,1906,4652,8c37919e1cccaad353f5f7bac6d9deffac09c9458b07258d66c5f8513028aee7,a54c02a22f05ea0aacfc2aaee76fc0eb422bb1fa190e13a5224cfb234b4ba1f8
src/bin/Data/Interface/partCharge1/LeftBt/deco0.ozt,.ozt,original/Interface/partCharge1/LeftBt/deco0.tga,RGBA,58,70,"[0, 255]",2493,958,609,bd9386fdbaa97aa01fd5823989ddd74f9d1bbe4186f44554cecda22134836ab4,ab9f06447b476d7ae7b06b777e5ebd9ba4d8f8b2abbfa498071066b8e307fe40
src/bin/Data/Interface/partCharge1/LeftBt/deco1.ozt,.ozt,original/Interface/partCharge1/LeftBt/deco1.tga,RGBA,4,4,"[255, 255]",0,0,16,b6cb577a6b1e90e0f303e920e81581ef552a488d5973a7693606b07ac9f2dd31,be0833919d28dd1d54cc72d23ab8f0661ae3c8b88a215ae158feea180c757186
src/bin/Data/Interface/partCharge1/LeftBt/deco2.ozt,.ozt,original/Interface/partCharge1/LeftBt/deco2.tga,RGBA,4,4,"[255, 255]",0,0,16,b6cb577a6b1e90e0f303e920e81581ef552a488d5973a7693606b07ac9f2dd31,be0833919d28dd1d54cc72d23ab8f0661ae3c8b88a215ae158feea180c757186
src/bin/Data/Interface/partCharge1/LeftBt/deco3.ozt,.ozt,original/Interface/partCharge1/LeftBt/deco3.tga,RGBA,4,4,"[255, 255]",0,0,16,b6cb577a6b1e90e0f303e920e81581ef552a488d5973a7693606b07ac9f2dd31,be0833919d28dd1d54cc72d23ab8f0661ae3c8b88a215ae158feea180c757186
src/bin/Data/Interface/partCharge1/LeftBt/deco4.ozt,.ozt,original/Interface/partCharge1/LeftBt/deco4.tga,RGBA,58,125,"[0, 255]",5109,1333,808,4bd0604ec67c1d6bb0ace0a1f2e3d9a765ec7397b6e7cb4ea90c1702382c2407,c488a7cc3a1eb058666db44856356d8f983b163f355968e3921f9a1e543173f0
src/bin/Data/Interface/partCharge1/LeftBt/leftmenubt0.ozt,.ozt,original/Interface/partCharge1/LeftBt/leftmenubt0.tga,RGBA,88,30,"[0, 255]",4,379,2257,8aed912bb236b1e8bee3da6d140f088a6753fd5dc78c74dcffbb969f6ef45607,59ad25f00b4068396df7aa13a27f40a2bfb22587965e92462ce5e0604e6ec97a
src/bin/Data/Interface/partCharge1/LeftBt/leftmenubt1.ozt,.ozt,original/Interface/partCharge1/LeftBt/leftmenubt1.tga,RGBA,88,30,"[0, 255]",4,379,2257,2759975e42aecc0ffbbabfbab5d197c7adb1317ca24aea528bc3691412e2feb8,748976f1a0fea11ea906eb969ccf4fddd5f43898bac0cd38ec371ebecd78ac75
src/bin/Data/Interface/partCharge1/LeftBt/topmenutabbt0.ozt,.ozt,original/Interface/partCharge1/LeftBt/topmenutabbt0.tga,RGBA,86,33,"[0, 255]",1058,164,1616,320bf1849d5bbb9d4d7de76eddc0211a9c2fe82ded6bbc27d67b88b6f18ef48b,514a46d293f8580b39ad5b5bb600247507eb9e2bee6269491975f82c783a8e3b
src/bin/Data/Interface/partCharge1/LeftBt/topmenutabbt1.ozt,.ozt,original/Interface/partCharge1/LeftBt/topmenutabbt1.tga,RGBA,86,33,"[0, 255]",1058,164,1616,eb1b526927e5ed1221b78934539ad0a6147ac2d473268fb3d2df95201152becb,2e608a7f6b7693fe55b69740f53c7b9fdfd69beec80dc16ad4a9bb2bd1981a48
src/bin/Data/Interface/partCharge1/MainBackPanel/backpanel0.ozt,.ozt,original/Interface/partCharge1/MainBackPanel/backpanel0.tga,RGBA,256,256,"[0, 255]",9472,0,56064,977b913e8ffaa6bfd68299d19f46b69e23547520e8ae2040c55b093eb29d2e57,526533f691e51ae8cd5499816ded3821afec8e5b4c68a242bb3f8a3be9d3f7c3
src/bin/Data/Interface/partCharge1/MainBackPanel/backpanel0.tga,.tga,original/Interface/partCharge1/MainBackPanel/backpanel0.tga,RGBA,256,256,"[0, 255]",9472,0,56064,cc34704092e451626102d90e0d17685f3297bd3eae1b93b723c9d34174bdcf29,526533f691e51ae8cd5499816ded3821afec8e5b4c68a242bb3f8a3be9d3f7c3
src/bin/Data/Interface/partCharge1/MainBackPanel/backpanel1.ozt,.ozt,original/Interface/partCharge1/MainBackPanel/backpanel1.tga,RGBA,256,256,"[0, 255]",9472,0,56064,51bd92c3592e4dc1e130f944c87b25713c83a5b2441668f89f627561c75db5ca,1086c608a3be093e7d5a9a38fb6f5c1cad3aae686f705c84fc942b95fa4c64eb
src/bin/Data/Interface/partCharge1/MainBackPanel/backpanel1.tga,.tga,original/Interface/partCharge1/MainBackPanel/backpanel1.tga,RGBA,256,256,"[0, 255]",9472,0,56064,b224c6e66a21fc2aab4550ab182befbd0933ba8611245d803c4d163ad344e409,1086c608a3be093e7d5a9a38fb6f5c1cad3aae686f705c84fc942b95fa4c64eb
src/bin/Data/Interface/partCharge1/MainBackPanel/backpanel10.ozt,.ozt,original/Interface/partCharge1/MainBackPanel/backpanel10.tga,RGBA,256,256,"[0, 255]",18432,0,47104,01fab074ad00b5b10fc0067b5576e35733670e437200acc36baad10c9c5e4587,849d6181fe51a1a9923d6251961ecb3b2e54fbd53888cf1c739d773e1207c4e2
src/bin/Data/Interface/partCharge1/MainBackPanel/backpanel10.tga,.tga,original/Interface/partCharge1/MainBackPanel/backpanel10.tga,RGBA,256,256,"[0, 255]",18432,0,47104,8f58644223e09ad556961070b83aef00c4edd0ffbbd90f4ce76b6db949706f62,849d6181fe51a1a9923d6251961ecb3b2e54fbd53888cf1c739d773e1207c4e2
src/bin/Data/Interface/partCharge1/MainBackPanel/backpanel11.ozt,.ozt,original/Interface/partCharge1/MainBackPanel/backpanel11.tga,RGBA,256,256,"[0, 255]",18432,0,47104,75f97e4972aeba1418b5cd787b87894545c61a901239f2ed4cc80b80cb3bf7bb,b01571f6c1ff9b77577097ab777befd6ca0d872d7fcbf732a90cfd6483e4eea5
src/bin/Data/Interface/partCharge1/MainBackPanel/backpanel11.tga,.tga,original/Interface/partCharge1/MainBackPanel/backpanel11.tga,RGBA,256,256,"[0, 255]",18432,0,47104,dc60d24bad574699eb1fb191b6fe937b9d5252b5cf0d673a26e6e9752a4e03ba,b01571f6c1ff9b77577097ab777befd6ca0d872d7fcbf732a90cfd6483e4eea5
src/bin/Data/Interface/partCharge1/MainBackPanel/backpanel12.ozt,.ozt,original/Interface/partCharge1/MainBackPanel/backpanel12.tga,RGBA,256,256,"[0, 255]",18432,0,47104,2a868978beff57907c751a44a781d7c89ff54cf2d0bcea12b596576a6cbc42d0,44e4f8e414553367985781c20f34e83a27061417d077252c2f8bc473de3aa613
src/bin/Data/Interface/partCharge1/MainBackPanel/backpanel12.tga,.tga,original/Interface/partCharge1/MainBackPanel/backpanel12.tga,RGBA,256,256,"[0, 255]",18432,0,47104,8653ca539b24e5ceb06f16b17cbdda4ab2161273995c725788e12f6b3e7b8df0,44e4f8e414553367985781c20f34e83a27061417d077252c2f8bc473de3aa613
src/bin/Data/Interface/partCharge1/MainBackPanel/backpanel13.ozt,.ozt,original/Interface/partCharge1/MainBackPanel/backpanel13.tga,RGBA,256,256,"[0, 255]",18432,0,47104,5c1047e087fd3158f1ae306d3d0d6a988f2bf4a0f2b4add1f5ae3df71f2cfce2,9ab4c4cab4b553eb9b9d399ed8c5cd720b8f776380dc1109f34adc97d63fae8f
src/bin/Data/Interface/partCharge1/MainBackPanel/backpanel13.tga,.tga,original/Interface/partCharge1/MainBackPanel/backpanel13.tga,RGBA,256,256,"[0, 255]",18432,0,47104,2b5640eba185c5130b1b7dbec2fdad56c6a73d7f096ec5e394736d3b7ac812ac,9ab4c4cab4b553eb9b9d399ed8c5cd720b8f776380dc1109f34adc97d63fae8f
src/bin/Data/Interface/partCharge1/MainBackPanel/backpanel2.ozt,.ozt,original/Interface/partCharge1/MainBackPanel/backpanel2.tga,RGBA,256,256,"[0, 255]",9472,0,56064,a29ccb7c08adf1f9596eab15b6c962eb29b6b631a99e2a78e2959280a84c38c7,bdc40a7bff6381dcf12bc0faebb6a5ca0fd4c1818abcdc5a1e9b2bc68533fa9a
src/bin/Data/Interface/partCharge1/MainBackPanel/backpanel2.tga,.tga,original/Interface/partCharge1/MainBackPanel/backpanel2.tga,RGBA,256,256,"[0, 255]",9472,0,56064,990d200cc3f6bf87b642230241f6ede4c40a01dd251ccb9b74acad99075c37b5,bdc40a7bff6381dcf12bc0faebb6a5ca0fd4c1818abcdc5a1e9b2bc68533fa9a
src/bin/Data/Interface/partCharge1/MainBackPanel/backpanel3.ozt,.ozt,original/Interface/partCharge1/MainBackPanel/backpanel3.tga,RGBA,256,256,"[0, 255]",9472,0,56064,b02914b6fb06d7efdd4fce3873076f7d05cad5dd617ce204dff410fe4d8c1e54,06c379ccc82c3f0866c73636376694e56b9b74fae36204f2c749ee1e247b11d9
src/bin/Data/Interface/partCharge1/MainBackPanel/backpanel3.tga,.tga,original/Interface/partCharge1/MainBackPanel/backpanel3.tga,RGBA,256,256,"[0, 255]",9472,0,56064,448d648fe89a4f78e9546e0dbf06332a683b84c641cc880fe2c80fee120a31e5,06c379ccc82c3f0866c73636376694e56b9b74fae36204f2c749ee1e247b11d9
src/bin/Data/Interface/partCharge1/MainBackPanel/backpanel4.ozt,.ozt,original/Interface/partCharge1/MainBackPanel/backpanel4.tga,RGBA,256,256,"[0, 255]",9472,0,56064,9457b3067d8495aac319719c41f529dc3eeaee1e7c3c6e992d65f9d27a9276d7,253991f04bcb1ab4db6c051e699e5a1859103b1e3d9509a80c2220d1c7b5837c
src/bin/Data/Interface/partCharge1/MainBackPanel/backpanel4.tga,.tga,original/Interface/partCharge1/MainBackPanel/backpanel4.tga,RGBA,256,256,"[0, 255]",9472,0,56064,a03a3c2b633253887f1264945d89331a5e52ab51b6600a89db0751518cbabdc8,253991f04bcb1ab4db6c051e699e5a1859103b1e3d9509a80c2220d1c7b5837c
src/bin/Data/Interface/partCharge1/MainBackPanel/backpanel5.ozt,.ozt,original/Interface/partCharge1/MainBackPanel/backpanel5.tga,RGBA,256,256,"[255, 255]",0,0,65536,6a3c605884fc4efbd9e73c97fbcce08e10c158bd1bb38ace0522d7eb47fa166d,7f885bcdaf52d7fe7c742cb730f01c328a55582b4840ca458b50a2d7dfedede5
src/bin/Data/Interface/partCharge1/MainBackPanel/backpanel5.tga,.tga,original/Interface/partCharge1/MainBackPanel/backpanel5.tga,RGBA,256,256,"[255, 255]",0,0,65536,2b7b51f9b6ff0122298d505a3d3d37030bfdf9313e3d968e5611fb14017ed992,7f885bcdaf52d7fe7c742cb730f01c328a55582b4840ca458b50a2d7dfedede5
src/bin/Data/Interface/partCharge1/MainBackPanel/backpanel6.ozt,.ozt,original/Interface/partCharge1/MainBackPanel/backpanel6.tga,RGBA,256,256,"[255, 255]",0,0,65536,e6525abf6c528c9558a8e70dd7f76c7ea4a37337c8073a0a21d7169935bdcd59,b0db59ce72a3576c1738bc52569616b80016fc805ffd3a57a578e6824420f8e1
src/bin/Data/Interface/partCharge1/MainBackPanel/backpanel6.tga,.tga,original/Interface/partCharge1/MainBackPanel/backpanel6.tga,RGBA,256,256,"[255, 255]",0,0,65536,e4445bf7b54ed3617af6e507b28d0eb03be2828f449b7fce6073886f5ff380b3,b0db59ce72a3576c1738bc52569616b80016fc805ffd3a57a578e6824420f8e1
src/bin/Data/Interface/partCharge1/MainBackPanel/backpanel7.ozt,.ozt,original/Interface/partCharge1/MainBackPanel/backpanel7.tga,RGBA,256,256,"[255, 255]",0,0,65536,15461faee6254d8808a9a622a29c62a5cb63526966a54e9d1f1362671dcae505,9d5d23f2692992eb008c67cc3a4bdb77609fdb321ce51151b946b6772a9f17af
src/bin/Data/Interface/partCharge1/MainBackPanel/backpanel7.tga,.tga,original/Interface/partCharge1/MainBackPanel/backpanel7.tga,RGBA,256,256,"[255, 255]",0,0,65536,a065760af2b842890613ee6af9b89a6dafd5d59f78312765a406992f850fd51a,9d5d23f2692992eb008c67cc3a4bdb77609fdb321ce51151b946b6772a9f17af
src/bin/Data/Interface/partCharge1/MainBackPanel/backpanel8.ozt,.ozt,original/Interface/partCharge1/MainBackPanel/backpanel8.tga,RGBA,256,256,"[255, 255]",0,0,65536,3dc52df80c6a170b744a0874f3a145d93ac97361dd88b3a0210b96504be3c397,767c0af806b047c690276de984ef70899daab2795c982e023d4ca0550c33a31c
src/bin/Data/Interface/partCharge1/MainBackPanel/backpanel8.tga,.tga,original/Interface/partCharge1/MainBackPanel/backpanel8.tga,RGBA,256,256,"[255, 255]",0,0,65536,54aa5466a9b75d6ed9e74fff2ebd932874f92ad54022a0a9de78b91424c6cffa,767c0af806b047c690276de984ef70899daab2795c982e023d4ca0550c33a31c
src/bin/Data/Interface/partCharge1/MainBackPanel/backpanel9.ozt,.ozt,original/Interface/partCharge1/MainBackPanel/backpanel9.tga,RGBA,256,256,"[0, 255]",18432,0,47104,5ad631d3e58aef5c5da10aac5e4ded7bb672912c9884d3d59d968da4f393cef8,f48210660228116d096befd9c8b83c8f5bf2fa48a9d033e8a42572cbf282b7f9
src/bin/Data/Interface/partCharge1/MainBackPanel/backpanel9.tga,.tga,original/Interface/partCharge1/MainBackPanel/backpanel9.tga,RGBA,256,256,"[0, 255]",18432,0,47104,2d25072adadc73418a94c1512b9ef47e6b44506038ef973a03c7acaf9c4bccab,f48210660228116d096befd9c8b83c8f5bf2fa48a9d033e8a42572cbf282b7f9
src/bin/Data/Interface/partCharge1/RightBt/inventorypanel0.ozt,.ozt,original/Interface/partCharge1/RightBt/inventorypanel0.tga,RGBA,22,22,"[255, 255]",0,0,484,bfeed67ed7586c3dea63fff7880c3166ad4298527ea8e378f238ee93f12bcbc7,b80a5d39ae257be2fe2719dbee8d82be9aab2d4bdb156ff6c08c2f9dee716022
src/bin/Data/Interface/partCharge1/RightBt/inventorypanel1.ozt,.ozt,original/Interface/partCharge1/RightBt/inventorypanel1.tga,RGBA,22,22,"[255, 255]",0,0,484,3f36162bc4207fb6b95896841c0bfa33ce93e157cfe8c41f0746703a6eb22467,7f09248d348861b5205b0716160348538d4409c548692617f8652479dcc4db89
src/bin/Data/Interface/partCharge1/RightBt/return0.ozt,.ozt,original/Interface/partCharge1/RightBt/return0.tga,RGBA,34,30,"[0, 255]",4,236,780,aa32d1a785b7a5b016ff0986d07fc96127fd169f4125675df01f492f27f722ed,be69a65f1b620617d701bfad0fdd16e6556040a50799f966160033bea930fa97
src/bin/Data/Interface/partCharge1/RightBt/return1.ozt,.ozt,original/Interface/partCharge1/RightBt/return1.tga,RGBA,34,30,"[0, 255]",4,236,780,2347afa67d528b1a686058196c796874524d157250d45437dc36602bb873eddc,39f84dbd89ca40130f71ec584d154326ba87cf5148ae794757d7c4cc2b6eb088
src/bin/Data/Interface/partCharge1/RightBt/return2.ozt,.ozt,original/Interface/partCharge1/RightBt/return2.tga,RGBA,34,30,"[0, 255]",4,236,780,040e54408912914dad40b00dcea664bafc32be2d0bfb556271b937d909d358fc,907931e96def4811af64b8d5d33a93097ea3221429ca513339af0314e0dda45f
src/bin/Data/Interface/partCharge1/ShopDisplay/buy0.ozt,.ozt,original/Interface/partCharge1/ShopDisplay/buy0.tga,RGBA,72,30,"[0, 255]",4,388,1768,bd5bf0908868424efad9f35a631c28c4cc5cf1381437477f7485113e5dd3a349,9a6539db7a51bb09b5b45e9d9b86120ec08309222bbbefbd20bce2686c37202f
src/bin/Data/Interface/partCharge1/ShopDisplay/buy1.ozt,.ozt,original/Interface/partCharge1/ShopDisplay/buy1.tga,RGBA,72,30,"[0, 255]",4,388,1768,733ed5b45655b435ca633cebbc4ad4da7cc03e1a36bab19a503a91bfee9c823c,d02f27040294526a6f00afe464d9ca3ede7092291e056dd6948df6fb7e80db90
src/bin/Data/Interface/partCharge1/ShopDisplay/buy2.ozt,.ozt,original/Interface/partCharge1/ShopDisplay/buy2.tga,RGBA,72,30,"[0, 255]",4,388,1768,a79ff3f8f1cb39c018db09c07d3385246c69171ed99bf82d33d497673a2d6a6e,09302c94e2461488761d833645a2c6698099e7c82d3745fb17aaf3b1f9370437
src/bin/Data/Interface/partCharge1/ShopDisplay/cash0.ozt,.ozt,original/Interface/partCharge1/ShopDisplay/cash0.tga,RGBA,72,30,"[0, 255]",4,388,1768,bd5bf0908868424efad9f35a631c28c4cc5cf1381437477f7485113e5dd3a349,9a6539db7a51bb09b5b45e9d9b86120ec08309222bbbefbd20bce2686c37202f
src/bin/Data/Interface/partCharge1/ShopDisplay/cash1.ozt,.ozt,original/Interface/partCharge1/ShopDisplay/cash1.tga,RGBA,72,30,"[0, 255]",4,388,1768,733ed5b45655b435ca633cebbc4ad4da7cc03e1a36bab19a503a91bfee9c823c,d02f27040294526a6f00afe464d9ca3ede7092291e056dd6948df6fb7e80db90
src/bin/Data/Interface/partCharge1/ShopDisplay/cash2.ozt,.ozt,original/Interface/partCharge1/ShopDisplay/cash2.tga,RGBA,72,30,"[0, 255]",4,388,1768,a79ff3f8f1cb39c018db09c07d3385246c69171ed99bf82d33d497673a2d6a6e,09302c94e2461488761d833645a2c6698099e7c82d3745fb17aaf3b1f9370437
src/bin/Data/Interface/partCharge1/ShopDisplay/hot.ozt,.ozt,original/Interface/partCharge1/ShopDisplay/hot.tga,RGBA,39,33,"[0, 255]",541,365,381,a17649fe8969b45ab4e9ecd16502037548f915939d6978b033efe5d2754fa1a7,1b5aae6e474fc3274df74c6170fc05fd79d28faf1b881b3d3f49fe212e03331f
src/bin/Data/Interface/partCharge1/ShopDisplay/itembackpanel.ozt,.ozt,original/Interface/partCharge1/ShopDisplay/itembackpanel.tga,RGBA,152,124,"[0, 255]",1038,510,17300,335918a393f35bf5dc5ee34deb2b577232253849957864551f55c3b405700578,823c669300afcade6467817c3c68b500c353ed0eb354d8be6eb17cce9718f33b
src/bin/Data/Interface/partCharge1/ShopDisplay/miniinventorypanel.ozt,.ozt,original/Interface/partCharge1/ShopDisplay/miniinventorypanel.tga,RGBA,4,4,"[255, 255]",0,0,16,59b5ce8a4e7baf2a6bad341f9779bb4fac1ca352de8116b414a272e6a09bf6cd,cb5b24f6cb7e9ff6f26e9e9770db37ecc01aa041ba97b9ebfad082a351d4c4d7
src/bin/Data/Interface/partCharge1/ShopDisplay/new.ozt,.ozt,original/Interface/partCharge1/ShopDisplay/new.tga,RGBA,39,33,"[0, 255]",505,356,426,a43421c596981cd97b4d2f76484066640f6d47626001b3d079cd8a73b110fd6b,621969805602f25b1ce68b85ced8b0c059f31263133bee36202460c49c09d5bf
src/bin/Data/Interface/partCharge1/ShopDisplay/page0.ozt,.ozt,original/Interface/partCharge1/ShopDisplay/page0.tga,RGBA,23,23,"[0, 255]",89,253,187,83ad3086db0e673dc943fd87ba3ebeedfd2939e4e1326c06bff412ba2c549283,af53a93ca6f9abf9e33d06da194188fea3b0a384d1c44ee390ef914210432acb
src/bin/Data/Interface/partCharge1/ShopDisplay/page1.ozt,.ozt,original/Interface/partCharge1/ShopDisplay/page1.tga,RGBA,23,23,"[0, 255]",188,160,181,4f0d2823da66bd3eec6a82f777bd4a597b0069bbd2f4326060ea1e833e876195,816bde18de7b0bbe02345fce68ac9bd10f032cc8a4aef34d1dee63996788139c
src/bin/Data/Interface/partCharge1/ShopDisplay/page2.ozt,.ozt,original/Interface/partCharge1/ShopDisplay/page2.tga,RGBA,23,23,"[0, 255]",193,153,183,c0af2f5c5109d5c0a02b84786a6e201c010a80c9154ef84d4c4532f7cb8e1a96,975d7d63b28fc89e1a0070be741e3e141ac2a609fd2c368896149e9e70c43f44
src/bin/Data/Interface/partCharge1/ShopDisplay/page3.ozt,.ozt,original/Interface/partCharge1/ShopDisplay/page3.tga,RGBA,23,23,"[0, 255]",89,253,187,009f7326dff3d9a139eda4cb58a011443b1c73d3a4d922482db2966e85887213,c4ae0939028ff2f4c38f819a52754263337d824f1afc4504939082906b586a42
src/bin/Data/Interface/partCharge1/ShopDisplay/page4.ozt,.ozt,original/Interface/partCharge1/ShopDisplay/page4.tga,RGBA,23,23,"[0, 255]",188,160,181,1ad2463446e4d066f641f6cd6672ac4236999d52a0af407dadf28cb1e6e4344e,3cd0aae91a1b0d35418226578799080000a1cb86baf6f83bf2f146ba7a797d2b
src/bin/Data/Interface/partCharge1/ShopDisplay/page5.ozt,.ozt,original/Interface/partCharge1/ShopDisplay/page5.tga,RGBA,23,23,"[0, 255]",193,153,183,ddf7442c00d091d555114fa8d89b7b2019fb5dece337f72a0cf4c60aba1e1ab4,630f22dd2e7793563635df08dc47fc546da8b459f6bd07924ec66f8381f1a97b
src/bin/Data/Interface/partCharge1/ShopDisplay/sale.ozt,.ozt,original/Interface/partCharge1/ShopDisplay/sale.tga,RGBA,60,47,"[0, 255]",1464,173,1183,1b34506f791970fac0741f991f063b2ed26372f25abcc8ae59616468e020f083,ebf85827c99b41719ed05577400aebe265b00db071897cba7aeed85d8dbd7220
src/bin/Data/Interface/partCharge1/SubBackPanel/shopback0.ozt,.ozt,original/Interface/partCharge1/SubBackPanel/shopback0.tga,RGBA,256,256,"[255, 255]",0,0,65536,6c6410c5a1f5e27732142cdacbe5c89e2486dc23a897f7be7711d76bd6cca8c7,945f57244e3bad0794ac6349301b3c15e210822395e0467a241fea72eaabdebb
src/bin/Data/Interface/partCharge1/SubBackPanel/shopback0.tga,.tga,original/Interface/partCharge1/SubBackPanel/shopback0.tga,RGBA,256,256,"[255, 255]",0,0,65536,f69756b2da534d722eb2c559415d516698640df74ba0cbb3fd05e0190678d2c8,945f57244e3bad0794ac6349301b3c15e210822395e0467a241fea72eaabdebb
src/bin/Data/Interface/partCharge1/SubBackPanel/shopback1.ozt,.ozt,original/Interface/partCharge1/SubBackPanel/shopback1.tga,RGBA,256,256,"[255, 255]",0,0,65536,1c5bca779c3fa2d521900eb12ec1333bad8aba28be9c9bd0a63afa359e5ac4d3,43860b01001415066184d9df9b6a2eb365e464d543439ab24239e1ca7b7f9f7f
src/bin/Data/Interface/partCharge1/SubBackPanel/shopback1.tga,.tga,original/Interface/partCharge1/SubBackPanel/shopback1.tga,RGBA,256,256,"[255, 255]",0,0,65536,5942675704929597c6c5c7330393dc6071d630effff4e07dd54a0b10e2223e87,43860b01001415066184d9df9b6a2eb365e464d543439ab24239e1ca7b7f9f7f
src/bin/Data/Interface/partCharge1/SubBackPanel/shopback2.ozt,.ozt,original/Interface/partCharge1/SubBackPanel/shopback2.tga,RGBA,256,256,"[255, 255]",0,0,65536,1e2a89b701d0236b3cc9b0d63849a85bfe36d312bf0197a9b0b341f7f2072054,f98cad1452e5ce38130056622f3e2722b421cdd697c5ec5e43e52610e17e2890
src/bin/Data/Interface/partCharge1/SubBackPanel/shopback2.tga,.tga,original/Interface/partCharge1/SubBackPanel/shopback2.tga,RGBA,256,256,"[255, 255]",0,0,65536,097e70ffd1b0e06affc5f7d7a920e7c3744bf1131ba4ccce784bf89cd1a2f863,f98cad1452e5ce38130056622f3e2722b421cdd697c5ec5e43e52610e17e2890
src/bin/Data/Interface/partCharge1/SubBackPanel/shopback3.ozt,.ozt,original/Interface/partCharge1/SubBackPanel/shopback3.tga,RGBA,256,256,"[255, 255]",0,0,65536,59ca35a11cf39a61e7a9b353519f5b3b7350244927c1819ec004c20e9684fb8d,a2487e0e1dffaed34fb5c510ae1c39d0acf3a9b95b20e3b3909d19651713816c
src/bin/Data/Interface/partCharge1/SubBackPanel/shopback3.tga,.tga,original/Interface/partCharge1/SubBackPanel/shopback3.tga,RGBA,256,256,"[255, 255]",0,0,65536,18ff411006019519d8d41fc434c51b8aa0fc35f9513fb6f30518faf5bf72ba81,a2487e0e1dffaed34fb5c510ae1c39d0acf3a9b95b20e3b3909d19651713816c
src/bin/Data/Interface/partCharge1/SubBackPanel/shopback4.ozt,.ozt,original/Interface/partCharge1/SubBackPanel/shopback4.tga,RGBA,256,256,"[0, 255]",22528,0,43008,6e25c76ab576be35c08e2fec7e6eb3bea1d53a554f46061d38405fc814afacbe,6fe8ebccc5a45d7ec2c857e88dd8862614131eb46d03d2567e5856fd93d1de59
src/bin/Data/Interface/partCharge1/SubBackPanel/shopback4.tga,.tga,original/Interface/partCharge1/SubBackPanel/shopback4.tga,RGBA,256,256,"[0, 255]",22528,0,43008,21600ebb3f077c79fd5b687ac8236e2a9e69b1653b7a15b1623bae8349cfb1d3,6fe8ebccc5a45d7ec2c857e88dd8862614131eb46d03d2567e5856fd93d1de59
src/bin/Data/Interface/partCharge1/SubBackPanel/shopback5.ozt,.ozt,original/Interface/partCharge1/SubBackPanel/shopback5.tga,RGBA,256,256,"[0, 255]",43136,0,22400,eb60e310dd430181f8b9818866979cd2d49c7e3e0c63007910bf4fbdd23ef374,7531d422235b9af457040658564ecc6d3bc1a8c187bfbb37cee0c9b7dc550ade
src/bin/Data/Interface/partCharge1/SubBackPanel/shopback5.tga,.tga,original/Interface/partCharge1/SubBackPanel/shopback5.tga,RGBA,256,256,"[0, 255]",43136,0,22400,c3b951ba3c0801458d70af6606e08aec53e2f08625aa80b4c10b80915d487098,7531d422235b9af457040658564ecc6d3bc1a8c187bfbb37cee0c9b7dc550ade
src/bin/Data/Interface/partCharge1/SubBackPanel/shopback6.ozt,.ozt,original/Interface/partCharge1/SubBackPanel/shopback6.tga,RGBA,256,256,"[0, 255]",13312,0,52224,1d632b7df9081e780118beedef06a146409d3068865f3ea21959714080022d32,3819e4aace461f6119cebea19b8dbd26c1b8a25400b4e3a82a65f6853574ff2f
src/bin/Data/Interface/partCharge1/SubBackPanel/shopback6.tga,.tga,original/Interface/partCharge1/SubBackPanel/shopback6.tga,RGBA,256,256,"[0, 255]",13312,0,52224,024d2bed805ab0ecb596deecf48c80d6840910ee3fed0b9f327649f002a8660d,3819e4aace461f6119cebea19b8dbd26c1b8a25400b4e3a82a65f6853574ff2f
src/bin/Data/Interface/partCharge1/SubBackPanel/shopback7.ozt,.ozt,original/Interface/partCharge1/SubBackPanel/shopback7.tga,RGBA,256,256,"[0, 255]",13312,0,52224,88191c44ae70224b6607eb0525a9997d30587c4b72e58e4ba4b33999d135c92c,0759a07b1026e3a675c9653fd76ae96f075d93cc44cc05b03bcbbd1134b6b805
src/bin/Data/Interface/partCharge1/SubBackPanel/shopback7.tga,.tga,original/Interface/partCharge1/SubBackPanel/shopback7.tga,RGBA,256,256,"[0, 255]",13312,0,52224,a23ae5208f56dba6f4cc6805f5f4962dc1f1aa46fb2b962def087b04e615aa60,0759a07b1026e3a675c9653fd76ae96f075d93cc44cc05b03bcbbd1134b6b805
src/bin/Data/Interface/partCharge1/menu03_new.ozj,.ozj,original/Interface/partCharge1/menu03_new.jpg,RGB,256,48,"[255, 255]",0,0,12288,a433c4eee2902842ce72e6c9dca3f18c051eb3413ef2589658c4a84693a5c556,1c9776cdced72c598858909f2d2150fe09a5d79e2f80467d9ead059c99993ea6
src/bin/Data/Interface/partCharge1/menu_cashshop.ozj,.ozj,original/Interface/partCharge1/menu_cashshop.jpg,RGB,24,24,"[255, 255]",0,0,576,9b8b2d1f5cfcde1380288e07f549b57e989ebb5be5532df90993fe3dd756444c,6bcb85a462daa666d5da6b323d8ca0ad8c65ef53bdf67bdd4d7e8aefcb2aee6c
src/bin/Data/Interface/partCharge1/newui_menu03.OZJ,.OZJ,original/Interface/partCharge1/newui_menu03.jpg,RGB,256,51,"[255, 255]",0,0,13056,fd458f938d6d53bfb1ce547a3187bba8bfcda5c6a9af778e6be47c0df977884f,5570eb5c7ecd0a9f087f91b498c73a5083184d17522c140a6e2290e56c46e899
src/bin/Data/Interface/partCharge1/newui_menu_Bt01.OZJ,.OZJ,original/Interface/partCharge1/newui_menu_Bt01.jpg,RGB,30,164,"[255, 255]",0,0,4920,062b8cca7af8437f60e072321f5a4eb6a27657319d5c265a2ff679ad5f7f0c6b,e6c5c9a9407ee7fa9ec3f8c45b2a9729444fba589654617592bd2c8c1a339045
src/bin/Data/Interface/partCharge1/newui_menu_Bt02.OZJ,.OZJ,original/Interface/partCharge1/newui_menu_Bt02.jpg,RGB,30,164,"[255, 255]",0,0,4920,2cd60e09feb9416916a835d5eb2aa538b30a5be560be05c562976c6d46097d33,b91eb38a0b4712ff84a7ef0d3e5cf6a013b40bd3761d9ba3d123f20327b85f18
src/bin/Data/Interface/partCharge1/newui_menu_Bt03.OZJ,.OZJ,original/Interface/partCharge1/newui_menu_Bt03.jpg,RGB,30,164,"[255, 255]",0,0,4920,58a3aff37cec69097dc596e61895b4000cf6a39095226b2c7acc4ed87f1cae28,c06e8c3f746a568085a62ac4ab5006462252cbd70c6a6b0d4035b575172160c7
src/bin/Data/Interface/partCharge1/newui_menu_Bt04.OZJ,.OZJ,original/Interface/partCharge1/newui_menu_Bt04.jpg,RGB,30,164,"[255, 255]",0,0,4920,e24c748605959b31c4853af54ae011f2649a8f02bcedcaa0801bc856515e9fb9,c999653f5c8b5cf1964e5b80a385171556af4524316d5e7e101292c06afb94ce
src/bin/Data/Interface/partCharge1/newui_menu_Bt05.OZJ,.OZJ,original/Interface/partCharge1/newui_menu_Bt05.jpg,RGB,30,164,"[255, 255]",0,0,4920,7d8878195717f28ac1daab67467ee4b7c3a6e4175ae1d1a4529867c797ec8349,973e15e450ed704f871631c6fd890ef273ed0acbd3de8c43229aaacb1fc098de
src/bin/Data/Interface/partCharge1/statusicon.ozj,.ozj,original/Interface/partCharge1/statusicon.jpg,RGB,256,256,"[255, 255]",0,0,65536,6dc5599d6782eadf6af3eb9961d7ddc4dc69ce63375c1d9eea8a4a0983461997,03d0ca7b4db4d8894b2086b66b6e5399be2f1b8314b50d66b1d8a0467af8ecf8
src/bin/Data/Interface/pkfield.OZT,.OZT,original/Interface/pkfield.tga,RGBA,166,90,"[0, 255]",8619,1743,4578,c22c19af9dbc9429b6d1ec880a5feb6b24bc274bd5053171fc35f8ff956be168,1ab30e0b330e8bd5447a5addd78a827c09fb1d206e9dd665addef7abb9a950b6
src/bin/Data/Interface/santatown.OZT,.OZT,original/Interface/santatown.tga,RGBA,166,90,"[0, 255]",7737,2203,5000,cc53768f8adb97f98a81bb6b4d44a6dbae5fa6ad3540b7ee3e9a22eb79e9c654,74b95994c5af1ebf10ba1b81ec31b0a8f67a194c0871637896ed7ab033f251ab
src/bin/Data/Interface/senatusmap.OZJ,.OZJ,original/Interface/senatusmap.jpg,RGB,158,163,"[255, 255]",0,0,25754,03a0a6d120ebb51b2efc4308b48a24a7b2df796ba6a3e0074a32186bdf8df6c9,7da04418aa7cd03419e3852218a24999ca31c16a480454aea062eb81a7da609b
src/bin/Data/Interface/server_b2_all.OZT,.OZT,original/Interface/server_b2_all.tga,RGBA,193,78,"[0, 255]",3,9255,5796,c25db6820c17cfb30c354d3deb070b48242e2ca70cc73329e49b5f4ef51a4005,b36fa51bb2e4d65445b975a909b623ab4535caab7f086b3b1380ff4ed4946918
src/bin/Data/Interface/server_b2_loding.OZJ,.OZJ,original/Interface/server_b2_loding.jpg,RGB,160,4,"[255, 255]",0,0,640,f05c35b4e8a0963618a7b71fe49c23363ad057beb243716b775274129573d8a1,e5d8f63fb0d736271758403a9c5522cf5b5b31c113f7617ab88a4b3fe49aab77
src/bin/Data/Interface/server_credit_b_all.OZT,.OZT,original/Interface/server_credit_b_all.tga,RGBA,54,90,"[0, 255]",8,34,4818,aba7fd36e500fa838ea2f1cedd1656ce0373e6cdcede62b37f37b917cb5b82f2,3787f786a07fab6fe6bbb44b9d607f6a50bcdeac1e8fa1acb9b6c462457c0167
src/bin/Data/Interface/server_deco_all.OZT,.OZT,original/Interface/server_deco_all.tga,RGBA,159,95,"[0, 255]",11453,1872,1780,19798716d5c4ea985194216e195d5ec6f24bf19574839318b8a2b13e367487b3,1237151c41708bba7c2989ade619bb8b35c91dffe98da8ec560189e86dfbb209
src/bin/Data/Interface/server_ex01.OZT,.OZT,original/Interface/server_ex01.tga,RGBA,512,12,"[44, 255]",0,2027,4117,e4cd57168aaa59826f7037eb10bb634887ad5f720f5ae9c8a343f5cc3c202c8e,6eaca243cfd43bc2b02b14347988d1a65fdb3b03df7f10bddb07ef2bbc0fb636
src/bin/Data/Interface/server_ex02.OZJ,.OZJ,original/Interface/server_ex02.jpg,RGB,6,4,"[255, 255]",0,0,24,ed40fb35b645265bfafd52346a790efab728262b9eb9fb4de7ea9025391f1a84,cf878c47602fc40966db79a705f8c6ee158d3954a9eb1e13c5bc34908dd7fa95
src/bin/Data/Interface/server_ex03.OZT,.OZT,original/Interface/server_ex03.tga,RGBA,4,4,"[143, 143]",0,16,0,a27ebee7f6a195990275a31509cb1ae0efce0ee42ac39a536d08f790cb6d28ec,4edbd0b75e70b16f5006246b0e67fb819ffc00a1062d82f0c2866600d904f3ee
src/bin/Data/Interface/server_menu_b_all.OZT,.OZT,original/Interface/server_menu_b_all.tga,RGBA,54,90,"[0, 255]",8,34,4818,aa17ce673d5cc5f12e29904794bbbc09bf41605cdb0c66e5e1b0b571c613e10a,cc0f07d5eb03fe67c388a44c364e60a2ca432905941aeef60dd6486ed896793f
src/bin/Data/Interface/skill2.OZJ,.OZJ,original/Interface/skill2.jpg,RGB,256,256,"[255, 255]",0,0,65536,3819637934ae9951285b4724b73471ac74f355980fcc578625b45f384d4fba3a,89295cee1f7f750dbdb120ba9df18e4a83993a4fd7a6e648f5774da1c05fd3d9
src/bin/Data/Interface/stadium.OZT,.OZT,original/Interface/stadium.tga,RGBA,166,90,"[0, 255]",8990,1687,4263,2221c60b08d828ea9e469f0d15250e32b30a25ca07788a3bce04e170972d17d4,e67a89082bc63450d62bdd685ba790c6b1be5e98d5e7c2db676616bdb822d884
src/bin/Data/Interface/suho_button1.OZJ,.OZJ,original/Interface/suho_button1.jpg,RGB,24,24,"[255, 255]",0,0,576,e71d2f1f0302c8cc342f4e8954f3fddcf73728283e540b9326185336ec16d34d,7a21a13cb398b484b7071669e01e133fdb2dd1243c1f4266297433357ff1074f
src/bin/Data/Interface/suho_button2.OZJ,.OZJ,original/Interface/suho_button2.jpg,RGB,24,24,"[255, 255]",0,0,576,89a3c409c54179da71e372adbe24cadf56a6647e5621bec555db0d1ce10a5364,d3a41efeaa5708f2b3f8fad7fd3f2dc84e11a3f97582b341402735f03350d1ad
src/bin/Data/Interface/t_main-New.OZT,.OZT,original/Interface/t_main-New.tga,RGBA,104,37,"[0, 255]",783,341,2724,9f2e810aa3d13e0a42b5ee8feea67a9b8923e62178f104c50e12a2ce81f665ef,d69586108872835ebdc011bc8ab964ebf024204c65f7f8da036b681b47c62366
src/bin/Data/Interface/t_main.OZT,.OZT,original/Interface/t_main.tga,RGBA,155,36,"[0, 255]",1723,762,3095,c9646a7c3237613fc0941313cd03155de654e16f9a8b8b82d358586a22419204,0f31bdcfa46cdb99034318c071f4ff0899a151fc98619a355a362a41f78a1e95
src/bin/Data/Interface/tarcan.OZT,.OZT,original/Interface/tarcan.tga,RGBA,166,90,"[0, 255]",8913,1855,4172,a554d47b176e83c79832a68a84c3e41cae3f748c5f72b3eed62ad368693b849b,79fec635dd1b104efcfe570f1dbe022945c0391d514e22f140a9672e0e4f85b7
src/bin/Data/Interface/vs1.OZT,.OZT,original/Interface/vs1.tga,RGBA,49,27,"[0, 255]",234,169,920,19d591d7eb1f969ee4f7656cbed81b2c90b073abe3d7f2fa5f91b314f50e876c,aa7522f4a515b5ab8923a866965a03e7f11195b5865db728d79f66a68455c28f
src/bin/Data/Interface/vs2.OZT,.OZT,original/Interface/vs2.tga,RGBA,20,45,"[0, 255]",264,103,533,9aa812ab314d999048285bfe43de947f5f32ee7418fc50883ea54ec97052b9de,0171f7afccc34f10720db4f46053358224a3696a194fa78614e1ec56a2e5575d
src/bin/Data/Interface/webzenmail.OZJ,.OZJ,original/Interface/webzenmail.jpg,RGB,119,141,"[255, 255]",0,0,16779,c0e30cd52f31d5d23079ca00d7245e27eeef3ff7a27ac2b072bed6758f595481,624ac53908d51e7cef898fc5684e29f2f7a77482bff92695810acd7a48871dee
src/bin/Data/Interface/win_button.OZT,.OZT,original/Interface/win_button.tga,RGBA,49,16,"[0, 255]",4,0,780,65f75a307e2bbc6061e420ad509d24faff9e43f0605cb39a01be543c3a23b54e,0a3b7d711b74b57e3e645ae806f993f8fe0bc4f52e47b2f01e327bb83c0cd951
src/bin/Data/Interface/win_check.OZT,.OZT,original/Interface/win_check.tga,RGBA,5,5,"[0, 255]",15,0,10,d557afa505b055830c8bb182137da7bf39fd9159b3a640478a67cddb09729361,ece1be88a4eea4f105f3af46ca1aea7dbb95ac88f8ed74c74185b06e5aa1f1b9
src/bin/Data/Interface/win_letter.OZJ,.OZJ,original/Interface/win_letter.jpg,RGB,15,9,"[255, 255]",0,0,135,e7e43d96f28d4905916aa469878b44ce835725e7d7f5ac6a0c7027451abcb179,03741fec8177dc588df5bec2be1836666ac536d668ec0ae3ffae5196f39149a8
src/bin/Data/Interface/win_mail.OZT,.OZT,original/Interface/win_mail.tga,RGBA,13,19,"[0, 255]",18,0,229,d392eca0c6c73b6d0c7dd2c0edced6715b834cf5f0bb89ad3f4992cdcfa68afe,7acbea146bf50925006e71c190cc84ab18b06f5eefbf5323ef743c81d4e3a91b
src/bin/Data/Interface/win_man.OZJ,.OZJ,original/Interface/win_man.jpg,RGB,25,28,"[255, 255]",0,0,700,7fae14cb535a6d784f62879c945cdb98e53b745416bd768b7ed9bf889c0ad20a,4d6f664e2bb55abef89f4cc3c857e8565e5719cd733342c94b31f23ed8dab41c
src/bin/Data/Interface/win_mark.OZT,.OZT,original/Interface/win_mark.tga,RGBA,4,6,"[0, 255]",8,13,3,e4d13cf04225b69cab0c3bf376357a9490fddb6c61f53f316023ff6dacf47d7b,6ecc9712a5630f459b33c353b95fd627f804189539927564ef577d4a4bd42a23
src/bin/Data/Interface/win_push.OZJ,.OZJ,original/Interface/win_push.jpg,RGB,52,18,"[255, 255]",0,0,936,e627a2ccab5764bd84ac5b9b05c4f047f59c872a40efd3c02396db5aea4462fb,bfa390dc115ad7ef9c30162317cef4deb66b5816328977c65b9b5de1b62c417f
src/bin/Data/Interface/win_question.OZT,.OZT,original/Interface/win_question.tga,RGBA,16,16,"[255, 255]",0,0,256,8620965782aa29d796cdbe1f30e1ab6e2545956225130848edaacabd025f3824,adc8260dec3ab22fda323b1a7eec7521d7a5b9e4d5cbcafd3c38084ff6f35cd0
src/bin/Data/Interface/win_resize.OZT,.OZT,original/Interface/win_resize.tga,RGBA,9,9,"[0, 255]",15,0,66,0f40762895f9409cddd724fc54e6400af9652f90c640ef1f98c260f86a50bba1,7b8eca24bed5e52c3d30ad654a82d36ba9e9e5e82e5dcc4a1c2c5eff36ba86d0
src/bin/Data/Interface/win_scrollbar.OZJ,.OZJ,original/Interface/win_scrollbar.jpg,RGB,13,29,"[255, 255]",0,0,377,0aea0f6558e9bc89c697d992232088075da4fa085439001eee8a212b94518e59,5b5ba705c198116030d2ac48e95e68418914e84ab26486e2ff60303cdc27ed18
src/bin/Data/Interface/win_size.OZJ,.OZJ,original/Interface/win_size.jpg,RGB,18,18,"[255, 255]",0,0,324,47eeeeac213eef79662bf1cf44e05e67f09967d10434b0dbed22f696cfd8b838,6c595c14e13fbb577b293744bc313dbc6168922a5ed6564792611a20a6f95c1b
src/bin/Data/Interface/win_titlebar.OZJ,.OZJ,original/Interface/win_titlebar.jpg,RGB,4,15,"[255, 255]",0,0,60,acbad9e7ed5b07891beecfba40842190c3191dea7dfa93331fb661509b6e6dfe,747c18530f67d77c036ca99406f255fa035ff671f2c944b3de601a7ed6bf5a68
src/bin/Data/Interface/wing_left.OZT,.OZT,original/Interface/wing_left.tga,RGBA,67,125,"[0, 255]",5199,1250,1926,301b92c96e31a4cecec5b695cced080868f756c4bf6926d34e8a08c4eee2743d,51d162a17f658e0e2335221bc55cb13cc6f644281dbe052cb9503ced371a14cd
src/bin/Data/Interface/wing_right.OZT,.OZT,original/Interface/wing_right.tga,RGBA,67,125,"[0, 255]",5199,1250,1926,d21be38c0e775d4ccc00bce872431fa13bcc36de6b0e00b1dfc616eaef75d9b8,03e4e48611fd9b5c69d2106852b8e49c0737a22d70f635dc782f0baa0919b8f9
